Station,District,Latitude,Longitude,timestamp,month,day_of_year,rainfall_mm,rainfall_previous,rainfall_3_obs,rainfall_6_obs,river_level,river_level_change,river_level_rolling_mean_3,river_level_rolling_max_6
NH15 Crossing Dhansirighat,Udalguri,26.69583333,92.25777778,2022-02-28 09:00:00,2,59,7.0,0.0,7.0,7.0,0.299,0.0,0.299,0.299
NH15 Crossing Dhansirighat,Udalguri,26.69583333,92.25777778,2022-03-24 14:00:00,3,83,18.0,7.0,25.0,25.0,0.551,0.25200000000000006,0.42500000000000004,0.551
NH15 Crossing Dhansirighat,Udalguri,26.69583333,92.25777778,2022-03-25 03:00:00,3,84,3.0,18.0,28.0,28.0,0.508,-0.04300000000000004,0.4526666666666667,0.551
NH15 Crossing Dhansirighat,Udalguri,26.69583333,92.25777778,2022-03-25 04:00:00,3,84,1.0,3.0,22.0,29.0,0.44,-0.068,0.4996666666666667,0.551
NH15 Crossing Dhansirighat,Udalguri,26.69583333,92.25777778,2022-03-25 05:00:00,3,84,1.0,1.0,5.0,30.0,0.42,-0.020000000000000018,0.45599999999999996,0.551
NH15 Crossing Dhansirighat,Udalguri,26.69583333,92.25777778,2022-03-25 06:00:00,3,84,1.0,1.0,3.0,31.0,0.371,-0.04899999999999999,0.41033333333333327,0.551
NH15 Crossing Dhansirighat,Udalguri,26.69583333,92.25777778,2022-03-25 10:00:00,3,84,1.0,1.0,3.0,25.0,0.426,0.05499999999999999,0.4056666666666666,0.551
NH15 Crossing Dhansirighat,Udalguri,26.69583333,92.25777778,2022-03-25 15:00:00,3,84,1.0,1.0,3.0,8.0,0.494,0.068,0.4303333333333333,0.508
NH15 Crossing Dhansirighat,Udalguri,26.69583333,92.25777778,2022-03-25 21:00:00,3,84,1.0,1.0,3.0,6.0,0.363,-0.131,0.42766666666666664,0.494
NH15 Crossing Dhansirighat,Udalguri,26.69583333,92.25777778,2022-03-26 17:00:00,3,85,1.0,1.0,3.0,6.0,0.001,-0.362,0.286,0.494
NH15 Crossing Dhansirighat,Udalguri,26.69583333,92.25777778,2022-03-27 04:00:00,3,86,1.0,1.0,3.0,6.0,0.175,0.174,0.17966666666666664,0.494
NH15 Crossing Dhansirighat,Udalguri,26.69583333,92.25777778,2022-03-28 02:00:00,3,87,1.0,1.0,3.0,6.0,0.285,0.10999999999999999,0.15366666666666662,0.494
NH15 Crossing Dhansirighat,Udalguri,26.69583333,92.25777778,2022-03-29 11:00:00,3,88,1.0,1.0,3.0,6.0,0.387,0.10200000000000004,0.28233333333333327,0.494
NH15 Crossing Dhansirighat,Udalguri,26.69583333,92.25777778,2022-03-31 16:00:00,3,90,1.0,1.0,3.0,6.0,0.31,-0.07700000000000001,0.3273333333333333,0.387
NH15 Crossing Dhansirighat,Udalguri,26.69583333,92.25777778,2022-04-07 10:00:00,4,97,1.0,1.0,3.0,6.0,0.172,-0.138,0.28966666666666663,0.387
NH15 Crossing Dhansirighat,Udalguri,26.69583333,92.25777778,2022-04-07 11:00:00,4,97,2.0,1.0,4.0,7.0,0.131,-0.04099999999999998,0.20433333333333328,0.387
NH15 Crossing Dhansirighat,Udalguri,26.69583333,92.25777778,2022-04-07 12:00:00,4,97,1.0,2.0,4.0,7.0,0.151,0.01999999999999999,0.1513333333333333,0.387
NH15 Crossing Dhansirighat,Udalguri,26.69583333,92.25777778,2022-04-07 13:00:00,4,97,1.0,1.0,4.0,7.0,0.228,0.07700000000000001,0.16999999999999996,0.387
NH15 Crossing Dhansirighat,Udalguri,26.69583333,92.25777778,2022-07-06 12:00:00,7,187,2.0,1.0,4.0,8.0,2.201,1.973,0.86,2.201
NH15 Crossing Dhansirighat,Udalguri,26.69583333,92.25777778,2022-07-17 11:00:00,7,198,1.0,2.0,4.0,8.0,2.621,0.41999999999999993,1.6833333333333336,2.621
NH15 Crossing Dhansirighat,Udalguri,26.69583333,92.25777778,2022-07-17 19:00:00,7,198,1.0,1.0,4.0,8.0,2.55,-0.07100000000000017,2.457333333333333,2.621
NH15 Crossing Dhansirighat,Udalguri,26.69583333,92.25777778,2022-07-18 07:00:00,7,199,1.0,1.0,3.0,7.0,2.548,-0.0019999999999997797,2.573,2.621
NH15 Crossing Dhansirighat,Udalguri,26.69583333,92.25777778,2022-07-19 01:00:00,7,200,1.0,1.0,3.0,7.0,2.61,0.06199999999999983,2.5693333333333332,2.621
NH15 Crossing Dhansirighat,Udalguri,26.69583333,92.25777778,2022-07-20 07:00:00,7,201,1.0,1.0,3.0,7.0,2.614,0.0040000000000000036,2.5906666666666665,2.621
NH15 Crossing Dhansirighat,Udalguri,26.69583333,92.25777778,2022-07-22 03:00:00,7,203,1.0,1.0,3.0,6.0,2.492,-0.12199999999999989,2.572,2.621
NH15 Crossing Dhansirighat,Udalguri,26.69583333,92.25777778,2022-07-25 02:00:00,7,206,1.0,1.0,3.0,6.0,2.219,-0.27300000000000013,2.4416666666666664,2.614
NH15 Crossing Dhansirighat,Udalguri,26.69583333,92.25777778,2022-07-26 12:00:00,7,207,1.0,1.0,3.0,6.0,1.982,-0.23699999999999988,2.231,2.614
NH15 Crossing Dhansirighat,Udalguri,26.69583333,92.25777778,2022-07-28 00:00:00,7,209,1.0,1.0,3.0,6.0,1.672,-0.31000000000000005,1.9576666666666664,2.614
NH15 Crossing Dhansirighat,Udalguri,26.69583333,92.25777778,2022-07-29 11:00:00,7,210,1.0,1.0,3.0,6.0,1.097,-0.575,1.5836666666666666,2.614
NH15 Crossing Dhansirighat,Udalguri,26.69583333,92.25777778,2022-07-30 17:00:00,7,211,1.0,1.0,3.0,6.0,1.995,0.8980000000000001,1.5879999999999999,2.492
NH15 Crossing Dhansirighat,Udalguri,26.69583333,92.25777778,2022-07-30 21:00:00,7,211,1.0,1.0,3.0,6.0,2.057,0.06199999999999983,1.7163333333333333,2.219
NH15 Crossing Dhansirighat,Udalguri,26.69583333,92.25777778,2022-07-30 23:00:00,7,211,1.0,1.0,3.0,6.0,2.032,-0.02499999999999991,2.028,2.057
NH15 Crossing Dhansirighat,Udalguri,26.69583333,92.25777778,2022-07-31 02:00:00,7,212,1.0,1.0,3.0,6.0,1.956,-0.07600000000000007,2.015,2.057
NH15 Crossing Dhansirighat,Udalguri,26.69583333,92.25777778,2022-07-31 11:00:00,7,212,1.0,1.0,3.0,6.0,2.019,0.06300000000000017,2.002333333333333,2.057
NH15 Crossing Dhansirighat,Udalguri,26.69583333,92.25777778,2022-07-31 16:00:00,7,212,1.0,1.0,3.0,6.0,1.029,-0.9900000000000002,1.668,2.057
NH15 Crossing Dhansirighat,Udalguri,26.69583333,92.25777778,2022-07-31 20:00:00,7,212,1.0,1.0,3.0,6.0,1.468,0.43900000000000006,1.5053333333333334,2.057
NH15 Crossing Dhansirighat,Udalguri,26.69583333,92.25777778,2022-08-01 00:00:00,8,213,1.0,1.0,3.0,6.0,1.594,0.1260000000000001,1.3636666666666668,2.032
NH15 Crossing Dhansirighat,Udalguri,26.69583333,92.25777778,2022-08-01 04:00:00,8,213,1.0,1.0,3.0,6.0,1.272,-0.32200000000000006,1.4446666666666665,2.019
NH15 Crossing Dhansirighat,Udalguri,26.69583333,92.25777778,2022-08-01 06:00:00,8,213,1.0,1.0,3.0,6.0,0.929,-0.34299999999999997,1.265,2.019
NH15 Crossing Dhansirighat,Udalguri,26.69583333,92.25777778,2022-08-01 08:00:00,8,213,1.0,1.0,3.0,6.0,0.859,-0.07000000000000006,1.0199999999999998,1.594
NH15 Crossing Dhansirighat,Udalguri,26.69583333,92.25777778,2022-08-01 11:00:00,8,213,1.0,1.0,3.0,6.0,1.024,0.16500000000000004,0.9373333333333335,1.594
NH15 Crossing Dhansirighat,Udalguri,26.69583333,92.25777778,2022-08-01 13:00:00,8,213,1.0,1.0,3.0,6.0,0.84,-0.18400000000000005,0.9076666666666666,1.594
NH15 Crossing Dhansirighat,Udalguri,26.69583333,92.25777778,2022-08-01 15:00:00,8,213,1.0,1.0,3.0,6.0,0.872,0.03200000000000003,0.9119999999999999,1.272
NH15 Crossing Dhansirighat,Udalguri,26.69583333,92.25777778,2022-08-01 17:00:00,8,213,1.0,1.0,3.0,6.0,0.848,-0.02400000000000002,0.8533333333333334,1.024
NH15 Crossing Dhansirighat,Udalguri,26.69583333,92.25777778,2022-08-01 20:00:00,8,213,1.0,1.0,3.0,6.0,0.997,0.14900000000000002,0.9056666666666667,1.024
NH15 Crossing Dhansirighat,Udalguri,26.69583333,92.25777778,2022-08-02 00:00:00,8,214,1.0,1.0,3.0,6.0,1.114,0.1170000000000001,0.9863333333333334,1.114
NH15 Crossing Dhansirighat,Udalguri,26.69583333,92.25777778,2022-08-02 03:00:00,8,214,1.0,1.0,3.0,6.0,1.147,0.03299999999999992,1.086,1.147
NH15 Crossing Dhansirighat,Udalguri,26.69583333,92.25777778,2022-08-02 07:00:00,8,214,1.0,1.0,3.0,6.0,1.363,0.21599999999999997,1.2080000000000002,1.363
NH15 Crossing Dhansirighat,Udalguri,26.69583333,92.25777778,2022-08-02 10:00:00,8,214,1.0,1.0,3.0,6.0,1.323,-0.040000000000000036,1.2776666666666667,1.363
NH15 Crossing Dhansirighat,Udalguri,26.69583333,92.25777778,2022-08-02 13:00:00,8,214,1.0,1.0,3.0,6.0,1.487,0.16400000000000015,1.391,1.487
NH15 Crossing Dhansirighat,Udalguri,26.69583333,92.25777778,2022-08-02 16:00:00,8,214,1.0,1.0,3.0,6.0,1.408,-0.07900000000000018,1.406,1.487
NH15 Crossing Dhansirighat,Udalguri,26.69583333,92.25777778,2022-08-02 21:00:00,8,214,1.0,1.0,3.0,6.0,1.358,-0.04999999999999982,1.4176666666666666,1.487
NH15 Crossing Dhansirighat,Udalguri,26.69583333,92.25777778,2022-08-02 23:00:00,8,214,1.0,1.0,3.0,6.0,1.34,-0.018000000000000016,1.3686666666666667,1.487
NH15 Crossing Dhansirighat,Udalguri,26.69583333,92.25777778,2022-08-03 02:00:00,8,215,1.0,1.0,3.0,6.0,1.281,-0.05900000000000016,1.3263333333333334,1.487
NH15 Crossing Dhansirighat,Udalguri,26.69583333,92.25777778,2022-08-03 05:00:00,8,215,1.0,1.0,3.0,6.0,1.362,0.08100000000000018,1.3276666666666666,1.487
NH15 Crossing Dhansirighat,Udalguri,26.69583333,92.25777778,2022-08-03 12:00:00,8,215,1.0,1.0,3.0,6.0,1.462,0.09999999999999987,1.3683333333333334,1.462
NH15 Crossing Dhansirighat,Udalguri,26.69583333,92.25777778,2022-08-03 15:00:00,8,215,1.0,1.0,3.0,6.0,1.533,0.07099999999999995,1.4523333333333335,1.533
NH15 Crossing Dhansirighat,Udalguri,26.69583333,92.25777778,2022-08-03 17:00:00,8,215,1.0,1.0,3.0,6.0,1.557,0.02400000000000002,1.5173333333333332,1.557
NH15 Crossing Dhansirighat,Udalguri,26.69583333,92.25777778,2022-08-03 22:00:00,8,215,1.0,1.0,3.0,6.0,1.531,-0.026000000000000023,1.540333333333333,1.557
NH15 Crossing Dhansirighat,Udalguri,26.69583333,92.25777778,2022-08-04 02:00:00,8,216,1.0,1.0,3.0,6.0,1.616,0.08500000000000019,1.5679999999999998,1.616
NH15 Crossing Dhansirighat,Udalguri,26.69583333,92.25777778,2022-08-04 05:00:00,8,216,1.0,1.0,3.0,6.0,1.573,-0.04300000000000015,1.5733333333333333,1.616
NH15 Crossing Dhansirighat,Udalguri,26.69583333,92.25777778,2022-08-04 10:00:00,8,216,1.0,1.0,3.0,6.0,1.663,0.09000000000000008,1.6173333333333335,1.663
NH15 Crossing Dhansirighat,Udalguri,26.69583333,92.25777778,2022-08-04 13:00:00,8,216,1.0,1.0,3.0,6.0,1.689,0.026000000000000023,1.6416666666666666,1.689
NH15 Crossing Dhansirighat,Udalguri,26.69583333,92.25777778,2022-08-04 15:00:00,8,216,1.0,1.0,3.0,6.0,1.706,0.016999999999999904,1.686,1.706
NH15 Crossing Dhansirighat,Udalguri,26.69583333,92.25777778,2022-08-04 19:00:00,8,216,1.0,1.0,3.0,6.0,1.62,-0.08599999999999985,1.6716666666666669,1.706
NH15 Crossing Dhansirighat,Udalguri,26.69583333,92.25777778,2022-08-04 23:00:00,8,216,1.0,1.0,3.0,6.0,1.695,0.07499999999999996,1.6736666666666666,1.706
NH15 Crossing Dhansirighat,Udalguri,26.69583333,92.25777778,2022-08-05 04:00:00,8,217,1.0,1.0,3.0,6.0,1.802,0.10699999999999998,1.7056666666666667,1.802
NH15 Crossing Dhansirighat,Udalguri,26.69583333,92.25777778,2022-08-05 09:00:00,8,217,1.0,1.0,3.0,6.0,1.77,-0.03200000000000003,1.7556666666666667,1.802
NH15 Crossing Dhansirighat,Udalguri,26.69583333,92.25777778,2022-08-10 11:00:00,8,222,1.0,1.0,3.0,6.0,1.623,-0.14700000000000002,1.7316666666666667,1.802
NH15 Crossing Dhansirighat,Udalguri,26.69583333,92.25777778,2022-08-10 13:00:00,8,222,1.0,1.0,3.0,6.0,1.647,0.02400000000000002,1.68,1.802
NH15 Crossing Dhansirighat,Udalguri,26.69583333,92.25777778,2022-08-10 18:00:00,8,222,1.0,1.0,3.0,6.0,1.797,0.1499999999999999,1.689,1.802
NH15 Crossing Dhansirighat,Udalguri,26.69583333,92.25777778,2022-08-11 01:00:00,8,223,1.0,1.0,3.0,6.0,1.849,0.052000000000000046,1.7643333333333333,1.849
NH15 Crossing Dhansirighat,Udalguri,26.69583333,92.25777778,2022-08-11 08:00:00,8,223,1.0,1.0,3.0,6.0,1.87,0.02100000000000013,1.8386666666666667,1.87
NH15 Crossing Dhansirighat,Udalguri,26.69583333,92.25777778,2022-08-15 09:00:00,8,227,1.0,1.0,3.0,6.0,2.035,0.16500000000000004,1.9180000000000001,2.035
NH15 Crossing Dhansirighat,Udalguri,26.69583333,92.25777778,2022-08-16 06:00:00,8,228,1.0,1.0,3.0,6.0,1.967,-0.06800000000000006,1.9573333333333334,2.035
NH15 Crossing Dhansirighat,Udalguri,26.69583333,92.25777778,2022-08-17 09:00:00,8,229,1.0,1.0,3.0,6.0,2.11,0.1429999999999998,2.037333333333333,2.11
NH15 Crossing Dhansirighat,Udalguri,26.69583333,92.25777778,2022-08-19 03:00:00,8,231,1.0,1.0,3.0,6.0,2.226,0.1160000000000001,2.101,2.226
NH15 Crossing Dhansirighat,Udalguri,26.69583333,92.25777778,2022-08-21 01:00:00,8,233,1.0,1.0,3.0,6.0,2.276,0.04999999999999982,2.204,2.276
NH15 Crossing Dhansirighat,Udalguri,26.69583333,92.25777778,2022-08-23 04:00:00,8,235,1.0,1.0,3.0,6.0,2.371,0.0950000000000002,2.291,2.371
NH15 Crossing Dhansirighat,Udalguri,26.69583333,92.25777778,2022-08-24 06:00:00,8,236,1.0,1.0,3.0,6.0,2.328,-0.04300000000000015,2.3249999999999997,2.371
NH15 Crossing Dhansirighat,Udalguri,26.69583333,92.25777778,2022-08-27 07:00:00,8,239,1.0,1.0,3.0,6.0,2.478,0.15000000000000036,2.392333333333333,2.478
NH15 Crossing Dhansirighat,Udalguri,26.69583333,92.25777778,2022-08-28 21:00:00,8,240,1.0,1.0,3.0,6.0,2.173,-0.30500000000000016,2.326333333333333,2.478
NH15 Crossing Dhansirighat,Udalguri,26.69583333,92.25777778,2022-08-31 01:00:00,8,243,1.0,1.0,3.0,6.0,2.347,0.17399999999999993,2.332666666666667,2.478
NH15 Crossing Dhansirighat,Udalguri,26.69583333,92.25777778,2022-09-01 13:00:00,9,244,1.0,1.0,3.0,6.0,2.354,0.007000000000000117,2.291333333333333,2.478
NH15 Crossing Dhansirighat,Udalguri,26.69583333,92.25777778,2022-09-03 05:00:00,9,246,1.0,1.0,3.0,6.0,2.188,-0.16599999999999993,2.2963333333333336,2.478
NH15 Crossing Dhansirighat,Udalguri,26.69583333,92.25777778,2022-09-07 03:00:00,9,250,1.0,1.0,3.0,6.0,1.515,-0.6730000000000003,2.019,2.478
NH15 Crossing Dhansirighat,Udalguri,26.69583333,92.25777778,2022-09-18 12:00:00,9,261,1.0,1.0,3.0,6.0,2.217,0.7020000000000002,1.9733333333333334,2.354
NH15 Crossing Dhansirighat,Udalguri,26.69583333,92.25777778,2023-03-22 14:00:00,3,81,46.0,1.0,48.0,51.0,3.146,0.9289999999999998,2.292666666666667,3.146
NH15 Crossing Dhansirighat,Udalguri,26.69583333,92.25777778,2023-06-05 05:00:00,6,156,160.0,46.0,207.0,210.0,3.184,0.038000000000000256,2.849,3.184
NH15 Crossing Dhansirighat,Udalguri,26.69583333,92.25777778,2023-06-18 20:00:00,6,169,1.0,160.0,207.0,210.0,1.51,-1.6740000000000002,2.6133333333333333,3.184
NH15 Crossing Dhansirighat,Udalguri,26.69583333,92.25777778,2023-06-24 14:00:00,6,175,1.0,1.0,162.0,210.0,2.179,0.6689999999999998,2.291,3.184
NH15 Crossing Dhansirighat,Udalguri,26.69583333,92.25777778,2023-06-27 04:00:00,6,178,1.0,1.0,3.0,210.0,2.299,0.1200000000000001,1.9959999999999998,3.184
NH15 Crossing Dhansirighat,Udalguri,26.69583333,92.25777778,2023-06-27 05:00:00,6,178,1.0,1.0,3.0,210.0,2.283,-0.016000000000000014,2.2536666666666663,3.184
NH15 Crossing Dhansirighat,Udalguri,26.69583333,92.25777778,2023-06-27 07:00:00,6,178,1.0,1.0,3.0,165.0,2.009,-0.274,2.1969999999999996,3.184
NH15 Crossing Dhansirighat,Udalguri,26.69583333,92.25777778,2023-06-28 06:00:00,6,179,1.0,1.0,3.0,6.0,2.365,0.3560000000000003,2.219,2.365
NH15 Crossing Dhansirighat,Udalguri,26.69583333,92.25777778,2023-06-28 11:00:00,6,179,1.0,1.0,3.0,6.0,2.502,0.13699999999999957,2.292,2.502
NH15 Crossing Dhansirighat,Udalguri,26.69583333,92.25777778,2023-06-28 12:00:00,6,179,1.0,1.0,3.0,6.0,2.57,0.06800000000000006,2.4789999999999996,2.57
NH15 Crossing Dhansirighat,Udalguri,26.69583333,92.25777778,2023-06-28 13:00:00,6,179,1.0,1.0,3.0,6.0,2.6,0.03000000000000025,2.557333333333333,2.6
NH15 Crossing Dhansirighat,Udalguri,26.69583333,92.25777778,2023-06-28 14:00:00,6,179,2.0,1.0,4.0,7.0,2.587,-0.0129999999999999,2.585666666666666,2.6
NH15 Crossing Dhansirighat,Udalguri,26.69583333,92.25777778,2023-06-28 15:00:00,6,179,1.0,2.0,4.0,7.0,2.613,0.0259999999999998,2.5999999999999996,2.613
NH15 Crossing Dhansirighat,Udalguri,26.69583333,92.25777778,2023-06-28 16:00:00,6,179,1.0,1.0,4.0,7.0,2.651,0.03799999999999981,2.6169999999999995,2.651
NH15 Crossing Dhansirighat,Udalguri,26.69583333,92.25777778,2023-06-29 12:00:00,6,180,1.0,1.0,3.0,7.0,2.661,0.010000000000000231,2.641666666666666,2.661
NH15 Crossing Dhansirighat,Udalguri,26.69583333,92.25777778,2023-06-29 15:00:00,6,180,1.0,1.0,3.0,7.0,2.698,0.03699999999999992,2.67,2.698
NH15 Crossing Dhansirighat,Udalguri,26.69583333,92.25777778,2023-06-30 10:00:00,6,181,1.0,1.0,3.0,7.0,2.511,-0.18699999999999983,2.623333333333333,2.698
NH15 Crossing Dhansirighat,Udalguri,26.69583333,92.25777778,2023-07-01 08:00:00,7,182,1.0,1.0,3.0,6.0,2.596,0.08499999999999996,2.6016666666666666,2.698
NH15 Crossing Dhansirighat,Udalguri,26.69583333,92.25777778,2023-07-01 20:00:00,7,182,1.0,1.0,3.0,6.0,2.197,-0.399,2.4346666666666663,2.698
NH15 Crossing Dhansirighat,Udalguri,26.69583333,92.25777778,2023-07-02 02:00:00,7,183,1.0,1.0,3.0,6.0,2.265,0.06800000000000006,2.3526666666666665,2.698
NH15 Crossing Dhansirighat,Udalguri,26.69583333,92.25777778,2023-07-02 04:00:00,7,183,1.0,1.0,3.0,6.0,2.344,0.07899999999999974,2.2686666666666664,2.698
NH15 Crossing Dhansirighat,Udalguri,26.69583333,92.25777778,2023-07-02 05:00:00,7,183,3.0,1.0,5.0,8.0,2.358,0.014000000000000234,2.322333333333333,2.596
NH15 Crossing Dhansirighat,Udalguri,26.69583333,92.25777778,2023-07-02 06:00:00,7,183,2.0,3.0,6.0,9.0,2.362,0.0040000000000000036,2.3546666666666662,2.596
NH15 Crossing Dhansirighat,Udalguri,26.69583333,92.25777778,2023-07-02 07:00:00,7,183,2.0,2.0,7.0,10.0,2.377,0.01499999999999968,2.3656666666666664,2.377
NH15 Crossing Dhansirighat,Udalguri,26.69583333,92.25777778,2023-07-02 08:00:00,7,183,1.0,2.0,5.0,10.0,2.386,0.009000000000000341,2.3749999999999996,2.386
NH15 Crossing Dhansirighat,Udalguri,26.69583333,92.25777778,2023-07-02 09:00:00,7,183,1.0,1.0,4.0,10.0,2.374,-0.01200000000000001,2.3789999999999996,2.386
NH15 Crossing Dhansirighat,Udalguri,26.69583333,92.25777778,2023-07-02 10:00:00,7,183,2.0,1.0,4.0,11.0,2.369,-0.004999999999999893,2.376333333333333,2.386
NH15 Crossing Dhansirighat,Udalguri,26.69583333,92.25777778,2023-07-02 11:00:00,7,183,2.0,2.0,5.0,10.0,2.361,-0.008000000000000007,2.368,2.386
NH15 Crossing Dhansirighat,Udalguri,26.69583333,92.25777778,2023-07-02 12:00:00,7,183,3.0,2.0,7.0,11.0,2.331,-0.03000000000000025,2.3536666666666664,2.386
NH15 Crossing Dhansirighat,Udalguri,26.69583333,92.25777778,2023-07-02 13:00:00,7,183,2.0,3.0,7.0,11.0,2.342,0.01100000000000012,2.3446666666666665,2.386
NH15 Crossing Dhansirighat,Udalguri,26.69583333,92.25777778,2023-07-02 14:00:00,7,183,3.0,2.0,8.0,13.0,2.358,0.016000000000000014,2.343666666666666,2.374
NH15 Crossing Dhansirighat,Udalguri,26.69583333,92.25777778,2023-07-02 15:00:00,7,183,2.0,3.0,7.0,14.0,2.334,-0.02400000000000002,2.3446666666666665,2.369
NH15 Crossing Dhansirighat,Udalguri,26.69583333,92.25777778,2023-07-02 16:00:00,7,183,2.0,2.0,7.0,14.0,2.34,0.005999999999999783,2.3439999999999994,2.361
NH15 Crossing Dhansirighat,Udalguri,26.69583333,92.25777778,2023-07-02 17:00:00,7,183,1.0,2.0,5.0,13.0,2.336,-0.0040000000000000036,2.3366666666666664,2.358
NH15 Crossing Dhansirighat,Udalguri,26.69583333,92.25777778,2023-07-02 18:00:00,7,183,2.0,1.0,5.0,12.0,2.241,-0.09499999999999975,2.305666666666666,2.358
NH15 Crossing Dhansirighat,Udalguri,26.69583333,92.25777778,2023-07-02 19:00:00,7,183,1.0,2.0,4.0,11.0,2.187,-0.05400000000000027,2.254666666666666,2.358
NH15 Crossing Dhansirighat,Udalguri,26.69583333,92.25777778,2023-07-02 20:00:00,7,183,1.0,1.0,4.0,9.0,2.202,0.015000000000000124,2.2099999999999995,2.34
NH15 Crossing Dhansirighat,Udalguri,26.69583333,92.25777778,2023-07-02 21:00:00,7,183,1.0,1.0,3.0,8.0,2.272,0.06999999999999984,2.220333333333333,2.34
NH15 Crossing Dhansirighat,Udalguri,26.69583333,92.25777778,2023-07-03 01:00:00,7,184,1.0,1.0,3.0,7.0,2.037,-0.23499999999999988,2.1703333333333332,2.336
NH15 Crossing Dhansirighat,Udalguri,26.69583333,92.25777778,2023-07-03 07:00:00,7,184,1.0,1.0,3.0,7.0,2.311,0.274,2.2066666666666666,2.311
NH15 Crossing Dhansirighat,Udalguri,26.69583333,92.25777778,2023-07-03 10:00:00,7,184,1.0,1.0,3.0,6.0,2.217,-0.09399999999999986,2.188333333333333,2.311
NH15 Crossing Dhansirighat,Udalguri,26.69583333,92.25777778,2023-07-03 11:00:00,7,184,1.0,1.0,3.0,6.0,2.176,-0.040999999999999925,2.234666666666666,2.311
NH15 Crossing Dhansirighat,Udalguri,26.69583333,92.25777778,2023-07-03 12:00:00,7,184,1.0,1.0,3.0,6.0,2.104,-0.07200000000000006,2.165666666666666,2.311
NH15 Crossing Dhansirighat,Udalguri,26.69583333,92.25777778,2023-07-03 14:00:00,7,184,1.0,1.0,3.0,6.0,2.03,-0.07400000000000029,2.103333333333333,2.311
NH15 Crossing Dhansirighat,Udalguri,26.69583333,92.25777778,2023-07-04 06:00:00,7,185,1.0,1.0,3.0,6.0,2.495,0.4650000000000003,2.2096666666666667,2.495
NH15 Crossing Dhansirighat,Udalguri,26.69583333,92.25777778,2023-07-04 15:00:00,7,185,5.0,1.0,7.0,10.0,2.487,-0.008000000000000007,2.337333333333333,2.495
NH15 Crossing Dhansirighat,Udalguri,26.69583333,92.25777778,2023-07-04 16:00:00,7,185,2.0,5.0,8.0,11.0,2.521,0.03399999999999981,2.501,2.521
NH15 Crossing Dhansirighat,Udalguri,26.69583333,92.25777778,2023-07-04 17:00:00,7,185,1.0,2.0,8.0,11.0,2.525,0.0040000000000000036,2.5109999999999997,2.525
NH15 Crossing Dhansirighat,Udalguri,26.69583333,92.25777778,2023-07-04 18:00:00,7,185,1.0,1.0,4.0,11.0,2.548,0.02300000000000013,2.531333333333333,2.548
NH15 Crossing Dhansirighat,Udalguri,26.69583333,92.25777778,2023-07-05 08:00:00,7,186,1.0,1.0,3.0,11.0,2.581,0.03299999999999992,2.5513333333333326,2.581
NH15 Crossing Dhansirighat,Udalguri,26.69583333,92.25777778,2023-07-05 22:00:00,7,186,1.0,1.0,3.0,11.0,2.543,-0.03799999999999981,2.557333333333333,2.581
NH15 Crossing Dhansirighat,Udalguri,26.69583333,92.25777778,2023-07-06 03:00:00,7,187,1.0,1.0,3.0,7.0,2.65,0.10699999999999976,2.591333333333333,2.65
NH15 Crossing Dhansirighat,Udalguri,26.69583333,92.25777778,2023-07-06 05:00:00,7,187,1.0,1.0,3.0,6.0,2.631,-0.019000000000000128,2.608,2.65
NH15 Crossing Dhansirighat,Udalguri,26.69583333,92.25777778,2023-07-06 06:00:00,7,187,1.0,1.0,3.0,6.0,2.581,-0.04999999999999982,2.6206666666666663,2.65
NH15 Crossing Dhansirighat,Udalguri,26.69583333,92.25777778,2023-07-06 09:00:00,7,187,1.0,1.0,3.0,6.0,2.555,-0.0259999999999998,2.589,2.65
NH15 Crossing Dhansirighat,Udalguri,26.69583333,92.25777778,2023-07-06 12:00:00,7,187,1.0,1.0,3.0,6.0,2.616,0.06099999999999994,2.5839999999999996,2.65
NH15 Crossing Dhansirighat,Udalguri,26.69583333,92.25777778,2023-07-06 15:00:00,7,187,1.0,1.0,3.0,6.0,2.629,0.0129999999999999,2.5999999999999996,2.65
NH15 Crossing Dhansirighat,Udalguri,26.69583333,92.25777778,2023-07-06 16:00:00,7,187,1.0,1.0,3.0,6.0,2.67,0.040999999999999925,2.638333333333333,2.67
NH15 Crossing Dhansirighat,Udalguri,26.69583333,92.25777778,2023-07-06 18:00:00,7,187,2.0,1.0,4.0,7.0,2.618,-0.052000000000000046,2.639,2.67
NH15 Crossing Dhansirighat,Udalguri,26.69583333,92.25777778,2023-07-06 19:00:00,7,187,1.0,2.0,4.0,7.0,2.59,-0.028000000000000025,2.6259999999999994,2.67
NH15 Crossing Dhansirighat,Udalguri,26.69583333,92.25777778,2023-07-06 20:00:00,7,187,1.0,1.0,4.0,7.0,2.552,-0.03799999999999981,2.586666666666666,2.67
NH15 Crossing Dhansirighat,Udalguri,26.69583333,92.25777778,2023-07-06 21:00:00,7,187,1.0,1.0,3.0,7.0,2.537,-0.015000000000000124,2.5596666666666663,2.67
NH15 Crossing Dhansirighat,Udalguri,26.69583333,92.25777778,2023-07-07 00:00:00,7,188,1.0,1.0,3.0,7.0,2.573,0.03600000000000003,2.554,2.67
NH15 Crossing Dhansirighat,Udalguri,26.69583333,92.25777778,2023-07-07 02:00:00,7,188,1.0,1.0,3.0,7.0,2.569,-0.0040000000000000036,2.5596666666666663,2.618
NH15 Crossing Dhansirighat,Udalguri,26.69583333,92.25777778,2023-07-07 03:00:00,7,188,1.0,1.0,3.0,6.0,2.609,0.040000000000000036,2.5836666666666663,2.609
NH15 Crossing Dhansirighat,Udalguri,26.69583333,92.25777778,2023-07-07 08:00:00,7,188,1.0,1.0,3.0,6.0,2.697,0.08800000000000008,2.6249999999999996,2.697
NH15 Crossing Dhansirighat,Udalguri,26.69583333,92.25777778,2023-07-07 09:00:00,7,188,1.0,1.0,3.0,6.0,2.694,-0.0030000000000001137,2.6666666666666665,2.697
NH15 Crossing Dhansirighat,Udalguri,26.69583333,92.25777778,2023-07-07 10:00:00,7,188,1.0,1.0,3.0,6.0,2.71,0.016000000000000014,2.700333333333333,2.71
NH15 Crossing Fakirpara Tangni,DARRANG,26.50833333,92.11638889,2022-03-24 14:00:00,3,83,7.0,0.0,7.0,7.0,0.042,0.0,0.042,0.042
NH15 Crossing Fakirpara Tangni,DARRANG,26.50833333,92.11638889,2022-03-25 06:00:00,3,84,3.0,7.0,10.0,10.0,0.007,-0.035,0.0245,0.042
NH15 Crossing Fakirpara Tangni,DARRANG,26.50833333,92.11638889,2022-03-25 07:00:00,3,84,11.0,3.0,21.0,21.0,0.007,0.0,0.018666666666666668,0.042
NH15 Crossing Fakirpara Tangni,DARRANG,26.50833333,92.11638889,2022-03-25 08:00:00,3,84,3.5,11.0,17.5,24.5,0.007,0.0,0.007,0.042
NH15 Crossing Fakirpara Tangni,DARRANG,26.50833333,92.11638889,2022-03-25 22:00:00,3,84,2.0,3.5,16.5,26.5,0.02,0.013000000000000001,0.011333333333333334,0.042
NH15 Crossing Fakirpara Tangni,DARRANG,26.50833333,92.11638889,2022-03-25 23:00:00,3,84,0.5,2.0,6.0,27.0,0.018,-0.0020000000000000018,0.015,0.042
NH15 Crossing Fakirpara Tangni,DARRANG,26.50833333,92.11638889,2022-03-26 16:00:00,3,85,0.5,0.5,3.0,20.5,0.122,0.104,0.05333333333333334,0.122
NH15 Crossing Fakirpara Tangni,DARRANG,26.50833333,92.11638889,2022-03-26 17:00:00,3,85,4.5,0.5,5.5,22.0,0.122,0.0,0.08733333333333333,0.122
NH15 Crossing Fakirpara Tangni,DARRANG,26.50833333,92.11638889,2022-03-27 10:00:00,3,86,0.5,4.5,5.5,11.5,0.187,0.065,0.14366666666666666,0.187
NH15 Crossing Fakirpara Tangni,DARRANG,26.50833333,92.11638889,2022-03-31 01:00:00,3,90,1.0,0.5,6.0,9.0,0.25,0.063,0.18633333333333332,0.25
NH15 Crossing Fakirpara Tangni,DARRANG,26.50833333,92.11638889,2022-04-01 01:00:00,4,91,0.5,1.0,2.0,7.5,0.303,0.05299999999999999,0.24666666666666667,0.303
NH15 Crossing Fakirpara Tangni,DARRANG,26.50833333,92.11638889,2022-04-02 04:00:00,4,92,0.5,0.5,2.0,7.5,0.522,0.21900000000000003,0.35833333333333334,0.522
NH15 Crossing Fakirpara Tangni,DARRANG,26.50833333,92.11638889,2022-04-03 06:00:00,4,93,1.0,0.5,2.0,8.0,0.412,-0.11000000000000004,0.4123333333333333,0.522
NH15 Crossing Fakirpara Tangni,DARRANG,26.50833333,92.11638889,2022-04-04 02:00:00,4,94,0.5,1.0,2.0,4.0,0.428,0.016000000000000014,0.454,0.522
NH15 Crossing Fakirpara Tangni,DARRANG,26.50833333,92.11638889,2022-04-04 10:00:00,4,94,0.5,0.5,2.0,4.0,0.435,0.007000000000000006,0.425,0.522
NH15 Crossing Fakirpara Tangni,DARRANG,26.50833333,92.11638889,2022-04-04 23:00:00,4,94,1.0,0.5,2.0,4.0,0.722,0.287,0.5283333333333333,0.722
NH15 Crossing Fakirpara Tangni,DARRANG,26.50833333,92.11638889,2022-04-05 06:00:00,4,95,0.5,1.0,2.0,4.0,0.811,0.08900000000000008,0.656,0.811
NH15 Crossing Fakirpara Tangni,DARRANG,26.50833333,92.11638889,2022-04-05 13:00:00,4,95,0.5,0.5,2.0,4.0,0.771,-0.040000000000000036,0.7680000000000001,0.811
NH15 Crossing Fakirpara Tangni,DARRANG,26.50833333,92.11638889,2022-04-06 02:00:00,4,96,0.5,0.5,1.5,3.5,0.738,-0.03300000000000003,0.7733333333333334,0.811
NH15 Crossing Fakirpara Tangni,DARRANG,26.50833333,92.11638889,2022-04-06 09:00:00,4,96,0.5,0.5,1.5,3.5,0.86,0.122,0.7896666666666667,0.86
NH15 Crossing Fakirpara Tangni,DARRANG,26.50833333,92.11638889,2022-04-06 20:00:00,4,96,0.5,0.5,1.5,3.5,0.675,-0.18499999999999994,0.7576666666666667,0.86
NH15 Crossing Fakirpara Tangni,DARRANG,26.50833333,92.11638889,2022-04-07 08:00:00,4,97,1.0,0.5,2.0,3.5,0.672,-0.0030000000000000027,0.7356666666666666,0.86
NH15 Crossing Fakirpara Tangni,DARRANG,26.50833333,92.11638889,2022-04-07 14:00:00,4,97,1.0,1.0,2.5,4.0,0.748,0.07599999999999996,0.6983333333333334,0.86
NH15 Crossing Fakirpara Tangni,DARRANG,26.50833333,92.11638889,2022-05-15 02:00:00,5,135,1.0,1.0,3.0,4.5,0.811,0.06300000000000006,0.7436666666666666,0.86
NH15 Crossing Fakirpara Tangni,DARRANG,26.50833333,92.11638889,2022-05-15 04:00:00,5,135,8.0,1.0,10.0,12.0,1.016,0.20499999999999996,0.8583333333333334,1.016
NH15 Crossing Fakirpara Tangni,DARRANG,26.50833333,92.11638889,2022-05-15 05:00:00,5,135,5.5,8.0,14.5,17.0,1.016,0.0,0.9476666666666667,1.016
NH15 Crossing Fakirpara Tangni,DARRANG,26.50833333,92.11638889,2022-05-15 06:00:00,5,135,26.0,5.5,39.5,42.5,1.156,0.1399999999999999,1.0626666666666666,1.156
NH15 Crossing Fakirpara Tangni,DARRANG,26.50833333,92.11638889,2022-05-15 13:00:00,5,135,0.5,26.0,32.0,42.0,1.147,-0.008999999999999897,1.1063333333333334,1.156
NH15 Crossing Fakirpara Tangni,DARRANG,26.50833333,92.11638889,2022-05-15 14:00:00,5,135,1.5,0.5,28.0,42.5,1.147,0.0,1.1500000000000001,1.156
NH15 Crossing Fakirpara Tangni,DARRANG,26.50833333,92.11638889,2022-05-16 03:00:00,5,136,1.0,1.5,3.0,42.5,1.342,0.19500000000000006,1.212,1.342
NH15 Crossing Fakirpara Tangni,DARRANG,26.50833333,92.11638889,2022-05-17 23:00:00,5,137,2.0,1.0,4.5,36.5,1.44,0.09799999999999986,1.3096666666666668,1.44
NH15 Crossing Fakirpara Tangni,DARRANG,26.50833333,92.11638889,2022-05-18 08:00:00,5,138,1.0,2.0,4.0,32.0,1.444,0.0040000000000000036,1.4086666666666667,1.444
NH15 Crossing Fakirpara Tangni,DARRANG,26.50833333,92.11638889,2022-05-19 21:00:00,5,139,0.5,1.0,3.5,6.5,1.228,-0.21599999999999997,1.3706666666666667,1.444
NH15 Crossing Fakirpara Tangni,DARRANG,26.50833333,92.11638889,2022-05-20 04:30:00,5,140,130.5,0.5,132.0,136.5,1.199,-0.028999999999999915,1.290333333333333,1.444
NH15 Crossing Fakirpara Tangni,DARRANG,26.50833333,92.11638889,2022-06-06 05:00:00,6,157,1.5,130.5,132.5,136.5,0.773,-0.42600000000000005,1.0666666666666667,1.444
NH15 Crossing Fakirpara Tangni,DARRANG,26.50833333,92.11638889,2022-06-06 06:00:00,6,157,0.5,1.5,132.5,136.0,0.787,0.014000000000000012,0.9196666666666667,1.444
NH15 Crossing Fakirpara Tangni,DARRANG,26.50833333,92.11638889,2022-06-06 09:00:00,6,157,3.5,0.5,5.5,137.5,0.885,0.09799999999999998,0.8150000000000001,1.444
NH15 Crossing Fakirpara Tangni,DARRANG,26.50833333,92.11638889,2022-06-06 10:00:00,6,157,9.0,3.5,13.0,145.5,0.885,0.0,0.8523333333333333,1.228
NH15 Crossing Fakirpara Tangni,DARRANG,26.50833333,92.11638889,2022-06-06 11:00:00,6,157,3.0,9.0,15.5,148.0,0.885,0.0,0.885,1.199
NH15 Crossing Fakirpara Tangni,DARRANG,26.50833333,92.11638889,2022-06-07 13:00:00,6,158,0.5,3.0,12.5,18.0,0.85,-0.03500000000000003,0.8733333333333334,0.885
NH15 Crossing Fakirpara Tangni,DARRANG,26.50833333,92.11638889,2022-06-12 05:00:00,6,163,0.5,0.5,4.0,17.0,0.736,-0.11399999999999999,0.8236666666666667,0.885
NH15 Crossing Fakirpara Tangni,DARRANG,26.50833333,92.11638889,2022-06-15 00:00:00,6,166,3.0,0.5,4.0,19.5,1.12,0.3840000000000001,0.9020000000000001,1.12
NH15 Crossing Fakirpara Tangni,DARRANG,26.50833333,92.11638889,2022-06-15 02:00:00,6,166,2.5,3.0,6.0,18.5,1.154,0.03399999999999981,1.0033333333333332,1.154
NH15 Crossing Fakirpara Tangni,DARRANG,26.50833333,92.11638889,2022-06-15 04:00:00,6,166,1.0,2.5,6.5,10.5,1.166,0.01200000000000001,1.1466666666666667,1.166
NH15 Crossing Fakirpara Tangni,DARRANG,26.50833333,92.11638889,2022-06-15 05:00:00,6,166,0.5,1.0,4.0,8.0,1.185,0.019000000000000128,1.1683333333333332,1.185
NH15 Crossing Fakirpara Tangni,DARRANG,26.50833333,92.11638889,2022-06-15 07:00:00,6,166,3.0,0.5,4.5,10.5,1.185,0.0,1.1786666666666668,1.185
NH15 Crossing Fakirpara Tangni,DARRANG,26.50833333,92.11638889,2022-06-15 08:00:00,6,166,1.0,3.0,4.5,11.0,1.247,0.062000000000000055,1.2056666666666669,1.247
NH15 Crossing Fakirpara Tangni,DARRANG,26.50833333,92.11638889,2022-06-15 10:00:00,6,166,5.5,1.0,9.5,13.5,1.247,0.0,1.2263333333333335,1.247
NH15 Crossing Fakirpara Tangni,DARRANG,26.50833333,92.11638889,2022-07-06 08:00:00,7,187,1.0,5.5,7.5,12.0,0.234,-1.0130000000000001,0.9093333333333335,1.247
NH15 Crossing Fakirpara Tangni,DARRANG,26.50833333,92.11638889,2022-07-06 09:00:00,7,187,1.0,1.0,7.5,12.0,0.234,0.0,0.5716666666666668,1.247
NH15 Crossing Fakirpara Tangni,DARRANG,26.50833333,92.11638889,2022-07-06 10:00:00,7,187,2.0,1.0,4.0,13.5,0.242,0.00799999999999998,0.23666666666666672,1.247
NH15 Crossing Fakirpara Tangni,DARRANG,26.50833333,92.11638889,2022-07-06 11:00:00,7,187,3.0,2.0,6.0,13.5,0.245,0.0030000000000000027,0.24033333333333343,1.247
NH15 Crossing Fakirpara Tangni,DARRANG,26.50833333,92.11638889,2022-07-06 12:00:00,7,187,3.0,3.0,8.0,15.5,0.253,0.008000000000000007,0.24666666666666673,1.247
NH15 Crossing Fakirpara Tangni,DARRANG,26.50833333,92.11638889,2022-07-06 13:00:00,7,187,2.0,3.0,8.0,12.0,0.258,0.0050000000000000044,0.25200000000000006,0.258
NH15 Crossing Fakirpara Tangni,DARRANG,26.50833333,92.11638889,2022-07-06 14:00:00,7,187,2.0,2.0,7.0,13.0,0.26,0.0020000000000000018,0.25700000000000006,0.26
NH15 Crossing Fakirpara Tangni,DARRANG,26.50833333,92.11638889,2022-07-06 15:00:00,7,187,1.0,2.0,5.0,13.0,0.255,-0.0050000000000000044,0.25766666666666677,0.26
NH15 Crossing Fakirpara Tangni,DARRANG,26.50833333,92.11638889,2022-07-06 16:00:00,7,187,1.0,1.0,4.0,12.0,0.25,-0.0050000000000000044,0.25500000000000006,0.26
NH15 Crossing Fakirpara Tangni,DARRANG,26.50833333,92.11638889,2022-07-06 17:00:00,7,187,1.0,1.0,3.0,10.0,0.25,0.0,0.25166666666666676,0.26
NH15 Crossing Fakirpara Tangni,DARRANG,26.50833333,92.11638889,2022-07-06 19:00:00,7,187,1.0,1.0,3.0,8.0,0.266,0.016000000000000014,0.2553333333333334,0.266
NH15 Crossing Fakirpara Tangni,DARRANG,26.50833333,92.11638889,2022-07-06 23:00:00,7,187,1.0,1.0,3.0,7.0,0.262,-0.0040000000000000036,0.2593333333333334,0.266
NH15 Crossing Fakirpara Tangni,DARRANG,26.50833333,92.11638889,2022-07-12 06:00:00,7,193,1.0,1.0,3.0,6.0,0.256,-0.006000000000000005,0.2613333333333334,0.266
NH15 Crossing Fakirpara Tangni,DARRANG,26.50833333,92.11638889,2022-07-12 07:00:00,7,193,1.0,1.0,3.0,6.0,0.256,0.0,0.25800000000000006,0.266
NH15 Crossing Fakirpara Tangni,DARRANG,26.50833333,92.11638889,2022-07-12 09:00:00,7,193,1.0,1.0,3.0,6.0,0.269,0.013000000000000012,0.2603333333333334,0.269
NH15 Crossing Fakirpara Tangni,DARRANG,26.50833333,92.11638889,2022-07-12 12:00:00,7,193,1.0,1.0,3.0,6.0,0.359,0.08999999999999997,0.29466666666666674,0.359
NH15 Crossing Fakirpara Tangni,DARRANG,26.50833333,92.11638889,2022-07-14 00:00:00,7,195,2.0,1.0,4.0,7.0,0.252,-0.10699999999999998,0.2933333333333334,0.359
NH15 Crossing Fakirpara Tangni,DARRANG,26.50833333,92.11638889,2022-07-14 01:00:00,7,195,1.0,2.0,4.0,7.0,0.247,-0.0050000000000000044,0.2860000000000001,0.359
NH15 Crossing Fakirpara Tangni,DARRANG,26.50833333,92.11638889,2022-07-14 02:00:00,7,195,1.0,1.0,4.0,7.0,0.245,-0.0020000000000000018,0.24800000000000008,0.359
NH15 Crossing Fakirpara Tangni,DARRANG,26.50833333,92.11638889,2022-07-17 06:00:00,7,198,1.0,1.0,3.0,7.0,0.119,-0.126,0.20366666666666675,0.359
NH15 Crossing Fakirpara Tangni,DARRANG,26.50833333,92.11638889,2022-07-17 07:00:00,7,198,1.0,1.0,3.0,7.0,0.127,0.008000000000000007,0.16366666666666674,0.359
NH15 Crossing Fakirpara Tangni,DARRANG,26.50833333,92.11638889,2022-07-17 08:00:00,7,198,3.0,1.0,5.0,9.0,0.191,0.064,0.14566666666666675,0.252
NH15 Crossing Fakirpara Tangni,DARRANG,26.50833333,92.11638889,2022-07-17 09:00:00,7,198,7.0,3.0,11.0,14.0,0.33,0.139,0.21600000000000008,0.33
NH15 Crossing Fakirpara Tangni,DARRANG,26.50833333,92.11638889,2022-07-17 10:00:00,7,198,6.0,7.0,16.0,19.0,0.322,-0.008000000000000007,0.2810000000000001,0.33
NH15 Crossing Fakirpara Tangni,DARRANG,26.50833333,92.11638889,2022-07-17 11:00:00,7,198,5.0,6.0,18.0,23.0,0.364,0.04199999999999998,0.3386666666666667,0.364
NH15 Crossing Fakirpara Tangni,DARRANG,26.50833333,92.11638889,2022-07-17 12:00:00,7,198,4.0,5.0,15.0,26.0,0.375,0.01100000000000001,0.35366666666666674,0.375
NH15 Crossing Fakirpara Tangni,DARRANG,26.50833333,92.11638889,2022-07-17 13:00:00,7,198,3.0,4.0,12.0,28.0,0.366,-0.009000000000000008,0.3683333333333334,0.375
NH15 Crossing Fakirpara Tangni,DARRANG,26.50833333,92.11638889,2022-07-17 14:00:00,7,198,2.0,3.0,9.0,27.0,0.35,-0.016000000000000014,0.36366666666666675,0.375
NH15 Crossing Fakirpara Tangni,DARRANG,26.50833333,92.11638889,2022-07-17 15:00:00,7,198,2.0,2.0,7.0,22.0,0.388,0.038000000000000034,0.3680000000000001,0.388
NH15 Crossing Fakirpara Tangni,DARRANG,26.50833333,92.11638889,2022-07-17 16:00:00,7,198,2.0,2.0,6.0,18.0,0.381,-0.007000000000000006,0.37300000000000005,0.388
NH15 Crossing Fakirpara Tangni,DARRANG,26.50833333,92.11638889,2022-07-17 17:00:00,7,198,2.0,2.0,6.0,15.0,0.377,-0.0040000000000000036,0.3820000000000001,0.388
NH15 Crossing Fakirpara Tangni,DARRANG,26.50833333,92.11638889,2022-07-17 18:00:00,7,198,2.0,2.0,6.0,13.0,0.368,-0.009000000000000008,0.37533333333333335,0.388
NH15 Crossing Fakirpara Tangni,DARRANG,26.50833333,92.11638889,2022-07-17 19:00:00,7,198,4.0,2.0,8.0,14.0,0.348,-0.020000000000000018,0.3643333333333334,0.388
NH15 Crossing Fakirpara Tangni,DARRANG,26.50833333,92.11638889,2022-07-17 20:00:00,7,198,5.0,4.0,11.0,17.0,0.33,-0.01799999999999996,0.34866666666666674,0.388
NH15 Crossing Fakirpara Tangni,DARRANG,26.50833333,92.11638889,2022-07-17 21:00:00,7,198,5.0,5.0,14.0,20.0,0.311,-0.019000000000000017,0.3296666666666668,0.381
NH15 Crossing Fakirpara Tangni,DARRANG,26.50833333,92.11638889,2022-07-17 22:00:00,7,198,4.0,5.0,14.0,22.0,0.322,0.01100000000000001,0.32100000000000006,0.377
NH15 Crossing Fakirpara Tangni,DARRANG,26.50833333,92.11638889,2022-07-17 23:00:00,7,198,3.0,4.0,12.0,23.0,0.296,-0.026000000000000023,0.30966666666666676,0.368
NH15 Crossing Fakirpara Tangni,DARRANG,26.50833333,92.11638889,2022-07-18 00:00:00,7,199,2.0,3.0,9.0,23.0,0.291,-0.0050000000000000044,0.3030000000000001,0.348
NH15 Crossing Fakirpara Tangni,DARRANG,26.50833333,92.11638889,2022-07-18 01:00:00,7,199,2.0,2.0,7.0,21.0,0.302,0.01100000000000001,0.2963333333333334,0.33
NH15 Crossing Fakirpara Tangni,DARRANG,26.50833333,92.11638889,2022-07-18 02:00:00,7,199,2.0,2.0,6.0,18.0,0.307,0.0050000000000000044,0.30000000000000004,0.322
NH15 Crossing Fakirpara Tangni,DARRANG,26.50833333,92.11638889,2022-07-18 03:00:00,7,199,2.0,2.0,6.0,15.0,0.297,-0.010000000000000009,0.30200000000000005,0.322
NH15 Crossing Fakirpara Tangni,DARRANG,26.50833333,92.11638889,2022-07-18 04:00:00,7,199,1.0,2.0,5.0,12.0,0.306,0.009000000000000008,0.3033333333333334,0.307
NH15 Crossing Fakirpara Tangni,DARRANG,26.50833333,92.11638889,2022-07-18 05:00:00,7,199,1.0,1.0,4.0,10.0,0.29,-0.016000000000000014,0.29766666666666675,0.307
NH15 Crossing Fakirpara Tangni,DARRANG,26.50833333,92.11638889,2022-07-18 06:00:00,7,199,1.0,1.0,3.0,9.0,0.292,0.0020000000000000018,0.2960000000000001,0.307
NH15 Crossing Fakirpara Tangni,DARRANG,26.50833333,92.11638889,2022-07-18 07:00:00,7,199,1.0,1.0,3.0,8.0,0.278,-0.013999999999999957,0.28666666666666674,0.307
NH15 Crossing Fakirpara Tangni,DARRANG,26.50833333,92.11638889,2022-07-18 08:00:00,7,199,1.0,1.0,3.0,7.0,0.276,-0.0020000000000000018,0.2820000000000001,0.306
NH15 Crossing Fakirpara Tangni,DARRANG,26.50833333,92.11638889,2022-07-18 09:00:00,7,199,1.0,1.0,3.0,6.0,0.268,-0.008000000000000007,0.2740000000000001,0.306
NH15 Crossing Fakirpara Tangni,DARRANG,26.50833333,92.11638889,2022-07-18 10:00:00,7,199,1.0,1.0,3.0,6.0,0.266,-0.0020000000000000018,0.2700000000000001,0.292
NH15 Crossing Fakirpara Tangni,DARRANG,26.50833333,92.11638889,2022-07-18 11:00:00,7,199,1.0,1.0,3.0,6.0,0.256,-0.010000000000000009,0.2633333333333334,0.292
NH15 Crossing Fakirpara Tangni,DARRANG,26.50833333,92.11638889,2022-07-18 12:00:00,7,199,1.0,1.0,3.0,6.0,0.254,-0.0020000000000000018,0.25866666666666677,0.278
NH15 Crossing Fakirpara Tangni,DARRANG,26.50833333,92.11638889,2022-07-18 13:00:00,7,199,1.0,1.0,3.0,6.0,0.25,-0.0040000000000000036,0.2533333333333334,0.276
NH15 Crossing Fakirpara Tangni,DARRANG,26.50833333,92.11638889,2022-07-18 14:00:00,7,199,1.0,1.0,3.0,6.0,0.266,0.016000000000000014,0.25666666666666677,0.268
NH15 Crossing Fakirpara Tangni,DARRANG,26.50833333,92.11638889,2022-07-18 15:00:00,7,199,1.0,1.0,3.0,6.0,0.263,-0.0030000000000000027,0.25966666666666677,0.266
NH15 Crossing Fakirpara Tangni,DARRANG,26.50833333,92.11638889,2022-07-18 16:00:00,7,199,1.0,1.0,3.0,6.0,0.257,-0.006000000000000005,0.26200000000000007,0.266
NH15 Crossing Fakirpara Tangni,DARRANG,26.50833333,92.11638889,2022-07-18 17:00:00,7,199,1.0,1.0,3.0,6.0,0.245,-0.01200000000000001,0.25500000000000006,0.266
NH15 Crossing Fakirpara Tangni,DARRANG,26.50833333,92.11638889,2022-07-18 18:00:00,7,199,1.0,1.0,3.0,6.0,0.251,0.006000000000000005,0.25100000000000006,0.266
NH15 Crossing Fakirpara Tangni,DARRANG,26.50833333,92.11638889,2022-07-18 19:00:00,7,199,1.0,1.0,3.0,6.0,0.251,0.0,0.24900000000000008,0.266
NH15 Crossing Fakirpara Tangni,DARRANG,26.50833333,92.11638889,2022-07-18 21:00:00,7,199,1.0,1.0,3.0,6.0,0.266,0.015000000000000013,0.25600000000000006,0.266
NH15 Crossing Fakirpara Tangni,DARRANG,26.50833333,92.11638889,2022-07-18 22:00:00,7,199,1.0,1.0,3.0,6.0,0.255,-0.01100000000000001,0.2573333333333334,0.266
NH15 Crossing Fakirpara Tangni,DARRANG,26.50833333,92.11638889,2022-07-18 23:00:00,7,199,1.0,1.0,3.0,6.0,0.251,-0.0040000000000000036,0.2573333333333334,0.266
NH15 Crossing Fakirpara Tangni,DARRANG,26.50833333,92.11638889,2022-07-19 01:00:00,7,200,1.0,1.0,3.0,6.0,0.26,0.009000000000000008,0.2553333333333334,0.266
NH15 Crossing Fakirpara Tangni,DARRANG,26.50833333,92.11638889,2022-07-19 02:00:00,7,200,1.0,1.0,3.0,6.0,0.261,0.0010000000000000009,0.2573333333333334,0.266
NH15 Crossing Fakirpara Tangni,DARRANG,26.50833333,92.11638889,2022-07-19 04:00:00,7,200,1.0,1.0,3.0,6.0,0.26,-0.0010000000000000009,0.2603333333333334,0.266
NH15 Crossing Fakirpara Tangni,DARRANG,26.50833333,92.11638889,2022-07-19 05:00:00,7,200,1.0,1.0,3.0,6.0,0.237,-0.02300000000000002,0.25266666666666676,0.261
NH15 Crossing Fakirpara Tangni,DARRANG,26.50833333,92.11638889,2022-07-19 07:00:00,7,200,1.0,1.0,3.0,6.0,0.232,-0.004999999999999977,0.24300000000000008,0.261
NH15 Crossing Fakirpara Tangni,DARRANG,26.50833333,92.11638889,2022-07-19 09:00:00,7,200,1.0,1.0,3.0,6.0,0.236,0.003999999999999976,0.23500000000000007,0.261
NH15 Crossing Fakirpara Tangni,DARRANG,26.50833333,92.11638889,2022-07-19 10:00:00,7,200,1.0,1.0,3.0,6.0,0.233,-0.002999999999999975,0.23366666666666677,0.261
NH15 Crossing Fakirpara Tangni,DARRANG,26.50833333,92.11638889,2022-07-19 12:00:00,7,200,1.0,1.0,3.0,6.0,0.227,-0.006000000000000005,0.2320000000000001,0.26
NH15 Crossing Fakirpara Tangni,DARRANG,26.50833333,92.11638889,2022-07-19 14:00:00,7,200,1.0,1.0,3.0,6.0,0.242,0.014999999999999986,0.2340000000000001,0.242
NH15 Crossing Fakirpara Tangni,DARRANG,26.50833333,92.11638889,2022-07-20 10:00:00,7,201,1.0,1.0,3.0,6.0,0.239,-0.0030000000000000027,0.23600000000000007,0.242
NH15 Crossing Fakirpara Tangni,DARRANG,26.50833333,92.11638889,2022-07-20 15:00:00,7,201,1.0,1.0,3.0,6.0,0.206,-0.033,0.2290000000000001,0.242
NH15 Crossing Fakirpara Tangni,DARRANG,26.50833333,92.11638889,2022-07-20 19:00:00,7,201,1.0,1.0,3.0,6.0,0.21,0.0040000000000000036,0.2183333333333334,0.242
NH15 Crossing Fakirpara Tangni,DARRANG,26.50833333,92.11638889,2022-07-21 01:00:00,7,202,1.0,1.0,3.0,6.0,0.195,-0.014999999999999986,0.20366666666666675,0.242
NH15 Crossing Fakirpara Tangni,DARRANG,26.50833333,92.11638889,2022-07-21 07:00:00,7,202,1.0,1.0,3.0,6.0,0.212,0.016999999999999987,0.20566666666666675,0.242
NH15 Crossing Fakirpara Tangni,DARRANG,26.50833333,92.11638889,2022-07-21 13:00:00,7,202,1.0,1.0,3.0,6.0,0.304,0.092,0.2370000000000001,0.304
NH15 Crossing Fakirpara Tangni,DARRANG,26.50833333,92.11638889,2022-07-21 18:00:00,7,202,1.0,1.0,3.0,6.0,0.326,0.02200000000000002,0.28066666666666673,0.326
NH15 Crossing Fakirpara Tangni,DARRANG,26.50833333,92.11638889,2022-07-21 23:00:00,7,202,1.0,1.0,3.0,6.0,0.298,-0.028000000000000025,0.3093333333333334,0.326
NH15 Crossing Fakirpara Tangni,DARRANG,26.50833333,92.11638889,2022-07-22 07:00:00,7,203,1.0,1.0,3.0,6.0,0.377,0.07900000000000001,0.3336666666666667,0.377
NH15 Crossing Fakirpara Tangni,DARRANG,26.50833333,92.11638889,2022-07-23 00:00:00,7,204,1.0,1.0,3.0,6.0,0.373,-0.0040000000000000036,0.34933333333333344,0.377
NH15 Crossing Fakirpara Tangni,DARRANG,26.50833333,92.11638889,2022-07-24 10:00:00,7,205,1.0,1.0,3.0,6.0,0.295,-0.07800000000000001,0.3483333333333334,0.377
NH15 Crossing Fakirpara Tangni,DARRANG,26.50833333,92.11638889,2022-07-26 04:00:00,7,207,1.0,1.0,3.0,6.0,0.547,0.25200000000000006,0.4050000000000001,0.547
NH15 Crossing Fakirpara Tangni,DARRANG,26.50833333,92.11638889,2022-07-29 06:00:00,7,210,1.0,1.0,3.0,6.0,0.553,0.006000000000000005,0.4650000000000001,0.553
NH15 Crossing Fakirpara Tangni,DARRANG,26.50833333,92.11638889,2022-09-12 08:00:00,9,255,2.0,1.0,4.0,7.0,0.462,-0.09100000000000003,0.5206666666666667,0.553
NH15 Crossing Fakirpara Tangni,DARRANG,26.50833333,92.11638889,2022-09-12 09:00:00,9,255,1.0,2.0,4.0,7.0,0.468,0.006000000000000005,0.49433333333333335,0.553
NH15 Crossing Fakirpara Tangni,DARRANG,26.50833333,92.11638889,2022-09-12 10:00:00,9,255,0.5,1.0,3.5,6.5,0.465,-0.0030000000000000027,0.4650000000000001,0.553
NH15 Crossing Fakirpara Tangni,DARRANG,26.50833333,92.11638889,2022-09-12 11:00:00,9,255,0.5,0.5,2.0,6.0,0.465,0.0,0.46600000000000014,0.553
NH15 Crossing Fakirpara Tangni,DARRANG,26.50833333,92.11638889,2022-09-12 12:00:00,9,255,0.5,0.5,1.5,5.5,0.441,-0.02400000000000002,0.4570000000000001,0.553
NH15 Crossing Fakirpara Tangni,DARRANG,26.50833333,92.11638889,2022-09-12 13:00:00,9,255,64.0,0.5,65.0,68.5,0.46,0.019000000000000017,0.45533333333333337,0.468
NH15 Crossing Fakirpara Tangni,DARRANG,26.50833333,92.11638889,2022-09-13 00:00:00,9,256,1.0,64.0,65.5,67.5,0.437,-0.02300000000000002,0.4460000000000001,0.468
NH15 Crossing Fakirpara Tangni,DARRANG,26.50833333,92.11638889,2022-09-13 06:00:00,9,256,0.5,1.0,65.5,67.0,0.514,0.07700000000000001,0.47033333333333344,0.514
NH15 Crossing Fakirpara Tangni,DARRANG,26.50833333,92.11638889,2022-09-13 21:00:00,9,256,1.0,0.5,2.5,67.5,0.637,0.123,0.5293333333333334,0.637
NH15 Crossing Fakirpara Tangni,DARRANG,26.50833333,92.11638889,2022-09-20 04:00:00,9,263,1.0,1.0,2.5,68.0,0.546,-0.09099999999999997,0.5656666666666668,0.637
NH15 Crossing Fakirpara Tangni,DARRANG,26.50833333,92.11638889,2022-09-20 06:00:00,9,263,1.0,1.0,3.0,68.5,0.54,-0.006000000000000005,0.5743333333333335,0.637
NH15 Crossing Fakirpara Tangni,DARRANG,26.50833333,92.11638889,2022-09-20 09:00:00,9,263,1.0,1.0,3.0,5.5,0.527,-0.013000000000000012,0.5376666666666668,0.637
NH15 Crossing Fakirpara Tangni,DARRANG,26.50833333,92.11638889,2022-09-20 10:00:00,9,263,0.5,1.0,2.5,5.0,0.544,0.017000000000000015,0.537,0.637
NH15 Crossing Fakirpara Tangni,DARRANG,26.50833333,92.11638889,2022-09-20 11:00:00,9,263,1.0,0.5,2.5,5.5,0.543,-0.0010000000000000009,0.5380000000000001,0.637
NH15 Crossing Fakirpara Tangni,DARRANG,26.50833333,92.11638889,2022-09-21 02:00:00,9,264,1.0,1.0,2.5,5.5,0.519,-0.02400000000000002,0.5353333333333334,0.546
NH15 Crossing Fakirpara Tangni,DARRANG,26.50833333,92.11638889,2022-10-03 06:00:00,10,276,1.0,1.0,3.0,5.5,1.224,0.705,0.762,1.224
NH15 Crossing Fakirpara Tangni,DARRANG,26.50833333,92.11638889,2022-10-03 07:00:00,10,276,30.0,1.0,32.0,34.5,1.21,-0.014000000000000012,0.9843333333333334,1.224
NH15 Crossing Fakirpara Tangni,DARRANG,26.50833333,92.11638889,2022-10-03 08:00:00,10,276,6.0,30.0,37.0,39.5,1.221,0.01100000000000012,1.2183333333333335,1.224
NH15 Crossing Fakirpara Tangni,DARRANG,26.50833333,92.11638889,2022-10-03 09:00:00,10,276,0.5,6.0,36.5,39.5,1.234,0.0129999999999999,1.2216666666666667,1.234
NH15 Crossing Fakirpara Tangni,DARRANG,26.50833333,92.11638889,2022-10-03 10:00:00,10,276,22.0,0.5,28.5,60.5,1.23,-0.0040000000000000036,1.2283333333333335,1.234
NH15 Crossing Fakirpara Tangni,DARRANG,26.50833333,92.11638889,2022-10-03 11:00:00,10,276,7.0,22.0,29.5,66.5,1.229,-0.0009999999999998899,1.231,1.234
NH15 Crossing Fakirpara Tangni,DARRANG,26.50833333,92.11638889,2022-10-03 12:00:00,10,276,1.0,7.0,30.0,66.5,1.232,0.0029999999999998916,1.2303333333333335,1.234
NH15 Crossing Fakirpara Tangni,DARRANG,26.50833333,92.11638889,2022-10-03 13:00:00,10,276,2.5,1.0,10.5,39.0,1.236,0.0040000000000000036,1.2323333333333333,1.236
NH15 Crossing Fakirpara Tangni,DARRANG,26.50833333,92.11638889,2022-10-03 18:00:00,10,276,0.5,2.5,4.0,33.5,1.264,0.028000000000000025,1.244,1.264
NH15 Crossing Fakirpara Tangni,DARRANG,26.50833333,92.11638889,2022-10-04 00:00:00,10,277,0.5,0.5,3.5,33.5,1.302,0.038000000000000034,1.2673333333333334,1.302
NH15 Crossing Fakirpara Tangni,DARRANG,26.50833333,92.11638889,2022-10-04 05:00:00,10,277,1.0,0.5,2.0,12.5,1.294,-0.008000000000000007,1.2866666666666668,1.302
NH15 Crossing Fakirpara Tangni,DARRANG,26.50833333,92.11638889,2022-10-04 06:00:00,10,277,2.0,1.0,3.5,7.5,1.292,-0.0020000000000000018,1.296,1.302
NH15 Crossing Fakirpara Tangni,DARRANG,26.50833333,92.11638889,2022-10-06 13:00:00,10,279,1.0,2.0,4.0,7.5,1.287,-0.0050000000000001155,1.2910000000000001,1.302
NH15 Crossing Fakirpara Tangni,DARRANG,26.50833333,92.11638889,2022-10-08 12:00:00,10,281,9.0,1.0,12.0,14.0,1.241,-0.04599999999999982,1.2733333333333334,1.302
NH15 Crossing Fakirpara Tangni,DARRANG,26.50833333,92.11638889,2022-10-08 19:00:00,10,281,12.0,9.0,22.0,25.5,1.344,0.10299999999999998,1.2906666666666669,1.344
NH15 Crossing Fakirpara Tangni,DARRANG,26.50833333,92.11638889,2022-10-09 01:00:00,10,282,1.0,12.0,22.0,26.0,1.312,-0.03200000000000003,1.2990000000000002,1.344
NH15 Crossing Fakirpara Tangni,DARRANG,26.50833333,92.11638889,2022-10-09 02:00:00,10,282,1.0,1.0,14.0,26.0,1.309,-0.0030000000000001137,1.3216666666666668,1.344
NH15 Crossing Fakirpara Tangni,DARRANG,26.50833333,92.11638889,2022-10-09 03:00:00,10,282,1.0,1.0,3.0,25.0,1.305,-0.0040000000000000036,1.3086666666666666,1.344
NH15 Crossing Fakirpara Tangni,DARRANG,26.50833333,92.11638889,2022-10-09 06:00:00,10,282,11.0,1.0,13.0,35.0,1.286,-0.018999999999999906,1.3,1.344
NH15 Crossing Fakirpara Tangni,DARRANG,26.50833333,92.11638889,2022-10-09 07:00:00,10,282,1.0,11.0,13.0,27.0,1.292,0.006000000000000005,1.2943333333333333,1.344
NH15 Crossing Fakirpara Tangni,DARRANG,26.50833333,92.11638889,2022-10-10 09:00:00,10,283,1.0,1.0,13.0,16.0,1.251,-0.04100000000000015,1.2763333333333333,1.312
NH15 Crossing Fakirpara Tangni,DARRANG,26.50833333,92.11638889,2022-10-10 16:00:00,10,283,1.0,1.0,3.0,16.0,1.329,0.07800000000000007,1.2906666666666666,1.329
NH15 Crossing Fakirpara Tangni,DARRANG,26.50833333,92.11638889,2022-10-11 06:00:00,10,284,1.0,1.0,3.0,16.0,1.358,0.029000000000000137,1.3126666666666669,1.358
NH15 Crossing Fakirpara Tangni,DARRANG,26.50833333,92.11638889,2022-10-11 07:00:00,10,284,1.0,1.0,3.0,16.0,1.353,-0.0050000000000001155,1.3466666666666667,1.358
NH15 Crossing Fakirpara Tangni,DARRANG,26.50833333,92.11638889,2022-10-12 00:00:00,10,285,3.0,1.0,5.0,8.0,1.283,-0.07000000000000006,1.3313333333333335,1.358
NH15 Crossing Fakirpara Tangni,DARRANG,26.50833333,92.11638889,2022-10-12 01:00:00,10,285,1.0,3.0,5.0,8.0,1.324,0.04100000000000015,1.32,1.358
NH15 Crossing Fakirpara Tangni,DARRANG,26.50833333,92.11638889,2022-10-12 05:00:00,10,285,37.0,1.0,41.0,44.0,1.319,-0.0050000000000001155,1.3086666666666666,1.358
NH15 Crossing Fakirpara Tangni,DARRANG,26.50833333,92.11638889,2022-10-12 06:00:00,10,285,2.0,37.0,40.0,45.0,1.343,0.02400000000000002,1.3286666666666667,1.358
NH15 Crossing Fakirpara Tangni,DARRANG,26.50833333,92.11638889,2022-10-12 08:00:00,10,285,5.0,2.0,44.0,49.0,1.327,-0.016000000000000014,1.3296666666666666,1.353
NH15 Crossing Fakirpara Tangni,DARRANG,26.50833333,92.11638889,2022-10-12 09:00:00,10,285,3.0,5.0,10.0,51.0,1.338,0.01100000000000012,1.336,1.343
NH15 Crossing Fakirpara Tangni,DARRANG,26.50833333,92.11638889,2022-10-12 13:00:00,10,285,2.0,3.0,10.0,50.0,1.334,-0.0040000000000000036,1.3330000000000002,1.343
NH15 Crossing Fakirpara Tangni,DARRANG,26.50833333,92.11638889,2022-10-12 14:00:00,10,285,2.0,2.0,7.0,51.0,1.338,0.0040000000000000036,1.336666666666667,1.343
NH15 Crossing Fakirpara Tangni,DARRANG,26.50833333,92.11638889,2022-10-13 08:00:00,10,286,3.0,2.0,7.0,17.0,1.339,0.0009999999999998899,1.337,1.343
NH15 Crossing Fakirpara Tangni,DARRANG,26.50833333,92.11638889,2022-10-13 09:00:00,10,286,1.0,3.0,6.0,16.0,1.353,0.014000000000000012,1.3433333333333335,1.353
NH15 Crossing Fakirpara Tangni,DARRANG,26.50833333,92.11638889,2022-10-13 10:00:00,10,286,1.0,1.0,5.0,12.0,1.351,-0.0020000000000000018,1.3476666666666668,1.353
NH15 Crossing Fakirpara Tangni,DARRANG,26.50833333,92.11638889,2022-10-13 11:00:00,10,286,2.0,1.0,4.0,11.0,1.342,-0.008999999999999897,1.3486666666666667,1.353
NH15 Crossing Fakirpara Tangni,DARRANG,26.50833333,92.11638889,2022-10-13 12:00:00,10,286,1.0,2.0,4.0,10.0,1.351,0.008999999999999897,1.348,1.353
NH15 Crossing Fakirpara Tangni,DARRANG,26.50833333,92.11638889,2022-10-24 10:00:00,10,297,1.0,1.0,4.0,9.0,1.218,-0.133,1.3036666666666668,1.353
NH15 Crossing Fakirpara Tangni,DARRANG,26.50833333,92.11638889,2022-10-24 11:00:00,10,297,1.0,1.0,3.0,7.0,1.217,-0.0009999999999998899,1.262,1.353
NH15 Crossing Fakirpara Tangni,DARRANG,26.50833333,92.11638889,2022-10-24 12:00:00,10,297,2.0,1.0,4.0,8.0,1.216,-0.001000000000000112,1.2170000000000003,1.351
NH15 Crossing Fakirpara Tangni,DARRANG,26.50833333,92.11638889,2022-10-24 13:00:00,10,297,3.0,2.0,6.0,10.0,1.209,-0.006999999999999895,1.2140000000000002,1.351
NH15 Crossing Fakirpara Tangni,DARRANG,26.50833333,92.11638889,2022-10-24 14:00:00,10,297,2.0,3.0,7.0,10.0,1.218,0.008999999999999897,1.2143333333333333,1.351
NH15 Crossing Fakirpara Tangni,DARRANG,26.50833333,92.11638889,2022-10-24 15:00:00,10,297,1.0,2.0,6.0,10.0,1.214,-0.0040000000000000036,1.2136666666666667,1.218
NH15 Crossing Fakirpara Tangni,DARRANG,26.50833333,92.11638889,2022-10-24 16:00:00,10,297,1.0,1.0,4.0,10.0,1.218,0.0040000000000000036,1.2166666666666668,1.218
NH15 Crossing Fakirpara Tangni,DARRANG,26.50833333,92.11638889,2022-10-24 17:00:00,10,297,2.0,1.0,4.0,11.0,1.216,-0.0020000000000000018,1.216,1.218
NH15 Crossing Fakirpara Tangni,DARRANG,26.50833333,92.11638889,2022-10-24 18:00:00,10,297,6.0,2.0,9.0,15.0,1.216,0.0,1.2166666666666668,1.218
NH15 Crossing Fakirpara Tangni,DARRANG,26.50833333,92.11638889,2022-10-24 19:00:00,10,297,6.0,6.0,14.0,18.0,1.212,-0.0040000000000000036,1.2146666666666668,1.218
NH15 Crossing Fakirpara Tangni,DARRANG,26.50833333,92.11638889,2022-10-24 20:00:00,10,297,2.0,6.0,14.0,18.0,1.215,0.0030000000000001137,1.2143333333333333,1.218
NH15 Crossing Fakirpara Tangni,DARRANG,26.50833333,92.11638889,2022-10-24 22:00:00,10,297,8.0,2.0,16.0,25.0,1.218,0.0029999999999998916,1.215,1.218
NH15 Crossing Fakirpara Tangni,DARRANG,26.50833333,92.11638889,2022-10-24 23:00:00,10,297,10.0,8.0,20.0,34.0,1.214,-0.0040000000000000036,1.2156666666666667,1.218
NH15 Crossing Fakirpara Tangni,DARRANG,26.50833333,92.11638889,2022-10-25 00:00:00,10,298,8.0,10.0,26.0,40.0,1.228,0.014000000000000012,1.22,1.228
NH15 Crossing Fakirpara Tangni,DARRANG,26.50833333,92.11638889,2022-10-25 01:00:00,10,298,17.0,8.0,35.0,51.0,1.226,-0.0020000000000000018,1.2226666666666668,1.228
NH15 Crossing Fakirpara Tangni,DARRANG,26.50833333,92.11638889,2022-10-25 02:00:00,10,298,8.0,17.0,33.0,53.0,1.237,0.01100000000000012,1.2303333333333335,1.237
NH15 Crossing Fakirpara Tangni,DARRANG,26.50833333,92.11638889,2022-10-25 03:00:00,10,298,11.0,8.0,36.0,62.0,1.237,0.0,1.2333333333333334,1.237
NH15 Crossing Fakirpara Tangni,DARRANG,26.50833333,92.11638889,2022-10-25 04:00:00,10,298,11.0,11.0,30.0,65.0,1.245,0.008000000000000007,1.2396666666666667,1.245
NH15 Crossing Fakirpara Tangni,DARRANG,26.50833333,92.11638889,2022-10-25 05:00:00,10,298,18.0,11.0,40.0,73.0,1.263,0.017999999999999794,1.2483333333333333,1.263
NH15 Crossing Fakirpara Tangni,DARRANG,26.50833333,92.11638889,2022-10-25 06:00:00,10,298,33.0,18.0,62.0,98.0,1.295,0.03200000000000003,1.2676666666666667,1.295
NH15 Crossing Fakirpara Tangni,DARRANG,26.50833333,92.11638889,2022-10-25 07:00:00,10,298,27.0,33.0,78.0,108.0,1.339,0.04400000000000004,1.299,1.339
NH15 Crossing Fakirpara Tangni,DARRANG,26.50833333,92.11638889,2022-10-25 08:00:00,10,298,6.0,27.0,66.0,106.0,1.349,0.010000000000000009,1.3276666666666668,1.349
NH15 Crossing Fakirpara Tangni,DARRANG,26.50833333,92.11638889,2022-10-25 09:00:00,10,298,1.0,6.0,34.0,96.0,1.36,0.01100000000000012,1.3493333333333333,1.36
NH15 Crossing Fakirpara Tangni,DARRANG,26.50833333,92.11638889,2022-10-25 10:00:00,10,298,1.0,1.0,8.0,86.0,1.372,0.01200000000000001,1.3603333333333334,1.372
NH15 Crossing Fakirpara Tangni,DARRANG,26.50833333,92.11638889,2022-10-25 14:00:00,10,298,2.0,1.0,4.0,70.0,1.468,0.09599999999999986,1.4000000000000001,1.468
NH15 Crossing Fakirpara Tangni,DARRANG,26.50833333,92.11638889,2022-10-25 15:00:00,10,298,1.0,2.0,4.0,38.0,1.503,0.03499999999999992,1.4476666666666667,1.503
NH15 Crossing Fakirpara Tangni,DARRANG,26.50833333,92.11638889,2022-10-25 16:00:00,10,298,1.0,1.0,4.0,12.0,1.537,0.03400000000000003,1.5026666666666666,1.537
NH15 Crossing Fakirpara Tangni,DARRANG,26.50833333,92.11638889,2022-10-25 17:00:00,10,298,1.0,1.0,3.0,7.0,1.539,0.0020000000000000018,1.5263333333333333,1.539
NH15 Crossing Fakirpara Tangni,DARRANG,26.50833333,92.11638889,2022-10-25 18:00:00,10,298,1.0,1.0,3.0,7.0,1.528,-0.010999999999999899,1.5346666666666666,1.539
NH15 Crossing Fakirpara Tangni,DARRANG,26.50833333,92.11638889,2022-10-25 19:00:00,10,298,1.0,1.0,3.0,7.0,1.532,0.0040000000000000036,1.5330000000000001,1.539
NH15 Crossing Fakirpara Tangni,DARRANG,26.50833333,92.11638889,2022-10-25 20:00:00,10,298,1.0,1.0,3.0,6.0,1.571,0.038999999999999924,1.5436666666666667,1.571
NH15 Crossing Fakirpara Tangni,DARRANG,26.50833333,92.11638889,2022-10-26 03:00:00,10,299,1.0,1.0,3.0,6.0,1.553,-0.018000000000000016,1.5520000000000003,1.571
NH15 Crossing Fakirpara Tangni,DARRANG,26.50833333,92.11638889,2022-10-26 04:00:00,10,299,1.0,1.0,3.0,6.0,1.547,-0.006000000000000005,1.5570000000000002,1.571
NH15 Crossing Fakirpara Tangni,DARRANG,26.50833333,92.11638889,2022-10-26 05:00:00,10,299,1.0,1.0,3.0,6.0,1.539,-0.008000000000000007,1.5463333333333333,1.571
NH15 Crossing Fakirpara Tangni,DARRANG,26.50833333,92.11638889,2022-10-26 06:00:00,10,299,5.0,1.0,7.0,10.0,1.52,-0.018999999999999906,1.5353333333333332,1.571
NH15 Crossing Fakirpara Tangni,DARRANG,26.50833333,92.11638889,2022-10-26 07:00:00,10,299,1.0,5.0,7.0,10.0,1.496,-0.02400000000000002,1.5183333333333333,1.571
NH15 Crossing Fakirpara Tangni,DARRANG,26.50833333,92.11638889,2022-12-14 09:00:00,12,348,0.5,1.0,6.5,9.5,1.291,-0.20500000000000007,1.4356666666666669,1.553
NH15 Crossing Fakirpara Tangni,DARRANG,26.50833333,92.11638889,2022-12-25 13:00:00,12,359,0.5,0.5,2.0,9.0,1.269,-0.02200000000000002,1.352,1.547
NH15 Crossing Fakirpara Tangni,DARRANG,26.50833333,92.11638889,2023-01-05 08:00:00,1,5,1.0,0.5,2.0,9.0,1.283,0.014000000000000012,1.281,1.539
NH15 Crossing Fakirpara Tangni,DARRANG,26.50833333,92.11638889,2023-03-06 10:00:00,3,65,7.0,1.0,8.5,15.0,1.25,-0.03299999999999992,1.2673333333333332,1.52
NH15 Crossing Fakirpara Tangni,DARRANG,26.50833333,92.11638889,2023-03-06 11:00:00,3,65,1.0,7.0,9.0,11.0,1.258,0.008000000000000007,1.2636666666666667,1.496
NH15 Crossing Fakirpara Tangni,DARRANG,26.50833333,92.11638889,2023-03-06 22:00:00,3,65,8.0,1.0,16.0,18.0,1.251,-0.007000000000000117,1.2530000000000001,1.291
NH15 Crossing Fakirpara Tangni,DARRANG,26.50833333,92.11638889,2023-03-15 13:00:00,3,74,0.5,8.0,9.5,18.0,1.278,0.027000000000000135,1.2623333333333333,1.283
NH15 Crossing Fakirpara Tangni,DARRANG,26.50833333,92.11638889,2023-03-15 14:00:00,3,74,0.5,0.5,9.0,18.0,1.272,-0.006000000000000005,1.2670000000000001,1.283
NH15 Crossing Fakirpara Tangni,DARRANG,26.50833333,92.11638889,2023-03-15 17:00:00,3,74,0.5,0.5,1.5,17.5,1.278,0.006000000000000005,1.276,1.278
NH15 Crossing Fakirpara Tangni,DARRANG,26.50833333,92.11638889,2023-03-15 22:00:00,3,74,3.0,0.5,4.0,13.5,1.275,-0.0030000000000001137,1.2750000000000001,1.278
NH15 Crossing Fakirpara Tangni,DARRANG,26.50833333,92.11638889,2023-03-15 23:00:00,3,74,1.0,3.0,4.5,13.5,1.28,0.0050000000000001155,1.2776666666666667,1.28
NH15 Crossing Fakirpara Tangni,DARRANG,26.50833333,92.11638889,2023-03-16 00:00:00,3,75,1.0,1.0,5.0,6.5,1.274,-0.006000000000000005,1.2763333333333335,1.28
NH15 Crossing Fakirpara Tangni,DARRANG,26.50833333,92.11638889,2023-03-16 01:00:00,3,75,1.0,1.0,3.0,7.0,1.273,-0.001000000000000112,1.2756666666666667,1.28
NH15 Crossing Fakirpara Tangni,DARRANG,26.50833333,92.11638889,2023-03-16 12:00:00,3,75,1.0,1.0,3.0,7.5,1.278,0.0050000000000001155,1.2750000000000001,1.28
NH15 Crossing Fakirpara Tangni,DARRANG,26.50833333,92.11638889,2023-03-17 10:00:00,3,76,0.5,1.0,2.5,7.5,1.286,0.008000000000000007,1.2790000000000001,1.286
NH15 Crossing Fakirpara Tangni,DARRANG,26.50833333,92.11638889,2023-03-18 08:00:00,3,77,1.0,0.5,2.5,5.5,1.295,0.008999999999999897,1.2863333333333333,1.295
NH15 Crossing Fakirpara Tangni,DARRANG,26.50833333,92.11638889,2023-03-18 09:00:00,3,77,1.0,1.0,2.5,5.5,1.309,0.014000000000000012,1.2966666666666669,1.309
NH15 Crossing Fakirpara Tangni,DARRANG,26.50833333,92.11638889,2023-03-18 10:00:00,3,77,1.0,1.0,3.0,5.5,1.291,-0.018000000000000016,1.2983333333333331,1.309
NH15 Crossing Fakirpara Tangni,DARRANG,26.50833333,92.11638889,2023-03-18 11:00:00,3,77,1.0,1.0,3.0,5.5,1.296,0.0050000000000001155,1.2986666666666666,1.309
NH15 Crossing Fakirpara Tangni,DARRANG,26.50833333,92.11638889,2023-03-18 12:00:00,3,77,2.0,1.0,4.0,6.5,1.299,0.0029999999999998916,1.2953333333333334,1.309
NH15 Crossing Fakirpara Tangni,DARRANG,26.50833333,92.11638889,2023-03-18 13:00:00,3,77,1.0,2.0,4.0,7.0,1.297,-0.0020000000000000018,1.2973333333333334,1.309
NH15 Crossing Fakirpara Tangni,DARRANG,26.50833333,92.11638889,2023-03-18 14:00:00,3,77,1.0,1.0,4.0,7.0,1.295,-0.0020000000000000018,1.297,1.309
NH15 Crossing Fakirpara Tangni,DARRANG,26.50833333,92.11638889,2023-03-18 15:00:00,3,77,0.5,1.0,2.5,6.5,1.288,-0.006999999999999895,1.2933333333333334,1.299
NH15 Crossing Fakirpara Tangni,DARRANG,26.50833333,92.11638889,2023-03-18 16:00:00,3,77,0.5,0.5,2.0,6.0,1.287,-0.001000000000000112,1.29,1.299
NH15 Crossing Fakirpara Tangni,DARRANG,26.50833333,92.11638889,2023-03-18 22:00:00,3,77,1.0,0.5,2.0,6.0,1.296,0.009000000000000119,1.2903333333333336,1.299
NH15 Crossing Fakirpara Tangni,DARRANG,26.50833333,92.11638889,2023-03-19 01:00:00,3,78,1.0,1.0,2.5,5.0,1.282,-0.014000000000000012,1.2883333333333333,1.297
NH15 Crossing Fakirpara Tangni,DARRANG,26.50833333,92.11638889,2023-03-19 11:00:00,3,78,1.0,1.0,3.0,5.0,1.285,0.0029999999999998916,1.2876666666666667,1.296
NH15 Crossing Fakirpara Tangni,DARRANG,26.50833333,92.11638889,2023-03-19 12:00:00,3,78,1.0,1.0,3.0,5.0,1.264,-0.020999999999999908,1.2770000000000001,1.296
NH15 Crossing Fakirpara Tangni,DARRANG,26.50833333,92.11638889,2023-03-19 13:00:00,3,78,1.0,1.0,3.0,5.5,1.27,0.006000000000000005,1.273,1.296
NH15 Crossing Fakirpara Tangni,DARRANG,26.50833333,92.11638889,2023-03-20 01:00:00,3,79,1.0,1.0,3.0,6.0,1.27,0.0,1.268,1.296
NH15 Crossing Fakirpara Tangni,DARRANG,26.50833333,92.11638889,2023-03-20 04:00:00,3,79,5.0,1.0,7.0,10.0,1.287,0.016999999999999904,1.2756666666666667,1.287
NH15 Crossing Fakirpara Tangni,DARRANG,26.50833333,92.11638889,2023-03-20 05:00:00,3,79,3.0,5.0,9.0,12.0,1.279,-0.008000000000000007,1.2786666666666668,1.287
NH15 Crossing Fakirpara Tangni,DARRANG,26.50833333,92.11638889,2023-03-20 06:00:00,3,79,1.0,3.0,9.0,12.0,1.27,-0.008999999999999897,1.2786666666666668,1.287
NH15 Crossing Fakirpara Tangni,DARRANG,26.50833333,92.11638889,2023-03-20 07:00:00,3,79,0.5,1.0,4.5,11.5,1.265,-0.0050000000000001155,1.2713333333333334,1.287
NH15 Crossing Fakirpara Tangni,DARRANG,26.50833333,92.11638889,2023-03-20 10:00:00,3,79,1.0,0.5,2.5,11.5,1.273,0.008000000000000007,1.2693333333333332,1.287
NH15 Crossing Fakirpara Tangni,DARRANG,26.50833333,92.11638889,2023-03-20 11:00:00,3,79,1.0,1.0,2.5,11.5,1.274,0.001000000000000112,1.2706666666666668,1.287
NH15 Crossing Fakirpara Tangni,DARRANG,26.50833333,92.11638889,2023-03-21 03:00:00,3,80,14.0,1.0,16.0,20.5,1.284,0.010000000000000009,1.2770000000000001,1.284
NH15 Crossing Fakirpara Tangni,DARRANG,26.50833333,92.11638889,2023-03-21 04:00:00,3,80,2.0,14.0,17.0,19.5,1.293,0.008999999999999897,1.2836666666666667,1.293
NH15 Crossing Fakirpara Tangni,DARRANG,26.50833333,92.11638889,2023-03-21 05:00:00,3,80,1.0,2.0,17.0,19.5,1.279,-0.014000000000000012,1.2853333333333332,1.293
NH15 Crossing Fakirpara Tangni,DARRANG,26.50833333,92.11638889,2023-03-21 07:00:00,3,80,1.0,1.0,4.0,20.0,1.279,0.0,1.2836666666666667,1.293
NH15 Crossing Fakirpara Tangni,DARRANG,26.50833333,92.11638889,2023-03-21 08:00:00,3,80,3.5,1.0,5.5,22.5,1.271,-0.008000000000000007,1.2763333333333333,1.293
NH15 Crossing Fakirpara Tangni,DARRANG,26.50833333,92.11638889,2023-03-21 09:00:00,3,80,2.0,3.5,6.5,23.5,1.277,0.006000000000000005,1.2756666666666667,1.293
NH15 Crossing Fakirpara Tangni,DARRANG,26.50833333,92.11638889,2023-03-21 11:00:00,3,80,1.0,2.0,6.5,10.5,1.272,-0.004999999999999893,1.2733333333333334,1.293
NH15 Crossing Fakirpara Tangni,DARRANG,26.50833333,92.11638889,2023-03-21 23:00:00,3,80,3.0,1.0,6.0,11.5,1.282,0.010000000000000009,1.2770000000000001,1.282
NH15 Crossing Fakirpara Tangni,DARRANG,26.50833333,92.11638889,2023-03-22 00:00:00,3,81,0.5,3.0,4.5,11.0,1.272,-0.010000000000000009,1.2753333333333334,1.282
NH15 Crossing Fakirpara Tangni,DARRANG,26.50833333,92.11638889,2023-03-22 01:00:00,3,81,1.0,0.5,4.5,11.0,1.285,0.0129999999999999,1.2796666666666667,1.285
NH15 Crossing Fakirpara Tangni,DARRANG,26.50833333,92.11638889,2023-03-22 02:00:00,3,81,5.0,1.0,6.5,12.5,1.263,-0.02200000000000002,1.2733333333333334,1.285
NH15 Crossing Fakirpara Tangni,DARRANG,26.50833333,92.11638889,2023-03-22 04:00:00,3,81,1.0,5.0,7.0,11.5,1.269,0.006000000000000005,1.2723333333333333,1.285
NH15 Crossing Fakirpara Tangni,DARRANG,26.50833333,92.11638889,2023-03-22 06:00:00,3,81,2.0,1.0,8.0,12.5,1.269,0.0,1.2670000000000001,1.285
NH15 Crossing Fakirpara Tangni,DARRANG,26.50833333,92.11638889,2023-03-22 07:00:00,3,81,0.5,2.0,3.5,10.0,1.267,-0.0020000000000000018,1.2683333333333333,1.285
NH15 Crossing Fakirpara Tangni,DARRANG,26.50833333,92.11638889,2023-03-22 08:00:00,3,81,0.5,0.5,3.0,10.0,1.266,-0.0009999999999998899,1.2673333333333332,1.285
NH15 Crossing Fakirpara Tangni,DARRANG,26.50833333,92.11638889,2023-03-22 09:00:00,3,81,0.5,0.5,1.5,9.5,1.268,0.0020000000000000018,1.2670000000000001,1.269
NH15 Crossing Fakirpara Tangni,DARRANG,26.50833333,92.11638889,2023-03-22 22:00:00,3,81,0.5,0.5,1.5,5.0,1.266,-0.0020000000000000018,1.2666666666666668,1.269
NH15 Crossing Fakirpara Tangni,DARRANG,26.50833333,92.11638889,2023-03-23 01:00:00,3,82,0.5,0.5,1.5,4.5,1.263,-0.0030000000000001137,1.2656666666666667,1.269
NH15 Crossing Fakirpara Tangni,DARRANG,26.50833333,92.11638889,2023-03-23 02:00:00,3,82,0.5,0.5,1.5,3.0,1.251,-0.01200000000000001,1.26,1.268
NH15 Crossing Fakirpara Tangni,DARRANG,26.50833333,92.11638889,2023-03-23 04:00:00,3,82,1.0,0.5,2.0,3.5,1.263,0.01200000000000001,1.2590000000000001,1.268
NH15 Crossing Fakirpara Tangni,DARRANG,26.50833333,92.11638889,2023-03-23 08:00:00,3,82,1.0,1.0,2.5,4.0,1.289,0.026000000000000023,1.2676666666666667,1.289
NH15 Crossing Fakirpara Tangni,DARRANG,26.50833333,92.11638889,2023-03-23 20:00:00,3,82,0.5,1.0,2.5,4.0,1.266,-0.02299999999999991,1.2726666666666666,1.289
NH15 Crossing Fakirpara Tangni,DARRANG,26.50833333,92.11638889,2023-03-25 06:00:00,3,84,0.5,0.5,2.0,4.0,1.263,-0.0030000000000001137,1.2726666666666666,1.289
NH15 Crossing Fakirpara Tangni,DARRANG,26.50833333,92.11638889,2023-03-27 07:00:00,3,86,0.5,0.5,1.5,4.0,1.261,-0.0020000000000000018,1.2633333333333334,1.289
NH15 Crossing Fakirpara Tangni,DARRANG,26.50833333,92.11638889,2023-03-28 07:00:00,3,87,1.0,0.5,2.0,4.5,1.278,0.017000000000000126,1.2673333333333334,1.289
NH15 Crossing Fakirpara Tangni,DARRANG,26.50833333,92.11638889,2023-03-28 08:00:00,3,87,3.0,1.0,4.5,6.5,1.271,-0.007000000000000117,1.27,1.289
NH15 Crossing Fakirpara Tangni,DARRANG,26.50833333,92.11638889,2023-03-28 09:00:00,3,87,0.5,3.0,4.5,6.0,1.274,0.0030000000000001137,1.2743333333333335,1.278
NH15 Crossing Fakirpara Tangni,DARRANG,26.50833333,92.11638889,2023-03-28 10:00:00,3,87,0.5,0.5,4.0,6.0,1.28,0.006000000000000005,1.2750000000000001,1.28
NH15 Crossing Fakirpara Tangni,DARRANG,26.50833333,92.11638889,2023-04-01 11:00:00,4,91,1.0,0.5,2.0,6.5,1.196,-0.08400000000000007,1.25,1.28
NH15 Crossing Fakirpara Tangni,DARRANG,26.50833333,92.11638889,2023-04-01 12:00:00,4,91,1.0,1.0,2.5,7.0,1.194,-0.0020000000000000018,1.2233333333333334,1.28
NH15 Crossing Fakirpara Tangni,DARRANG,26.50833333,92.11638889,2023-04-01 13:00:00,4,91,0.5,1.0,2.5,6.5,1.197,0.0030000000000001137,1.1956666666666667,1.28
NH15 Crossing Fakirpara Tangni,DARRANG,26.50833333,92.11638889,2023-04-01 14:00:00,4,91,0.5,0.5,2.0,4.0,1.198,0.0009999999999998899,1.1963333333333332,1.28
NH15 Crossing Fakirpara Tangni,DARRANG,26.50833333,92.11638889,2023-04-01 15:00:00,4,91,0.5,0.5,1.5,4.0,1.203,0.0050000000000001155,1.1993333333333336,1.28
NH15 Crossing Fakirpara Tangni,DARRANG,26.50833333,92.11638889,2023-04-01 16:00:00,4,91,1.0,0.5,2.0,4.5,1.176,-0.027000000000000135,1.1923333333333335,1.203
NH15 Crossing Fakirpara Tangni,DARRANG,26.50833333,92.11638889,2023-04-02 05:00:00,4,92,1.0,1.0,2.5,4.5,5.763,4.587,2.714,5.763
NH15 Crossing Fakirpara Tangni,DARRANG,26.50833333,92.11638889,2023-04-02 06:00:00,4,92,0.5,1.0,2.5,4.0,5.763,0.0,4.234,5.763
NH15 Crossing Fakirpara Tangni,DARRANG,26.50833333,92.11638889,2023-04-02 09:00:00,4,92,0.5,0.5,2.0,4.0,5.763,0.0,5.763,5.763
NH15 Crossing Fakirpara Tangni,DARRANG,26.50833333,92.11638889,2023-04-03 13:00:00,4,93,0.5,0.5,1.5,4.0,5.763,0.0,5.763,5.763
NH15 Crossing Fakirpara Tangni,DARRANG,26.50833333,92.11638889,2023-04-03 23:00:00,4,93,0.5,0.5,1.5,4.0,5.763,0.0,5.763,5.763
NH15 Crossing Fakirpara Tangni,DARRANG,26.50833333,92.11638889,2023-04-04 02:00:00,4,94,0.5,0.5,1.5,3.5,5.763,0.0,5.763,5.763
NH15 Crossing Fakirpara Tangni,DARRANG,26.50833333,92.11638889,2023-04-04 06:00:00,4,94,1.0,0.5,2.0,3.5,5.763,0.0,5.763,5.763
NH15 Crossing Fakirpara Tangni,DARRANG,26.50833333,92.11638889,2023-04-04 12:00:00,4,94,1.0,1.0,2.5,4.0,5.763,0.0,5.763,5.763
NH15 Crossing Fakirpara Tangni,DARRANG,26.50833333,92.11638889,2023-04-05 04:00:00,4,95,2.0,1.0,4.0,5.5,5.763,0.0,5.763,5.763
NH15 Crossing Fakirpara Tangni,DARRANG,26.50833333,92.11638889,2023-04-05 05:00:00,4,95,0.5,2.0,3.5,5.5,5.763,0.0,5.763,5.763
NH15 Crossing Fakirpara Tangni,DARRANG,26.50833333,92.11638889,2023-04-05 06:00:00,4,95,1.0,0.5,3.5,6.0,5.763,0.0,5.763,5.763
NH15 Crossing Fakirpara Tangni,DARRANG,26.50833333,92.11638889,2023-04-05 07:00:00,4,95,1.0,1.0,2.5,6.5,5.763,0.0,5.763,5.763
NH15 Crossing Fakirpara Tangni,DARRANG,26.50833333,92.11638889,2023-04-06 03:00:00,4,96,0.5,1.0,2.5,6.0,5.763,0.0,5.763,5.763
NH15 Crossing Fakirpara Tangni,DARRANG,26.50833333,92.11638889,2023-04-12 22:00:00,4,102,0.5,0.5,2.0,5.5,5.763,0.0,5.763,5.763
NH15 Crossing Fakirpara Tangni,DARRANG,26.50833333,92.11638889,2023-04-13 02:00:00,4,103,1.0,0.5,2.0,4.5,5.763,0.0,5.763,5.763
NH15 Crossing Fakirpara Tangni,DARRANG,26.50833333,92.11638889,2023-04-13 07:00:00,4,103,0.5,1.0,2.0,4.5,5.763,0.0,5.763,5.763
NH15 Crossing Fakirpara Tangni,DARRANG,26.50833333,92.11638889,2023-04-13 10:00:00,4,103,1.0,0.5,2.5,4.5,5.763,0.0,5.763,5.763
NH15 Crossing Fakirpara Tangni,DARRANG,26.50833333,92.11638889,2023-04-13 14:00:00,4,103,0.5,1.0,2.0,4.0,5.763,0.0,5.763,5.763
NH15 Crossing Fakirpara Tangni,DARRANG,26.50833333,92.11638889,2023-04-13 18:00:00,4,103,1.0,0.5,2.5,4.5,5.763,0.0,5.763,5.763
NH15 Crossing Fakirpara Tangni,DARRANG,26.50833333,92.11638889,2023-04-13 22:00:00,4,103,1.0,1.0,2.5,5.0,5.763,0.0,5.763,5.763
NH15 Crossing Fakirpara Tangni,DARRANG,26.50833333,92.11638889,2023-04-14 00:00:00,4,104,1.0,1.0,3.0,5.0,5.763,0.0,5.763,5.763
NH15 Crossing Fakirpara Tangni,DARRANG,26.50833333,92.11638889,2023-04-14 01:00:00,4,104,1.0,1.0,3.0,5.5,5.763,0.0,5.763,5.763
NH15 Crossing Fakirpara Tangni,DARRANG,26.50833333,92.11638889,2023-04-14 04:00:00,4,104,1.0,1.0,3.0,5.5,5.763,0.0,5.763,5.763
NH15 Crossing Fakirpara Tangni,DARRANG,26.50833333,92.11638889,2023-04-14 07:00:00,4,104,1.0,1.0,3.0,6.0,5.763,0.0,5.763,5.763
NH15 Crossing Fakirpara Tangni,DARRANG,26.50833333,92.11638889,2023-04-16 03:00:00,4,106,323.0,1.0,325.0,328.0,5.763,0.0,5.763,5.763
NH15 Crossing Fakirpara Tangni,DARRANG,26.50833333,92.11638889,2023-04-19 21:00:00,4,109,1.0,323.0,325.0,328.0,5.763,0.0,5.763,5.763
NH15 Crossing Fakirpara Tangni,DARRANG,26.50833333,92.11638889,2023-04-19 22:00:00,4,109,0.5,1.0,324.5,327.5,5.763,0.0,5.763,5.763
NH15 Crossing Fakirpara Tangni,DARRANG,26.50833333,92.11638889,2023-04-20 03:00:00,4,110,0.5,0.5,2.0,327.0,5.763,0.0,5.763,5.763
NH15 Crossing Fakirpara Tangni,DARRANG,26.50833333,92.11638889,2023-04-21 02:00:00,4,111,1.0,0.5,2.0,327.0,5.763,0.0,5.763,5.763
NH15 Crossing Fakirpara Tangni,DARRANG,26.50833333,92.11638889,2023-04-21 04:00:00,4,111,2.0,1.0,3.5,328.0,5.763,0.0,5.763,5.763
NH15 Crossing Fakirpara Tangni,DARRANG,26.50833333,92.11638889,2023-04-21 06:00:00,4,111,0.5,2.0,3.5,5.5,5.763,0.0,5.763,5.763
NH15 Crossing Fakirpara Tangni,DARRANG,26.50833333,92.11638889,2023-04-21 22:00:00,4,111,1.0,0.5,3.5,5.5,5.763,0.0,5.763,5.763
NH15 Crossing Fakirpara Tangni,DARRANG,26.50833333,92.11638889,2023-04-21 23:00:00,4,111,1.0,1.0,2.5,6.0,5.763,0.0,5.763,5.763
NH15 Crossing Fakirpara Tangni,DARRANG,26.50833333,92.11638889,2023-04-22 01:00:00,4,112,0.5,1.0,2.5,6.0,5.763,0.0,5.763,5.763
NH15 Crossing Fakirpara Tangni,DARRANG,26.50833333,92.11638889,2023-04-22 03:00:00,4,112,1.5,0.5,3.0,6.5,5.763,0.0,5.763,5.763
NH15 Crossing Fakirpara Tangni,DARRANG,26.50833333,92.11638889,2023-04-22 05:00:00,4,112,0.5,1.5,2.5,5.0,5.763,0.0,5.763,5.763
NH15 Crossing Fakirpara Tangni,DARRANG,26.50833333,92.11638889,2023-04-22 08:00:00,4,112,0.5,0.5,2.5,5.0,5.763,0.0,5.763,5.763
NH15 Crossing Fakirpara Tangni,DARRANG,26.50833333,92.11638889,2023-04-22 09:00:00,4,112,1.0,0.5,2.0,5.0,5.763,0.0,5.763,5.763
NH15 Crossing Fakirpara Tangni,DARRANG,26.50833333,92.11638889,2023-04-23 11:00:00,4,113,13.0,1.0,14.5,17.0,5.763,0.0,5.763,5.763
NH15 Crossing Fakirpara Tangni,DARRANG,26.50833333,92.11638889,2023-04-23 12:00:00,4,113,12.0,13.0,26.0,28.5,5.763,0.0,5.763,5.763
NH15 Crossing Fakirpara Tangni,DARRANG,26.50833333,92.11638889,2023-04-23 13:00:00,4,113,3.5,12.0,28.5,30.5,5.763,0.0,5.763,5.763
NH15 Crossing Fakirpara Tangni,DARRANG,26.50833333,92.11638889,2023-04-23 14:00:00,4,113,3.0,3.5,18.5,33.0,5.763,0.0,5.763,5.763
NH15 Crossing Fakirpara Tangni,DARRANG,26.50833333,92.11638889,2023-04-23 15:00:00,4,113,1.0,3.0,7.5,33.5,5.763,0.0,5.763,5.763
NH15 Crossing Fakirpara Tangni,DARRANG,26.50833333,92.11638889,2023-04-23 17:00:00,4,113,1.0,1.0,5.0,33.5,5.763,0.0,5.763,5.763
NH15 Crossing Fakirpara Tangni,DARRANG,26.50833333,92.11638889,2023-04-28 03:00:00,4,118,1.0,1.0,3.0,21.5,5.763,0.0,5.763,5.763
NH15 Crossing Fakirpara Tangni,DARRANG,26.50833333,92.11638889,2023-04-28 04:00:00,4,118,6.0,1.0,8.0,15.5,5.763,0.0,5.763,5.763
NH15 Crossing Fakirpara Tangni,DARRANG,26.50833333,92.11638889,2023-04-28 06:00:00,4,118,3.5,6.0,10.5,15.5,5.763,0.0,5.763,5.763
NH15 Crossing Fakirpara Tangni,DARRANG,26.50833333,92.11638889,2023-04-29 02:00:00,4,119,37.0,3.5,46.5,49.5,5.763,0.0,5.763,5.763
NH15 Crossing Fakirpara Tangni,DARRANG,26.50833333,92.11638889,2023-04-29 03:00:00,4,119,1.0,37.0,41.5,49.5,5.763,0.0,5.763,5.763
NH15 Crossing Fakirpara Tangni,DARRANG,26.50833333,92.11638889,2023-04-29 06:00:00,4,119,0.5,1.0,38.5,49.0,5.763,0.0,5.763,5.763
NH15 Crossing Fakirpara Tangni,DARRANG,26.50833333,92.11638889,2023-04-29 08:00:00,4,119,1.0,0.5,2.5,49.0,5.763,0.0,5.763,5.763
NH15 Crossing Fakirpara Tangni,DARRANG,26.50833333,92.11638889,2023-04-29 10:00:00,4,119,1.0,1.0,2.5,44.0,5.763,0.0,5.763,5.763
NH15 Crossing Fakirpara Tangni,DARRANG,26.50833333,92.11638889,2023-04-29 23:00:00,4,119,1.0,1.0,3.0,41.5,5.763,0.0,5.763,5.763
NH15 Crossing Fakirpara Tangni,DARRANG,26.50833333,92.11638889,2023-04-30 00:00:00,4,120,1.0,1.0,3.0,5.5,5.763,0.0,5.763,5.763
NH15 Crossing Fakirpara Tangni,DARRANG,26.50833333,92.11638889,2023-04-30 08:00:00,4,120,0.5,1.0,2.5,5.0,5.763,0.0,5.763,5.763
NH15 Crossing Fakirpara Tangni,DARRANG,26.50833333,92.11638889,2023-05-04 05:00:00,5,124,1.0,0.5,2.5,5.5,5.763,0.0,5.763,5.763
NH15 Crossing Fakirpara Tangni,DARRANG,26.50833333,92.11638889,2023-05-04 08:00:00,5,124,1.0,1.0,2.5,5.5,5.763,0.0,5.763,5.763
NH15 Crossing Fakirpara Tangni,DARRANG,26.50833333,92.11638889,2023-05-04 18:00:00,5,124,0.5,1.0,2.5,5.0,5.763,0.0,5.763,5.763
NH15 Crossing Fakirpara Tangni,DARRANG,26.50833333,92.11638889,2023-05-06 13:00:00,5,126,1.0,0.5,2.5,5.0,5.763,0.0,5.763,5.763
NH15 Crossing Fakirpara Tangni,DARRANG,26.50833333,92.11638889,2023-05-08 01:00:00,5,128,12.0,1.0,13.5,16.0,5.763,0.0,5.763,5.763
NH15 Crossing Fakirpara Tangni,DARRANG,26.50833333,92.11638889,2023-05-08 02:00:00,5,128,6.0,12.0,19.0,21.5,5.763,0.0,5.763,5.763
NH15 Crossing Fakirpara Tangni,DARRANG,26.50833333,92.11638889,2023-05-08 03:00:00,5,128,1.0,6.0,19.0,21.5,5.763,0.0,5.763,5.763
NH15 Crossing Fakirpara Tangni,DARRANG,26.50833333,92.11638889,2023-05-08 04:00:00,5,128,0.5,1.0,7.5,21.0,5.763,0.0,5.763,5.763
NH15 Crossing Fakirpara Tangni,DARRANG,26.50833333,92.11638889,2023-05-08 05:00:00,5,128,0.5,0.5,2.0,21.0,5.763,0.0,5.763,5.763
NH15 Crossing Fakirpara Tangni,DARRANG,26.50833333,92.11638889,2023-05-08 06:00:00,5,128,1.0,0.5,2.0,21.0,5.763,0.0,5.763,5.763
NH15 Crossing Fakirpara Tangni,DARRANG,26.50833333,92.11638889,2023-05-08 07:00:00,5,128,1.0,1.0,2.5,10.0,5.763,0.0,5.763,5.763
NH15 Crossing Fakirpara Tangni,DARRANG,26.50833333,92.11638889,2023-05-15 19:00:00,5,135,1.0,1.0,3.0,5.0,1.134,-4.629,4.22,5.763
NH15 Crossing Fakirpara Tangni,DARRANG,26.50833333,92.11638889,2023-05-15 20:00:00,5,135,2.0,1.0,4.0,6.0,1.134,0.0,2.6769999999999996,5.763
NH15 Crossing Fakirpara Tangni,DARRANG,26.50833333,92.11638889,2023-05-15 21:00:00,5,135,1.0,2.0,4.0,6.5,1.133,-0.0009999999999998899,1.1336666666666666,5.763
NH15 Crossing Fakirpara Tangni,DARRANG,26.50833333,92.11638889,2023-05-15 22:00:00,5,135,12.0,1.0,15.0,18.0,1.127,-0.006000000000000005,1.1313333333333333,5.763
NH15 Crossing Fakirpara Tangni,DARRANG,26.50833333,92.11638889,2023-05-15 23:00:00,5,135,1.0,12.0,14.0,18.0,1.127,0.0,1.129,5.763
NH15 Crossing Fakirpara Tangni,DARRANG,26.50833333,92.11638889,2023-05-16 00:00:00,5,136,1.0,1.0,14.0,18.0,1.126,-0.001000000000000112,1.1266666666666667,1.134
NH15 Crossing Fakirpara Tangni,DARRANG,26.50833333,92.11638889,2023-05-16 02:00:00,5,136,1.0,1.0,3.0,18.0,1.125,-0.0009999999999998899,1.1260000000000001,1.134
NH15 Crossing Fakirpara Tangni,DARRANG,26.50833333,92.11638889,2023-05-16 04:00:00,5,136,0.5,1.0,2.5,16.5,1.115,-0.010000000000000009,1.1219999999999999,1.133
NH15 Crossing Fakirpara Tangni,DARRANG,26.50833333,92.11638889,2023-05-16 07:00:00,5,136,0.5,0.5,2.0,16.0,1.128,0.0129999999999999,1.1226666666666667,1.128
NH15 Crossing Fakirpara Tangni,DARRANG,26.50833333,92.11638889,2023-05-16 22:00:00,5,136,0.5,0.5,1.5,4.5,1.133,0.0050000000000001155,1.1253333333333333,1.133
NH15 Crossing Fakirpara Tangni,DARRANG,26.50833333,92.11638889,2023-05-17 01:00:00,5,137,0.5,0.5,1.5,4.0,1.072,-0.06099999999999994,1.111,1.133
NH15 Crossing Fakirpara Tangni,DARRANG,26.50833333,92.11638889,2023-05-17 04:00:00,5,137,0.5,0.5,1.5,3.5,1.065,-0.007000000000000117,1.09,1.133
NH15 Crossing Fakirpara Tangni,DARRANG,26.50833333,92.11638889,2023-05-27 07:00:00,5,147,0.5,0.5,1.5,3.0,5.763,4.698,2.6333333333333333,5.763
NH15 Crossing Fakirpara Tangni,DARRANG,26.50833333,92.11638889,2023-05-27 10:00:00,5,147,6.0,0.5,7.0,8.5,5.763,0.0,4.197,5.763
NH15 Crossing Fakirpara Tangni,DARRANG,26.50833333,92.11638889,2023-05-27 12:00:00,5,147,1.0,6.0,7.5,9.0,5.763,0.0,5.763,5.763
NH15 Crossing Fakirpara Tangni,DARRANG,26.50833333,92.11638889,2023-05-27 14:00:00,5,147,0.5,1.0,7.5,9.0,5.763,0.0,5.763,5.763
NH15 Crossing Fakirpara Tangni,DARRANG,26.50833333,92.11638889,2023-06-10 12:00:00,6,161,0.5,0.5,2.0,9.0,5.763,0.0,5.763,5.763
NH15 Crossing Fakirpara Tangni,DARRANG,26.50833333,92.11638889,2023-06-10 19:00:00,6,161,1.0,0.5,2.0,9.5,5.763,0.0,5.763,5.763
NH15 Crossing Fakirpara Tangni,DARRANG,26.50833333,92.11638889,2023-06-10 22:00:00,6,161,1.0,1.0,2.5,10.0,5.763,0.0,5.763,5.763
NH15 Crossing Fakirpara Tangni,DARRANG,26.50833333,92.11638889,2023-06-17 07:00:00,6,168,51.5,1.0,53.5,55.5,5.763,0.0,5.763,5.763
NH15 Crossing Fakirpara Tangni,DARRANG,26.50833333,92.11638889,2023-06-17 08:00:00,6,168,1.5,51.5,54.0,56.0,5.763,0.0,5.763,5.763
NH15 Crossing Fakirpara Tangni,DARRANG,26.50833333,92.11638889,2023-06-17 09:00:00,6,168,0.5,1.5,53.5,56.0,5.763,0.0,5.763,5.763
NH15 Crossing Fakirpara Tangni,DARRANG,26.50833333,92.11638889,2023-06-17 11:00:00,6,168,2.0,0.5,4.0,57.5,5.763,0.0,5.763,5.763
NH15 Crossing Fakirpara Tangni,DARRANG,26.50833333,92.11638889,2023-06-17 14:00:00,6,168,0.5,2.0,3.0,57.0,5.763,0.0,5.763,5.763
NH15 Crossing Fakirpara Tangni,DARRANG,26.50833333,92.11638889,2023-06-17 15:00:00,6,168,0.5,0.5,3.0,56.5,5.763,0.0,5.763,5.763
NH15 Crossing Fakirpara Tangni,DARRANG,26.50833333,92.11638889,2023-06-17 17:00:00,6,168,0.5,0.5,1.5,5.5,5.763,0.0,5.763,5.763
NH15 Crossing Fakirpara Tangni,DARRANG,26.50833333,92.11638889,2023-06-17 19:00:00,6,168,2.0,0.5,3.0,6.0,5.763,0.0,5.763,5.763
NH15 Crossing Fakirpara Tangni,DARRANG,26.50833333,92.11638889,2023-06-17 21:00:00,6,168,1.0,2.0,3.5,6.5,5.763,0.0,5.763,5.763
NH15 Crossing Fakirpara Tangni,DARRANG,26.50833333,92.11638889,2023-06-17 22:00:00,6,168,1.0,1.0,4.0,5.5,5.763,0.0,5.763,5.763
NH15 Crossing Fakirpara Tangni,DARRANG,26.50833333,92.11638889,2023-06-17 23:00:00,6,168,1.0,1.0,3.0,6.0,5.763,0.0,5.763,5.763
NH15 Crossing Fakirpara Tangni,DARRANG,26.50833333,92.11638889,2023-06-18 00:00:00,6,169,1.0,1.0,3.0,6.5,5.763,0.0,5.763,5.763
NH15 Crossing Fakirpara Tangni,DARRANG,26.50833333,92.11638889,2023-06-18 03:00:00,6,169,1.0,1.0,3.0,7.0,5.763,0.0,5.763,5.763
NH15 Crossing Fakirpara Tangni,DARRANG,26.50833333,92.11638889,2023-06-18 04:00:00,6,169,2.0,1.0,4.0,7.0,5.763,0.0,5.763,5.763
NH15 Crossing Fakirpara Tangni,DARRANG,26.50833333,92.11638889,2023-06-18 09:00:00,6,169,9.0,2.0,12.0,15.0,5.763,0.0,5.763,5.763
NH15 Crossing Fakirpara Tangni,DARRANG,26.50833333,92.11638889,2023-06-18 17:00:00,6,169,2.0,9.0,13.0,16.0,5.763,0.0,5.763,5.763
NH15 Crossing Fakirpara Tangni,DARRANG,26.50833333,92.11638889,2023-06-18 18:00:00,6,169,1.0,2.0,12.0,16.0,5.763,0.0,5.763,5.763
NH15 Crossing Fakirpara Tangni,DARRANG,26.50833333,92.11638889,2023-06-19 01:00:00,6,170,3.0,1.0,6.0,18.0,5.763,0.0,5.763,5.763
NH15 Crossing Fakirpara Tangni,DARRANG,26.50833333,92.11638889,2023-06-19 07:00:00,6,170,0.5,3.0,4.5,17.5,5.763,0.0,5.763,5.763
NH15 Crossing Fakirpara Tangni,DARRANG,26.50833333,92.11638889,2023-06-19 08:00:00,6,170,2.0,0.5,5.5,17.5,5.763,0.0,5.763,5.763
NH15 Crossing Fakirpara Tangni,DARRANG,26.50833333,92.11638889,2023-06-19 09:00:00,6,170,9.0,2.0,11.5,17.5,5.763,0.0,5.763,5.763
NH15 Crossing Fakirpara Tangni,DARRANG,26.50833333,92.11638889,2023-06-19 10:00:00,6,170,1.5,9.0,12.5,17.0,5.763,0.0,5.763,5.763
NH15 Crossing Fakirpara Tangni,DARRANG,26.50833333,92.11638889,2023-06-19 11:00:00,6,170,1.5,1.5,12.0,17.5,5.763,0.0,5.763,5.763
NH15 Crossing Fakirpara Tangni,DARRANG,26.50833333,92.11638889,2023-06-21 00:00:00,6,172,2.0,1.5,5.0,16.5,5.763,0.0,5.763,5.763
NH15 Crossing Fakirpara Tangni,DARRANG,26.50833333,92.11638889,2023-06-21 01:00:00,6,172,13.0,2.0,16.5,29.0,5.763,0.0,5.763,5.763
NH15 Crossing Fakirpara Tangni,DARRANG,26.50833333,92.11638889,2023-06-21 02:00:00,6,172,12.0,13.0,27.0,39.0,5.763,0.0,5.763,5.763
NH15 Crossing Fakirpara Tangni,DARRANG,26.50833333,92.11638889,2023-06-21 03:00:00,6,172,8.0,12.0,33.0,38.0,5.763,0.0,5.763,5.763
NH15 Crossing Fakirpara Tangni,DARRANG,26.50833333,92.11638889,2023-06-21 04:00:00,6,172,10.0,8.0,30.0,46.5,5.763,0.0,5.763,5.763
NH15 Crossing Fakirpara Tangni,DARRANG,26.50833333,92.11638889,2023-06-21 05:00:00,6,172,2.0,10.0,20.0,47.0,5.763,0.0,5.763,5.763
NH15 Crossing Fakirpara Tangni,DARRANG,26.50833333,92.11638889,2023-06-22 00:00:00,6,173,8.0,2.0,20.0,53.0,5.763,0.0,5.763,5.763
NH15 Crossing Fakirpara Tangni,DARRANG,26.50833333,92.11638889,2023-06-22 01:00:00,6,173,15.0,8.0,25.0,55.0,5.763,0.0,5.763,5.763
NH15 Crossing Fakirpara Tangni,DARRANG,26.50833333,92.11638889,2023-06-22 02:00:00,6,173,6.0,15.0,29.0,49.0,5.763,0.0,5.763,5.763
NH15 Crossing Fakirpara Tangni,DARRANG,26.50833333,92.11638889,2023-06-22 03:00:00,6,173,1.0,6.0,22.0,42.0,5.763,0.0,5.763,5.763
NH15 Crossing Fakirpara Tangni,DARRANG,26.50833333,92.11638889,2023-08-12 18:00:00,8,224,192.0,1.0,199.0,224.0,1.348,-4.415,4.291333333333333,5.763
NH15 Crossing Fakirpara Tangni,DARRANG,26.50833333,92.11638889,2023-08-18 15:00:00,8,230,6.0,192.0,199.0,228.0,1.378,0.029999999999999805,2.8296666666666668,5.763
NH15 Crossing Fakirpara Tangni,DARRANG,26.50833333,92.11638889,2023-08-23 22:00:00,8,235,0.5,6.0,198.5,220.5,1.435,0.05700000000000016,1.3870000000000005,5.763
NH15 Crossing Fakirpara Tangni,DARRANG,26.50833333,92.11638889,2023-09-10 11:00:00,9,253,222.0,0.5,228.5,427.5,1.232,-0.20300000000000007,1.3483333333333336,5.763
NH15 Crossing Fakirpara Tangni,DARRANG,26.50833333,92.11638889,2023-09-15 11:00:00,9,258,1.0,222.0,223.5,422.5,1.209,-0.02299999999999991,1.2920000000000005,5.763
NH15 Crossing Fakirpara Tangni,DARRANG,26.50833333,92.11638889,2023-09-16 22:00:00,9,259,160.0,1.0,383.0,581.5,1.174,-0.03500000000000014,1.2050000000000003,1.435
NH15 Crossing Fakirpara Tangni,DARRANG,26.50833333,92.11638889,2023-09-29 12:00:00,9,272,120.0,160.0,281.0,509.5,1.219,0.04500000000000015,1.200666666666667,1.435
NH15 Crossing Fakirpara Tangni,DARRANG,26.50833333,92.11638889,2023-10-05 17:00:00,10,278,256.0,120.0,536.0,759.5,5.763,4.544,2.718666666666667,5.763
NH15 Crossing Fakirpara Tangni,DARRANG,26.50833333,92.11638889,2023-10-13 04:00:00,10,286,1.0,256.0,377.0,760.0,1.28,-4.483,2.754,5.763
NH15 Crossing Fakirpara Tangni,DARRANG,26.50833333,92.11638889,2023-10-15 12:00:00,10,288,0.5,1.0,257.5,538.5,1.27,-0.010000000000000009,2.7710000000000004,5.763
NH15 Crossing Fakirpara Tangni,DARRANG,26.50833333,92.11638889,2023-10-19 07:00:00,10,292,1.0,0.5,2.5,538.5,5.763,4.493,2.7710000000000004,5.763
NH15 Crossing Fakirpara Tangni,DARRANG,26.50833333,92.11638889,2023-12-08 02:00:00,12,342,0.5,1.0,2.0,379.0,5.763,0.0,4.265333333333333,5.763
NH15 Crossing Fakirpara Tangni,DARRANG,26.50833333,92.11638889,2023-12-08 04:00:00,12,342,0.5,0.5,2.0,259.5,5.763,0.0,5.763,5.763
NH15 Crossing Fakirpara Tangni,DARRANG,26.50833333,92.11638889,2023-12-16 23:00:00,12,350,120.0,0.5,121.0,123.5,5.763,0.0,5.763,5.763
NH15 Crossing Fakirpara Tangni,DARRANG,26.50833333,92.11638889,2024-02-02 15:00:00,2,33,0.5,120.0,121.0,123.0,0.92,-4.843,4.148666666666667,5.763
NH15 Crossing Fakirpara Tangni,DARRANG,26.50833333,92.11638889,2024-02-02 18:00:00,2,33,1.0,0.5,121.5,123.5,0.942,0.02199999999999991,2.541666666666667,5.763
NH15 Crossing Fakirpara Tangni,DARRANG,26.50833333,92.11638889,2024-02-02 19:00:00,2,33,1.0,1.0,2.5,123.5,0.952,0.010000000000000009,0.9380000000000003,5.763
NH15 Crossing Fakirpara Tangni,DARRANG,26.50833333,92.11638889,2024-02-02 21:00:00,2,33,1.0,1.0,3.0,124.0,0.966,0.014000000000000012,0.9533333333333336,5.763
NH15 Crossing Fakirpara Tangni,DARRANG,26.50833333,92.11638889,2024-02-03 01:00:00,2,34,0.5,1.0,2.5,124.0,0.964,-0.0020000000000000018,0.9606666666666669,5.763
NH15 Crossing Fakirpara Tangni,DARRANG,26.50833333,92.11638889,2024-02-03 04:00:00,2,34,1.0,0.5,2.5,5.0,0.959,-0.0050000000000000044,0.9630000000000002,0.966
NH15 Crossing Fakirpara Tangni,DARRANG,26.50833333,92.11638889,2024-02-04 11:00:00,2,35,0.5,1.0,2.0,5.0,0.974,0.015000000000000013,0.965666666666667,0.974
NH15 Crossing Fakirpara Tangni,DARRANG,26.50833333,92.11638889,2024-02-04 14:00:00,2,35,0.5,0.5,2.0,4.5,0.973,-0.0010000000000000009,0.968666666666667,0.974
NH15 Crossing Fakirpara Tangni,DARRANG,26.50833333,92.11638889,2024-02-05 11:00:00,2,36,0.5,0.5,1.5,4.0,0.961,-0.01200000000000001,0.9693333333333336,0.974
NH15 Crossing Fakirpara Tangni,DARRANG,26.50833333,92.11638889,2024-03-04 14:00:00,3,64,2.0,0.5,3.0,5.0,0.909,-0.051999999999999935,0.947666666666667,0.974
NH15 Crossing Fakirpara Tangni,DARRANG,26.50833333,92.11638889,2024-03-04 15:00:00,3,64,2.0,2.0,4.5,6.5,0.917,0.008000000000000007,0.9290000000000003,0.974
NH15 Crossing Fakirpara Tangni,DARRANG,26.50833333,92.11638889,2024-03-05 13:00:00,3,65,2.5,2.0,6.5,8.0,0.893,-0.02400000000000002,0.9063333333333338,0.974
NH15 Crossing Fakirpara Tangni,DARRANG,26.50833333,92.11638889,2024-03-22 04:00:00,3,82,2.0,2.5,6.5,9.5,0.892,-0.0010000000000000009,0.900666666666667,0.973
NH15 Crossing Fakirpara Tangni,DARRANG,26.50833333,92.11638889,2024-03-22 17:00:00,3,82,1.0,2.0,5.5,10.0,0.885,-0.007000000000000006,0.8900000000000002,0.961
NH15 Crossing Fakirpara Tangni,DARRANG,26.50833333,92.11638889,2024-04-03 11:00:00,4,94,248.0,1.0,251.0,257.5,1.106,0.22100000000000009,0.9610000000000003,1.106
NH15 Crossing Fakirpara Tangni,DARRANG,26.50833333,92.11638889,2024-04-04 05:00:00,4,95,49.5,248.0,298.5,305.0,5.763,4.657,2.584666666666667,5.763
NH15 Crossing Fakirpara Tangni,DARRANG,26.50833333,92.11638889,2024-04-04 19:00:00,4,95,381.0,49.5,678.5,684.0,1.05,-4.713,2.6396666666666673,5.763
NH15 Crossing Fakirpara Tangni,DARRANG,26.50833333,92.11638889,2024-05-29 03:00:00,5,150,257.0,381.0,687.5,938.5,1.096,0.04600000000000004,2.6363333333333334,5.763
NH15 Crossing Fakirpara Tangni,DARRANG,26.50833333,92.11638889,2024-05-30 07:00:00,5,151,0.5,257.0,638.5,937.0,5.763,4.667,2.6363333333333334,5.763
NH15 Crossing Fakirpara Tangni,DARRANG,26.50833333,92.11638889,2024-05-31 06:00:00,5,152,1.0,0.5,258.5,937.0,1.281,-4.482,2.7133333333333334,5.763
NH15 Crossing Fakirpara Tangni,DARRANG,26.50833333,92.11638889,2024-05-31 10:00:00,5,152,1.0,1.0,2.5,690.0,1.256,-0.02499999999999991,2.766666666666667,5.763
NH15 Crossing Fakirpara Tangni,DARRANG,26.50833333,92.11638889,2024-05-31 13:00:00,5,152,1.0,1.0,3.0,641.5,1.243,-0.0129999999999999,1.2600000000000005,5.763
NH15 Crossing Fakirpara Tangni,DARRANG,26.50833333,92.11638889,2024-05-31 16:00:00,5,152,1.0,1.0,3.0,261.5,1.231,-0.01200000000000001,1.2433333333333338,5.763
NH15 Crossing Fakirpara Tangni,DARRANG,26.50833333,92.11638889,2024-05-31 23:00:00,5,152,1.0,1.0,3.0,5.5,5.763,4.532,2.745666666666667,5.763
NH15 Crossing Fakirpara Tangni,DARRANG,26.50833333,92.11638889,2024-06-01 02:00:00,6,153,1.0,1.0,3.0,6.0,5.763,0.0,4.2523333333333335,5.763
NH15 Crossing Fakirpara Tangni,DARRANG,26.50833333,92.11638889,2024-06-01 07:00:00,6,153,0.5,1.0,2.5,5.5,5.763,0.0,5.763,5.763
NH15 Crossing Fakirpara Tangni,DARRANG,26.50833333,92.11638889,2024-06-01 10:00:00,6,153,1.0,0.5,2.5,5.5,1.209,-4.554,4.245,5.763
NH15 Crossing Fakirpara Tangni,DARRANG,26.50833333,92.11638889,2024-06-01 13:00:00,6,153,2.0,1.0,3.5,6.5,1.19,-0.019000000000000128,2.720666666666667,5.763
NH15 Crossing Fakirpara Tangni,DARRANG,26.50833333,92.11638889,2024-06-01 15:45:00,6,153,57.0,2.0,60.0,62.5,32.7,31.51,11.699666666666667,32.7
NH15 Crossing Fakirpara Tangni,DARRANG,26.50833333,92.11638889,2024-06-01 16:00:00,6,153,70.0,57.0,129.0,131.5,32.7,0.0,22.19666666666667,32.7
NH15 Crossing Fakirpara Tangni,DARRANG,26.50833333,92.11638889,2024-06-05 16:00:00,6,157,2.0,70.0,129.0,132.5,32.7,0.0,32.7,32.7
NH15 Crossing Fakirpara Tangni,DARRANG,26.50833333,92.11638889,2024-06-06 10:00:00,6,158,0.5,2.0,72.5,132.5,32.7,0.0,32.7,32.7
NH15 Crossing Fakirpara Tangni,DARRANG,26.50833333,92.11638889,2024-06-07 04:00:00,6,159,0.5,0.5,3.0,132.0,32.7,0.0,32.7,32.7
NH15 Crossing Fakirpara Tangni,DARRANG,26.50833333,92.11638889,2024-06-07 14:00:00,6,159,0.5,0.5,1.5,130.5,32.7,0.0,32.7,32.7
NH15 Crossing Fakirpara Tangni,DARRANG,26.50833333,92.11638889,2024-06-07 20:00:00,6,159,0.5,0.5,1.5,74.0,32.7,0.0,32.7,32.7
NH15 Crossing Fakirpara Tangni,DARRANG,26.50833333,92.11638889,2024-06-07 23:00:00,6,159,0.5,0.5,1.5,4.5,32.7,0.0,32.7,32.7
NH15 Crossing Fakirpara Tangni,DARRANG,26.50833333,92.11638889,2024-06-08 00:00:00,6,160,0.5,0.5,1.5,3.0,32.7,0.0,32.7,32.7
NH15 Crossing Fakirpara Tangni,DARRANG,26.50833333,92.11638889,2024-06-08 01:00:00,6,160,1.0,0.5,2.0,3.5,32.7,0.0,32.7,32.7
NH15 Crossing Fakirpara Tangni,DARRANG,26.50833333,92.11638889,2024-06-08 02:00:00,6,160,3.5,1.0,5.0,6.5,32.7,0.0,32.7,32.7
NH15 Crossing Fakirpara Tangni,DARRANG,26.50833333,92.11638889,2024-07-15 04:00:00,7,197,26.0,3.5,30.5,32.0,32.7,0.0,32.7,32.7
NH15 Crossing Fakirpara Tangni,DARRANG,26.50833333,92.11638889,2024-07-29 18:00:00,7,211,39.0,26.0,68.5,70.5,32.7,0.0,32.7,32.7
NH15 Crossing Fakirpara Tangni,DARRANG,26.50833333,92.11638889,2024-07-31 19:00:00,7,213,192.0,39.0,257.0,262.0,32.7,0.0,32.7,32.7
NH15 Crossing Fakirpara Tangni,DARRANG,26.50833333,92.11638889,2025-01-18 15:00:00,1,18,264.0,192.0,495.0,525.5,32.7,0.0,32.7,32.7
NH15 Crossing Fakirpara Tangni,DARRANG,26.50833333,92.11638889,2025-02-11 16:00:00,2,42,39.0,264.0,495.0,563.5,32.7,0.0,32.7,32.7
NH15 Crossing Fakirpara Tangni,DARRANG,26.50833333,92.11638889,2025-03-02 13:00:00,3,61,94.5,39.0,397.5,654.5,14.3,-18.400000000000002,26.566666666666666,32.7
NH15 Crossing Fakirpara Tangni,DARRANG,26.50833333,92.11638889,2025-03-02 14:00:00,3,61,61.3,94.5,194.8,689.8,14.2,-0.10000000000000142,20.400000000000002,32.7
NH15 Crossing Fakirpara Tangni,DARRANG,26.50833333,92.11638889,2025-03-02 15:00:00,3,61,61.3,61.3,217.1,712.1,13.9,-0.29999999999999893,14.133333333333333,32.7
NH15 Crossing Fakirpara Tangni,DARRANG,26.50833333,92.11638889,2025-03-02 16:00:00,3,61,66.8,61.3,189.39999999999998,586.9,13.9,0.0,14.0,32.7
NH15 Crossing Fakirpara Tangni,DARRANG,26.50833333,92.11638889,2025-03-02 17:00:00,3,61,66.8,66.8,194.89999999999998,389.7,13.3,-0.5999999999999996,13.700000000000001,32.7
NH15 Crossing Fakirpara Tangni,DARRANG,26.50833333,92.11638889,2025-03-02 18:00:00,3,61,66.8,66.8,200.39999999999998,417.5,12.5,-0.8000000000000007,13.233333333333334,14.3
NH15 Crossing Fakirpara Tangni,DARRANG,26.50833333,92.11638889,2025-03-02 19:00:00,3,61,66.8,66.8,200.39999999999998,389.79999999999995,12.4,-0.09999999999999964,12.733333333333334,14.2
NH15 Crossing Fakirpara Tangni,DARRANG,26.50833333,92.11638889,2025-03-02 20:00:00,3,61,66.8,66.8,200.39999999999998,395.29999999999995,12.7,0.29999999999999893,12.533333333333333,13.9
NH15 Crossing Fakirpara Tangni,DARRANG,26.50833333,92.11638889,2025-03-02 21:00:00,3,61,66.8,66.8,200.39999999999998,400.79999999999995,12.7,0.0,12.6,13.9
NH15 Crossing Fakirpara Tangni,DARRANG,26.50833333,92.11638889,2025-03-02 22:00:00,3,61,66.8,66.8,200.39999999999998,400.79999999999995,12.7,0.0,12.7,13.3
NH15 Crossing Fakirpara Tangni,DARRANG,26.50833333,92.11638889,2025-03-02 23:00:00,3,61,66.8,66.8,200.39999999999998,400.79999999999995,12.5,-0.1999999999999993,12.633333333333333,12.7
NH15 Crossing Fakirpara Tangni,DARRANG,26.50833333,92.11638889,2025-03-03 00:00:00,3,62,66.8,66.8,200.39999999999998,400.79999999999995,12.6,0.09999999999999964,12.6,12.7
NH15 Crossing Fakirpara Tangni,DARRANG,26.50833333,92.11638889,2025-03-03 01:00:00,3,62,66.8,66.8,200.39999999999998,400.79999999999995,12.5,-0.09999999999999964,12.533333333333331,12.7
NH15 Crossing Fakirpara Tangni,DARRANG,26.50833333,92.11638889,2025-03-03 02:00:00,3,62,66.8,66.8,200.39999999999998,400.79999999999995,12.2,-0.3000000000000007,12.433333333333332,12.7
NH15 Crossing Fakirpara Tangni,DARRANG,26.50833333,92.11638889,2025-03-03 03:00:00,3,62,66.8,66.8,200.39999999999998,400.79999999999995,12.6,0.40000000000000036,12.433333333333332,12.7
NH15 Crossing Fakirpara Tangni,DARRANG,26.50833333,92.11638889,2025-03-03 04:00:00,3,62,66.8,66.8,200.39999999999998,400.79999999999995,12.5,-0.09999999999999964,12.433333333333332,12.6
NH15 Crossing Fakirpara Tangni,DARRANG,26.50833333,92.11638889,2025-03-03 06:00:00,3,62,66.8,66.8,200.39999999999998,400.79999999999995,12.5,0.0,12.533333333333333,12.6
NH15 Crossing Fakirpara Tangni,DARRANG,26.50833333,92.11638889,2025-03-03 07:00:00,3,62,66.8,66.8,200.39999999999998,400.79999999999995,13.0,0.5,12.666666666666666,13.0
NH15 Crossing Fakirpara Tangni,DARRANG,26.50833333,92.11638889,2025-03-03 08:00:00,3,62,66.8,66.8,200.39999999999998,400.79999999999995,13.8,0.8000000000000007,13.1,13.8
NH15 Crossing Fakirpara Tangni,DARRANG,26.50833333,92.11638889,2025-03-03 09:00:00,3,62,66.8,66.8,200.39999999999998,400.79999999999995,14.5,0.6999999999999993,13.766666666666666,14.5
NH15 Crossing Fakirpara Tangni,DARRANG,26.50833333,92.11638889,2025-03-03 10:00:00,3,62,66.8,66.8,200.39999999999998,400.79999999999995,14.3,-0.1999999999999993,14.200000000000001,14.5
NH15 Crossing Fakirpara Tangni,DARRANG,26.50833333,92.11638889,2025-03-03 11:00:00,3,62,66.8,66.8,200.39999999999998,400.79999999999995,14.2,-0.10000000000000142,14.333333333333334,14.5
NH15 Crossing Fakirpara Tangni,DARRANG,26.50833333,92.11638889,2025-03-03 12:00:00,3,62,66.8,66.8,200.39999999999998,400.79999999999995,14.4,0.20000000000000107,14.300000000000002,14.5
NH15 Crossing Fakirpara Tangni,DARRANG,26.50833333,92.11638889,2025-03-03 13:00:00,3,62,66.8,66.8,200.39999999999998,400.79999999999995,13.4,-1.0,14.0,14.5
NH15 Crossing Fakirpara Tangni,DARRANG,26.50833333,92.11638889,2025-03-03 14:00:00,3,62,66.8,66.8,200.39999999999998,400.79999999999995,14.0,0.5999999999999996,13.933333333333335,14.5
NH15 Crossing Fakirpara Tangni,DARRANG,26.50833333,92.11638889,2025-03-03 16:00:00,3,62,66.8,66.8,200.39999999999998,400.79999999999995,14.0,0.0,13.799999999999999,14.4
NH15 Crossing Fakirpara Tangni,DARRANG,26.50833333,92.11638889,2025-03-03 17:00:00,3,62,66.8,66.8,200.39999999999998,400.79999999999995,13.6,-0.40000000000000036,13.866666666666667,14.4
NH15 Crossing Fakirpara Tangni,DARRANG,26.50833333,92.11638889,2025-03-03 18:00:00,3,62,66.8,66.8,200.39999999999998,400.79999999999995,12.8,-0.7999999999999989,13.466666666666669,14.4
NH15 Crossing Fakirpara Tangni,DARRANG,26.50833333,92.11638889,2025-03-03 19:00:00,3,62,66.8,66.8,200.39999999999998,400.79999999999995,12.8,0.0,13.066666666666668,14.0
NH15 Crossing Fakirpara Tangni,DARRANG,26.50833333,92.11638889,2025-03-03 20:00:00,3,62,66.8,66.8,200.39999999999998,400.79999999999995,12.7,-0.10000000000000142,12.766666666666666,14.0
NH15 Crossing Fakirpara Tangni,DARRANG,26.50833333,92.11638889,2025-03-03 21:00:00,3,62,66.8,66.8,200.39999999999998,400.79999999999995,12.7,0.0,12.733333333333334,14.0
NH15 Crossing Fakirpara Tangni,DARRANG,26.50833333,92.11638889,2025-03-03 22:00:00,3,62,66.8,66.8,200.39999999999998,400.79999999999995,12.7,0.0,12.7,13.6
NH15 Crossing Fakirpara Tangni,DARRANG,26.50833333,92.11638889,2025-03-03 23:00:00,3,62,66.8,66.8,200.39999999999998,400.79999999999995,12.7,0.0,12.7,12.8
NH15 Crossing Fakirpara Tangni,DARRANG,26.50833333,92.11638889,2025-03-04 01:00:00,3,63,66.8,66.8,200.39999999999998,400.79999999999995,12.6,-0.09999999999999964,12.666666666666666,12.8
NH15 Crossing Fakirpara Tangni,DARRANG,26.50833333,92.11638889,2025-03-04 02:00:00,3,63,66.8,66.8,200.39999999999998,400.79999999999995,12.6,0.0,12.633333333333333,12.7
NH15 Crossing Fakirpara Tangni,DARRANG,26.50833333,92.11638889,2025-03-04 04:00:00,3,63,66.8,66.8,200.39999999999998,400.79999999999995,12.5,-0.09999999999999964,12.566666666666668,12.7
NH15 Crossing Fakirpara Tangni,DARRANG,26.50833333,92.11638889,2025-03-04 05:00:00,3,63,66.8,66.8,200.39999999999998,400.79999999999995,12.5,0.0,12.533333333333331,12.7
NH15 Crossing Fakirpara Tangni,DARRANG,26.50833333,92.11638889,2025-03-04 06:00:00,3,63,66.8,66.8,200.39999999999998,400.79999999999995,12.5,0.0,12.5,12.7
NH15 Crossing Fakirpara Tangni,DARRANG,26.50833333,92.11638889,2025-03-04 07:00:00,3,63,66.8,66.8,200.39999999999998,400.79999999999995,12.8,0.3000000000000007,12.6,12.8
NH15 Crossing Fakirpara Tangni,DARRANG,26.50833333,92.11638889,2025-03-04 08:00:00,3,63,66.8,66.8,200.39999999999998,400.79999999999995,13.7,0.8999999999999986,13.0,13.7
NH15 Crossing Fakirpara Tangni,DARRANG,26.50833333,92.11638889,2025-03-04 09:00:00,3,63,61.3,66.8,194.89999999999998,395.3,14.4,0.7000000000000011,13.633333333333333,14.4
NH15 Crossing Fakirpara Tangni,DARRANG,26.50833333,92.11638889,2025-03-04 10:00:00,3,63,61.3,61.3,189.39999999999998,389.8,14.3,-0.09999999999999964,14.133333333333333,14.4
NH15 Crossing Fakirpara Tangni,DARRANG,26.50833333,92.11638889,2025-03-04 11:00:00,3,63,61.3,61.3,183.89999999999998,384.29999999999995,14.3,0.0,14.333333333333334,14.4
NH15 Crossing Fakirpara Tangni,DARRANG,26.50833333,92.11638889,2025-03-04 12:00:00,3,63,61.3,61.3,183.89999999999998,378.79999999999995,14.3,0.0,14.3,14.4
NH15 Crossing Fakirpara Tangni,DARRANG,26.50833333,92.11638889,2025-03-04 17:00:00,3,63,66.8,61.3,189.39999999999998,378.8,13.2,-1.1000000000000014,13.933333333333332,14.4
NH15 Crossing Fakirpara Tangni,DARRANG,26.50833333,92.11638889,2025-03-04 18:00:00,3,63,66.8,66.8,194.89999999999998,378.8,12.4,-0.7999999999999989,13.300000000000002,14.4
NH15 Crossing Fakirpara Tangni,DARRANG,26.50833333,92.11638889,2025-03-04 19:00:00,3,63,66.8,66.8,200.39999999999998,384.29999999999995,12.2,-0.20000000000000107,12.6,14.3
NH15 Crossing Fakirpara Tangni,DARRANG,26.50833333,92.11638889,2025-03-04 20:00:00,3,63,66.8,66.8,200.39999999999998,389.79999999999995,12.5,0.3000000000000007,12.366666666666667,14.3
NH15 Crossing Fakirpara Tangni,DARRANG,26.50833333,92.11638889,2025-03-04 21:00:00,3,63,66.8,66.8,200.39999999999998,395.3,12.7,0.1999999999999993,12.466666666666667,14.3
NH15 Crossing Fakirpara Tangni,DARRANG,26.50833333,92.11638889,2025-03-04 22:00:00,3,63,66.8,66.8,200.39999999999998,400.79999999999995,12.7,0.0,12.633333333333333,13.2
NH15 Crossing Fakirpara Tangni,DARRANG,26.50833333,92.11638889,2025-03-04 23:00:00,3,63,66.8,66.8,200.39999999999998,400.79999999999995,12.7,0.0,12.7,12.7
NH15 Crossing Fakirpara Tangni,DARRANG,26.50833333,92.11638889,2025-03-05 00:00:00,3,64,66.8,66.8,200.39999999999998,400.79999999999995,12.6,-0.09999999999999964,12.666666666666666,12.7
NH15 Crossing Fakirpara Tangni,DARRANG,26.50833333,92.11638889,2025-03-05 01:00:00,3,64,66.8,66.8,200.39999999999998,400.79999999999995,12.6,0.0,12.633333333333333,12.7
NH15 Crossing Fakirpara Tangni,DARRANG,26.50833333,92.11638889,2025-03-05 02:00:00,3,64,66.8,66.8,200.39999999999998,400.79999999999995,12.6,0.0,12.6,12.7
NH15 Crossing Fakirpara Tangni,DARRANG,26.50833333,92.11638889,2025-03-05 03:00:00,3,64,66.8,66.8,200.39999999999998,400.79999999999995,12.6,0.0,12.6,12.7
NH15 Crossing Fakirpara Tangni,DARRANG,26.50833333,92.11638889,2025-03-05 04:00:00,3,64,66.8,66.8,200.39999999999998,400.79999999999995,12.5,-0.09999999999999964,12.566666666666668,12.7
NH15 Crossing Fakirpara Tangni,DARRANG,26.50833333,92.11638889,2025-03-05 05:00:00,3,64,66.8,66.8,200.39999999999998,400.79999999999995,12.4,-0.09999999999999964,12.5,12.6
NH15 Crossing Fakirpara Tangni,DARRANG,26.50833333,92.11638889,2025-03-05 06:00:00,3,64,66.8,66.8,200.39999999999998,400.79999999999995,12.5,0.09999999999999964,12.466666666666667,12.6
NH15 Crossing Fakirpara Tangni,DARRANG,26.50833333,92.11638889,2025-03-05 07:00:00,3,64,66.8,66.8,200.39999999999998,400.79999999999995,12.8,0.3000000000000007,12.566666666666668,12.8
NH15 Crossing Fakirpara Tangni,DARRANG,26.50833333,92.11638889,2025-03-05 08:00:00,3,64,61.3,66.8,194.89999999999998,395.29999999999995,13.1,0.29999999999999893,12.800000000000002,13.1
NH15 Crossing Fakirpara Tangni,DARRANG,26.50833333,92.11638889,2025-03-05 09:00:00,3,64,61.3,61.3,189.39999999999998,389.8,14.3,1.200000000000001,13.4,14.3
NH15 Crossing Fakirpara Tangni,DARRANG,26.50833333,92.11638889,2025-03-05 10:00:00,3,64,61.3,61.3,183.89999999999998,384.3,14.2,-0.10000000000000142,13.866666666666665,14.3
NH15 Crossing Fakirpara Tangni,DARRANG,26.50833333,92.11638889,2025-03-05 11:00:00,3,64,61.3,61.3,183.89999999999998,378.79999999999995,14.1,-0.09999999999999964,14.200000000000001,14.3
NH15 Crossing Fakirpara Tangni,DARRANG,26.50833333,92.11638889,2025-03-05 12:00:00,3,64,61.3,61.3,183.89999999999998,373.29999999999995,14.2,0.09999999999999964,14.166666666666666,14.3
NH15 Crossing Fakirpara Tangni,DARRANG,26.50833333,92.11638889,2025-03-05 13:00:00,3,64,61.3,61.3,183.89999999999998,367.79999999999995,14.2,0.0,14.166666666666666,14.3
NH15 Crossing Fakirpara Tangni,DARRANG,26.50833333,92.11638889,2025-03-05 15:00:00,3,64,61.3,61.3,183.89999999999998,367.79999999999995,14.1,-0.09999999999999964,14.166666666666666,14.3
NH15 Crossing Fakirpara Tangni,DARRANG,26.50833333,92.11638889,2025-03-05 16:00:00,3,64,66.8,61.3,189.39999999999998,373.29999999999995,13.9,-0.1999999999999993,14.066666666666668,14.2
NH15 Crossing Fakirpara Tangni,DARRANG,26.50833333,92.11638889,2025-03-05 17:00:00,3,64,66.8,66.8,194.89999999999998,378.79999999999995,12.7,-1.200000000000001,13.566666666666665,14.2
NH15 Crossing Fakirpara Tangni,DARRANG,26.50833333,92.11638889,2025-03-05 18:00:00,3,64,66.8,66.8,200.39999999999998,384.3,12.6,-0.09999999999999964,13.066666666666668,14.2
NH15 Crossing Fakirpara Tangni,DARRANG,26.50833333,92.11638889,2025-03-05 19:00:00,3,64,66.8,66.8,200.39999999999998,389.8,12.7,0.09999999999999964,12.666666666666666,14.2
NH15 Crossing Fakirpara Tangni,DARRANG,26.50833333,92.11638889,2025-03-05 21:00:00,3,64,66.8,66.8,200.39999999999998,395.29999999999995,12.7,0.0,12.666666666666666,14.1
NH15 Crossing Fakirpara Tangni,DARRANG,26.50833333,92.11638889,2025-03-05 22:00:00,3,64,66.8,66.8,200.39999999999998,400.79999999999995,12.7,0.0,12.7,13.9
NH15 Crossing Fakirpara Tangni,DARRANG,26.50833333,92.11638889,2025-03-05 23:00:00,3,64,66.8,66.8,200.39999999999998,400.79999999999995,12.7,0.0,12.7,12.7
NH15 Crossing Fakirpara Tangni,DARRANG,26.50833333,92.11638889,2025-03-06 00:00:00,3,65,66.8,66.8,200.39999999999998,400.79999999999995,12.6,-0.09999999999999964,12.666666666666666,12.7
NH15 Crossing Fakirpara Tangni,DARRANG,26.50833333,92.11638889,2025-03-06 01:00:00,3,65,66.8,66.8,200.39999999999998,400.79999999999995,12.6,0.0,12.633333333333333,12.7
NH15 Crossing Fakirpara Tangni,DARRANG,26.50833333,92.11638889,2025-03-06 02:00:00,3,65,66.8,66.8,200.39999999999998,400.79999999999995,12.6,0.0,12.6,12.7
NH15 Crossing Fakirpara Tangni,DARRANG,26.50833333,92.11638889,2025-03-06 03:00:00,3,65,66.8,66.8,200.39999999999998,400.79999999999995,12.6,0.0,12.6,12.7
NH15 Crossing Fakirpara Tangni,DARRANG,26.50833333,92.11638889,2025-03-06 04:00:00,3,65,66.8,66.8,200.39999999999998,400.79999999999995,12.5,-0.09999999999999964,12.566666666666668,12.7
NH15 Crossing Fakirpara Tangni,DARRANG,26.50833333,92.11638889,2025-03-06 05:00:00,3,65,66.8,66.8,200.39999999999998,400.79999999999995,12.5,0.0,12.533333333333331,12.6
NH15 Crossing Fakirpara Tangni,DARRANG,26.50833333,92.11638889,2025-03-06 06:00:00,3,65,66.8,66.8,200.39999999999998,400.79999999999995,12.5,0.0,12.5,12.6
NH15 Crossing Fakirpara Tangni,DARRANG,26.50833333,92.11638889,2025-03-06 07:00:00,3,65,66.8,66.8,200.39999999999998,400.79999999999995,12.8,0.3000000000000007,12.6,12.8
NH15 Crossing Fakirpara Tangni,DARRANG,26.50833333,92.11638889,2025-03-06 08:00:00,3,65,66.8,66.8,200.39999999999998,400.79999999999995,13.6,0.7999999999999989,12.966666666666667,13.6
NH15 Crossing Fakirpara Tangni,DARRANG,26.50833333,92.11638889,2025-03-06 09:00:00,3,65,61.3,66.8,194.89999999999998,395.29999999999995,14.4,0.8000000000000007,13.6,14.4
NH15 Crossing Fakirpara Tangni,DARRANG,26.50833333,92.11638889,2025-03-06 10:00:00,3,65,61.2,61.3,189.29999999999998,389.7,14.4,0.0,14.133333333333333,14.4
NH15 Crossing Fakirpara Tangni,DARRANG,26.50833333,92.11638889,2025-03-06 13:00:00,3,65,66.8,61.2,189.3,389.69999999999993,14.3,-0.09999999999999964,14.366666666666667,14.4
NH15 Crossing Fakirpara Tangni,DARRANG,26.50833333,92.11638889,2025-03-06 14:00:00,3,65,66.8,66.8,194.79999999999998,389.7,14.2,-0.10000000000000142,14.299999999999999,14.4
NH15 Crossing Fakirpara Tangni,DARRANG,26.50833333,92.11638889,2025-03-06 15:00:00,3,65,66.8,66.8,200.39999999999998,389.7,14.1,-0.09999999999999964,14.200000000000001,14.4
NH15 Crossing Fakirpara Tangni,DARRANG,26.50833333,92.11638889,2025-03-06 16:00:00,3,65,66.8,66.8,200.39999999999998,389.7,13.9,-0.1999999999999993,14.066666666666665,14.4
NH15 Crossing Fakirpara Tangni,DARRANG,26.50833333,92.11638889,2025-03-06 17:00:00,3,65,66.8,66.8,200.39999999999998,395.19999999999993,13.0,-0.9000000000000004,13.666666666666666,14.4
NH15 Crossing Fakirpara Tangni,DARRANG,26.50833333,92.11638889,2025-03-06 18:00:00,3,65,66.8,66.8,200.39999999999998,400.79999999999995,12.8,-0.1999999999999993,13.233333333333334,14.3
NH15 Crossing Fakirpara Tangni,DARRANG,26.50833333,92.11638889,2025-03-06 19:00:00,3,65,66.8,66.8,200.39999999999998,400.79999999999995,12.8,0.0,12.866666666666667,14.2
NH15 Crossing Fakirpara Tangni,DARRANG,26.50833333,92.11638889,2025-03-06 20:00:00,3,65,66.8,66.8,200.39999999999998,400.79999999999995,12.7,-0.10000000000000142,12.766666666666667,14.1
NH15 Crossing Fakirpara Tangni,DARRANG,26.50833333,92.11638889,2025-03-06 21:00:00,3,65,66.8,66.8,200.39999999999998,400.79999999999995,12.7,0.0,12.733333333333333,13.9
NH15 Crossing Fakirpara Tangni,DARRANG,26.50833333,92.11638889,2025-03-06 22:00:00,3,65,66.8,66.8,200.39999999999998,400.79999999999995,12.7,0.0,12.7,13.0
NH15 Crossing Fakirpara Tangni,DARRANG,26.50833333,92.11638889,2025-03-06 23:00:00,3,65,66.8,66.8,200.39999999999998,400.79999999999995,12.5,-0.1999999999999993,12.633333333333333,12.8
NH15 Crossing Fakirpara Tangni,DARRANG,26.50833333,92.11638889,2025-03-07 00:00:00,3,66,66.8,66.8,200.39999999999998,400.79999999999995,12.7,0.1999999999999993,12.633333333333333,12.8
NH15 Crossing Fakirpara Tangni,DARRANG,26.50833333,92.11638889,2025-03-07 02:00:00,3,66,66.8,66.8,200.39999999999998,400.79999999999995,12.6,-0.09999999999999964,12.6,12.7
NH15 Crossing Fakirpara Tangni,DARRANG,26.50833333,92.11638889,2025-03-07 04:00:00,3,66,66.8,66.8,200.39999999999998,400.79999999999995,12.6,0.0,12.633333333333333,12.7
NH15 Crossing Fakirpara Tangni,DARRANG,26.50833333,92.11638889,2025-03-07 06:00:00,3,66,66.8,66.8,200.39999999999998,400.79999999999995,12.5,-0.09999999999999964,12.566666666666668,12.7
NH15 Crossing Fakirpara Tangni,DARRANG,26.50833333,92.11638889,2025-03-07 07:00:00,3,66,66.8,66.8,200.39999999999998,400.79999999999995,12.8,0.3000000000000007,12.633333333333333,12.8
NH15 Crossing Fakirpara Tangni,DARRANG,26.50833333,92.11638889,2025-03-07 08:00:00,3,66,66.8,66.8,200.39999999999998,400.79999999999995,14.3,1.5,13.200000000000001,14.3
NH15 Crossing Fakirpara Tangni,DARRANG,26.50833333,92.11638889,2025-03-07 09:00:00,3,66,66.8,66.8,200.39999999999998,400.79999999999995,14.4,0.09999999999999964,13.833333333333334,14.4
NH15 Crossing Fakirpara Tangni,DARRANG,26.50833333,92.11638889,2025-03-07 10:00:00,3,66,61.3,66.8,194.89999999999998,395.3,14.2,-0.20000000000000107,14.300000000000002,14.4
NH15 Crossing Fakirpara Tangni,DARRANG,26.50833333,92.11638889,2025-03-07 11:00:00,3,66,61.3,61.3,189.39999999999998,389.8,14.2,0.0,14.266666666666666,14.4
NH15 Crossing Fakirpara Tangni,DARRANG,26.50833333,92.11638889,2025-03-07 12:00:00,3,66,61.3,61.3,183.89999999999998,384.29999999999995,14.3,0.10000000000000142,14.233333333333334,14.4
NH15 Crossing Fakirpara Tangni,DARRANG,26.50833333,92.11638889,2025-03-07 13:00:00,3,66,61.3,61.3,183.89999999999998,378.79999999999995,14.1,-0.20000000000000107,14.200000000000001,14.4
NH15 Crossing Fakirpara Tangni,DARRANG,26.50833333,92.11638889,2025-03-07 14:00:00,3,66,61.3,61.3,183.89999999999998,373.3,13.9,-0.1999999999999993,14.1,14.4
NH15 Crossing Fakirpara Tangni,DARRANG,26.50833333,92.11638889,2025-03-07 15:00:00,3,66,61.3,61.3,183.89999999999998,367.79999999999995,14.0,0.09999999999999964,14.0,14.3
NH15 Crossing Fakirpara Tangni,DARRANG,26.50833333,92.11638889,2025-03-07 16:00:00,3,66,66.8,61.3,189.39999999999998,373.29999999999995,14.0,0.0,13.966666666666667,14.3
NH15 Crossing Fakirpara Tangni,DARRANG,26.50833333,92.11638889,2025-03-07 17:00:00,3,66,66.8,66.8,194.89999999999998,378.79999999999995,13.0,-1.0,13.666666666666666,14.3
NH15 Crossing Fakirpara Tangni,DARRANG,26.50833333,92.11638889,2025-03-07 18:00:00,3,66,66.8,66.8,200.39999999999998,384.3,12.8,-0.1999999999999993,13.266666666666666,14.1
NH15 Crossing Fakirpara Tangni,DARRANG,26.50833333,92.11638889,2025-03-07 19:00:00,3,66,66.8,66.8,200.39999999999998,389.8,12.7,-0.10000000000000142,12.833333333333334,14.0
NH15 Crossing Fakirpara Tangni,DARRANG,26.50833333,92.11638889,2025-03-07 20:00:00,3,66,66.8,66.8,200.39999999999998,395.29999999999995,12.7,0.0,12.733333333333334,14.0
NH15 Crossing Fakirpara Tangni,DARRANG,26.50833333,92.11638889,2025-03-07 21:00:00,3,66,66.8,66.8,200.39999999999998,400.79999999999995,12.3,-0.3999999999999986,12.566666666666668,14.0
NH15 Crossing Fakirpara Tangni,DARRANG,26.50833333,92.11638889,2025-03-07 22:00:00,3,66,66.8,66.8,200.39999999999998,400.79999999999995,12.7,0.3999999999999986,12.566666666666668,13.0
NH15 Crossing Fakirpara Tangni,DARRANG,26.50833333,92.11638889,2025-03-07 23:00:00,3,66,66.8,66.8,200.39999999999998,400.79999999999995,12.7,0.0,12.566666666666668,12.8
NH15 Crossing Fakirpara Tangni,DARRANG,26.50833333,92.11638889,2025-03-08 00:00:00,3,67,66.8,66.8,200.39999999999998,400.79999999999995,12.7,0.0,12.7,12.7
NH15 Crossing Fakirpara Tangni,DARRANG,26.50833333,92.11638889,2025-03-08 01:00:00,3,67,66.8,66.8,200.39999999999998,400.79999999999995,12.6,-0.09999999999999964,12.666666666666666,12.7
NH15 Crossing Fakirpara Tangni,DARRANG,26.50833333,92.11638889,2025-03-08 02:00:00,3,67,66.8,66.8,200.39999999999998,400.79999999999995,12.6,0.0,12.633333333333333,12.7
NH15 Crossing Fakirpara Tangni,DARRANG,26.50833333,92.11638889,2025-03-08 03:00:00,3,67,66.8,66.8,200.39999999999998,400.79999999999995,12.6,0.0,12.6,12.7
NH15 Crossing Fakirpara Tangni,DARRANG,26.50833333,92.11638889,2025-03-08 04:00:00,3,67,66.8,66.8,200.39999999999998,400.79999999999995,12.6,0.0,12.6,12.7
NH15 Crossing Fakirpara Tangni,DARRANG,26.50833333,92.11638889,2025-03-08 05:00:00,3,67,66.8,66.8,200.39999999999998,400.79999999999995,12.6,0.0,12.6,12.7
NH15 Crossing Fakirpara Tangni,DARRANG,26.50833333,92.11638889,2025-03-08 06:00:00,3,67,66.8,66.8,200.39999999999998,400.79999999999995,12.5,-0.09999999999999964,12.566666666666665,12.6
NH15 Crossing Fakirpara Tangni,DARRANG,26.50833333,92.11638889,2025-03-08 07:00:00,3,67,66.8,66.8,200.39999999999998,400.79999999999995,13.0,0.5,12.700000000000001,13.0
NH15 Crossing Fakirpara Tangni,DARRANG,26.50833333,92.11638889,2025-03-08 08:00:00,3,67,66.8,66.8,200.39999999999998,400.79999999999995,13.6,0.5999999999999996,13.033333333333331,13.6
NH15 Crossing Fakirpara Tangni,DARRANG,26.50833333,92.11638889,2025-03-08 09:00:00,3,67,66.8,66.8,200.39999999999998,400.79999999999995,14.2,0.5999999999999996,13.6,14.2
NH15 Crossing Fakirpara Tangni,DARRANG,26.50833333,92.11638889,2025-03-08 10:00:00,3,67,66.8,66.8,200.39999999999998,400.79999999999995,14.4,0.20000000000000107,14.066666666666665,14.4
NH15 Crossing Fakirpara Tangni,DARRANG,26.50833333,92.11638889,2025-03-08 11:00:00,3,67,66.8,66.8,200.39999999999998,400.79999999999995,14.3,-0.09999999999999964,14.299999999999999,14.4
NH15 Crossing Fakirpara Tangni,DARRANG,26.50833333,92.11638889,2025-03-08 12:00:00,3,67,66.8,66.8,200.39999999999998,400.79999999999995,14.3,0.0,14.333333333333334,14.4
NH15 Crossing Fakirpara Tangni,DARRANG,26.50833333,92.11638889,2025-03-08 13:00:00,3,67,66.8,66.8,200.39999999999998,400.79999999999995,14.3,0.0,14.3,14.4
NH15 Crossing Fakirpara Tangni,DARRANG,26.50833333,92.11638889,2025-03-08 14:00:00,3,67,66.8,66.8,200.39999999999998,400.79999999999995,14.4,0.09999999999999964,14.333333333333334,14.4
NH15 Crossing Fakirpara Tangni,DARRANG,26.50833333,92.11638889,2025-03-08 15:00:00,3,67,66.8,66.8,200.39999999999998,400.79999999999995,14.3,-0.09999999999999964,14.333333333333334,14.4
NH15 Crossing Fakirpara Tangni,DARRANG,26.50833333,92.11638889,2025-03-08 16:00:00,3,67,66.8,66.8,200.39999999999998,400.79999999999995,13.9,-0.40000000000000036,14.200000000000001,14.4
NH15 Crossing Fakirpara Tangni,DARRANG,26.50833333,92.11638889,2025-03-08 17:00:00,3,67,66.8,66.8,200.39999999999998,400.79999999999995,13.3,-0.5999999999999996,13.833333333333334,14.4
NH15 Crossing Fakirpara Tangni,DARRANG,26.50833333,92.11638889,2025-03-08 18:00:00,3,67,66.8,66.8,200.39999999999998,400.79999999999995,12.8,-0.5,13.333333333333334,14.4
NH15 Crossing Fakirpara Tangni,DARRANG,26.50833333,92.11638889,2025-03-08 19:00:00,3,67,66.8,66.8,200.39999999999998,400.79999999999995,12.7,-0.10000000000000142,12.933333333333335,14.4
NH15 Crossing Fakirpara Tangni,DARRANG,26.50833333,92.11638889,2025-03-08 20:00:00,3,67,66.8,66.8,200.39999999999998,400.79999999999995,12.7,0.0,12.733333333333333,14.3
NH15 Crossing Fakirpara Tangni,DARRANG,26.50833333,92.11638889,2025-03-08 21:00:00,3,67,66.8,66.8,200.39999999999998,400.79999999999995,12.7,0.0,12.7,13.9
NH15 Crossing Fakirpara Tangni,DARRANG,26.50833333,92.11638889,2025-03-08 22:00:00,3,67,66.8,66.8,200.39999999999998,400.79999999999995,12.7,0.0,12.7,13.3
NH15 Crossing Fakirpara Tangni,DARRANG,26.50833333,92.11638889,2025-03-08 23:00:00,3,67,66.8,66.8,200.39999999999998,400.79999999999995,12.6,-0.09999999999999964,12.666666666666666,12.8
NH15 Crossing Fakirpara Tangni,DARRANG,26.50833333,92.11638889,2025-03-09 00:00:00,3,68,66.8,66.8,200.39999999999998,400.79999999999995,12.6,0.0,12.633333333333333,12.7
NH15 Crossing Fakirpara Tangni,DARRANG,26.50833333,92.11638889,2025-03-09 01:00:00,3,68,66.8,66.8,200.39999999999998,400.79999999999995,12.6,0.0,12.6,12.7
NH15 Crossing Fakirpara Tangni,DARRANG,26.50833333,92.11638889,2025-03-09 02:00:00,3,68,66.8,66.8,200.39999999999998,400.79999999999995,12.6,0.0,12.6,12.7
NH15 Crossing Fakirpara Tangni,DARRANG,26.50833333,92.11638889,2025-03-09 03:00:00,3,68,66.8,66.8,200.39999999999998,400.79999999999995,12.6,0.0,12.6,12.7
NH15 Crossing Fakirpara Tangni,DARRANG,26.50833333,92.11638889,2025-03-09 04:00:00,3,68,66.8,66.8,200.39999999999998,400.79999999999995,12.6,0.0,12.6,12.6
NH15 Crossing Fakirpara Tangni,DARRANG,26.50833333,92.11638889,2025-03-09 05:00:00,3,68,66.8,66.8,200.39999999999998,400.79999999999995,12.5,-0.09999999999999964,12.566666666666665,12.6
NH15 Crossing Fakirpara Tangni,DARRANG,26.50833333,92.11638889,2025-03-09 06:00:00,3,68,66.8,66.8,200.39999999999998,400.79999999999995,12.6,0.09999999999999964,12.566666666666668,12.6
NH15 Crossing Fakirpara Tangni,DARRANG,26.50833333,92.11638889,2025-03-09 07:00:00,3,68,66.8,66.8,200.39999999999998,400.79999999999995,12.8,0.20000000000000107,12.633333333333333,12.8
NH15 Crossing Fakirpara Tangni,DARRANG,26.50833333,92.11638889,2025-03-09 08:00:00,3,68,66.8,66.8,200.39999999999998,400.79999999999995,13.6,0.7999999999999989,13.0,13.6
NH15 Crossing Fakirpara Tangni,DARRANG,26.50833333,92.11638889,2025-03-09 09:00:00,3,68,66.8,66.8,200.39999999999998,400.79999999999995,14.1,0.5,13.5,14.1
NH15 Crossing Fakirpara Tangni,DARRANG,26.50833333,92.11638889,2025-03-09 10:00:00,3,68,66.8,66.8,200.39999999999998,400.79999999999995,14.1,0.0,13.933333333333332,14.1
NH15 Crossing Fakirpara Tangni,DARRANG,26.50833333,92.11638889,2025-03-09 13:00:00,3,68,66.8,66.8,200.39999999999998,400.79999999999995,14.2,0.09999999999999964,14.133333333333333,14.2
NH15 Crossing Fakirpara Tangni,DARRANG,26.50833333,92.11638889,2025-03-09 15:00:00,3,68,66.8,66.8,200.39999999999998,400.79999999999995,13.9,-0.29999999999999893,14.066666666666668,14.2
NH15 Crossing Fakirpara Tangni,DARRANG,26.50833333,92.11638889,2025-03-09 16:00:00,3,68,66.8,66.8,200.39999999999998,400.79999999999995,13.4,-0.5,13.833333333333334,14.2
NH15 Crossing Fakirpara Tangni,DARRANG,26.50833333,92.11638889,2025-03-09 18:00:00,3,68,66.8,66.8,200.39999999999998,400.79999999999995,12.8,-0.5999999999999996,13.366666666666667,14.2
NH15 Crossing Fakirpara Tangni,DARRANG,26.50833333,92.11638889,2025-03-09 19:00:00,3,68,66.8,66.8,200.39999999999998,400.79999999999995,12.5,-0.3000000000000007,12.9,14.2
NH15 Crossing Fakirpara Tangni,DARRANG,26.50833333,92.11638889,2025-03-09 21:00:00,3,68,66.8,66.8,200.39999999999998,400.79999999999995,12.5,0.0,12.600000000000001,14.2
NH15 Crossing Fakirpara Tangni,DARRANG,26.50833333,92.11638889,2025-03-09 22:00:00,3,68,66.8,66.8,200.39999999999998,400.79999999999995,12.6,0.09999999999999964,12.533333333333331,13.9
NH15 Crossing Fakirpara Tangni,DARRANG,26.50833333,92.11638889,2025-03-09 23:00:00,3,68,66.8,66.8,200.39999999999998,400.79999999999995,12.5,-0.09999999999999964,12.533333333333331,13.4
NH15 Crossing Fakirpara Tangni,DARRANG,26.50833333,92.11638889,2025-03-10 00:00:00,3,69,66.8,66.8,200.39999999999998,400.79999999999995,11.6,-0.9000000000000004,12.233333333333333,12.8
NH15 Crossing Fakirpara Tangni,DARRANG,26.50833333,92.11638889,2025-03-10 01:00:00,3,69,66.8,66.8,200.39999999999998,400.79999999999995,11.8,0.20000000000000107,11.966666666666667,12.6
NH15 Crossing Fakirpara Tangni,DARRANG,26.50833333,92.11638889,2025-03-10 03:00:00,3,69,66.8,66.8,200.39999999999998,400.79999999999995,12.6,0.7999999999999989,12.0,12.6
NH15 Crossing Fakirpara Tangni,DARRANG,26.50833333,92.11638889,2025-03-10 04:00:00,3,69,66.8,66.8,200.39999999999998,400.79999999999995,12.6,0.0,12.333333333333334,12.6
NH15 Crossing Fakirpara Tangni,DARRANG,26.50833333,92.11638889,2025-03-10 06:00:00,3,69,66.8,66.8,200.39999999999998,400.79999999999995,12.5,-0.09999999999999964,12.566666666666668,12.6
NH15 Crossing Fakirpara Tangni,DARRANG,26.50833333,92.11638889,2025-03-10 07:00:00,3,69,66.8,66.8,200.39999999999998,400.79999999999995,12.2,-0.3000000000000007,12.433333333333332,12.6
NH15 Crossing Fakirpara Tangni,DARRANG,26.50833333,92.11638889,2025-03-10 08:00:00,3,69,66.8,66.8,200.39999999999998,400.79999999999995,13.0,0.8000000000000007,12.566666666666665,13.0
NH15 Crossing Fakirpara Tangni,DARRANG,26.50833333,92.11638889,2025-03-10 09:00:00,3,69,66.8,66.8,200.39999999999998,400.79999999999995,14.0,1.0,13.066666666666665,14.0
NH15 Crossing Fakirpara Tangni,DARRANG,26.50833333,92.11638889,2025-03-10 10:00:00,3,69,66.8,66.8,200.39999999999998,400.79999999999995,14.1,0.09999999999999964,13.700000000000001,14.1
NH15 Crossing Fakirpara Tangni,DARRANG,26.50833333,92.11638889,2025-03-10 11:00:00,3,69,66.8,66.8,200.39999999999998,400.79999999999995,14.1,0.0,14.066666666666668,14.1
NH15 Crossing Fakirpara Tangni,DARRANG,26.50833333,92.11638889,2025-03-10 12:00:00,3,69,66.8,66.8,200.39999999999998,400.79999999999995,14.1,0.0,14.1,14.1
NH15 Crossing Fakirpara Tangni,DARRANG,26.50833333,92.11638889,2025-03-10 14:00:00,3,69,66.8,66.8,200.39999999999998,400.79999999999995,13.9,-0.1999999999999993,14.033333333333333,14.1
NH15 Crossing Fakirpara Tangni,DARRANG,26.50833333,92.11638889,2025-03-10 15:00:00,3,69,66.8,66.8,200.39999999999998,400.79999999999995,14.0,0.09999999999999964,14.0,14.1
NH15 Crossing Fakirpara Tangni,DARRANG,26.50833333,92.11638889,2025-03-10 17:00:00,3,69,66.8,66.8,200.39999999999998,400.79999999999995,12.0,-2.0,13.299999999999999,14.1
NH15 Crossing Fakirpara Tangni,DARRANG,26.50833333,92.11638889,2025-03-10 18:00:00,3,69,66.8,66.8,200.39999999999998,400.79999999999995,12.8,0.8000000000000007,12.933333333333335,14.1
NH15 Crossing Fakirpara Tangni,DARRANG,26.50833333,92.11638889,2025-03-10 19:00:00,3,69,66.8,66.8,200.39999999999998,400.79999999999995,12.6,-0.20000000000000107,12.466666666666669,14.1
NH15 Crossing Fakirpara Tangni,DARRANG,26.50833333,92.11638889,2025-03-10 20:00:00,3,69,66.8,66.8,200.39999999999998,400.79999999999995,12.7,0.09999999999999964,12.700000000000001,14.0
NH15 Crossing Fakirpara Tangni,DARRANG,26.50833333,92.11638889,2025-03-10 21:00:00,3,69,66.8,66.8,200.39999999999998,400.79999999999995,12.7,0.0,12.666666666666666,14.0
NH15 Crossing Fakirpara Tangni,DARRANG,26.50833333,92.11638889,2025-03-10 22:00:00,3,69,66.8,66.8,200.39999999999998,400.79999999999995,12.7,0.0,12.7,12.8
NH15 Crossing Fakirpara Tangni,DARRANG,26.50833333,92.11638889,2025-03-10 23:00:00,3,69,66.8,66.8,200.39999999999998,400.79999999999995,12.6,-0.09999999999999964,12.666666666666666,12.8
NH15 Crossing Fakirpara Tangni,DARRANG,26.50833333,92.11638889,2025-03-11 00:00:00,3,70,66.8,66.8,200.39999999999998,400.79999999999995,12.6,0.0,12.633333333333333,12.7
NH15 Crossing Fakirpara Tangni,DARRANG,26.50833333,92.11638889,2025-03-11 01:00:00,3,70,66.8,66.8,200.39999999999998,400.79999999999995,12.6,0.0,12.6,12.7
NH15 Crossing Fakirpara Tangni,DARRANG,26.50833333,92.11638889,2025-03-11 02:00:00,3,70,66.8,66.8,200.39999999999998,400.79999999999995,12.6,0.0,12.6,12.7
NH15 Crossing Fakirpara Tangni,DARRANG,26.50833333,92.11638889,2025-03-11 03:00:00,3,70,66.8,66.8,200.39999999999998,400.79999999999995,12.5,-0.09999999999999964,12.566666666666668,12.7
NH15 Crossing Fakirpara Tangni,DARRANG,26.50833333,92.11638889,2025-03-11 04:00:00,3,70,66.8,66.8,200.39999999999998,400.79999999999995,12.5,0.0,12.533333333333331,12.6
NH15 Crossing Fakirpara Tangni,DARRANG,26.50833333,92.11638889,2025-03-11 05:00:00,3,70,66.8,66.8,200.39999999999998,400.79999999999995,12.5,0.0,12.5,12.6
NH15 Crossing Fakirpara Tangni,DARRANG,26.50833333,92.11638889,2025-03-11 06:00:00,3,70,66.8,66.8,200.39999999999998,400.79999999999995,12.3,-0.1999999999999993,12.433333333333332,12.6
NH15 Crossing Fakirpara Tangni,DARRANG,26.50833333,92.11638889,2025-03-11 07:00:00,3,70,66.8,66.8,200.39999999999998,400.79999999999995,12.8,0.5,12.533333333333333,12.8
NH15 Crossing Fakirpara Tangni,DARRANG,26.50833333,92.11638889,2025-03-11 08:00:00,3,70,61.2,66.8,194.79999999999998,395.2,14.2,1.3999999999999986,13.1,14.2
NH15 Crossing Fakirpara Tangni,DARRANG,26.50833333,92.11638889,2025-03-11 09:00:00,3,70,61.3,61.2,189.3,389.7,14.2,0.0,13.733333333333334,14.2
NH15 Crossing Fakirpara Tangni,DARRANG,26.50833333,92.11638889,2025-03-11 10:00:00,3,70,61.3,61.3,183.8,384.2,14.1,-0.09999999999999964,14.166666666666666,14.2
NH15 Crossing Fakirpara Tangni,DARRANG,26.50833333,92.11638889,2025-03-11 11:00:00,3,70,61.3,61.3,183.89999999999998,378.69999999999993,14.3,0.20000000000000107,14.200000000000001,14.3
NH15 Crossing Fakirpara Tangni,DARRANG,26.50833333,92.11638889,2025-03-11 12:00:00,3,70,66.8,61.3,189.39999999999998,378.7,14.3,0.0,14.233333333333334,14.3
NH15 Crossing Fakirpara Tangni,DARRANG,26.50833333,92.11638889,2025-03-11 13:00:00,3,70,66.8,66.8,194.89999999999998,378.7,14.3,0.0,14.3,14.3
NH15 Crossing Fakirpara Tangni,DARRANG,26.50833333,92.11638889,2025-03-11 14:00:00,3,70,66.8,66.8,200.39999999999998,384.3,14.0,-0.3000000000000007,14.200000000000001,14.3
NH15 Crossing Fakirpara Tangni,DARRANG,26.50833333,92.11638889,2025-03-11 15:00:00,3,70,66.8,66.8,200.39999999999998,389.79999999999995,13.8,-0.1999999999999993,14.033333333333333,14.3
NH15 Crossing Fakirpara Tangni,DARRANG,26.50833333,92.11638889,2025-03-11 16:00:00,3,70,66.8,66.8,200.39999999999998,395.29999999999995,13.3,-0.5,13.700000000000001,14.3
NH15 Crossing Fakirpara Tangni,DARRANG,26.50833333,92.11638889,2025-03-11 17:00:00,3,70,66.8,66.8,200.39999999999998,400.79999999999995,13.0,-0.3000000000000007,13.366666666666667,14.3
NH15 Crossing Fakirpara Tangni,DARRANG,26.50833333,92.11638889,2025-03-11 18:00:00,3,70,66.8,66.8,200.39999999999998,400.79999999999995,12.8,-0.1999999999999993,13.033333333333333,14.3
NH15 Crossing Fakirpara Tangni,DARRANG,26.50833333,92.11638889,2025-03-11 19:00:00,3,70,66.8,66.8,200.39999999999998,400.79999999999995,12.8,0.0,12.866666666666667,14.0
NH15 Crossing Fakirpara Tangni,DARRANG,26.50833333,92.11638889,2025-03-11 20:00:00,3,70,66.8,66.8,200.39999999999998,400.79999999999995,12.7,-0.10000000000000142,12.766666666666667,13.8
NH15 Crossing Fakirpara Tangni,DARRANG,26.50833333,92.11638889,2025-03-11 21:00:00,3,70,66.8,66.8,200.39999999999998,400.79999999999995,12.7,0.0,12.733333333333333,13.3
NH15 Crossing Fakirpara Tangni,DARRANG,26.50833333,92.11638889,2025-03-11 22:00:00,3,70,66.8,66.8,200.39999999999998,400.79999999999995,12.7,0.0,12.7,13.0
NH15 Crossing Fakirpara Tangni,DARRANG,26.50833333,92.11638889,2025-03-11 23:00:00,3,70,66.8,66.8,200.39999999999998,400.79999999999995,12.7,0.0,12.7,12.8
NH15 Crossing Fakirpara Tangni,DARRANG,26.50833333,92.11638889,2025-03-12 00:00:00,3,71,66.8,66.8,200.39999999999998,400.79999999999995,11.8,-0.8999999999999986,12.4,12.8
NH15 Crossing Fakirpara Tangni,DARRANG,26.50833333,92.11638889,2025-03-12 01:00:00,3,71,66.8,66.8,200.39999999999998,400.79999999999995,12.6,0.7999999999999989,12.366666666666665,12.7
NH15 Crossing Fakirpara Tangni,DARRANG,26.50833333,92.11638889,2025-03-12 02:00:00,3,71,66.8,66.8,200.39999999999998,400.79999999999995,12.6,0.0,12.333333333333334,12.7
NH15 Crossing Fakirpara Tangni,DARRANG,26.50833333,92.11638889,2025-03-12 03:00:00,3,71,66.8,66.8,200.39999999999998,400.79999999999995,12.6,0.0,12.6,12.7
NH15 Crossing Fakirpara Tangni,DARRANG,26.50833333,92.11638889,2025-03-12 05:00:00,3,71,61.3,66.8,194.89999999999998,395.29999999999995,12.5,-0.09999999999999964,12.566666666666668,12.7
NH15 Crossing Fakirpara Tangni,DARRANG,26.50833333,92.11638889,2025-03-12 06:00:00,3,71,61.3,61.3,189.39999999999998,389.8,12.6,0.09999999999999964,12.566666666666665,12.6
NH15 Crossing Fakirpara Tangni,DARRANG,26.50833333,92.11638889,2025-03-12 07:00:00,3,71,66.8,61.3,189.39999999999998,389.8,12.8,0.20000000000000107,12.633333333333333,12.8
NH15 Crossing Fakirpara Tangni,DARRANG,26.50833333,92.11638889,2025-03-12 08:00:00,3,71,61.3,66.8,189.39999999999998,384.29999999999995,14.5,1.6999999999999993,13.299999999999999,14.5
NH15 Crossing Fakirpara Tangni,DARRANG,26.50833333,92.11638889,2025-03-12 09:00:00,3,71,66.8,61.3,194.89999999999998,384.29999999999995,13.7,-0.8000000000000007,13.666666666666666,14.5
NH15 Crossing Fakirpara Tangni,DARRANG,26.50833333,92.11638889,2025-03-12 10:00:00,3,71,66.8,66.8,194.89999999999998,384.3,13.8,0.10000000000000142,14.0,14.5
NH15 Crossing Fakirpara Tangni,DARRANG,26.50833333,92.11638889,2025-03-12 11:00:00,3,71,66.8,66.8,200.39999999999998,389.8,14.1,0.29999999999999893,13.866666666666667,14.5
NH15 Crossing Fakirpara Tangni,DARRANG,26.50833333,92.11638889,2025-03-12 12:00:00,3,71,66.8,66.8,200.39999999999998,395.29999999999995,14.3,0.20000000000000107,14.066666666666668,14.5
NH15 Crossing Fakirpara Tangni,DARRANG,26.50833333,92.11638889,2025-03-12 13:00:00,3,71,66.8,66.8,200.39999999999998,395.29999999999995,14.3,0.0,14.233333333333334,14.5
NH15 Crossing Fakirpara Tangni,DARRANG,26.50833333,92.11638889,2025-03-12 15:00:00,3,71,66.8,66.8,200.39999999999998,400.79999999999995,13.6,-0.7000000000000011,14.066666666666668,14.3
NH15 Crossing Fakirpara Tangni,DARRANG,26.50833333,92.11638889,2025-03-12 16:00:00,3,71,66.8,66.8,200.39999999999998,400.79999999999995,13.6,0.0,13.833333333333334,14.3
NH15 Crossing Fakirpara Tangni,DARRANG,26.50833333,92.11638889,2025-03-12 17:00:00,3,71,66.8,66.8,200.39999999999998,400.79999999999995,13.2,-0.40000000000000036,13.466666666666667,14.3
NH15 Crossing Fakirpara Tangni,DARRANG,26.50833333,92.11638889,2025-03-12 18:00:00,3,71,66.8,66.8,200.39999999999998,400.79999999999995,12.8,-0.3999999999999986,13.199999999999998,14.3
NH15 Crossing Fakirpara Tangni,DARRANG,26.50833333,92.11638889,2025-03-12 19:00:00,3,71,66.8,66.8,200.39999999999998,400.79999999999995,12.8,0.0,12.933333333333332,14.3
NH15 Crossing Fakirpara Tangni,DARRANG,26.50833333,92.11638889,2025-03-12 20:00:00,3,71,66.8,66.8,200.39999999999998,400.79999999999995,12.7,-0.10000000000000142,12.766666666666666,13.6
NH15 Crossing Fakirpara Tangni,DARRANG,26.50833333,92.11638889,2025-03-12 21:00:00,3,71,66.8,66.8,200.39999999999998,400.79999999999995,12.7,0.0,12.733333333333334,13.6
NH15 Crossing Fakirpara Tangni,DARRANG,26.50833333,92.11638889,2025-03-12 22:00:00,3,71,66.8,66.8,200.39999999999998,400.79999999999995,12.7,0.0,12.7,13.2
NH15 Crossing Fakirpara Tangni,DARRANG,26.50833333,92.11638889,2025-03-12 23:00:00,3,71,66.8,66.8,200.39999999999998,400.79999999999995,12.7,0.0,12.7,12.8
NH15 Crossing Fakirpara Tangni,DARRANG,26.50833333,92.11638889,2025-03-13 00:00:00,3,72,66.8,66.8,200.39999999999998,400.79999999999995,12.7,0.0,12.7,12.8
NH15 Crossing Fakirpara Tangni,DARRANG,26.50833333,92.11638889,2025-03-13 02:00:00,3,72,66.8,66.8,200.39999999999998,400.79999999999995,12.6,-0.09999999999999964,12.666666666666666,12.7
NH15 Crossing Fakirpara Tangni,DARRANG,26.50833333,92.11638889,2025-03-13 03:00:00,3,72,66.8,66.8,200.39999999999998,400.79999999999995,12.6,0.0,12.633333333333333,12.7
NH15 Crossing Fakirpara Tangni,DARRANG,26.50833333,92.11638889,2025-03-13 04:00:00,3,72,66.8,66.8,200.39999999999998,400.79999999999995,12.6,0.0,12.6,12.7
NH15 Crossing Fakirpara Tangni,DARRANG,26.50833333,92.11638889,2025-03-13 05:00:00,3,72,66.8,66.8,200.39999999999998,400.79999999999995,12.6,0.0,12.6,12.7
NH15 Crossing Fakirpara Tangni,DARRANG,26.50833333,92.11638889,2025-03-13 06:00:00,3,72,66.8,66.8,200.39999999999998,400.79999999999995,12.6,0.0,12.6,12.7
NH15 Crossing Fakirpara Tangni,DARRANG,26.50833333,92.11638889,2025-03-13 08:00:00,3,72,66.8,66.8,200.39999999999998,400.79999999999995,14.4,1.8000000000000007,13.199999999999998,14.4
NH15 Crossing Fakirpara Tangni,DARRANG,26.50833333,92.11638889,2025-03-13 09:00:00,3,72,66.8,66.8,200.39999999999998,400.79999999999995,13.9,-0.5,13.633333333333333,14.4
NH15 Crossing Fakirpara Tangni,DARRANG,26.50833333,92.11638889,2025-03-13 11:00:00,3,72,66.8,66.8,200.39999999999998,400.79999999999995,14.5,0.5999999999999996,14.266666666666666,14.5
NH15 Crossing Fakirpara Tangni,DARRANG,26.50833333,92.11638889,2025-03-13 12:00:00,3,72,66.8,66.8,200.39999999999998,400.79999999999995,14.4,-0.09999999999999964,14.266666666666666,14.5
NH15 Crossing Fakirpara Tangni,DARRANG,26.50833333,92.11638889,2025-03-13 13:00:00,3,72,66.8,66.8,200.39999999999998,400.79999999999995,14.1,-0.3000000000000007,14.333333333333334,14.5
NH15 Crossing Fakirpara Tangni,DARRANG,26.50833333,92.11638889,2025-03-13 14:00:00,3,72,66.8,66.8,200.39999999999998,400.79999999999995,14.1,0.0,14.200000000000001,14.5
NH15 Crossing Fakirpara Tangni,DARRANG,26.50833333,92.11638889,2025-03-13 15:00:00,3,72,66.8,66.8,200.39999999999998,400.79999999999995,14.2,0.09999999999999964,14.133333333333333,14.5
NH15 Crossing Fakirpara Tangni,DARRANG,26.50833333,92.11638889,2025-03-13 16:00:00,3,72,66.8,66.8,200.39999999999998,400.79999999999995,14.0,-0.1999999999999993,14.1,14.5
NH15 Crossing Fakirpara Tangni,DARRANG,26.50833333,92.11638889,2025-03-13 17:00:00,3,72,66.8,66.8,200.39999999999998,400.79999999999995,13.2,-0.8000000000000007,13.799999999999999,14.4
NH15 Crossing Fakirpara Tangni,DARRANG,26.50833333,92.11638889,2025-03-13 18:00:00,3,72,66.8,66.8,200.39999999999998,400.79999999999995,12.7,-0.5,13.299999999999999,14.2
NH15 Crossing Fakirpara Tangni,DARRANG,26.50833333,92.11638889,2025-03-13 19:00:00,3,72,66.8,66.8,200.39999999999998,400.79999999999995,12.7,0.0,12.866666666666665,14.2
NH15 Crossing Fakirpara Tangni,DARRANG,26.50833333,92.11638889,2025-03-13 20:00:00,3,72,66.8,66.8,200.39999999999998,400.79999999999995,12.7,0.0,12.7,14.2
NH15 Crossing Fakirpara Tangni,DARRANG,26.50833333,92.11638889,2025-03-13 21:00:00,3,72,66.8,66.8,200.39999999999998,400.79999999999995,12.7,0.0,12.7,14.0
NH15 Crossing Fakirpara Tangni,DARRANG,26.50833333,92.11638889,2025-03-13 22:00:00,3,72,66.8,66.8,200.39999999999998,400.79999999999995,12.7,0.0,12.7,13.2
NH15 Crossing Fakirpara Tangni,DARRANG,26.50833333,92.11638889,2025-03-13 23:00:00,3,72,66.8,66.8,200.39999999999998,400.79999999999995,12.7,0.0,12.7,12.7
NH15 Crossing Fakirpara Tangni,DARRANG,26.50833333,92.11638889,2025-03-14 00:00:00,3,73,66.8,66.8,200.39999999999998,400.79999999999995,12.7,0.0,12.7,12.7
NH15 Crossing Fakirpara Tangni,DARRANG,26.50833333,92.11638889,2025-03-14 01:00:00,3,73,66.8,66.8,200.39999999999998,400.79999999999995,12.7,0.0,12.7,12.7
NH15 Crossing Fakirpara Tangni,DARRANG,26.50833333,92.11638889,2025-03-14 02:00:00,3,73,66.8,66.8,200.39999999999998,400.79999999999995,12.6,-0.09999999999999964,12.666666666666666,12.7
NH15 Crossing Fakirpara Tangni,DARRANG,26.50833333,92.11638889,2025-03-14 03:00:00,3,73,66.8,66.8,200.39999999999998,400.79999999999995,12.6,0.0,12.633333333333333,12.7
NH15 Crossing Fakirpara Tangni,DARRANG,26.50833333,92.11638889,2025-03-14 04:00:00,3,73,66.8,66.8,200.39999999999998,400.79999999999995,12.6,0.0,12.6,12.7
NH15 Crossing Fakirpara Tangni,DARRANG,26.50833333,92.11638889,2025-03-14 05:00:00,3,73,66.8,66.8,200.39999999999998,400.79999999999995,12.6,0.0,12.6,12.7
NH15 Crossing Fakirpara Tangni,DARRANG,26.50833333,92.11638889,2025-03-14 06:00:00,3,73,66.8,66.8,200.39999999999998,400.79999999999995,12.6,0.0,12.6,12.7
NH15 Crossing Fakirpara Tangni,DARRANG,26.50833333,92.11638889,2025-03-14 08:00:00,3,73,66.8,66.8,200.39999999999998,400.79999999999995,13.4,0.8000000000000007,12.866666666666665,13.4
NH15 Crossing Fakirpara Tangni,DARRANG,26.50833333,92.11638889,2025-03-14 09:00:00,3,73,66.8,66.8,200.39999999999998,400.79999999999995,14.6,1.1999999999999993,13.533333333333333,14.6
NH15 Crossing Fakirpara Tangni,DARRANG,26.50833333,92.11638889,2025-03-14 10:00:00,3,73,66.8,66.8,200.39999999999998,400.79999999999995,14.5,-0.09999999999999964,14.166666666666666,14.6
NH15 Crossing Fakirpara Tangni,DARRANG,26.50833333,92.11638889,2025-03-14 11:00:00,3,73,66.8,66.8,200.39999999999998,400.79999999999995,14.2,-0.3000000000000007,14.433333333333332,14.6
NH15 Crossing Fakirpara Tangni,DARRANG,26.50833333,92.11638889,2025-03-14 12:00:00,3,73,66.8,66.8,200.39999999999998,400.79999999999995,14.2,0.0,14.299999999999999,14.6
NH15 Crossing Fakirpara Tangni,DARRANG,26.50833333,92.11638889,2025-03-15 07:00:00,3,74,66.8,66.8,200.39999999999998,400.79999999999995,13.0,-1.1999999999999993,13.799999999999999,14.6
NH15 Crossing Fakirpara Tangni,DARRANG,26.50833333,92.11638889,2025-03-15 08:00:00,3,74,66.8,66.8,200.39999999999998,400.79999999999995,14.0,1.0,13.733333333333334,14.6
NH15 Crossing Fakirpara Tangni,DARRANG,26.50833333,92.11638889,2025-03-15 09:00:00,3,74,66.8,66.8,200.39999999999998,400.79999999999995,14.4,0.40000000000000036,13.799999999999999,14.5
NH15 Crossing Fakirpara Tangni,DARRANG,26.50833333,92.11638889,2025-03-15 10:00:00,3,74,66.8,66.8,200.39999999999998,400.79999999999995,14.4,0.0,14.266666666666666,14.4
NH15 Crossing Fakirpara Tangni,DARRANG,26.50833333,92.11638889,2025-03-15 11:00:00,3,74,66.8,66.8,200.39999999999998,400.79999999999995,14.3,-0.09999999999999964,14.366666666666667,14.4
NH15 Crossing Fakirpara Tangni,DARRANG,26.50833333,92.11638889,2025-03-15 12:00:00,3,74,66.8,66.8,200.39999999999998,400.79999999999995,14.2,-0.10000000000000142,14.299999999999999,14.4
NH15 Crossing Fakirpara Tangni,DARRANG,26.50833333,92.11638889,2025-03-15 13:00:00,3,74,66.8,66.8,200.39999999999998,400.79999999999995,14.2,0.0,14.233333333333334,14.4
NH15 Crossing Fakirpara Tangni,DARRANG,26.50833333,92.11638889,2025-03-15 15:00:00,3,74,66.8,66.8,200.39999999999998,400.79999999999995,14.0,-0.1999999999999993,14.133333333333333,14.4
NH15 Crossing Fakirpara Tangni,DARRANG,26.50833333,92.11638889,2025-03-15 16:00:00,3,74,66.8,66.8,200.39999999999998,400.79999999999995,14.1,0.09999999999999964,14.1,14.4
NH15 Crossing Fakirpara Tangni,DARRANG,26.50833333,92.11638889,2025-03-15 17:00:00,3,74,66.8,66.8,200.39999999999998,400.79999999999995,13.5,-0.5999999999999996,13.866666666666665,14.3
NH15 Crossing Fakirpara Tangni,DARRANG,26.50833333,92.11638889,2025-03-15 18:00:00,3,74,66.8,66.8,200.39999999999998,400.79999999999995,12.7,-0.8000000000000007,13.433333333333332,14.2
NH15 Crossing Fakirpara Tangni,DARRANG,26.50833333,92.11638889,2025-03-15 19:00:00,3,74,66.8,66.8,200.39999999999998,400.79999999999995,12.7,0.0,12.966666666666667,14.2
NH15 Crossing Fakirpara Tangni,DARRANG,26.50833333,92.11638889,2025-03-15 20:00:00,3,74,66.8,66.8,200.39999999999998,400.79999999999995,12.7,0.0,12.7,14.1
NH15 Crossing Fakirpara Tangni,DARRANG,26.50833333,92.11638889,2025-03-15 21:00:00,3,74,66.8,66.8,200.39999999999998,400.79999999999995,12.7,0.0,12.7,14.1
NH15 Crossing Fakirpara Tangni,DARRANG,26.50833333,92.11638889,2025-03-15 22:00:00,3,74,66.8,66.8,200.39999999999998,400.79999999999995,12.7,0.0,12.7,13.5
NH15 Crossing Fakirpara Tangni,DARRANG,26.50833333,92.11638889,2025-03-15 23:00:00,3,74,66.8,66.8,200.39999999999998,400.79999999999995,12.7,0.0,12.7,12.7
NH15 Crossing Fakirpara Tangni,DARRANG,26.50833333,92.11638889,2025-03-16 00:00:00,3,75,66.8,66.8,200.39999999999998,400.79999999999995,12.2,-0.5,12.533333333333331,12.7
NH15 Crossing Fakirpara Tangni,DARRANG,26.50833333,92.11638889,2025-03-16 01:00:00,3,75,66.8,66.8,200.39999999999998,400.79999999999995,12.6,0.40000000000000036,12.5,12.7
NH15 Crossing Fakirpara Tangni,DARRANG,26.50833333,92.11638889,2025-03-16 02:00:00,3,75,66.8,66.8,200.39999999999998,400.79999999999995,12.6,0.0,12.466666666666667,12.7
NH15 Crossing Fakirpara Tangni,DARRANG,26.50833333,92.11638889,2025-03-16 03:00:00,3,75,66.8,66.8,200.39999999999998,400.79999999999995,12.6,0.0,12.6,12.7
NH15 Crossing Fakirpara Tangni,DARRANG,26.50833333,92.11638889,2025-03-16 04:00:00,3,75,66.8,66.8,200.39999999999998,400.79999999999995,12.6,0.0,12.6,12.7
NH15 Crossing Fakirpara Tangni,DARRANG,26.50833333,92.11638889,2025-03-16 05:00:00,3,75,66.8,66.8,200.39999999999998,400.79999999999995,12.2,-0.40000000000000036,12.466666666666667,12.6
NH15 Crossing Fakirpara Tangni,DARRANG,26.50833333,92.11638889,2025-03-16 06:00:00,3,75,66.8,66.8,200.39999999999998,400.79999999999995,12.6,0.40000000000000036,12.466666666666667,12.6
NH15 Crossing Fakirpara Tangni,DARRANG,26.50833333,92.11638889,2025-03-16 07:00:00,3,75,66.8,66.8,200.39999999999998,400.79999999999995,13.5,0.9000000000000004,12.766666666666666,13.5
NH15 Crossing Fakirpara Tangni,DARRANG,26.50833333,92.11638889,2025-03-16 08:00:00,3,75,66.8,66.8,200.39999999999998,400.79999999999995,13.6,0.09999999999999964,13.233333333333334,13.6
NH15 Crossing Fakirpara Tangni,DARRANG,26.50833333,92.11638889,2025-03-16 09:00:00,3,75,66.8,66.8,200.39999999999998,400.79999999999995,14.2,0.5999999999999996,13.766666666666666,14.2
NH15 Crossing Fakirpara Tangni,DARRANG,26.50833333,92.11638889,2025-03-16 10:00:00,3,75,66.8,66.8,200.39999999999998,400.79999999999995,14.2,0.0,14.0,14.2
NH15 Crossing Fakirpara Tangni,DARRANG,26.50833333,92.11638889,2025-03-16 11:00:00,3,75,66.8,66.8,200.39999999999998,400.79999999999995,14.3,0.10000000000000142,14.233333333333334,14.3
NH15 Crossing Fakirpara Tangni,DARRANG,26.50833333,92.11638889,2025-03-16 12:00:00,3,75,66.8,66.8,200.39999999999998,400.79999999999995,14.3,0.0,14.266666666666666,14.3
NH15 Crossing Fakirpara Tangni,DARRANG,26.50833333,92.11638889,2025-03-16 13:00:00,3,75,66.8,66.8,200.39999999999998,400.79999999999995,14.2,-0.10000000000000142,14.266666666666666,14.3
NH15 Crossing Fakirpara Tangni,DARRANG,26.50833333,92.11638889,2025-03-16 14:00:00,3,75,66.8,66.8,200.39999999999998,400.79999999999995,14.1,-0.09999999999999964,14.200000000000001,14.3
NH15 Crossing Fakirpara Tangni,DARRANG,26.50833333,92.11638889,2025-03-16 15:00:00,3,75,66.8,66.8,200.39999999999998,400.79999999999995,13.8,-0.29999999999999893,14.033333333333333,14.3
NH15 Crossing Fakirpara Tangni,DARRANG,26.50833333,92.11638889,2025-03-16 16:00:00,3,75,66.8,66.8,200.39999999999998,400.79999999999995,13.8,0.0,13.9,14.3
NH15 Crossing Fakirpara Tangni,DARRANG,26.50833333,92.11638889,2025-03-16 17:00:00,3,75,66.8,66.8,200.39999999999998,400.79999999999995,13.3,-0.5,13.633333333333333,14.3
NH15 Crossing Fakirpara Tangni,DARRANG,26.50833333,92.11638889,2025-03-16 18:00:00,3,75,66.8,66.8,200.39999999999998,400.79999999999995,12.8,-0.5,13.300000000000002,14.2
NH15 Crossing Fakirpara Tangni,DARRANG,26.50833333,92.11638889,2025-03-16 19:00:00,3,75,66.8,66.8,200.39999999999998,400.79999999999995,12.7,-0.10000000000000142,12.933333333333332,14.1
NH15 Crossing Fakirpara Tangni,DARRANG,26.50833333,92.11638889,2025-03-16 20:00:00,3,75,66.8,66.8,200.39999999999998,400.79999999999995,12.7,0.0,12.733333333333334,13.8
NH15 Crossing Fakirpara Tangni,DARRANG,26.50833333,92.11638889,2025-03-16 21:00:00,3,75,66.8,66.8,200.39999999999998,400.79999999999995,12.7,0.0,12.7,13.8
NH15 Crossing Fakirpara Tangni,DARRANG,26.50833333,92.11638889,2025-03-16 22:00:00,3,75,66.8,66.8,200.39999999999998,400.79999999999995,12.7,0.0,12.7,13.3
NH15 Crossing Fakirpara Tangni,DARRANG,26.50833333,92.11638889,2025-03-16 23:00:00,3,75,66.8,66.8,200.39999999999998,400.79999999999995,12.7,0.0,12.7,12.8
NH15 Crossing Fakirpara Tangni,DARRANG,26.50833333,92.11638889,2025-03-17 00:00:00,3,76,66.8,66.8,200.39999999999998,400.79999999999995,12.7,0.0,12.7,12.7
NH15 Crossing Fakirpara Tangni,DARRANG,26.50833333,92.11638889,2025-03-17 01:00:00,3,76,66.8,66.8,200.39999999999998,400.79999999999995,12.7,0.0,12.7,12.7
NH15 Crossing Fakirpara Tangni,DARRANG,26.50833333,92.11638889,2025-03-17 02:00:00,3,76,66.8,66.8,200.39999999999998,400.79999999999995,12.6,-0.09999999999999964,12.666666666666666,12.7
NH15 Crossing Fakirpara Tangni,DARRANG,26.50833333,92.11638889,2025-03-17 03:00:00,3,76,66.8,66.8,200.39999999999998,400.79999999999995,12.6,0.0,12.633333333333333,12.7
NH15 Crossing Fakirpara Tangni,DARRANG,26.50833333,92.11638889,2025-03-17 04:00:00,3,76,66.8,66.8,200.39999999999998,400.79999999999995,12.6,0.0,12.6,12.7
NH15 Crossing Fakirpara Tangni,DARRANG,26.50833333,92.11638889,2025-03-17 05:00:00,3,76,66.8,66.8,200.39999999999998,400.79999999999995,12.5,-0.09999999999999964,12.566666666666668,12.7
NH15 Crossing Fakirpara Tangni,DARRANG,26.50833333,92.11638889,2025-03-17 06:00:00,3,76,66.8,66.8,200.39999999999998,400.79999999999995,12.6,0.09999999999999964,12.566666666666665,12.7
NH15 Crossing Fakirpara Tangni,DARRANG,26.50833333,92.11638889,2025-03-17 07:00:00,3,76,66.8,66.8,200.39999999999998,400.79999999999995,12.9,0.3000000000000007,12.666666666666666,12.9
NH15 Crossing Fakirpara Tangni,DARRANG,26.50833333,92.11638889,2025-03-17 08:00:00,3,76,66.8,66.8,200.39999999999998,400.79999999999995,13.7,0.7999999999999989,13.066666666666668,13.7
NH15 Crossing Fakirpara Tangni,DARRANG,26.50833333,92.11638889,2025-03-17 09:00:00,3,76,66.8,66.8,200.39999999999998,400.79999999999995,14.2,0.5,13.6,14.2
NH15 Crossing Fakirpara Tangni,DARRANG,26.50833333,92.11638889,2025-03-17 10:00:00,3,76,66.8,66.8,200.39999999999998,400.79999999999995,14.3,0.10000000000000142,14.066666666666668,14.3
NH15 Crossing Fakirpara Tangni,DARRANG,26.50833333,92.11638889,2025-03-17 11:00:00,3,76,66.8,66.8,200.39999999999998,400.79999999999995,14.3,0.0,14.266666666666666,14.3
NH15 Crossing Fakirpara Tangni,DARRANG,26.50833333,92.11638889,2025-03-17 12:00:00,3,76,66.8,66.8,200.39999999999998,400.79999999999995,14.1,-0.20000000000000107,14.233333333333334,14.3
NH15 Crossing Fakirpara Tangni,DARRANG,26.50833333,92.11638889,2025-03-17 13:00:00,3,76,66.8,66.8,200.39999999999998,400.79999999999995,14.1,0.0,14.166666666666666,14.3
NH15 Crossing Fakirpara Tangni,DARRANG,26.50833333,92.11638889,2025-03-17 14:00:00,3,76,66.8,66.8,200.39999999999998,400.79999999999995,14.1,0.0,14.1,14.3
NH15 Crossing Fakirpara Tangni,DARRANG,26.50833333,92.11638889,2025-03-17 15:00:00,3,76,66.8,66.8,200.39999999999998,400.79999999999995,13.9,-0.1999999999999993,14.033333333333331,14.3
NH15 Crossing Fakirpara Tangni,DARRANG,26.50833333,92.11638889,2025-03-17 17:00:00,3,76,66.8,66.8,200.39999999999998,400.79999999999995,13.3,-0.5999999999999996,13.766666666666666,14.3
NH15 Crossing Fakirpara Tangni,DARRANG,26.50833333,92.11638889,2025-03-17 18:00:00,3,76,66.8,66.8,200.39999999999998,400.79999999999995,12.8,-0.5,13.333333333333334,14.1
NH15 Crossing Fakirpara Tangni,DARRANG,26.50833333,92.11638889,2025-03-17 19:00:00,3,76,66.8,66.8,200.39999999999998,400.79999999999995,12.8,0.0,12.966666666666669,14.1
NH15 Crossing Fakirpara Tangni,DARRANG,26.50833333,92.11638889,2025-03-17 20:00:00,3,76,66.8,66.8,200.39999999999998,400.79999999999995,12.8,0.0,12.8,14.1
NH15 Crossing Fakirpara Tangni,DARRANG,26.50833333,92.11638889,2025-03-17 21:00:00,3,76,66.8,66.8,200.39999999999998,400.79999999999995,12.7,-0.10000000000000142,12.766666666666666,13.9
NH15 Crossing Fakirpara Tangni,DARRANG,26.50833333,92.11638889,2025-03-17 22:00:00,3,76,66.8,66.8,200.39999999999998,400.79999999999995,12.7,0.0,12.733333333333334,13.3
NH15 Crossing Fakirpara Tangni,DARRANG,26.50833333,92.11638889,2025-03-17 23:00:00,3,76,66.8,66.8,200.39999999999998,400.79999999999995,12.7,0.0,12.7,12.8
NH15 Crossing Fakirpara Tangni,DARRANG,26.50833333,92.11638889,2025-03-18 00:00:00,3,77,66.8,66.8,200.39999999999998,400.79999999999995,12.7,0.0,12.7,12.8
NH15 Crossing Fakirpara Tangni,DARRANG,26.50833333,92.11638889,2025-03-18 01:00:00,3,77,66.8,66.8,200.39999999999998,400.79999999999995,12.7,0.0,12.7,12.8
NH15 Crossing Fakirpara Tangni,DARRANG,26.50833333,92.11638889,2025-03-18 02:00:00,3,77,66.8,66.8,200.39999999999998,400.79999999999995,12.7,0.0,12.7,12.7
NH15 Crossing Fakirpara Tangni,DARRANG,26.50833333,92.11638889,2025-03-18 03:00:00,3,77,66.8,66.8,200.39999999999998,400.79999999999995,12.6,-0.09999999999999964,12.666666666666666,12.7
NH15 Crossing Fakirpara Tangni,DARRANG,26.50833333,92.11638889,2025-03-18 04:00:00,3,77,66.8,66.8,200.39999999999998,400.79999999999995,12.6,0.0,12.633333333333333,12.7
NH15 Crossing Fakirpara Tangni,DARRANG,26.50833333,92.11638889,2025-03-18 05:00:00,3,77,66.8,66.8,200.39999999999998,400.79999999999995,12.6,0.0,12.6,12.7
NH15 Crossing Fakirpara Tangni,DARRANG,26.50833333,92.11638889,2025-03-18 06:00:00,3,77,66.8,66.8,200.39999999999998,400.79999999999995,12.6,0.0,12.6,12.7
NH15 Crossing Fakirpara Tangni,DARRANG,26.50833333,92.11638889,2025-03-18 07:00:00,3,77,66.8,66.8,200.39999999999998,400.79999999999995,14.2,1.5999999999999996,13.133333333333333,14.2
NH15 Crossing Fakirpara Tangni,DARRANG,26.50833333,92.11638889,2025-03-18 08:00:00,3,77,66.8,66.8,200.39999999999998,400.79999999999995,14.2,0.0,13.666666666666666,14.2
NH15 Crossing Fakirpara Tangni,DARRANG,26.50833333,92.11638889,2025-03-18 09:00:00,3,77,66.8,66.8,200.39999999999998,400.79999999999995,14.3,0.10000000000000142,14.233333333333334,14.3
NH15 Crossing Fakirpara Tangni,DARRANG,26.50833333,92.11638889,2025-03-18 10:00:00,3,77,66.8,66.8,200.39999999999998,400.79999999999995,14.2,-0.10000000000000142,14.233333333333334,14.3
NH15 Crossing Fakirpara Tangni,DARRANG,26.50833333,92.11638889,2025-03-18 11:00:00,3,77,66.8,66.8,200.39999999999998,400.79999999999995,14.2,0.0,14.233333333333334,14.3
NH15 Crossing Fakirpara Tangni,DARRANG,26.50833333,92.11638889,2025-03-18 12:00:00,3,77,66.8,66.8,200.39999999999998,400.79999999999995,14.2,0.0,14.2,14.3
NH15 Crossing Fakirpara Tangni,DARRANG,26.50833333,92.11638889,2025-03-18 13:00:00,3,77,66.8,66.8,200.39999999999998,400.79999999999995,14.2,0.0,14.2,14.3
NH15 Crossing Fakirpara Tangni,DARRANG,26.50833333,92.11638889,2025-03-18 14:00:00,3,77,66.8,66.8,200.39999999999998,400.79999999999995,13.9,-0.29999999999999893,14.1,14.3
NH15 Crossing Fakirpara Tangni,DARRANG,26.50833333,92.11638889,2025-03-18 15:00:00,3,77,66.8,66.8,200.39999999999998,400.79999999999995,14.0,0.09999999999999964,14.033333333333333,14.2
NH15 Crossing Fakirpara Tangni,DARRANG,26.50833333,92.11638889,2025-03-18 16:00:00,3,77,66.8,66.8,200.39999999999998,400.79999999999995,13.8,-0.1999999999999993,13.9,14.2
NH15 Crossing Fakirpara Tangni,DARRANG,26.50833333,92.11638889,2025-03-18 17:00:00,3,77,66.8,66.8,200.39999999999998,400.79999999999995,13.7,-0.10000000000000142,13.833333333333334,14.2
NH15 Crossing Fakirpara Tangni,DARRANG,26.50833333,92.11638889,2025-03-18 18:00:00,3,77,66.8,66.8,200.39999999999998,400.79999999999995,12.9,-0.7999999999999989,13.466666666666669,14.2
NH15 Crossing Fakirpara Tangni,DARRANG,26.50833333,92.11638889,2025-03-18 19:00:00,3,77,66.8,66.8,200.39999999999998,400.79999999999995,12.8,-0.09999999999999964,13.133333333333333,14.0
NH15 Crossing Fakirpara Tangni,DARRANG,26.50833333,92.11638889,2025-03-18 20:00:00,3,77,66.8,66.8,200.39999999999998,400.79999999999995,12.8,0.0,12.833333333333334,14.0
NH15 Crossing Fakirpara Tangni,DARRANG,26.50833333,92.11638889,2025-03-18 21:00:00,3,77,66.8,66.8,200.39999999999998,400.79999999999995,12.7,-0.10000000000000142,12.766666666666666,13.8
NH15 Crossing Fakirpara Tangni,DARRANG,26.50833333,92.11638889,2025-03-18 22:00:00,3,77,66.8,66.8,200.39999999999998,400.79999999999995,12.7,0.0,12.733333333333334,13.7
NH15 Crossing Fakirpara Tangni,DARRANG,26.50833333,92.11638889,2025-03-18 23:00:00,3,77,66.8,66.8,200.39999999999998,400.79999999999995,12.7,0.0,12.7,12.9
NH15 Crossing Fakirpara Tangni,DARRANG,26.50833333,92.11638889,2025-03-19 00:00:00,3,78,66.8,66.8,200.39999999999998,400.79999999999995,12.6,-0.09999999999999964,12.666666666666666,12.8
NH15 Crossing Fakirpara Tangni,DARRANG,26.50833333,92.11638889,2025-03-19 01:00:00,3,78,66.8,66.8,200.39999999999998,400.79999999999995,12.6,0.0,12.633333333333333,12.8
NH15 Crossing Fakirpara Tangni,DARRANG,26.50833333,92.11638889,2025-03-19 02:00:00,3,78,66.8,66.8,200.39999999999998,400.79999999999995,12.6,0.0,12.6,12.7
NH15 Crossing Fakirpara Tangni,DARRANG,26.50833333,92.11638889,2025-03-19 03:00:00,3,78,66.8,66.8,200.39999999999998,400.79999999999995,12.6,0.0,12.6,12.7
NH15 Crossing Fakirpara Tangni,DARRANG,26.50833333,92.11638889,2025-03-19 04:00:00,3,78,66.8,66.8,200.39999999999998,400.79999999999995,12.6,0.0,12.6,12.7
NH15 Crossing Fakirpara Tangni,DARRANG,26.50833333,92.11638889,2025-03-19 05:00:00,3,78,66.8,66.8,200.39999999999998,400.79999999999995,12.5,-0.09999999999999964,12.566666666666665,12.6
NH15 Crossing Fakirpara Tangni,DARRANG,26.50833333,92.11638889,2025-03-19 06:00:00,3,78,66.8,66.8,200.39999999999998,400.79999999999995,12.6,0.09999999999999964,12.566666666666668,12.6
NH15 Crossing Fakirpara Tangni,DARRANG,26.50833333,92.11638889,2025-03-19 07:00:00,3,78,66.8,66.8,200.39999999999998,400.79999999999995,13.0,0.40000000000000036,12.699999999999998,13.0
NH15 Crossing Fakirpara Tangni,DARRANG,26.50833333,92.11638889,2025-03-19 08:00:00,3,78,66.8,66.8,200.39999999999998,400.79999999999995,13.8,0.8000000000000007,13.133333333333333,13.8
NH15 Crossing Fakirpara Tangni,DARRANG,26.50833333,92.11638889,2025-03-19 09:00:00,3,78,61.3,66.8,194.89999999999998,395.29999999999995,14.2,0.3999999999999986,13.666666666666666,14.2
NH15 Crossing Fakirpara Tangni,DARRANG,26.50833333,92.11638889,2025-03-19 10:00:00,3,78,61.3,61.3,189.39999999999998,389.79999999999995,14.3,0.10000000000000142,14.1,14.3
NH15 Crossing Fakirpara Tangni,DARRANG,26.50833333,92.11638889,2025-03-19 11:00:00,3,78,66.8,61.3,189.39999999999998,389.8,14.1,-0.20000000000000107,14.200000000000001,14.3
NH15 Crossing Fakirpara Tangni,DARRANG,26.50833333,92.11638889,2025-03-19 12:00:00,3,78,61.3,66.8,189.39999999999998,384.3,14.3,0.20000000000000107,14.233333333333334,14.3
NH15 Crossing Fakirpara Tangni,DARRANG,26.50833333,92.11638889,2025-03-19 13:00:00,3,78,61.3,61.3,189.39999999999998,378.79999999999995,14.2,-0.10000000000000142,14.200000000000001,14.3
NH15 Crossing Fakirpara Tangni,DARRANG,26.50833333,92.11638889,2025-03-19 14:00:00,3,78,61.3,61.3,183.89999999999998,373.29999999999995,14.1,-0.09999999999999964,14.199999999999998,14.3
NH15 Crossing Fakirpara Tangni,DARRANG,26.50833333,92.11638889,2025-03-19 15:00:00,3,78,61.3,61.3,183.89999999999998,373.3,13.9,-0.1999999999999993,14.066666666666668,14.3
NH15 Crossing Fakirpara Tangni,DARRANG,26.50833333,92.11638889,2025-03-19 16:00:00,3,78,61.3,61.3,183.89999999999998,373.3,14.0,0.09999999999999964,14.0,14.3
NH15 Crossing Fakirpara Tangni,DARRANG,26.50833333,92.11638889,2025-03-19 17:00:00,3,78,61.3,61.3,183.89999999999998,367.79999999999995,13.6,-0.40000000000000036,13.833333333333334,14.3
NH15 Crossing Fakirpara Tangni,DARRANG,26.50833333,92.11638889,2025-03-19 18:00:00,3,78,61.3,61.3,183.89999999999998,367.79999999999995,12.1,-1.5,13.233333333333334,14.2
NH15 Crossing Fakirpara Tangni,DARRANG,26.50833333,92.11638889,2025-03-19 19:00:00,3,78,61.3,61.3,183.89999999999998,367.79999999999995,12.8,0.7000000000000011,12.833333333333334,14.1
NH15 Crossing Fakirpara Tangni,DARRANG,26.50833333,92.11638889,2025-03-19 20:00:00,3,78,61.3,61.3,183.89999999999998,367.79999999999995,12.7,-0.10000000000000142,12.533333333333333,14.0
NH15 Crossing Fakirpara Tangni,DARRANG,26.50833333,92.11638889,2025-03-19 21:00:00,3,78,61.3,61.3,183.89999999999998,367.79999999999995,12.7,0.0,12.733333333333333,14.0
NH15 Crossing Fakirpara Tangni,DARRANG,26.50833333,92.11638889,2025-03-19 23:00:00,3,78,61.3,61.3,183.89999999999998,367.79999999999995,12.7,0.0,12.7,13.6
NH15 Crossing Fakirpara Tangni,DARRANG,26.50833333,92.11638889,2025-03-20 00:00:00,3,79,61.3,61.3,183.89999999999998,367.79999999999995,12.6,-0.09999999999999964,12.666666666666666,12.8
NH15 Crossing Fakirpara Tangni,DARRANG,26.50833333,92.11638889,2025-03-20 01:00:00,3,79,61.3,61.3,183.89999999999998,367.79999999999995,12.6,0.0,12.633333333333333,12.8
NH15 Crossing Fakirpara Tangni,DARRANG,26.50833333,92.11638889,2025-03-20 02:00:00,3,79,61.3,61.3,183.89999999999998,367.79999999999995,12.6,0.0,12.6,12.7
NH15 Crossing Fakirpara Tangni,DARRANG,26.50833333,92.11638889,2025-03-20 03:00:00,3,79,61.3,61.3,183.89999999999998,367.79999999999995,12.6,0.0,12.6,12.7
NH15 Crossing Fakirpara Tangni,DARRANG,26.50833333,92.11638889,2025-03-20 04:00:00,3,79,61.3,61.3,183.89999999999998,367.79999999999995,12.5,-0.09999999999999964,12.566666666666665,12.7
NH15 Crossing Fakirpara Tangni,DARRANG,26.50833333,92.11638889,2025-03-20 05:00:00,3,79,61.3,61.3,183.89999999999998,367.79999999999995,12.4,-0.09999999999999964,12.5,12.6
NH15 Crossing Fakirpara Tangni,DARRANG,26.50833333,92.11638889,2025-03-20 06:00:00,3,79,61.3,61.3,183.89999999999998,367.79999999999995,12.6,0.1999999999999993,12.5,12.6
NH15 Crossing Fakirpara Tangni,DARRANG,26.50833333,92.11638889,2025-03-20 07:00:00,3,79,61.3,61.3,183.89999999999998,367.79999999999995,13.0,0.40000000000000036,12.666666666666666,13.0
NH15 Crossing Fakirpara Tangni,DARRANG,26.50833333,92.11638889,2025-03-20 08:00:00,3,79,61.3,61.3,183.89999999999998,367.79999999999995,13.6,0.5999999999999996,13.066666666666668,13.6
NH15 Crossing Fakirpara Tangni,DARRANG,26.50833333,92.11638889,2025-03-20 09:00:00,3,79,61.3,61.3,183.89999999999998,367.79999999999995,14.2,0.5999999999999996,13.6,14.2
NH15 Crossing Fakirpara Tangni,DARRANG,26.50833333,92.11638889,2025-03-20 10:00:00,3,79,61.3,61.3,183.89999999999998,367.79999999999995,14.3,0.10000000000000142,14.033333333333331,14.3
NH15 Crossing Fakirpara Tangni,DARRANG,26.50833333,92.11638889,2025-03-20 11:00:00,3,79,61.3,61.3,183.89999999999998,367.79999999999995,14.3,0.0,14.266666666666666,14.3
NH15 Crossing Fakirpara Tangni,DARRANG,26.50833333,92.11638889,2025-03-20 12:00:00,3,79,61.3,61.3,183.89999999999998,367.79999999999995,14.3,0.0,14.3,14.3
NH15 Crossing Fakirpara Tangni,DARRANG,26.50833333,92.11638889,2025-03-20 13:00:00,3,79,61.3,61.3,183.89999999999998,367.79999999999995,14.3,0.0,14.3,14.3
NH15 Crossing Fakirpara Tangni,DARRANG,26.50833333,92.11638889,2025-03-20 14:00:00,3,79,61.3,61.3,183.89999999999998,367.79999999999995,14.2,-0.10000000000000142,14.266666666666666,14.3
NH15 Crossing Fakirpara Tangni,DARRANG,26.50833333,92.11638889,2025-03-20 15:00:00,3,79,61.3,61.3,183.89999999999998,367.79999999999995,14.2,0.0,14.233333333333334,14.3
NH15 Crossing Fakirpara Tangni,DARRANG,26.50833333,92.11638889,2025-03-20 16:00:00,3,79,61.2,61.3,183.8,367.70000000000005,13.7,-0.5,14.033333333333331,14.3
NH15 Crossing Fakirpara Tangni,DARRANG,26.50833333,92.11638889,2025-03-20 17:00:00,3,79,61.2,61.2,183.7,367.6,13.3,-0.3999999999999986,13.733333333333334,14.3
NH15 Crossing Fakirpara Tangni,DARRANG,26.50833333,92.11638889,2025-03-20 18:00:00,3,79,61.2,61.2,183.60000000000002,367.5,12.8,-0.5,13.266666666666666,14.3
NH15 Crossing Fakirpara Tangni,DARRANG,26.50833333,92.11638889,2025-03-20 19:00:00,3,79,61.2,61.2,183.60000000000002,367.4,12.7,-0.10000000000000142,12.933333333333332,14.2
NH15 Crossing Fakirpara Tangni,DARRANG,26.50833333,92.11638889,2025-03-20 20:00:00,3,79,61.2,61.2,183.60000000000002,367.30000000000007,12.7,0.0,12.733333333333334,14.2
NH15 Crossing Fakirpara Tangni,DARRANG,26.50833333,92.11638889,2025-03-20 21:00:00,3,79,61.2,61.2,183.60000000000002,367.20000000000005,12.7,0.0,12.7,13.7
NH15 Crossing Fakirpara Tangni,DARRANG,26.50833333,92.11638889,2025-03-20 23:00:00,3,79,61.2,61.2,183.60000000000002,367.20000000000005,12.7,0.0,12.7,13.3
NH15 Crossing Fakirpara Tangni,DARRANG,26.50833333,92.11638889,2025-03-21 00:00:00,3,80,61.2,61.2,183.60000000000002,367.20000000000005,12.6,-0.09999999999999964,12.666666666666666,12.8
NH15 Crossing Fakirpara Tangni,DARRANG,26.50833333,92.11638889,2025-03-21 01:00:00,3,80,61.2,61.2,183.60000000000002,367.20000000000005,12.6,0.0,12.633333333333333,12.7
NH15 Crossing Fakirpara Tangni,DARRANG,26.50833333,92.11638889,2025-03-21 02:00:00,3,80,61.2,61.2,183.60000000000002,367.20000000000005,12.6,0.0,12.6,12.7
NH15 Crossing Fakirpara Tangni,DARRANG,26.50833333,92.11638889,2025-03-21 03:00:00,3,80,61.2,61.2,183.60000000000002,367.20000000000005,12.6,0.0,12.6,12.7
NH15 Crossing Fakirpara Tangni,DARRANG,26.50833333,92.11638889,2025-03-21 04:00:00,3,80,61.2,61.2,183.60000000000002,367.20000000000005,12.4,-0.1999999999999993,12.533333333333333,12.7
NH15 Crossing Fakirpara Tangni,DARRANG,26.50833333,92.11638889,2025-03-21 06:00:00,3,80,66.8,61.2,189.2,372.8,12.6,0.1999999999999993,12.533333333333331,12.6
NH15 Crossing Fakirpara Tangni,DARRANG,26.50833333,92.11638889,2025-03-21 08:00:00,3,80,61.2,66.8,189.2,372.8,13.6,1.0,12.866666666666667,13.6
NH15 Crossing Fakirpara Tangni,DARRANG,26.50833333,92.11638889,2025-03-21 09:00:00,3,80,61.2,61.2,189.2,372.80000000000007,13.9,0.3000000000000007,13.366666666666667,13.9
NH15 Crossing Fakirpara Tangni,DARRANG,26.50833333,92.11638889,2025-03-21 10:00:00,3,80,61.2,61.2,183.60000000000002,372.8,14.4,0.5,13.966666666666667,14.4
NH15 Crossing Fakirpara Tangni,DARRANG,26.50833333,92.11638889,2025-03-21 11:00:00,3,80,61.2,61.2,183.60000000000002,372.8,14.4,0.0,14.233333333333334,14.4
NH15 Crossing Fakirpara Tangni,DARRANG,26.50833333,92.11638889,2025-03-21 12:00:00,3,80,61.2,61.2,183.60000000000002,372.8,12.8,-1.5999999999999996,13.866666666666667,14.4
NH15 Crossing Fakirpara Tangni,DARRANG,26.50833333,92.11638889,2025-03-21 13:00:00,3,80,61.2,61.2,183.60000000000002,367.20000000000005,14.5,1.6999999999999993,13.9,14.5
NH15 Crossing Fakirpara Tangni,DARRANG,26.50833333,92.11638889,2025-03-21 14:00:00,3,80,61.2,61.2,183.60000000000002,367.20000000000005,14.2,-0.3000000000000007,13.833333333333334,14.5
NH15 Crossing Fakirpara Tangni,DARRANG,26.50833333,92.11638889,2025-03-21 15:00:00,3,80,61.2,61.2,183.60000000000002,367.20000000000005,13.9,-0.29999999999999893,14.200000000000001,14.5
NH15 Crossing Fakirpara Tangni,DARRANG,26.50833333,92.11638889,2025-03-21 16:00:00,3,80,61.2,61.2,183.60000000000002,367.20000000000005,13.8,-0.09999999999999964,13.966666666666667,14.5
NH15 Crossing Fakirpara Tangni,DARRANG,26.50833333,92.11638889,2025-03-21 17:00:00,3,80,61.2,61.2,183.60000000000002,367.20000000000005,13.0,-0.8000000000000007,13.566666666666668,14.5
NH15 Crossing Fakirpara Tangni,DARRANG,26.50833333,92.11638889,2025-03-21 18:00:00,3,80,61.2,61.2,183.60000000000002,367.20000000000005,12.7,-0.3000000000000007,13.166666666666666,14.5
NH15 Crossing Fakirpara Tangni,DARRANG,26.50833333,92.11638889,2025-03-21 19:00:00,3,80,61.2,61.2,183.60000000000002,367.20000000000005,12.7,0.0,12.799999999999999,14.2
NH15 Crossing Fakirpara Tangni,DARRANG,26.50833333,92.11638889,2025-03-21 20:00:00,3,80,61.2,61.2,183.60000000000002,367.20000000000005,12.7,0.0,12.7,13.9
NH15 Crossing Fakirpara Tangni,DARRANG,26.50833333,92.11638889,2025-03-21 21:00:00,3,80,61.2,61.2,183.60000000000002,367.20000000000005,12.7,0.0,12.7,13.8
NH15 Crossing Fakirpara Tangni,DARRANG,26.50833333,92.11638889,2025-03-21 22:00:00,3,80,61.2,61.2,183.60000000000002,367.20000000000005,12.7,0.0,12.7,13.0
NH15 Crossing Fakirpara Tangni,DARRANG,26.50833333,92.11638889,2025-03-21 23:00:00,3,80,61.2,61.2,183.60000000000002,367.20000000000005,12.6,-0.09999999999999964,12.666666666666666,12.7
NH15 Crossing Fakirpara Tangni,DARRANG,26.50833333,92.11638889,2025-03-22 00:00:00,3,81,61.2,61.2,183.60000000000002,367.20000000000005,12.6,0.0,12.633333333333333,12.7
NH15 Crossing Fakirpara Tangni,DARRANG,26.50833333,92.11638889,2025-03-22 01:00:00,3,81,61.2,61.2,183.60000000000002,367.20000000000005,12.6,0.0,12.6,12.7
NH15 Crossing Fakirpara Tangni,DARRANG,26.50833333,92.11638889,2025-03-22 02:00:00,3,81,61.2,61.2,183.60000000000002,367.20000000000005,12.6,0.0,12.6,12.7
NH15 Crossing Fakirpara Tangni,DARRANG,26.50833333,92.11638889,2025-03-22 06:00:00,3,81,61.2,61.2,183.60000000000002,367.20000000000005,12.6,0.0,12.6,12.7
NH15 Crossing Fakirpara Tangni,DARRANG,26.50833333,92.11638889,2025-03-22 07:00:00,3,81,61.2,61.2,183.60000000000002,367.20000000000005,13.1,0.5,12.766666666666666,13.1
NH15 Crossing Fakirpara Tangni,DARRANG,26.50833333,92.11638889,2025-03-22 08:00:00,3,81,61.2,61.2,183.60000000000002,367.20000000000005,13.7,0.5999999999999996,13.133333333333333,13.7
NH15 Crossing Fakirpara Tangni,DARRANG,26.50833333,92.11638889,2025-03-22 09:00:00,3,81,61.2,61.2,183.60000000000002,367.20000000000005,13.3,-0.3999999999999986,13.366666666666667,13.7
NH15 Crossing Fakirpara Tangni,DARRANG,26.50833333,92.11638889,2025-03-22 10:00:00,3,81,61.2,61.2,183.60000000000002,367.20000000000005,13.7,0.3999999999999986,13.566666666666665,13.7
NH15 Crossing Fakirpara Tangni,DARRANG,26.50833333,92.11638889,2025-03-22 11:00:00,3,81,61.2,61.2,183.60000000000002,367.20000000000005,14.6,0.9000000000000004,13.866666666666667,14.6
NH15 Crossing Fakirpara Tangni,DARRANG,26.50833333,92.11638889,2025-03-22 12:00:00,3,81,61.2,61.2,183.60000000000002,367.20000000000005,14.1,-0.5,14.133333333333333,14.6
NH15 Crossing Fakirpara Tangni,DARRANG,26.50833333,92.11638889,2025-03-22 13:00:00,3,81,61.2,61.2,183.60000000000002,367.20000000000005,13.9,-0.1999999999999993,14.200000000000001,14.6
NH15 Crossing Fakirpara Tangni,DARRANG,26.50833333,92.11638889,2025-03-22 14:00:00,3,81,61.2,61.2,183.60000000000002,367.20000000000005,13.9,0.0,13.966666666666667,14.6
NH15 Crossing Fakirpara Tangni,DARRANG,26.50833333,92.11638889,2025-03-22 15:00:00,3,81,61.2,61.2,183.60000000000002,367.20000000000005,13.9,0.0,13.9,14.6
NH15 Crossing Fakirpara Tangni,DARRANG,26.50833333,92.11638889,2025-03-22 16:00:00,3,81,61.2,61.2,183.60000000000002,367.20000000000005,13.7,-0.20000000000000107,13.833333333333334,14.6
NH15 Crossing Fakirpara Tangni,DARRANG,26.50833333,92.11638889,2025-03-22 17:00:00,3,81,61.2,61.2,183.60000000000002,367.20000000000005,13.3,-0.3999999999999986,13.633333333333335,14.1
NH15 Crossing Fakirpara Tangni,DARRANG,26.50833333,92.11638889,2025-03-22 18:00:00,3,81,61.2,61.2,183.60000000000002,367.20000000000005,12.8,-0.5,13.266666666666666,13.9
NH15 Crossing Fakirpara Tangni,DARRANG,26.50833333,92.11638889,2025-03-22 19:00:00,3,81,61.2,61.2,183.60000000000002,367.20000000000005,12.7,-0.10000000000000142,12.933333333333332,13.9
NH15 Crossing Fakirpara Tangni,DARRANG,26.50833333,92.11638889,2025-03-22 20:00:00,3,81,61.2,61.2,183.60000000000002,367.20000000000005,12.7,0.0,12.733333333333334,13.9
NH15 Crossing Fakirpara Tangni,DARRANG,26.50833333,92.11638889,2025-03-22 21:00:00,3,81,61.2,61.2,183.60000000000002,367.20000000000005,12.7,0.0,12.7,13.7
NH15 Crossing Fakirpara Tangni,DARRANG,26.50833333,92.11638889,2025-03-22 22:00:00,3,81,61.2,61.2,183.60000000000002,367.20000000000005,12.7,0.0,12.7,13.3
NH15 Crossing Fakirpara Tangni,DARRANG,26.50833333,92.11638889,2025-03-22 23:00:00,3,81,61.2,61.2,183.60000000000002,367.20000000000005,12.6,-0.09999999999999964,12.666666666666666,12.8
NH15 Crossing Fakirpara Tangni,DARRANG,26.50833333,92.11638889,2025-03-23 00:00:00,3,82,61.2,61.2,183.60000000000002,367.20000000000005,12.6,0.0,12.633333333333333,12.7
NH15 Crossing Fakirpara Tangni,DARRANG,26.50833333,92.11638889,2025-03-23 02:00:00,3,82,61.2,61.2,183.60000000000002,367.20000000000005,12.6,0.0,12.6,12.7
NH15 Crossing Fakirpara Tangni,DARRANG,26.50833333,92.11638889,2025-03-23 03:00:00,3,82,61.2,61.2,183.60000000000002,367.20000000000005,12.2,-0.40000000000000036,12.466666666666667,12.7
NH15 Crossing Fakirpara Tangni,DARRANG,26.50833333,92.11638889,2025-03-23 04:00:00,3,82,61.2,61.2,183.60000000000002,367.20000000000005,12.5,0.3000000000000007,12.433333333333332,12.7
NH15 Crossing Fakirpara Tangni,DARRANG,26.50833333,92.11638889,2025-03-23 05:00:00,3,82,61.2,61.2,183.60000000000002,367.20000000000005,12.2,-0.3000000000000007,12.299999999999999,12.6
NH15 Crossing Fakirpara Tangni,DARRANG,26.50833333,92.11638889,2025-03-23 07:00:00,3,82,61.2,61.2,183.60000000000002,367.20000000000005,13.1,0.9000000000000004,12.6,13.1
NH15 Crossing Fakirpara Tangni,DARRANG,26.50833333,92.11638889,2025-03-23 08:00:00,3,82,61.2,61.2,183.60000000000002,367.20000000000005,13.7,0.5999999999999996,13.0,13.7
NH15 Crossing Fakirpara Tangni,DARRANG,26.50833333,92.11638889,2025-03-23 09:00:00,3,82,61.2,61.2,183.60000000000002,367.20000000000005,14.5,0.8000000000000007,13.766666666666666,14.5
NH15 Crossing Fakirpara Tangni,DARRANG,26.50833333,92.11638889,2025-03-23 10:00:00,3,82,61.2,61.2,183.60000000000002,367.20000000000005,14.3,-0.1999999999999993,14.166666666666666,14.5
NH15 Crossing Fakirpara Tangni,DARRANG,26.50833333,92.11638889,2025-03-23 11:00:00,3,82,61.2,61.2,183.60000000000002,367.20000000000005,14.3,0.0,14.366666666666667,14.5
NH15 Crossing Fakirpara Tangni,DARRANG,26.50833333,92.11638889,2025-03-23 12:00:00,3,82,61.2,61.2,183.60000000000002,367.20000000000005,14.2,-0.10000000000000142,14.266666666666666,14.5
NH15 Crossing Fakirpara Tangni,DARRANG,26.50833333,92.11638889,2025-03-23 13:00:00,3,82,61.2,61.2,183.60000000000002,367.20000000000005,14.2,0.0,14.233333333333334,14.5
NH15 Crossing Fakirpara Tangni,DARRANG,26.50833333,92.11638889,2025-03-23 14:00:00,3,82,61.2,61.2,183.60000000000002,367.20000000000005,14.2,0.0,14.2,14.5
NH15 Crossing Fakirpara Tangni,DARRANG,26.50833333,92.11638889,2025-03-23 15:00:00,3,82,61.2,61.2,183.60000000000002,367.20000000000005,14.0,-0.1999999999999993,14.133333333333333,14.3
NH15 Crossing Fakirpara Tangni,DARRANG,26.50833333,92.11638889,2025-03-23 16:00:00,3,82,61.2,61.2,183.60000000000002,367.20000000000005,13.7,-0.3000000000000007,13.966666666666667,14.3
NH15 Crossing Fakirpara Tangni,DARRANG,26.50833333,92.11638889,2025-03-23 17:00:00,3,82,61.2,61.2,183.60000000000002,367.20000000000005,13.4,-0.29999999999999893,13.700000000000001,14.2
NH15 Crossing Fakirpara Tangni,DARRANG,26.50833333,92.11638889,2025-03-23 18:00:00,3,82,61.2,61.2,183.60000000000002,367.20000000000005,12.4,-1.0,13.166666666666666,14.2
NH15 Crossing Fakirpara Tangni,DARRANG,26.50833333,92.11638889,2025-03-23 19:00:00,3,82,61.2,61.2,183.60000000000002,367.20000000000005,12.7,0.29999999999999893,12.833333333333334,14.2
NH15 Crossing Fakirpara Tangni,DARRANG,26.50833333,92.11638889,2025-03-23 20:00:00,3,82,61.2,61.2,183.60000000000002,367.20000000000005,12.7,0.0,12.6,14.0
NH15 Crossing Fakirpara Tangni,DARRANG,26.50833333,92.11638889,2025-03-23 21:00:00,3,82,61.2,61.2,183.60000000000002,367.20000000000005,12.7,0.0,12.7,13.7
NH15 Crossing Fakirpara Tangni,DARRANG,26.50833333,92.11638889,2025-03-23 22:00:00,3,82,61.2,61.2,183.60000000000002,367.20000000000005,12.6,-0.09999999999999964,12.666666666666666,13.4
NH15 Crossing Fakirpara Tangni,DARRANG,26.50833333,92.11638889,2025-03-23 23:00:00,3,82,61.2,61.2,183.60000000000002,367.20000000000005,12.1,-0.5,12.466666666666667,12.7
NH15 Crossing Fakirpara Tangni,DARRANG,26.50833333,92.11638889,2025-03-24 01:00:00,3,83,61.2,61.2,183.60000000000002,367.20000000000005,12.6,0.5,12.433333333333332,12.7
NH15 Crossing Fakirpara Tangni,DARRANG,26.50833333,92.11638889,2025-03-24 02:00:00,3,83,61.3,61.2,183.7,367.3,11.9,-0.6999999999999993,12.199999999999998,12.7
NH15 Crossing Fakirpara Tangni,DARRANG,26.50833333,92.11638889,2025-03-24 03:00:00,3,83,61.3,61.3,183.8,367.4,12.6,0.6999999999999993,12.366666666666667,12.7
NH15 Crossing Fakirpara Tangni,DARRANG,26.50833333,92.11638889,2025-03-24 04:00:00,3,83,61.2,61.3,183.8,367.40000000000003,12.6,0.0,12.366666666666665,12.6
NH15 Crossing Fakirpara Tangni,DARRANG,26.50833333,92.11638889,2025-03-24 05:00:00,3,83,61.3,61.2,183.8,367.5,12.5,-0.09999999999999964,12.566666666666668,12.6
NH15 Crossing Fakirpara Tangni,DARRANG,26.50833333,92.11638889,2025-03-24 06:00:00,3,83,61.3,61.3,183.8,367.59999999999997,12.6,0.09999999999999964,12.566666666666665,12.6
NH15 Crossing Fakirpara Tangni,DARRANG,26.50833333,92.11638889,2025-03-24 07:00:00,3,83,61.3,61.3,183.89999999999998,367.7,13.1,0.5,12.733333333333334,13.1
NH15 Crossing Fakirpara Tangni,DARRANG,26.50833333,92.11638889,2025-03-24 08:00:00,3,83,61.3,61.3,183.89999999999998,367.7,13.8,0.7000000000000011,13.166666666666666,13.8
NH15 Crossing Fakirpara Tangni,DARRANG,26.50833333,92.11638889,2025-03-24 09:00:00,3,83,61.3,61.3,183.89999999999998,367.69999999999993,14.4,0.5999999999999996,13.766666666666666,14.4
NH15 Crossing Fakirpara Tangni,DARRANG,26.50833333,92.11638889,2025-03-24 10:00:00,3,83,61.3,61.3,183.89999999999998,367.79999999999995,14.3,-0.09999999999999964,14.166666666666666,14.4
NH15 Crossing Fakirpara Tangni,DARRANG,26.50833333,92.11638889,2025-03-24 11:00:00,3,83,61.3,61.3,183.89999999999998,367.79999999999995,14.3,0.0,14.333333333333334,14.4
NH15 Crossing Fakirpara Tangni,DARRANG,26.50833333,92.11638889,2025-03-24 12:00:00,3,83,61.3,61.3,183.89999999999998,367.79999999999995,14.2,-0.10000000000000142,14.266666666666667,14.4
NH15 Crossing Fakirpara Tangni,DARRANG,26.50833333,92.11638889,2025-03-24 13:00:00,3,83,61.3,61.3,183.89999999999998,367.79999999999995,14.2,0.0,14.233333333333333,14.4
NH15 Crossing Fakirpara Tangni,DARRANG,26.50833333,92.11638889,2025-03-24 14:00:00,3,83,61.3,61.3,183.89999999999998,367.79999999999995,14.2,0.0,14.2,14.4
NH15 Crossing Fakirpara Tangni,DARRANG,26.50833333,92.11638889,2025-03-24 15:00:00,3,83,61.3,61.3,183.89999999999998,367.79999999999995,14.0,-0.1999999999999993,14.133333333333333,14.3
NH15 Crossing Fakirpara Tangni,DARRANG,26.50833333,92.11638889,2025-03-24 16:00:00,3,83,61.3,61.3,183.89999999999998,367.79999999999995,14.0,0.0,14.066666666666668,14.3
NH15 Crossing Fakirpara Tangni,DARRANG,26.50833333,92.11638889,2025-03-24 17:00:00,3,83,61.3,61.3,183.89999999999998,367.79999999999995,13.7,-0.3000000000000007,13.899999999999999,14.2
NH15 Crossing Fakirpara Tangni,DARRANG,26.50833333,92.11638889,2025-03-24 18:00:00,3,83,61.3,61.3,183.89999999999998,367.79999999999995,12.8,-0.8999999999999986,13.5,14.2
NH15 Crossing Fakirpara Tangni,DARRANG,26.50833333,92.11638889,2025-03-24 21:00:00,3,83,61.3,61.3,183.89999999999998,367.79999999999995,12.7,-0.10000000000000142,13.066666666666665,14.2
NH15 Crossing Fakirpara Tangni,DARRANG,26.50833333,92.11638889,2025-03-24 22:00:00,3,83,61.3,61.3,183.89999999999998,367.79999999999995,12.7,0.0,12.733333333333334,14.0
NH15 Crossing Fakirpara Tangni,DARRANG,26.50833333,92.11638889,2025-03-24 23:00:00,3,83,61.3,61.3,183.89999999999998,367.79999999999995,12.6,-0.09999999999999964,12.666666666666666,14.0
NH15 Crossing Fakirpara Tangni,DARRANG,26.50833333,92.11638889,2025-03-25 00:00:00,3,84,61.3,61.3,183.89999999999998,367.79999999999995,12.6,0.0,12.633333333333333,13.7
NH15 Crossing Fakirpara Tangni,DARRANG,26.50833333,92.11638889,2025-03-25 01:00:00,3,84,66.8,61.3,189.39999999999998,373.3,12.6,0.0,12.6,12.8
NH15 Crossing Fakirpara Tangni,DARRANG,26.50833333,92.11638889,2025-03-25 02:00:00,3,84,61.3,66.8,189.39999999999998,373.3,12.6,0.0,12.6,12.7
NH15 Crossing Fakirpara Tangni,DARRANG,26.50833333,92.11638889,2025-03-25 03:00:00,3,84,61.3,61.3,189.39999999999998,373.29999999999995,12.6,0.0,12.6,12.7
NH15 Crossing Fakirpara Tangni,DARRANG,26.50833333,92.11638889,2025-03-25 04:00:00,3,84,61.3,61.3,183.89999999999998,373.29999999999995,12.5,-0.09999999999999964,12.566666666666668,12.6
NH15 Crossing Fakirpara Tangni,DARRANG,26.50833333,92.11638889,2025-03-25 05:00:00,3,84,61.3,61.3,183.89999999999998,373.3,12.5,0.0,12.533333333333331,12.6
NH15 Crossing Fakirpara Tangni,DARRANG,26.50833333,92.11638889,2025-03-25 06:00:00,3,84,61.3,61.3,183.89999999999998,373.3,12.6,0.09999999999999964,12.533333333333333,12.6
NH15 Crossing Fakirpara Tangni,DARRANG,26.50833333,92.11638889,2025-03-25 07:00:00,3,84,61.3,61.3,183.89999999999998,367.79999999999995,13.0,0.40000000000000036,12.700000000000001,13.0
NH15 Crossing Fakirpara Tangni,DARRANG,26.50833333,92.11638889,2025-03-25 08:00:00,3,84,61.3,61.3,183.89999999999998,367.79999999999995,13.8,0.8000000000000007,13.133333333333333,13.8
NH15 Crossing Fakirpara Tangni,DARRANG,26.50833333,92.11638889,2025-03-25 09:00:00,3,84,61.3,61.3,183.89999999999998,367.79999999999995,14.1,0.29999999999999893,13.633333333333333,14.1
NH15 Crossing Fakirpara Tangni,DARRANG,26.50833333,92.11638889,2025-03-25 10:00:00,3,84,61.3,61.3,183.89999999999998,367.79999999999995,14.1,0.0,14.0,14.1
NH15 Crossing Fakirpara Tangni,DARRANG,26.50833333,92.11638889,2025-03-25 11:00:00,3,84,61.3,61.3,183.89999999999998,367.79999999999995,14.1,0.0,14.1,14.1
NH15 Crossing Fakirpara Tangni,DARRANG,26.50833333,92.11638889,2025-03-25 12:00:00,3,84,61.3,61.3,183.89999999999998,367.79999999999995,14.1,0.0,14.1,14.1
NH15 Crossing Fakirpara Tangni,DARRANG,26.50833333,92.11638889,2025-03-25 13:00:00,3,84,61.3,61.3,183.89999999999998,367.79999999999995,13.9,-0.1999999999999993,14.033333333333331,14.1
NH15 Crossing Fakirpara Tangni,DARRANG,26.50833333,92.11638889,2025-03-25 14:00:00,3,84,61.3,61.3,183.89999999999998,367.79999999999995,13.9,0.0,13.966666666666667,14.1
NH15 Crossing Fakirpara Tangni,DARRANG,26.50833333,92.11638889,2025-03-25 15:00:00,3,84,61.3,61.3,183.89999999999998,367.79999999999995,13.9,0.0,13.9,14.1
NH15 Crossing Fakirpara Tangni,DARRANG,26.50833333,92.11638889,2025-03-25 16:00:00,3,84,61.3,61.3,183.89999999999998,367.79999999999995,13.6,-0.3000000000000007,13.799999999999999,14.1
NH15 Crossing Fakirpara Tangni,DARRANG,26.50833333,92.11638889,2025-03-25 17:00:00,3,84,61.3,61.3,183.89999999999998,367.79999999999995,13.7,0.09999999999999964,13.733333333333334,14.1
NH15 Crossing Fakirpara Tangni,DARRANG,26.50833333,92.11638889,2025-03-25 18:00:00,3,84,61.3,61.3,183.89999999999998,367.79999999999995,12.9,-0.7999999999999989,13.4,13.9
NH15 Crossing Fakirpara Tangni,DARRANG,26.50833333,92.11638889,2025-03-25 19:00:00,3,84,61.3,61.3,183.89999999999998,367.79999999999995,12.8,-0.09999999999999964,13.133333333333333,13.9
NH15 Crossing Fakirpara Tangni,DARRANG,26.50833333,92.11638889,2025-03-25 20:00:00,3,84,61.3,61.3,183.89999999999998,367.79999999999995,12.7,-0.10000000000000142,12.800000000000002,13.9
NH15 Crossing Fakirpara Tangni,DARRANG,26.50833333,92.11638889,2025-03-25 21:00:00,3,84,61.3,61.3,183.89999999999998,367.79999999999995,12.7,0.0,12.733333333333334,13.7
NH15 Crossing Fakirpara Tangni,DARRANG,26.50833333,92.11638889,2025-03-25 22:00:00,3,84,61.3,61.3,183.89999999999998,367.79999999999995,12.7,0.0,12.7,13.7
NH15 Crossing Fakirpara Tangni,DARRANG,26.50833333,92.11638889,2025-03-25 23:00:00,3,84,61.3,61.3,183.89999999999998,367.79999999999995,12.6,-0.09999999999999964,12.666666666666666,12.9
NH15 Crossing Fakirpara Tangni,DARRANG,26.50833333,92.11638889,2025-03-26 00:00:00,3,85,61.3,61.3,183.89999999999998,367.79999999999995,12.3,-0.29999999999999893,12.533333333333333,12.8
NH15 Crossing Fakirpara Tangni,DARRANG,26.50833333,92.11638889,2025-03-26 01:00:00,3,85,61.3,61.3,183.89999999999998,367.79999999999995,11.7,-0.6000000000000014,12.200000000000001,12.7
NH15 Crossing Fakirpara Tangni,DARRANG,26.50833333,92.11638889,2025-03-26 02:00:00,3,85,61.3,61.3,183.89999999999998,367.79999999999995,12.6,0.9000000000000004,12.199999999999998,12.7
NH15 Crossing Fakirpara Tangni,DARRANG,26.50833333,92.11638889,2025-03-26 03:00:00,3,85,61.3,61.3,183.89999999999998,367.79999999999995,12.1,-0.5,12.133333333333333,12.7
NH15 Crossing Fakirpara Tangni,DARRANG,26.50833333,92.11638889,2025-03-26 04:00:00,3,85,61.3,61.3,183.89999999999998,367.79999999999995,12.5,0.40000000000000036,12.399999999999999,12.6
NH15 Crossing Fakirpara Tangni,DARRANG,26.50833333,92.11638889,2025-03-26 05:00:00,3,85,61.3,61.3,183.89999999999998,367.79999999999995,12.5,0.0,12.366666666666667,12.6
NH15 Crossing Fakirpara Tangni,DARRANG,26.50833333,92.11638889,2025-03-26 06:00:00,3,85,61.3,61.3,183.89999999999998,367.79999999999995,12.6,0.09999999999999964,12.533333333333331,12.6
NH15 Crossing Fakirpara Tangni,DARRANG,26.50833333,92.11638889,2025-03-26 07:00:00,3,85,61.3,61.3,183.89999999999998,367.79999999999995,13.7,1.0999999999999996,12.933333333333332,13.7
NH15 Crossing Fakirpara Tangni,DARRANG,26.50833333,92.11638889,2025-03-26 08:00:00,3,85,61.3,61.3,183.89999999999998,367.79999999999995,13.7,0.0,13.333333333333334,13.7
NH15 Crossing Fakirpara Tangni,DARRANG,26.50833333,92.11638889,2025-03-26 09:00:00,3,85,61.3,61.3,183.89999999999998,367.79999999999995,14.1,0.40000000000000036,13.833333333333334,14.1
NH15 Crossing Fakirpara Tangni,DARRANG,26.50833333,92.11638889,2025-03-26 10:00:00,3,85,61.3,61.3,183.89999999999998,367.79999999999995,14.1,0.0,13.966666666666667,14.1
NH15 Crossing Fakirpara Tangni,DARRANG,26.50833333,92.11638889,2025-03-26 11:00:00,3,85,61.3,61.3,183.89999999999998,367.79999999999995,14.3,0.20000000000000107,14.166666666666666,14.3
NH15 Crossing Fakirpara Tangni,DARRANG,26.50833333,92.11638889,2025-03-26 12:00:00,3,85,61.3,61.3,183.89999999999998,367.79999999999995,14.3,0.0,14.233333333333334,14.3
NH15 Crossing Fakirpara Tangni,DARRANG,26.50833333,92.11638889,2025-03-26 13:00:00,3,85,61.3,61.3,183.89999999999998,367.79999999999995,14.3,0.0,14.3,14.3
NH15 Crossing Fakirpara Tangni,DARRANG,26.50833333,92.11638889,2025-03-26 14:00:00,3,85,61.3,61.3,183.89999999999998,367.79999999999995,14.3,0.0,14.3,14.3
NH15 Crossing Fakirpara Tangni,DARRANG,26.50833333,92.11638889,2025-03-26 15:00:00,3,85,61.3,61.3,183.89999999999998,367.79999999999995,13.9,-0.40000000000000036,14.166666666666666,14.3
NH15 Crossing Fakirpara Tangni,DARRANG,26.50833333,92.11638889,2025-03-26 16:00:00,3,85,61.3,61.3,183.89999999999998,367.79999999999995,14.0,0.09999999999999964,14.066666666666668,14.3
NH15 Crossing Fakirpara Tangni,DARRANG,26.50833333,92.11638889,2025-03-26 17:00:00,3,85,61.3,61.3,183.89999999999998,367.79999999999995,13.4,-0.5999999999999996,13.766666666666666,14.3
NH15 Crossing Fakirpara Tangni,DARRANG,26.50833333,92.11638889,2025-03-26 18:00:00,3,85,66.8,61.3,189.39999999999998,373.3,12.1,-1.3000000000000007,13.166666666666666,14.3
NH15 Crossing Fakirpara Tangni,DARRANG,26.50833333,92.11638889,2025-03-26 20:00:00,3,85,61.2,66.8,189.29999999999998,373.2,12.7,0.5999999999999996,12.733333333333334,14.3
NH15 Crossing Fakirpara Tangni,DARRANG,26.50833333,92.11638889,2025-03-26 21:00:00,3,85,66.8,61.2,194.8,378.7,12.5,-0.1999999999999993,12.433333333333332,14.0
NH15 Crossing Fakirpara Tangni,DARRANG,26.50833333,92.11638889,2025-03-26 23:00:00,3,85,61.2,66.8,189.2,378.59999999999997,12.7,0.1999999999999993,12.633333333333333,14.0
NH15 Crossing Fakirpara Tangni,DARRANG,26.50833333,92.11638889,2025-03-27 00:00:00,3,86,61.3,61.2,189.3,378.6,12.2,-0.5,12.466666666666667,13.4
NH15 Crossing Fakirpara Tangni,DARRANG,26.50833333,92.11638889,2025-03-27 01:00:00,3,86,61.3,61.3,183.8,378.6,12.6,0.40000000000000036,12.5,12.7
NH15 Crossing Fakirpara Tangni,DARRANG,26.50833333,92.11638889,2025-03-27 02:00:00,3,86,61.3,61.3,183.89999999999998,373.09999999999997,11.6,-1.0,12.133333333333333,12.7
NH15 Crossing Fakirpara Tangni,DARRANG,26.50833333,92.11638889,2025-03-27 03:00:00,3,86,61.3,61.3,183.89999999999998,373.2,11.4,-0.1999999999999993,11.866666666666667,12.7
NH15 Crossing Fakirpara Tangni,DARRANG,26.50833333,92.11638889,2025-03-27 04:00:00,3,86,61.3,61.3,183.89999999999998,367.7,12.6,1.1999999999999993,11.866666666666667,12.7
NH15 Crossing Fakirpara Tangni,DARRANG,26.50833333,92.11638889,2025-03-27 05:00:00,3,86,61.3,61.3,183.89999999999998,367.79999999999995,12.6,0.0,12.199999999999998,12.6
NH15 Crossing Fakirpara Tangni,DARRANG,26.50833333,92.11638889,2025-03-27 06:00:00,3,86,61.3,61.3,183.89999999999998,367.79999999999995,12.6,0.0,12.6,12.6
NH15 Crossing Fakirpara Tangni,DARRANG,26.50833333,92.11638889,2025-03-27 07:00:00,3,86,61.3,61.3,183.89999999999998,367.79999999999995,13.0,0.40000000000000036,12.733333333333333,13.0
NH15 Crossing Fakirpara Tangni,DARRANG,26.50833333,92.11638889,2025-03-27 08:00:00,3,86,61.3,61.3,183.89999999999998,367.79999999999995,13.6,0.5999999999999996,13.066666666666668,13.6
NH15 Crossing Fakirpara Tangni,DARRANG,26.50833333,92.11638889,2025-03-27 09:00:00,3,86,61.3,61.3,183.89999999999998,367.79999999999995,14.1,0.5,13.566666666666665,14.1
NH15 Crossing Fakirpara Tangni,DARRANG,26.50833333,92.11638889,2025-03-27 10:00:00,3,86,61.3,61.3,183.89999999999998,367.79999999999995,14.3,0.20000000000000107,14.0,14.3
NH15 Crossing Fakirpara Tangni,DARRANG,26.50833333,92.11638889,2025-03-27 11:00:00,3,86,61.3,61.3,183.89999999999998,367.79999999999995,14.3,0.0,14.233333333333334,14.3
NH15 Crossing Fakirpara Tangni,DARRANG,26.50833333,92.11638889,2025-03-27 12:00:00,3,86,61.3,61.3,183.89999999999998,367.79999999999995,14.3,0.0,14.3,14.3
NH15 Crossing Fakirpara Tangni,DARRANG,26.50833333,92.11638889,2025-03-27 13:00:00,3,86,61.3,61.3,183.89999999999998,367.79999999999995,14.3,0.0,14.3,14.3
NH15 Crossing Fakirpara Tangni,DARRANG,26.50833333,92.11638889,2025-03-27 14:00:00,3,86,61.3,61.3,183.89999999999998,367.79999999999995,14.4,0.09999999999999964,14.333333333333334,14.4
NH15 Crossing Fakirpara Tangni,DARRANG,26.50833333,92.11638889,2025-03-27 15:00:00,3,86,61.2,61.3,183.8,367.70000000000005,14.2,-0.20000000000000107,14.300000000000002,14.4
NH15 Crossing Fakirpara Tangni,DARRANG,26.50833333,92.11638889,2025-03-27 16:00:00,3,86,61.2,61.2,183.7,367.6,13.6,-0.5999999999999996,14.066666666666665,14.4
NH15 Crossing Fakirpara Tangni,DARRANG,26.50833333,92.11638889,2025-03-27 17:00:00,3,86,61.3,61.2,183.7,367.6,13.0,-0.5999999999999996,13.6,14.4
NH15 Crossing Fakirpara Tangni,DARRANG,26.50833333,92.11638889,2025-03-27 18:00:00,3,86,61.2,61.3,183.7,367.5,12.8,-0.1999999999999993,13.133333333333333,14.4
NH15 Crossing Fakirpara Tangni,DARRANG,26.50833333,92.11638889,2025-03-27 19:00:00,3,86,61.2,61.2,183.7,367.40000000000003,12.8,0.0,12.866666666666667,14.4
NH15 Crossing Fakirpara Tangni,DARRANG,26.50833333,92.11638889,2025-03-27 20:00:00,3,86,61.2,61.2,183.60000000000002,367.3,12.7,-0.10000000000000142,12.766666666666666,14.2
NH15 Crossing Fakirpara Tangni,DARRANG,26.50833333,92.11638889,2025-03-27 21:00:00,3,86,61.2,61.2,183.60000000000002,367.30000000000007,12.7,0.0,12.733333333333334,13.6
NH15 Crossing Fakirpara Tangni,DARRANG,26.50833333,92.11638889,2025-03-27 22:00:00,3,86,61.2,61.2,183.60000000000002,367.3,12.7,0.0,12.7,13.0
NH15 Crossing Fakirpara Tangni,DARRANG,26.50833333,92.11638889,2025-03-27 23:00:00,3,86,61.3,61.2,183.7,367.29999999999995,12.7,0.0,12.7,12.8
NH15 Crossing Fakirpara Tangni,DARRANG,26.50833333,92.11638889,2025-03-28 00:00:00,3,87,61.3,61.3,183.8,367.4,12.7,0.0,12.7,12.8
NH15 Crossing Fakirpara Tangni,DARRANG,26.50833333,92.11638889,2025-03-28 01:00:00,3,87,61.3,61.3,183.89999999999998,367.5,12.6,-0.09999999999999964,12.666666666666666,12.7
NH15 Crossing Fakirpara Tangni,DARRANG,26.50833333,92.11638889,2025-03-28 02:00:00,3,87,61.3,61.3,183.89999999999998,367.6,12.6,0.0,12.633333333333333,12.7
NH15 Crossing Fakirpara Tangni,DARRANG,26.50833333,92.11638889,2025-03-28 03:00:00,3,87,61.3,61.3,183.89999999999998,367.69999999999993,12.6,0.0,12.6,12.7
NH15 Crossing Fakirpara Tangni,DARRANG,26.50833333,92.11638889,2025-03-28 04:00:00,3,87,61.3,61.3,183.89999999999998,367.79999999999995,12.6,0.0,12.6,12.7
NH15 Crossing Fakirpara Tangni,DARRANG,26.50833333,92.11638889,2025-03-28 05:00:00,3,87,61.3,61.3,183.89999999999998,367.79999999999995,12.6,0.0,12.6,12.7
NH15 Crossing Fakirpara Tangni,DARRANG,26.50833333,92.11638889,2025-03-28 06:00:00,3,87,61.3,61.3,183.89999999999998,367.79999999999995,12.6,0.0,12.6,12.6
NH15 Crossing Fakirpara Tangni,DARRANG,26.50833333,92.11638889,2025-03-28 07:00:00,3,87,61.2,61.3,183.8,367.7,12.8,0.20000000000000107,12.666666666666666,12.8
NH15 Crossing Fakirpara Tangni,DARRANG,26.50833333,92.11638889,2025-03-28 08:00:00,3,87,61.3,61.2,183.8,367.7,13.3,0.5,12.9,13.3
NH15 Crossing Fakirpara Tangni,DARRANG,26.50833333,92.11638889,2025-03-28 09:00:00,3,87,61.2,61.3,183.7,367.59999999999997,13.7,0.3999999999999986,13.266666666666666,13.7
NH15 Crossing Fakirpara Tangni,DARRANG,26.50833333,92.11638889,2025-03-28 10:00:00,3,87,61.2,61.2,183.7,367.5,14.2,0.5,13.733333333333334,14.2
NH15 Crossing Fakirpara Tangni,DARRANG,26.50833333,92.11638889,2025-03-28 11:00:00,3,87,61.2,61.2,183.60000000000002,367.4,14.1,-0.09999999999999964,14.0,14.2
NH15 Crossing Fakirpara Tangni,DARRANG,26.50833333,92.11638889,2025-03-28 12:00:00,3,87,61.2,61.2,183.60000000000002,367.3,14.3,0.20000000000000107,14.200000000000001,14.3
NH15 Crossing Fakirpara Tangni,DARRANG,26.50833333,92.11638889,2025-03-28 13:00:00,3,87,61.2,61.2,183.60000000000002,367.3,14.2,-0.10000000000000142,14.199999999999998,14.3
NH15 Crossing Fakirpara Tangni,DARRANG,26.50833333,92.11638889,2025-03-28 15:00:00,3,87,61.2,61.2,183.60000000000002,367.20000000000005,14.1,-0.09999999999999964,14.200000000000001,14.3
NH15 Crossing Fakirpara Tangni,DARRANG,26.50833333,92.11638889,2025-03-28 16:00:00,3,87,61.2,61.2,183.60000000000002,367.20000000000005,13.8,-0.29999999999999893,14.033333333333333,14.3
NH15 Crossing Fakirpara Tangni,DARRANG,26.50833333,92.11638889,2025-03-28 17:00:00,3,87,61.2,61.2,183.60000000000002,367.20000000000005,12.7,-1.1000000000000014,13.533333333333333,14.3
NH15 Crossing Fakirpara Tangni,DARRANG,26.50833333,92.11638889,2025-03-28 18:00:00,3,87,61.2,61.2,183.60000000000002,367.20000000000005,12.9,0.20000000000000107,13.133333333333333,14.3
NH15 Crossing Fakirpara Tangni,DARRANG,26.50833333,92.11638889,2025-03-28 20:00:00,3,87,61.2,61.2,183.60000000000002,367.20000000000005,12.7,-0.20000000000000107,12.766666666666666,14.2
NH15 Crossing Fakirpara Tangni,DARRANG,26.50833333,92.11638889,2025-03-28 21:00:00,3,87,61.2,61.2,183.60000000000002,367.20000000000005,12.7,0.0,12.766666666666666,14.1
NH15 Crossing Fakirpara Tangni,DARRANG,26.50833333,92.11638889,2025-03-28 23:00:00,3,87,61.2,61.2,183.60000000000002,367.20000000000005,12.7,0.0,12.7,13.8
NH15 Crossing Fakirpara Tangni,DARRANG,26.50833333,92.11638889,2025-03-29 00:00:00,3,88,61.2,61.2,183.60000000000002,367.20000000000005,12.7,0.0,12.7,12.9
NH15 Crossing Fakirpara Tangni,DARRANG,26.50833333,92.11638889,2025-03-29 02:00:00,3,88,61.2,61.2,183.60000000000002,367.20000000000005,12.6,-0.09999999999999964,12.666666666666666,12.9
NH15 Crossing Fakirpara Tangni,DARRANG,26.50833333,92.11638889,2025-03-29 03:00:00,3,88,61.2,61.2,183.60000000000002,367.20000000000005,12.2,-0.40000000000000036,12.5,12.7
NH15 Crossing Fakirpara Tangni,DARRANG,26.50833333,92.11638889,2025-03-29 04:00:00,3,88,61.2,61.2,183.60000000000002,367.20000000000005,12.6,0.40000000000000036,12.466666666666667,12.7
NH15 Crossing Fakirpara Tangni,DARRANG,26.50833333,92.11638889,2025-03-29 05:00:00,3,88,61.2,61.2,183.60000000000002,367.20000000000005,12.5,-0.09999999999999964,12.433333333333332,12.7
NH15 Crossing Fakirpara Tangni,DARRANG,26.50833333,92.11638889,2025-03-29 06:00:00,3,88,61.2,61.2,183.60000000000002,367.20000000000005,12.6,0.09999999999999964,12.566666666666668,12.7
NH15 Crossing Fakirpara Tangni,DARRANG,26.50833333,92.11638889,2025-03-29 07:00:00,3,88,61.2,61.2,183.60000000000002,367.20000000000005,12.7,0.09999999999999964,12.6,12.7
NH15 Crossing Fakirpara Tangni,DARRANG,26.50833333,92.11638889,2025-03-29 08:00:00,3,88,61.2,61.2,183.60000000000002,367.20000000000005,13.3,0.6000000000000014,12.866666666666667,13.3
NH15 Crossing Fakirpara Tangni,DARRANG,26.50833333,92.11638889,2025-03-29 09:00:00,3,88,61.2,61.2,183.60000000000002,367.20000000000005,13.7,0.3999999999999986,13.233333333333333,13.7
NH15 Crossing Fakirpara Tangni,DARRANG,26.50833333,92.11638889,2025-03-29 10:00:00,3,88,61.2,61.2,183.60000000000002,367.20000000000005,14.0,0.3000000000000007,13.666666666666666,14.0
NH15 Crossing Fakirpara Tangni,DARRANG,26.50833333,92.11638889,2025-03-29 11:00:00,3,88,61.2,61.2,183.60000000000002,367.20000000000005,14.2,0.1999999999999993,13.966666666666667,14.2
NH15 Crossing Fakirpara Tangni,DARRANG,26.50833333,92.11638889,2025-03-29 12:00:00,3,88,61.2,61.2,183.60000000000002,367.20000000000005,14.1,-0.09999999999999964,14.1,14.2
NH15 Crossing Fakirpara Tangni,DARRANG,26.50833333,92.11638889,2025-03-29 13:00:00,3,88,61.2,61.2,183.60000000000002,367.20000000000005,14.2,0.09999999999999964,14.166666666666666,14.2
NH15 Crossing Fakirpara Tangni,DARRANG,26.50833333,92.11638889,2025-03-29 14:00:00,3,88,61.2,61.2,183.60000000000002,367.20000000000005,14.2,0.0,14.166666666666666,14.2
NH15 Crossing Fakirpara Tangni,DARRANG,26.50833333,92.11638889,2025-03-29 15:00:00,3,88,61.2,61.2,183.60000000000002,367.20000000000005,14.0,-0.1999999999999993,14.133333333333333,14.2
NH15 Crossing Fakirpara Tangni,DARRANG,26.50833333,92.11638889,2025-03-29 16:00:00,3,88,61.2,61.2,183.60000000000002,367.20000000000005,13.8,-0.1999999999999993,14.0,14.2
NH15 Crossing Fakirpara Tangni,DARRANG,26.50833333,92.11638889,2025-03-29 17:00:00,3,88,61.2,61.2,183.60000000000002,367.20000000000005,12.9,-0.9000000000000004,13.566666666666668,14.2
NH15 Crossing Fakirpara Tangni,DARRANG,26.50833333,92.11638889,2025-03-29 18:00:00,3,88,66.8,61.2,189.2,372.8,12.1,-0.8000000000000007,12.933333333333332,14.2
NH15 Crossing Fakirpara Tangni,DARRANG,26.50833333,92.11638889,2025-03-29 19:00:00,3,88,61.2,66.8,189.2,372.8,12.8,0.7000000000000011,12.6,14.2
NH15 Crossing Fakirpara Tangni,DARRANG,26.50833333,92.11638889,2025-03-29 21:00:00,3,88,61.2,61.2,189.2,372.8,12.7,-0.10000000000000142,12.533333333333333,14.0
NH15 Crossing Fakirpara Tangni,DARRANG,26.50833333,92.11638889,2025-03-29 23:00:00,3,88,61.2,61.2,183.60000000000002,372.80000000000007,12.7,0.0,12.733333333333334,13.8
NH15 Crossing Fakirpara Tangni,DARRANG,26.50833333,92.11638889,2025-03-30 01:00:00,3,89,61.2,61.2,183.60000000000002,372.8,12.2,-0.5,12.533333333333331,12.9
NH15 Crossing Fakirpara Tangni,DARRANG,26.50833333,92.11638889,2025-03-30 02:00:00,3,89,61.2,61.2,183.60000000000002,372.8,12.4,0.20000000000000107,12.433333333333332,12.8
NH15 Crossing Fakirpara Tangni,DARRANG,26.50833333,92.11638889,2025-03-30 03:00:00,3,89,61.2,61.2,183.60000000000002,367.20000000000005,12.4,0.0,12.333333333333334,12.8
NH15 Crossing Fakirpara Tangni,DARRANG,26.50833333,92.11638889,2025-03-30 04:00:00,3,89,61.2,61.2,183.60000000000002,367.20000000000005,12.2,-0.20000000000000107,12.333333333333334,12.7
NH15 Crossing Fakirpara Tangni,DARRANG,26.50833333,92.11638889,2025-03-30 05:00:00,3,89,61.2,61.2,183.60000000000002,367.20000000000005,12.6,0.40000000000000036,12.4,12.7
NH15 Crossing Fakirpara Tangni,DARRANG,26.50833333,92.11638889,2025-03-30 06:00:00,3,89,66.8,61.2,189.2,372.79999999999995,12.4,-0.1999999999999993,12.4,12.6
NH15 Crossing Fakirpara Tangni,DARRANG,26.50833333,92.11638889,2025-03-30 07:00:00,3,89,61.2,66.8,189.2,372.8,12.9,0.5,12.633333333333333,12.9
NH15 Crossing Fakirpara Tangni,DARRANG,26.50833333,92.11638889,2025-03-30 08:00:00,3,89,61.2,61.2,189.2,372.8,14.3,1.4000000000000004,13.200000000000001,14.3
NH15 Crossing Fakirpara Tangni,DARRANG,26.50833333,92.11638889,2025-03-30 09:00:00,3,89,61.2,61.2,183.60000000000002,372.8,14.0,-0.3000000000000007,13.733333333333334,14.3
NH15 Crossing Fakirpara Tangni,DARRANG,26.50833333,92.11638889,2025-03-30 10:00:00,3,89,61.2,61.2,183.60000000000002,372.80000000000007,14.0,0.0,14.100000000000001,14.3
NH15 Crossing Fakirpara Tangni,DARRANG,26.50833333,92.11638889,2025-03-30 11:00:00,3,89,61.2,61.2,183.60000000000002,372.8,14.1,0.09999999999999964,14.033333333333331,14.3
NH15 Crossing Fakirpara Tangni,DARRANG,26.50833333,92.11638889,2025-03-30 12:00:00,3,89,61.2,61.2,183.60000000000002,367.20000000000005,14.1,0.0,14.066666666666665,14.3
NH15 Crossing Fakirpara Tangni,DARRANG,26.50833333,92.11638889,2025-03-30 13:00:00,3,89,61.2,61.2,183.60000000000002,367.20000000000005,14.1,0.0,14.1,14.3
NH15 Crossing Fakirpara Tangni,DARRANG,26.50833333,92.11638889,2025-03-30 14:00:00,3,89,61.2,61.2,183.60000000000002,367.20000000000005,14.2,0.09999999999999964,14.133333333333333,14.2
NH15 Crossing Fakirpara Tangni,DARRANG,26.50833333,92.11638889,2025-03-30 16:00:00,3,89,66.8,61.2,189.2,372.8,13.5,-0.6999999999999993,13.933333333333332,14.2
NH15 Crossing Fakirpara Tangni,DARRANG,26.50833333,92.11638889,2025-03-30 17:00:00,3,89,61.2,66.8,189.2,372.80000000000007,13.2,-0.3000000000000007,13.633333333333333,14.2
NH15 Crossing Fakirpara Tangni,DARRANG,26.50833333,92.11638889,2025-03-30 18:00:00,3,89,61.2,61.2,189.2,372.8,12.9,-0.29999999999999893,13.200000000000001,14.2
NH15 Crossing Fakirpara Tangni,DARRANG,26.50833333,92.11638889,2025-03-30 19:00:00,3,89,61.2,61.2,183.60000000000002,372.8,12.8,-0.09999999999999964,12.966666666666667,14.2
NH15 Crossing Fakirpara Tangni,DARRANG,26.50833333,92.11638889,2025-03-30 20:00:00,3,89,61.2,61.2,183.60000000000002,372.8,12.7,-0.10000000000000142,12.799999999999999,14.2
NH15 Crossing Fakirpara Tangni,DARRANG,26.50833333,92.11638889,2025-03-30 21:00:00,3,89,61.2,61.2,183.60000000000002,372.80000000000007,12.7,0.0,12.733333333333334,13.5
NH15 Crossing Fakirpara Tangni,DARRANG,26.50833333,92.11638889,2025-03-30 22:00:00,3,89,66.8,61.2,189.2,372.8,12.1,-0.5999999999999996,12.5,13.2
NH15 Crossing Fakirpara Tangni,DARRANG,26.50833333,92.11638889,2025-03-30 23:00:00,3,89,61.2,66.8,189.2,372.80000000000007,12.7,0.5999999999999996,12.5,12.9
NH15 Crossing Fakirpara Tangni,DARRANG,26.50833333,92.11638889,2025-03-31 01:00:00,3,90,66.8,61.2,194.8,378.4,12.6,-0.09999999999999964,12.466666666666667,12.8
NH15 Crossing Fakirpara Tangni,DARRANG,26.50833333,92.11638889,2025-03-31 02:00:00,3,90,66.8,66.8,194.79999999999998,384.0,12.6,0.0,12.633333333333333,12.7
NH15 Crossing Fakirpara Tangni,DARRANG,26.50833333,92.11638889,2025-03-31 03:00:00,3,90,66.8,66.8,200.39999999999998,389.6,12.6,0.0,12.6,12.7
NH15 Crossing Fakirpara Tangni,DARRANG,26.50833333,92.11638889,2025-03-31 04:00:00,3,90,66.8,66.8,200.39999999999998,395.19999999999993,12.6,0.0,12.6,12.7
NH15 Crossing Fakirpara Tangni,DARRANG,26.50833333,92.11638889,2025-03-31 05:00:00,3,90,61.2,66.8,194.8,389.6,12.0,-0.5999999999999996,12.4,12.7
NH15 Crossing Fakirpara Tangni,DARRANG,26.50833333,92.11638889,2025-03-31 06:00:00,3,90,61.2,61.2,189.2,389.59999999999997,12.5,0.5,12.366666666666665,12.6
NH15 Crossing Fakirpara Tangni,DARRANG,26.50833333,92.11638889,2025-03-31 07:00:00,3,90,61.2,61.2,183.60000000000002,384.0,13.6,1.0999999999999996,12.700000000000001,13.6
NH15 Crossing Fakirpara Tangni,DARRANG,26.50833333,92.11638889,2025-03-31 08:00:00,3,90,61.2,61.2,183.60000000000002,378.4,13.7,0.09999999999999964,13.266666666666666,13.7
NH15 Crossing Fakirpara Tangni,DARRANG,26.50833333,92.11638889,2025-03-31 09:00:00,3,90,66.8,61.2,189.2,378.4,13.7,0.0,13.666666666666666,13.7
NH15 Crossing Fakirpara Tangni,DARRANG,26.50833333,92.11638889,2025-03-31 10:00:00,3,90,61.2,66.8,189.2,372.80000000000007,14.3,0.6000000000000014,13.899999999999999,14.3
NH15 Crossing Fakirpara Tangni,DARRANG,26.50833333,92.11638889,2025-03-31 11:00:00,3,90,61.2,61.2,189.2,372.8,14.3,0.0,14.100000000000001,14.3
NH15 Crossing Fakirpara Tangni,DARRANG,26.50833333,92.11638889,2025-03-31 12:00:00,3,90,61.2,61.2,183.60000000000002,372.8,14.3,0.0,14.3,14.3
NH15 Crossing Fakirpara Tangni,DARRANG,26.50833333,92.11638889,2025-03-31 13:00:00,3,90,61.2,61.2,183.60000000000002,372.8,14.3,0.0,14.3,14.3
NH15 Crossing Fakirpara Tangni,DARRANG,26.50833333,92.11638889,2025-03-31 14:00:00,3,90,61.2,61.2,183.60000000000002,372.80000000000007,14.0,-0.3000000000000007,14.200000000000001,14.3
NH15 Crossing Fakirpara Tangni,DARRANG,26.50833333,92.11638889,2025-03-31 15:00:00,3,90,61.2,61.2,183.60000000000002,367.20000000000005,14.0,0.0,14.100000000000001,14.3
NH15 Crossing Fakirpara Tangni,DARRANG,26.50833333,92.11638889,2025-03-31 16:00:00,3,90,61.2,61.2,183.60000000000002,367.20000000000005,13.7,-0.3000000000000007,13.899999999999999,14.3
NH15 Crossing Fakirpara Tangni,DARRANG,26.50833333,92.11638889,2025-03-31 17:00:00,3,90,61.2,61.2,183.60000000000002,367.20000000000005,13.1,-0.5999999999999996,13.6,14.3
NH15 Crossing Fakirpara Tangni,DARRANG,26.50833333,92.11638889,2025-03-31 18:00:00,3,90,61.2,61.2,183.60000000000002,367.20000000000005,12.9,-0.1999999999999993,13.233333333333333,14.3
NH15 Crossing Fakirpara Tangni,DARRANG,26.50833333,92.11638889,2025-03-31 19:00:00,3,90,61.2,61.2,183.60000000000002,367.20000000000005,12.8,-0.09999999999999964,12.933333333333335,14.0
NH15 Crossing Fakirpara Tangni,DARRANG,26.50833333,92.11638889,2025-03-31 20:00:00,3,90,61.2,61.2,183.60000000000002,367.20000000000005,12.7,-0.10000000000000142,12.799999999999999,14.0
NH15 Crossing Fakirpara Tangni,DARRANG,26.50833333,92.11638889,2025-03-31 21:00:00,3,90,61.2,61.2,183.60000000000002,367.20000000000005,12.7,0.0,12.733333333333334,13.7
NH15 Crossing Fakirpara Tangni,DARRANG,26.50833333,92.11638889,2025-03-31 22:00:00,3,90,61.2,61.2,183.60000000000002,367.20000000000005,12.7,0.0,12.7,13.1
NH15 Crossing Fakirpara Tangni,DARRANG,26.50833333,92.11638889,2025-03-31 23:00:00,3,90,61.2,61.2,183.60000000000002,367.20000000000005,12.6,-0.09999999999999964,12.666666666666666,12.9
NH15 Crossing Fakirpara Tangni,DARRANG,26.50833333,92.11638889,2025-04-01 00:00:00,4,91,61.3,61.2,183.7,367.29999999999995,12.7,0.09999999999999964,12.666666666666666,12.8
NH15 Crossing Fakirpara Tangni,DARRANG,26.50833333,92.11638889,2025-04-01 01:00:00,4,91,61.3,61.3,183.8,367.4,12.6,-0.09999999999999964,12.633333333333333,12.7
NH15 Crossing Fakirpara Tangni,DARRANG,26.50833333,92.11638889,2025-04-01 02:00:00,4,91,61.3,61.3,183.89999999999998,367.5,12.6,0.0,12.633333333333333,12.7
NH15 Crossing Fakirpara Tangni,DARRANG,26.50833333,92.11638889,2025-04-01 03:00:00,4,91,61.3,61.3,183.89999999999998,367.6,12.6,0.0,12.6,12.7
NH15 Crossing Fakirpara Tangni,DARRANG,26.50833333,92.11638889,2025-04-01 04:00:00,4,91,61.3,61.3,183.89999999999998,367.69999999999993,12.1,-0.5,12.433333333333332,12.7
NH15 Crossing Fakirpara Tangni,DARRANG,26.50833333,92.11638889,2025-04-01 05:00:00,4,91,61.3,61.3,183.89999999999998,367.79999999999995,12.5,0.40000000000000036,12.4,12.7
NH15 Crossing Fakirpara Tangni,DARRANG,26.50833333,92.11638889,2025-04-01 06:00:00,4,91,61.3,61.3,183.89999999999998,367.79999999999995,12.6,0.09999999999999964,12.399999999999999,12.6
NH15 Crossing Fakirpara Tangni,DARRANG,26.50833333,92.11638889,2025-04-01 07:00:00,4,91,61.2,61.3,183.8,367.7,13.4,0.8000000000000007,12.833333333333334,13.4
NH15 Crossing Fakirpara Tangni,DARRANG,26.50833333,92.11638889,2025-04-01 08:00:00,4,91,61.2,61.2,183.7,367.6,13.4,0.0,13.133333333333333,13.4
NH15 Crossing Fakirpara Tangni,DARRANG,26.50833333,92.11638889,2025-04-01 09:00:00,4,91,61.2,61.2,183.60000000000002,367.5,14.1,0.6999999999999993,13.633333333333333,14.1
NH15 Crossing Fakirpara Tangni,DARRANG,26.50833333,92.11638889,2025-04-01 10:00:00,4,91,61.2,61.2,183.60000000000002,367.40000000000003,14.1,0.0,13.866666666666667,14.1
NH15 Crossing Fakirpara Tangni,DARRANG,26.50833333,92.11638889,2025-04-01 11:00:00,4,91,61.2,61.2,183.60000000000002,367.3,14.1,0.0,14.1,14.1
NH15 Crossing Fakirpara Tangni,DARRANG,26.50833333,92.11638889,2025-04-01 12:00:00,4,91,66.8,61.2,189.2,372.8,14.1,0.0,14.1,14.1
NH15 Crossing Fakirpara Tangni,DARRANG,26.50833333,92.11638889,2025-04-01 13:00:00,4,91,66.8,66.8,194.8,378.40000000000003,14.2,0.09999999999999964,14.133333333333333,14.2
NH15 Crossing Fakirpara Tangni,DARRANG,26.50833333,92.11638889,2025-04-01 14:00:00,4,91,66.8,66.8,200.39999999999998,384.0,13.9,-0.29999999999999893,14.066666666666668,14.2
NH15 Crossing Fakirpara Tangni,DARRANG,26.50833333,92.11638889,2025-04-01 15:00:00,4,91,66.8,66.8,200.39999999999998,389.59999999999997,13.9,0.0,14.0,14.2
NH15 Crossing Fakirpara Tangni,DARRANG,26.50833333,92.11638889,2025-04-01 16:00:00,4,91,66.8,66.8,200.39999999999998,395.2,12.9,-1.0,13.566666666666668,14.2
NH15 Crossing Fakirpara Tangni,DARRANG,26.50833333,92.11638889,2025-04-01 17:00:00,4,91,61.2,66.8,194.8,395.2,12.6,-0.3000000000000007,13.133333333333333,14.2
NH15 Crossing Fakirpara Tangni,DARRANG,26.50833333,92.11638889,2025-04-01 18:00:00,4,91,61.2,61.2,189.2,389.6,12.9,0.3000000000000007,12.800000000000002,14.2
NH15 Crossing Fakirpara Tangni,DARRANG,26.50833333,92.11638889,2025-04-01 19:00:00,4,91,61.3,61.2,183.7,384.09999999999997,12.8,-0.09999999999999964,12.766666666666666,13.9
NH15 Crossing Fakirpara Tangni,DARRANG,26.50833333,92.11638889,2025-04-01 20:00:00,4,91,61.3,61.3,183.8,378.59999999999997,12.8,0.0,12.833333333333334,13.9
NH15 Crossing Fakirpara Tangni,DARRANG,26.50833333,92.11638889,2025-04-01 22:00:00,4,91,61.2,61.3,183.8,373.0,12.7,-0.10000000000000142,12.766666666666666,12.9
NH15 Crossing Fakirpara Tangni,DARRANG,26.50833333,92.11638889,2025-04-01 23:00:00,4,91,61.2,61.2,183.7,367.4,12.7,0.0,12.733333333333334,12.9
NH15 Crossing Fakirpara Tangni,DARRANG,26.50833333,92.11638889,2025-04-02 00:00:00,4,92,61.2,61.2,183.60000000000002,367.40000000000003,12.6,-0.09999999999999964,12.666666666666666,12.9
NH15 Crossing Fakirpara Tangni,DARRANG,26.50833333,92.11638889,2025-04-02 01:00:00,4,92,61.2,61.2,183.60000000000002,367.40000000000003,12.6,0.0,12.633333333333333,12.8
NH15 Crossing Fakirpara Tangni,DARRANG,26.50833333,92.11638889,2025-04-02 02:00:00,4,92,61.2,61.2,183.60000000000002,367.3,12.6,0.0,12.6,12.8
NH15 Crossing Fakirpara Tangni,DARRANG,26.50833333,92.11638889,2025-04-02 03:00:00,4,92,61.2,61.2,183.60000000000002,367.20000000000005,12.6,0.0,12.6,12.7
NH15 Crossing Fakirpara Tangni,DARRANG,26.50833333,92.11638889,2025-04-02 04:00:00,4,92,61.2,61.2,183.60000000000002,367.20000000000005,12.6,0.0,12.6,12.7
NH15 Crossing Fakirpara Tangni,DARRANG,26.50833333,92.11638889,2025-04-02 05:00:00,4,92,61.2,61.2,183.60000000000002,367.20000000000005,12.5,-0.09999999999999964,12.566666666666665,12.6
NH15 Crossing Fakirpara Tangni,DARRANG,26.50833333,92.11638889,2025-04-02 06:00:00,4,92,61.2,61.2,183.60000000000002,367.20000000000005,12.7,0.1999999999999993,12.6,12.7
NH15 Crossing Fakirpara Tangni,DARRANG,26.50833333,92.11638889,2025-04-02 07:00:00,4,92,61.2,61.2,183.60000000000002,367.20000000000005,13.3,0.6000000000000014,12.833333333333334,13.3
NH15 Crossing Fakirpara Tangni,DARRANG,26.50833333,92.11638889,2025-04-02 08:00:00,4,92,61.2,61.2,183.60000000000002,367.20000000000005,13.8,0.5,13.266666666666666,13.8
NH15 Crossing Fakirpara Tangni,DARRANG,26.50833333,92.11638889,2025-04-02 09:00:00,4,92,61.2,61.2,183.60000000000002,367.20000000000005,14.1,0.29999999999999893,13.733333333333334,14.1
NH15 Crossing Fakirpara Tangni,DARRANG,26.50833333,92.11638889,2025-04-02 10:00:00,4,92,61.2,61.2,183.60000000000002,367.20000000000005,14.2,0.09999999999999964,14.033333333333331,14.2
NH15 Crossing Fakirpara Tangni,DARRANG,26.50833333,92.11638889,2025-04-02 11:00:00,4,92,61.2,61.2,183.60000000000002,367.20000000000005,14.1,-0.09999999999999964,14.133333333333333,14.2
NH15 Crossing Fakirpara Tangni,DARRANG,26.50833333,92.11638889,2025-04-02 12:00:00,4,92,61.2,61.2,183.60000000000002,367.20000000000005,14.2,0.09999999999999964,14.166666666666666,14.2
NH15 Crossing Fakirpara Tangni,DARRANG,26.50833333,92.11638889,2025-04-02 13:00:00,4,92,61.2,61.2,183.60000000000002,367.20000000000005,14.2,0.0,14.166666666666666,14.2
NH15 Crossing Fakirpara Tangni,DARRANG,26.50833333,92.11638889,2025-04-02 14:00:00,4,92,61.3,61.2,183.7,367.3,14.2,0.0,14.2,14.2
NH15 Crossing Fakirpara Tangni,DARRANG,26.50833333,92.11638889,2025-04-02 15:00:00,4,92,66.8,61.3,189.3,372.9,13.7,-0.5,14.033333333333333,14.2
NH15 Crossing Fakirpara Tangni,DARRANG,26.50833333,92.11638889,2025-04-02 16:00:00,4,92,66.8,66.8,194.9,378.5,13.9,0.20000000000000107,13.933333333333332,14.2
NH15 Crossing Fakirpara Tangni,DARRANG,26.50833333,92.11638889,2025-04-02 17:00:00,4,92,66.8,66.8,200.39999999999998,384.09999999999997,13.9,0.0,13.833333333333334,14.2
NH15 Crossing Fakirpara Tangni,DARRANG,26.50833333,92.11638889,2025-04-02 18:00:00,4,92,61.3,66.8,194.89999999999998,384.2,13.0,-0.9000000000000004,13.6,14.2
NH15 Crossing Fakirpara Tangni,DARRANG,26.50833333,92.11638889,2025-04-02 21:00:00,4,92,61.3,61.3,189.39999999999998,384.29999999999995,12.5,-0.5,13.133333333333333,14.2
NH15 Crossing Fakirpara Tangni,DARRANG,26.50833333,92.11638889,2025-04-02 22:00:00,4,92,61.3,61.3,183.89999999999998,384.29999999999995,12.7,0.1999999999999993,12.733333333333334,13.9
NH15 Crossing Fakirpara Tangni,DARRANG,26.50833333,92.11638889,2025-04-02 23:00:00,4,92,61.3,61.3,183.89999999999998,378.8,12.7,0.0,12.633333333333333,13.9
NH15 Crossing Fakirpara Tangni,DARRANG,26.50833333,92.11638889,2025-04-03 00:00:00,4,93,61.3,61.3,183.89999999999998,373.3,12.7,0.0,12.7,13.9
NH15 Crossing Fakirpara Tangni,DARRANG,26.50833333,92.11638889,2025-04-03 02:00:00,4,93,61.3,61.3,183.89999999999998,367.79999999999995,12.7,0.0,12.7,13.0
NH15 Crossing Fakirpara Tangni,DARRANG,26.50833333,92.11638889,2025-04-03 06:00:00,4,93,61.3,61.3,183.89999999999998,367.79999999999995,12.7,0.0,12.7,12.7
NH15 Crossing Fakirpara Tangni,DARRANG,26.50833333,92.11638889,2025-04-03 07:00:00,4,93,61.3,61.3,183.89999999999998,367.79999999999995,13.3,0.6000000000000014,12.899999999999999,13.3
NH15 Crossing Fakirpara Tangni,DARRANG,26.50833333,92.11638889,2025-04-03 08:00:00,4,93,61.3,61.3,183.89999999999998,367.79999999999995,13.9,0.5999999999999996,13.300000000000002,13.9
NH15 Crossing Fakirpara Tangni,DARRANG,26.50833333,92.11638889,2025-04-03 09:00:00,4,93,61.2,61.3,183.8,367.7,14.4,0.5,13.866666666666667,14.4
NH15 Crossing Fakirpara Tangni,DARRANG,26.50833333,92.11638889,2025-04-03 10:00:00,4,93,61.3,61.2,183.8,367.7,14.2,-0.20000000000000107,14.166666666666666,14.4
NH15 Crossing Fakirpara Tangni,DARRANG,26.50833333,92.11638889,2025-04-03 11:00:00,4,93,61.3,61.3,183.8,367.69999999999993,13.8,-0.3999999999999986,14.133333333333333,14.4
NH15 Crossing Fakirpara Tangni,DARRANG,26.50833333,92.11638889,2025-04-03 12:00:00,4,93,66.8,61.3,189.39999999999998,373.2,14.1,0.29999999999999893,14.033333333333333,14.4
NH15 Crossing Fakirpara Tangni,DARRANG,26.50833333,92.11638889,2025-04-03 13:00:00,4,93,66.8,66.8,194.89999999999998,378.7,14.3,0.20000000000000107,14.066666666666668,14.4
NH15 Crossing Fakirpara Tangni,DARRANG,26.50833333,92.11638889,2025-04-03 14:00:00,4,93,66.8,66.8,200.39999999999998,384.2,14.3,0.0,14.233333333333334,14.4
NH15 Crossing Fakirpara Tangni,DARRANG,26.50833333,92.11638889,2025-04-03 15:00:00,4,93,66.8,66.8,200.39999999999998,389.79999999999995,13.9,-0.40000000000000036,14.166666666666666,14.3
NH15 Crossing Fakirpara Tangni,DARRANG,26.50833333,92.11638889,2025-04-03 16:00:00,4,93,66.8,66.8,200.39999999999998,395.29999999999995,13.8,-0.09999999999999964,14.0,14.3
NH15 Crossing Fakirpara Tangni,DARRANG,26.50833333,92.11638889,2025-04-03 17:00:00,4,93,66.8,66.8,200.39999999999998,400.79999999999995,13.6,-0.20000000000000107,13.766666666666666,14.3
NH15 Crossing Fakirpara Tangni,DARRANG,26.50833333,92.11638889,2025-04-03 19:00:00,4,93,61.3,66.8,194.89999999999998,395.3,12.7,-0.9000000000000004,13.366666666666667,14.3
NH15 Crossing Fakirpara Tangni,DARRANG,26.50833333,92.11638889,2025-04-03 20:00:00,4,93,61.3,61.3,189.39999999999998,389.79999999999995,12.7,0.0,13.0,14.3
NH15 Crossing Fakirpara Tangni,DARRANG,26.50833333,92.11638889,2025-04-03 22:00:00,4,93,61.3,61.3,183.89999999999998,384.29999999999995,12.7,0.0,12.7,13.9
NH15 Crossing Fakirpara Tangni,DARRANG,26.50833333,92.11638889,2025-04-03 23:00:00,4,93,61.3,61.3,183.89999999999998,378.8,12.7,0.0,12.7,13.8
NH15 Crossing Fakirpara Tangni,DARRANG,26.50833333,92.11638889,2025-04-04 01:00:00,4,94,61.3,61.3,183.89999999999998,373.3,12.6,-0.09999999999999964,12.666666666666666,13.6
NH15 Crossing Fakirpara Tangni,DARRANG,26.50833333,92.11638889,2025-04-04 02:00:00,4,94,61.3,61.3,183.89999999999998,367.79999999999995,12.6,0.0,12.633333333333333,12.7
NH15 Crossing Fakirpara Tangni,DARRANG,26.50833333,92.11638889,2025-04-04 03:00:00,4,94,61.3,61.3,183.89999999999998,367.79999999999995,12.6,0.0,12.6,12.7
NH15 Crossing Fakirpara Tangni,DARRANG,26.50833333,92.11638889,2025-04-04 04:00:00,4,94,61.3,61.3,183.89999999999998,367.79999999999995,12.1,-0.5,12.433333333333332,12.7
NH15 Crossing Fakirpara Tangni,DARRANG,26.50833333,92.11638889,2025-04-04 05:00:00,4,94,61.3,61.3,183.89999999999998,367.79999999999995,12.4,0.3000000000000007,12.366666666666667,12.7
NH15 Crossing Fakirpara Tangni,DARRANG,26.50833333,92.11638889,2025-04-04 06:00:00,4,94,61.3,61.3,183.89999999999998,367.79999999999995,12.7,0.29999999999999893,12.399999999999999,12.7
NH15 Crossing Fakirpara Tangni,DARRANG,26.50833333,92.11638889,2025-04-04 07:00:00,4,94,61.3,61.3,183.89999999999998,367.79999999999995,13.6,0.9000000000000004,12.9,13.6
NH15 Crossing Fakirpara Tangni,DARRANG,26.50833333,92.11638889,2025-04-04 08:00:00,4,94,61.3,61.3,183.89999999999998,367.79999999999995,14.2,0.5999999999999996,13.5,14.2
NH15 Crossing Fakirpara Tangni,DARRANG,26.50833333,92.11638889,2025-04-04 09:00:00,4,94,61.3,61.3,183.89999999999998,367.79999999999995,14.1,-0.09999999999999964,13.966666666666667,14.2
NH15 Crossing Fakirpara Tangni,DARRANG,26.50833333,92.11638889,2025-04-04 10:00:00,4,94,66.8,61.3,189.39999999999998,373.29999999999995,14.1,0.0,14.133333333333333,14.2
NH15 Crossing Fakirpara Tangni,DARRANG,26.50833333,92.11638889,2025-04-04 11:00:00,4,94,66.8,66.8,194.89999999999998,378.79999999999995,14.1,0.0,14.1,14.2
NH15 Crossing Fakirpara Tangni,DARRANG,26.50833333,92.11638889,2025-04-04 12:00:00,4,94,66.8,66.8,200.39999999999998,384.3,14.1,0.0,14.1,14.2
NH15 Crossing Fakirpara Tangni,DARRANG,26.50833333,92.11638889,2025-04-04 13:00:00,4,94,61.3,66.8,194.89999999999998,384.3,14.1,0.0,14.1,14.2
NH15 Crossing Fakirpara Tangni,DARRANG,26.50833333,92.11638889,2025-04-04 14:00:00,4,94,61.3,61.3,189.39999999999998,384.29999999999995,13.8,-0.29999999999999893,14.0,14.1
NH15 Crossing Fakirpara Tangni,DARRANG,26.50833333,92.11638889,2025-04-04 15:00:00,4,94,61.3,61.3,183.89999999999998,384.29999999999995,13.8,0.0,13.9,14.1
NH15 Crossing Fakirpara Tangni,DARRANG,26.50833333,92.11638889,2025-04-04 16:00:00,4,94,66.8,61.3,189.39999999999998,384.3,12.8,-1.0,13.466666666666667,14.1
NH15 Crossing Fakirpara Tangni,DARRANG,26.50833333,92.11638889,2025-04-04 17:00:00,4,94,66.8,66.8,194.89999999999998,384.3,12.9,0.09999999999999964,13.166666666666666,14.1
NH15 Crossing Fakirpara Tangni,DARRANG,26.50833333,92.11638889,2025-04-04 18:00:00,4,94,61.3,66.8,194.89999999999998,378.79999999999995,12.9,0.0,12.866666666666667,14.1
NH15 Crossing Fakirpara Tangni,DARRANG,26.50833333,92.11638889,2025-04-04 19:00:00,4,94,61.3,61.3,189.39999999999998,378.79999999999995,12.7,-0.20000000000000107,12.833333333333334,13.8
NH15 Crossing Fakirpara Tangni,DARRANG,26.50833333,92.11638889,2025-04-04 20:00:00,4,94,66.8,61.3,189.39999999999998,384.3,12.0,-0.6999999999999993,12.533333333333333,13.8
NH15 Crossing Fakirpara Tangni,DARRANG,26.50833333,92.11638889,2025-04-04 22:00:00,4,94,61.3,66.8,189.39999999999998,384.3,12.7,0.6999999999999993,12.466666666666667,12.9
NH15 Crossing Fakirpara Tangni,DARRANG,26.50833333,92.11638889,2025-04-04 23:00:00,4,94,66.8,61.3,194.89999999999998,384.29999999999995,11.5,-1.1999999999999993,12.066666666666665,12.9
NH15 Crossing Fakirpara Tangni,DARRANG,26.50833333,92.11638889,2025-04-05 00:00:00,4,95,61.3,66.8,189.39999999999998,378.79999999999995,12.6,1.0999999999999996,12.266666666666666,12.9
NH15 Crossing Fakirpara Tangni,DARRANG,26.50833333,92.11638889,2025-04-05 01:00:00,4,95,66.8,61.3,194.89999999999998,384.3,12.0,-0.5999999999999996,12.033333333333333,12.7
NH15 Crossing Fakirpara Tangni,DARRANG,26.50833333,92.11638889,2025-04-05 03:00:00,4,95,61.3,66.8,189.39999999999998,384.3,12.2,0.1999999999999993,12.266666666666666,12.7
NH15 Crossing Fakirpara Tangni,DARRANG,26.50833333,92.11638889,2025-04-05 04:00:00,4,95,61.3,61.3,189.39999999999998,378.79999999999995,12.5,0.3000000000000007,12.233333333333334,12.7
NH15 Crossing Fakirpara Tangni,DARRANG,26.50833333,92.11638889,2025-04-05 05:00:00,4,95,61.3,61.3,183.89999999999998,378.79999999999995,12.5,0.0,12.4,12.6
NH15 Crossing Fakirpara Tangni,DARRANG,26.50833333,92.11638889,2025-04-05 06:00:00,4,95,61.3,61.3,183.89999999999998,373.3,12.7,0.1999999999999993,12.566666666666668,12.7
NH15 Crossing Fakirpara Tangni,DARRANG,26.50833333,92.11638889,2025-04-05 07:00:00,4,95,61.3,61.3,183.89999999999998,373.3,13.1,0.40000000000000036,12.766666666666666,13.1
NH15 Crossing Fakirpara Tangni,DARRANG,26.50833333,92.11638889,2025-04-05 08:00:00,4,95,61.3,61.3,183.89999999999998,367.79999999999995,13.8,0.7000000000000011,13.200000000000001,13.8
NH15 Crossing Fakirpara Tangni,DARRANG,26.50833333,92.11638889,2025-04-05 09:00:00,4,95,61.3,61.3,183.89999999999998,367.79999999999995,14.4,0.5999999999999996,13.766666666666666,14.4
NH15 Crossing Fakirpara Tangni,DARRANG,26.50833333,92.11638889,2025-04-05 10:00:00,4,95,61.3,61.3,183.89999999999998,367.79999999999995,14.2,-0.20000000000000107,14.133333333333333,14.4
NH15 Crossing Fakirpara Tangni,DARRANG,26.50833333,92.11638889,2025-04-05 12:00:00,4,95,61.3,61.3,183.89999999999998,367.79999999999995,14.1,-0.09999999999999964,14.233333333333334,14.4
NH15 Crossing Fakirpara Tangni,DARRANG,26.50833333,92.11638889,2025-04-05 13:00:00,4,95,61.3,61.3,183.89999999999998,367.79999999999995,14.1,0.0,14.133333333333333,14.4
NH15 Crossing Fakirpara Tangni,DARRANG,26.50833333,92.11638889,2025-04-05 14:00:00,4,95,61.3,61.3,183.89999999999998,367.79999999999995,14.2,0.09999999999999964,14.133333333333333,14.4
NH15 Crossing Fakirpara Tangni,DARRANG,26.50833333,92.11638889,2025-04-05 15:00:00,4,95,61.3,61.3,183.89999999999998,367.79999999999995,14.3,0.10000000000000142,14.199999999999998,14.4
NH15 Crossing Fakirpara Tangni,DARRANG,26.50833333,92.11638889,2025-04-05 16:00:00,4,95,61.3,61.3,183.89999999999998,367.79999999999995,13.9,-0.40000000000000036,14.133333333333333,14.3
NH15 Crossing Fakirpara Tangni,DARRANG,26.50833333,92.11638889,2025-04-05 17:00:00,4,95,61.3,61.3,183.89999999999998,367.79999999999995,13.3,-0.5999999999999996,13.833333333333334,14.3
NH15 Crossing Fakirpara Tangni,DARRANG,26.50833333,92.11638889,2025-04-05 18:00:00,4,95,61.3,61.3,183.89999999999998,367.79999999999995,13.0,-0.3000000000000007,13.4,14.3
NH15 Crossing Fakirpara Tangni,DARRANG,26.50833333,92.11638889,2025-04-05 19:00:00,4,95,61.3,61.3,183.89999999999998,367.79999999999995,12.8,-0.1999999999999993,13.033333333333333,14.3
NH15 Crossing Fakirpara Tangni,DARRANG,26.50833333,92.11638889,2025-04-05 20:00:00,4,95,61.3,61.3,183.89999999999998,367.79999999999995,12.7,-0.10000000000000142,12.833333333333334,14.3
NH15 Crossing Fakirpara Tangni,DARRANG,26.50833333,92.11638889,2025-04-05 21:00:00,4,95,61.3,61.3,183.89999999999998,367.79999999999995,12.4,-0.29999999999999893,12.633333333333333,13.9
NH15 Crossing Fakirpara Tangni,DARRANG,26.50833333,92.11638889,2025-04-05 22:00:00,4,95,61.3,61.3,183.89999999999998,367.79999999999995,12.7,0.29999999999999893,12.6,13.3
NH15 Crossing Fakirpara Tangni,DARRANG,26.50833333,92.11638889,2025-04-05 23:00:00,4,95,61.3,61.3,183.89999999999998,367.79999999999995,12.6,-0.09999999999999964,12.566666666666665,13.0
NH15 Crossing Fakirpara Tangni,DARRANG,26.50833333,92.11638889,2025-04-06 00:00:00,4,96,61.3,61.3,183.89999999999998,367.79999999999995,12.6,0.0,12.633333333333333,12.8
NH15 Crossing Fakirpara Tangni,DARRANG,26.50833333,92.11638889,2025-04-06 02:00:00,4,96,61.3,61.3,183.89999999999998,367.79999999999995,12.6,0.0,12.6,12.7
NH15 Crossing Fakirpara Tangni,DARRANG,26.50833333,92.11638889,2025-04-06 03:00:00,4,96,61.3,61.3,183.89999999999998,367.79999999999995,12.6,0.0,12.6,12.7
NH15 Crossing Fakirpara Tangni,DARRANG,26.50833333,92.11638889,2025-04-06 04:00:00,4,96,61.3,61.3,183.89999999999998,367.79999999999995,12.6,0.0,12.6,12.7
NH15 Crossing Fakirpara Tangni,DARRANG,26.50833333,92.11638889,2025-04-06 05:00:00,4,96,61.3,61.3,183.89999999999998,367.79999999999995,12.6,0.0,12.6,12.6
NH15 Crossing Fakirpara Tangni,DARRANG,26.50833333,92.11638889,2025-04-06 06:00:00,4,96,61.3,61.3,183.89999999999998,367.79999999999995,12.6,0.0,12.6,12.6
NH15 Crossing Fakirpara Tangni,DARRANG,26.50833333,92.11638889,2025-04-06 07:00:00,4,96,61.3,61.3,183.89999999999998,367.79999999999995,13.2,0.5999999999999996,12.799999999999999,13.2
NH15 Crossing Fakirpara Tangni,DARRANG,26.50833333,92.11638889,2025-04-06 08:00:00,4,96,61.3,61.3,183.89999999999998,367.79999999999995,13.7,0.5,13.166666666666666,13.7
NH15 Crossing Fakirpara Tangni,DARRANG,26.50833333,92.11638889,2025-04-06 09:00:00,4,96,61.3,61.3,183.89999999999998,367.79999999999995,13.9,0.20000000000000107,13.6,13.9
NH15 Crossing Fakirpara Tangni,DARRANG,26.50833333,92.11638889,2025-04-06 10:00:00,4,96,61.3,61.3,183.89999999999998,367.79999999999995,14.2,0.29999999999999893,13.933333333333332,14.2
NH15 Crossing Fakirpara Tangni,DARRANG,26.50833333,92.11638889,2025-04-06 11:00:00,4,96,61.3,61.3,183.89999999999998,367.79999999999995,14.1,-0.09999999999999964,14.066666666666665,14.2
NH15 Crossing Fakirpara Tangni,DARRANG,26.50833333,92.11638889,2025-04-06 12:00:00,4,96,61.3,61.3,183.89999999999998,367.79999999999995,14.2,0.09999999999999964,14.166666666666666,14.2
NH15 Crossing Fakirpara Tangni,DARRANG,26.50833333,92.11638889,2025-04-06 13:00:00,4,96,61.3,61.3,183.89999999999998,367.79999999999995,14.1,-0.09999999999999964,14.133333333333333,14.2
NH15 Crossing Fakirpara Tangni,DARRANG,26.50833333,92.11638889,2025-04-06 14:00:00,4,96,61.3,61.3,183.89999999999998,367.79999999999995,14.1,0.0,14.133333333333333,14.2
NH15 Crossing Fakirpara Tangni,DARRANG,26.50833333,92.11638889,2025-04-06 15:00:00,4,96,61.3,61.3,183.89999999999998,367.79999999999995,14.3,0.20000000000000107,14.166666666666666,14.3
NH15 Crossing Fakirpara Tangni,DARRANG,26.50833333,92.11638889,2025-04-06 16:00:00,4,96,61.3,61.3,183.89999999999998,367.79999999999995,13.7,-0.6000000000000014,14.033333333333333,14.3
NH15 Crossing Fakirpara Tangni,DARRANG,26.50833333,92.11638889,2025-04-06 17:00:00,4,96,61.3,61.3,183.89999999999998,367.79999999999995,13.2,-0.5,13.733333333333333,14.3
NH15 Crossing Fakirpara Tangni,DARRANG,26.50833333,92.11638889,2025-04-06 18:00:00,4,96,61.3,61.3,183.89999999999998,367.79999999999995,12.8,-0.3999999999999986,13.233333333333334,14.3
NH15 Crossing Fakirpara Tangni,DARRANG,26.50833333,92.11638889,2025-04-06 19:00:00,4,96,61.3,61.3,183.89999999999998,367.79999999999995,12.7,-0.10000000000000142,12.899999999999999,14.3
NH15 Crossing Fakirpara Tangni,DARRANG,26.50833333,92.11638889,2025-04-06 20:00:00,4,96,61.3,61.3,183.89999999999998,367.79999999999995,12.7,0.0,12.733333333333334,14.3
NH15 Crossing Fakirpara Tangni,DARRANG,26.50833333,92.11638889,2025-04-06 21:00:00,4,96,61.3,61.3,183.89999999999998,367.79999999999995,12.7,0.0,12.7,13.7
NH15 Crossing Fakirpara Tangni,DARRANG,26.50833333,92.11638889,2025-04-06 22:00:00,4,96,61.3,61.3,183.89999999999998,367.79999999999995,12.7,0.0,12.7,13.2
NH15 Crossing Fakirpara Tangni,DARRANG,26.50833333,92.11638889,2025-04-06 23:00:00,4,96,61.3,61.3,183.89999999999998,367.79999999999995,12.7,0.0,12.7,12.8
NH15 Crossing Fakirpara Tangni,DARRANG,26.50833333,92.11638889,2025-04-07 00:00:00,4,97,61.3,61.3,183.89999999999998,367.79999999999995,12.6,-0.09999999999999964,12.666666666666666,12.7
NH15 Crossing Fakirpara Tangni,DARRANG,26.50833333,92.11638889,2025-04-07 01:00:00,4,97,61.3,61.3,183.89999999999998,367.79999999999995,12.6,0.0,12.633333333333333,12.7
NH15 Crossing Fakirpara Tangni,DARRANG,26.50833333,92.11638889,2025-04-07 02:00:00,4,97,61.3,61.3,183.89999999999998,367.79999999999995,12.6,0.0,12.6,12.7
NH15 Crossing Fakirpara Tangni,DARRANG,26.50833333,92.11638889,2025-04-07 03:00:00,4,97,61.3,61.3,183.89999999999998,367.79999999999995,12.6,0.0,12.6,12.7
NH15 Crossing Fakirpara Tangni,DARRANG,26.50833333,92.11638889,2025-04-07 04:00:00,4,97,61.3,61.3,183.89999999999998,367.79999999999995,12.6,0.0,12.6,12.7
NH15 Crossing Fakirpara Tangni,DARRANG,26.50833333,92.11638889,2025-04-07 05:00:00,4,97,61.3,61.3,183.89999999999998,367.79999999999995,12.6,0.0,12.6,12.6
NH15 Crossing Fakirpara Tangni,DARRANG,26.50833333,92.11638889,2025-04-07 06:00:00,4,97,61.3,61.3,183.89999999999998,367.79999999999995,12.6,0.0,12.6,12.6
NH15 Crossing Fakirpara Tangni,DARRANG,26.50833333,92.11638889,2025-04-07 07:00:00,4,97,61.3,61.3,183.89999999999998,367.79999999999995,13.0,0.40000000000000036,12.733333333333334,13.0
NH15 Crossing Fakirpara Tangni,DARRANG,26.50833333,92.11638889,2025-04-07 08:00:00,4,97,61.3,61.3,183.89999999999998,367.79999999999995,13.7,0.6999999999999993,13.1,13.7
NH15 Crossing Fakirpara Tangni,DARRANG,26.50833333,92.11638889,2025-04-07 09:00:00,4,97,61.3,61.3,183.89999999999998,367.79999999999995,14.3,0.6000000000000014,13.666666666666666,14.3
NH15 Crossing Fakirpara Tangni,DARRANG,26.50833333,92.11638889,2025-04-07 10:00:00,4,97,61.3,61.3,183.89999999999998,367.79999999999995,14.2,-0.10000000000000142,14.066666666666668,14.3
NH15 Crossing Fakirpara Tangni,DARRANG,26.50833333,92.11638889,2025-04-07 11:00:00,4,97,61.3,61.3,183.89999999999998,367.79999999999995,14.3,0.10000000000000142,14.266666666666666,14.3
NH15 Crossing Fakirpara Tangni,DARRANG,26.50833333,92.11638889,2025-04-07 12:00:00,4,97,61.3,61.3,183.89999999999998,367.79999999999995,14.1,-0.20000000000000107,14.200000000000001,14.3
NH15 Crossing Fakirpara Tangni,DARRANG,26.50833333,92.11638889,2025-04-07 13:00:00,4,97,61.3,61.3,183.89999999999998,367.79999999999995,14.3,0.20000000000000107,14.233333333333334,14.3
NH15 Crossing Fakirpara Tangni,DARRANG,26.50833333,92.11638889,2025-04-07 14:00:00,4,97,61.3,61.3,183.89999999999998,367.79999999999995,14.3,0.0,14.233333333333334,14.3
NH15 Crossing Fakirpara Tangni,DARRANG,26.50833333,92.11638889,2025-04-07 15:00:00,4,97,61.3,61.3,183.89999999999998,367.79999999999995,14.1,-0.20000000000000107,14.233333333333334,14.3
NH15 Crossing Fakirpara Tangni,DARRANG,26.50833333,92.11638889,2025-04-07 16:00:00,4,97,61.3,61.3,183.89999999999998,367.79999999999995,13.9,-0.1999999999999993,14.100000000000001,14.3
NH15 Crossing Fakirpara Tangni,DARRANG,26.50833333,92.11638889,2025-04-07 17:00:00,4,97,66.8,61.3,189.39999999999998,373.3,12.2,-1.700000000000001,13.399999999999999,14.3
NH15 Crossing Fakirpara Tangni,DARRANG,26.50833333,92.11638889,2025-04-07 18:00:00,4,97,61.3,66.8,189.39999999999998,373.29999999999995,11.9,-0.29999999999999893,12.666666666666666,14.3
NH15 Crossing Fakirpara Tangni,DARRANG,26.50833333,92.11638889,2025-04-07 19:00:00,4,97,61.3,61.3,189.39999999999998,373.29999999999995,12.7,0.7999999999999989,12.266666666666666,14.3
NH15 Crossing Fakirpara Tangni,DARRANG,26.50833333,92.11638889,2025-04-07 20:00:00,4,97,61.3,61.3,183.89999999999998,373.3,12.3,-0.3999999999999986,12.299999999999999,14.1
NH15 Crossing Fakirpara Tangni,DARRANG,26.50833333,92.11638889,2025-04-07 21:00:00,4,97,61.3,61.3,183.89999999999998,373.3,12.7,0.3999999999999986,12.566666666666668,13.9
NH15 Crossing Fakirpara Tangni,DARRANG,26.50833333,92.11638889,2025-04-07 22:00:00,4,97,61.3,61.3,183.89999999999998,373.29999999999995,12.7,0.0,12.566666666666668,12.7
NH15 Crossing Fakirpara Tangni,DARRANG,26.50833333,92.11638889,2025-04-07 23:00:00,4,97,61.3,61.3,183.89999999999998,367.79999999999995,11.4,-1.299999999999999,12.266666666666666,12.7
NH15 Crossing Fakirpara Tangni,DARRANG,26.50833333,92.11638889,2025-04-08 01:00:00,4,98,61.3,61.3,183.89999999999998,367.79999999999995,12.6,1.1999999999999993,12.233333333333334,12.7
NH15 Crossing Fakirpara Tangni,DARRANG,26.50833333,92.11638889,2025-04-08 02:00:00,4,98,61.3,61.3,183.89999999999998,367.79999999999995,12.6,0.0,12.200000000000001,12.7
NH15 Crossing Fakirpara Tangni,DARRANG,26.50833333,92.11638889,2025-04-08 03:00:00,4,98,61.3,61.3,183.89999999999998,367.79999999999995,12.6,0.0,12.6,12.7
NH15 Crossing Fakirpara Tangni,DARRANG,26.50833333,92.11638889,2025-04-08 04:00:00,4,98,61.3,61.3,183.89999999999998,367.79999999999995,12.6,0.0,12.6,12.7
NH15 Crossing Fakirpara Tangni,DARRANG,26.50833333,92.11638889,2025-04-08 05:00:00,4,98,61.3,61.3,183.89999999999998,367.79999999999995,12.6,0.0,12.6,12.6
NH15 Crossing Fakirpara Tangni,DARRANG,26.50833333,92.11638889,2025-04-08 06:00:00,4,98,61.3,61.3,183.89999999999998,367.79999999999995,12.7,0.09999999999999964,12.633333333333333,12.7
NH15 Crossing Fakirpara Tangni,DARRANG,26.50833333,92.11638889,2025-04-08 07:00:00,4,98,61.3,61.3,183.89999999999998,367.79999999999995,13.1,0.40000000000000036,12.799999999999999,13.1
NH15 Crossing Fakirpara Tangni,DARRANG,26.50833333,92.11638889,2025-04-08 08:00:00,4,98,61.3,61.3,183.89999999999998,367.79999999999995,13.7,0.5999999999999996,13.166666666666666,13.7
NH15 Crossing Fakirpara Tangni,DARRANG,26.50833333,92.11638889,2025-04-08 09:00:00,4,98,61.3,61.3,183.89999999999998,367.79999999999995,14.3,0.6000000000000014,13.700000000000001,14.3
NH15 Crossing Fakirpara Tangni,DARRANG,26.50833333,92.11638889,2025-04-08 10:00:00,4,98,61.3,61.3,183.89999999999998,367.79999999999995,14.1,-0.20000000000000107,14.033333333333331,14.3
NH15 Crossing Fakirpara Tangni,DARRANG,26.50833333,92.11638889,2025-04-08 11:00:00,4,98,61.3,61.3,183.89999999999998,367.79999999999995,14.2,0.09999999999999964,14.200000000000001,14.3
NH15 Crossing Fakirpara Tangni,DARRANG,26.50833333,92.11638889,2025-04-08 12:00:00,4,98,61.3,61.3,183.89999999999998,367.79999999999995,14.1,-0.09999999999999964,14.133333333333333,14.3
NH15 Crossing Fakirpara Tangni,DARRANG,26.50833333,92.11638889,2025-04-08 13:00:00,4,98,61.3,61.3,183.89999999999998,367.79999999999995,14.2,0.09999999999999964,14.166666666666666,14.3
NH15 Crossing Fakirpara Tangni,DARRANG,26.50833333,92.11638889,2025-04-08 14:00:00,4,98,61.3,61.3,183.89999999999998,367.79999999999995,14.3,0.10000000000000142,14.200000000000001,14.3
NH15 Crossing Fakirpara Tangni,DARRANG,26.50833333,92.11638889,2025-04-08 15:00:00,4,98,61.3,61.3,183.89999999999998,367.79999999999995,14.2,-0.10000000000000142,14.233333333333333,14.3
NH15 Crossing Fakirpara Tangni,DARRANG,26.50833333,92.11638889,2025-04-08 16:00:00,4,98,61.3,61.3,183.89999999999998,367.79999999999995,13.8,-0.3999999999999986,14.100000000000001,14.3
NH15 Crossing Fakirpara Tangni,DARRANG,26.50833333,92.11638889,2025-04-08 17:00:00,4,98,61.3,61.3,183.89999999999998,367.79999999999995,13.1,-0.7000000000000011,13.699999999999998,14.3
NH15 Crossing Fakirpara Tangni,DARRANG,26.50833333,92.11638889,2025-04-08 19:00:00,4,98,61.3,61.3,183.89999999999998,367.79999999999995,12.4,-0.6999999999999993,13.100000000000001,14.3
NH15 Crossing Fakirpara Tangni,DARRANG,26.50833333,92.11638889,2025-04-08 20:00:00,4,98,61.3,61.3,183.89999999999998,367.79999999999995,12.7,0.29999999999999893,12.733333333333333,14.3
NH15 Crossing Fakirpara Tangni,DARRANG,26.50833333,92.11638889,2025-04-08 22:00:00,4,98,61.3,61.3,183.89999999999998,367.79999999999995,12.4,-0.29999999999999893,12.5,14.2
NH15 Crossing Fakirpara Tangni,DARRANG,26.50833333,92.11638889,2025-04-09 00:00:00,4,99,61.3,61.3,183.89999999999998,367.79999999999995,12.4,0.0,12.5,13.8
NH15 Crossing Fakirpara Tangni,DARRANG,26.50833333,92.11638889,2025-04-09 01:00:00,4,99,61.3,61.3,183.89999999999998,367.79999999999995,12.5,0.09999999999999964,12.433333333333332,13.1
NH15 Crossing Fakirpara Tangni,DARRANG,26.50833333,92.11638889,2025-04-09 02:00:00,4,99,61.3,61.3,183.89999999999998,367.79999999999995,12.4,-0.09999999999999964,12.433333333333332,12.7
NH15 Crossing Fakirpara Tangni,DARRANG,26.50833333,92.11638889,2025-04-09 03:00:00,4,99,61.3,61.3,183.89999999999998,367.79999999999995,12.6,0.1999999999999993,12.5,12.7
NH15 Crossing Fakirpara Tangni,DARRANG,26.50833333,92.11638889,2025-04-09 04:00:00,4,99,66.8,61.3,189.39999999999998,373.3,12.6,0.0,12.533333333333333,12.6
NH15 Crossing Fakirpara Tangni,DARRANG,26.50833333,92.11638889,2025-04-09 05:00:00,4,99,61.3,66.8,189.39999999999998,373.3,12.6,0.0,12.6,12.6
NH15 Crossing Fakirpara Tangni,DARRANG,26.50833333,92.11638889,2025-04-09 06:00:00,4,99,61.3,61.3,189.39999999999998,373.29999999999995,12.6,0.0,12.6,12.6
NH15 Crossing Fakirpara Tangni,DARRANG,26.50833333,92.11638889,2025-04-09 07:00:00,4,99,61.3,61.3,183.89999999999998,373.29999999999995,12.6,0.0,12.6,12.6
NH15 Crossing Fakirpara Tangni,DARRANG,26.50833333,92.11638889,2025-04-09 08:00:00,4,99,61.3,61.3,183.89999999999998,373.3,12.6,0.0,12.6,12.6
NH15 Crossing Fakirpara Tangni,DARRANG,26.50833333,92.11638889,2025-04-09 09:00:00,4,99,61.3,61.3,183.89999999999998,373.3,12.7,0.09999999999999964,12.633333333333333,12.7
NH15 Crossing Fakirpara Tangni,DARRANG,26.50833333,92.11638889,2025-04-09 10:00:00,4,99,61.3,61.3,183.89999999999998,367.79999999999995,12.9,0.20000000000000107,12.733333333333333,12.9
NH15 Crossing Fakirpara Tangni,DARRANG,26.50833333,92.11638889,2025-04-09 11:00:00,4,99,61.3,61.3,183.89999999999998,367.79999999999995,14.0,1.0999999999999996,13.200000000000001,14.0
NH15 Crossing Fakirpara Tangni,DARRANG,26.50833333,92.11638889,2025-04-09 12:00:00,4,99,61.3,61.3,183.89999999999998,367.79999999999995,14.3,0.3000000000000007,13.733333333333334,14.3
NH15 Crossing Fakirpara Tangni,DARRANG,26.50833333,92.11638889,2025-04-09 13:00:00,4,99,61.3,61.3,183.89999999999998,367.79999999999995,14.2,-0.10000000000000142,14.166666666666666,14.3
NH15 Crossing Fakirpara Tangni,DARRANG,26.50833333,92.11638889,2025-04-09 14:00:00,4,99,61.3,61.3,183.89999999999998,367.79999999999995,14.1,-0.09999999999999964,14.200000000000001,14.3
NH15 Crossing Fakirpara Tangni,DARRANG,26.50833333,92.11638889,2025-04-09 15:00:00,4,99,61.3,61.3,183.89999999999998,367.79999999999995,14.2,0.09999999999999964,14.166666666666666,14.3
NH15 Crossing Fakirpara Tangni,DARRANG,26.50833333,92.11638889,2025-04-09 16:00:00,4,99,66.8,61.3,189.39999999999998,373.3,13.1,-1.0999999999999996,13.799999999999999,14.3
NH15 Crossing Fakirpara Tangni,DARRANG,26.50833333,92.11638889,2025-04-09 17:00:00,4,99,61.3,66.8,189.39999999999998,373.3,12.5,-0.5999999999999996,13.266666666666666,14.3
NH15 Crossing Fakirpara Tangni,DARRANG,26.50833333,92.11638889,2025-04-10 01:00:00,4,100,61.3,61.3,189.39999999999998,373.29999999999995,12.7,0.1999999999999993,12.766666666666666,14.2
NH15 Crossing Fakirpara Tangni,DARRANG,26.50833333,92.11638889,2025-04-10 02:00:00,4,100,61.3,61.3,183.89999999999998,373.29999999999995,12.7,0.0,12.633333333333333,14.2
NH15 Crossing Fakirpara Tangni,DARRANG,26.50833333,92.11638889,2025-04-10 03:00:00,4,100,61.3,61.3,183.89999999999998,373.3,12.0,-0.6999999999999993,12.466666666666667,14.2
NH15 Crossing Fakirpara Tangni,DARRANG,26.50833333,92.11638889,2025-04-10 04:00:00,4,100,61.3,61.3,183.89999999999998,373.3,12.0,0.0,12.233333333333334,13.1
NH15 Crossing Fakirpara Tangni,DARRANG,26.50833333,92.11638889,2025-04-10 05:00:00,4,100,61.3,61.3,183.89999999999998,367.79999999999995,12.7,0.6999999999999993,12.233333333333333,12.7
NH15 Crossing Fakirpara Tangni,DARRANG,26.50833333,92.11638889,2025-04-10 06:00:00,4,100,61.3,61.3,183.89999999999998,367.79999999999995,12.8,0.10000000000000142,12.5,12.8
NH15 Crossing Fakirpara Tangni,DARRANG,26.50833333,92.11638889,2025-04-10 07:00:00,4,100,61.3,61.3,183.89999999999998,367.79999999999995,13.5,0.6999999999999993,13.0,13.5
NH15 Crossing Fakirpara Tangni,DARRANG,26.50833333,92.11638889,2025-04-10 08:00:00,4,100,61.3,61.3,183.89999999999998,367.79999999999995,14.2,0.6999999999999993,13.5,14.2
NH15 Crossing Fakirpara Tangni,DARRANG,26.50833333,92.11638889,2025-04-10 09:00:00,4,100,61.3,61.3,183.89999999999998,367.79999999999995,14.1,-0.09999999999999964,13.933333333333332,14.2
NH15 Crossing Fakirpara Tangni,DARRANG,26.50833333,92.11638889,2025-04-10 10:00:00,4,100,61.3,61.3,183.89999999999998,367.79999999999995,14.1,0.0,14.133333333333333,14.2
NH15 Crossing Fakirpara Tangni,DARRANG,26.50833333,92.11638889,2025-04-10 11:00:00,4,100,61.3,61.3,183.89999999999998,367.79999999999995,14.2,0.09999999999999964,14.133333333333333,14.2
NH15 Crossing Fakirpara Tangni,DARRANG,26.50833333,92.11638889,2025-04-10 12:00:00,4,100,61.3,61.3,183.89999999999998,367.79999999999995,14.1,-0.09999999999999964,14.133333333333333,14.2
NH15 Crossing Fakirpara Tangni,DARRANG,26.50833333,92.11638889,2025-04-10 13:00:00,4,100,61.3,61.3,183.89999999999998,367.79999999999995,14.1,0.0,14.133333333333333,14.2
NH15 Crossing Fakirpara Tangni,DARRANG,26.50833333,92.11638889,2025-04-10 14:00:00,4,100,66.8,61.3,189.39999999999998,373.29999999999995,13.8,-0.29999999999999893,14.0,14.2
NH15 Crossing Fakirpara Tangni,DARRANG,26.50833333,92.11638889,2025-04-10 15:00:00,4,100,66.8,66.8,194.89999999999998,378.8,13.3,-0.5,13.733333333333334,14.2
NH15 Crossing Fakirpara Tangni,DARRANG,26.50833333,92.11638889,2025-04-10 16:00:00,4,100,66.8,66.8,200.39999999999998,384.3,13.2,-0.10000000000000142,13.433333333333332,14.2
NH15 Crossing Fakirpara Tangni,DARRANG,26.50833333,92.11638889,2025-04-10 17:00:00,4,100,66.8,66.8,200.39999999999998,389.79999999999995,13.9,0.7000000000000011,13.466666666666669,14.1
NH15 Crossing Fakirpara Tangni,DARRANG,26.50833333,92.11638889,2025-04-10 19:00:00,4,100,66.8,66.8,200.39999999999998,395.29999999999995,12.7,-1.200000000000001,13.266666666666666,14.1
NH15 Crossing Fakirpara Tangni,DARRANG,26.50833333,92.11638889,2025-04-10 20:00:00,4,100,66.8,66.8,200.39999999999998,400.79999999999995,12.6,-0.09999999999999964,13.066666666666668,13.9
NH15 Crossing Fakirpara Tangni,DARRANG,26.50833333,92.11638889,2025-04-10 22:00:00,4,100,66.8,66.8,200.39999999999998,400.79999999999995,12.7,0.09999999999999964,12.666666666666666,13.9
NH15 Crossing Fakirpara Tangni,DARRANG,26.50833333,92.11638889,2025-04-10 23:00:00,4,100,66.8,66.8,200.39999999999998,400.79999999999995,12.4,-0.29999999999999893,12.566666666666668,13.9
NH15 Crossing Fakirpara Tangni,DARRANG,26.50833333,92.11638889,2025-04-11 00:00:00,4,101,66.8,66.8,200.39999999999998,400.79999999999995,12.4,0.0,12.5,13.9
NH15 Crossing Fakirpara Tangni,DARRANG,26.50833333,92.11638889,2025-04-11 01:00:00,4,101,66.8,66.8,200.39999999999998,400.79999999999995,12.6,0.1999999999999993,12.466666666666669,12.7
NH15 Crossing Fakirpara Tangni,DARRANG,26.50833333,92.11638889,2025-04-11 02:00:00,4,101,66.8,66.8,200.39999999999998,400.79999999999995,12.6,0.0,12.533333333333333,12.7
NH15 Crossing Fakirpara Tangni,DARRANG,26.50833333,92.11638889,2025-04-11 03:00:00,4,101,66.8,66.8,200.39999999999998,400.79999999999995,12.6,0.0,12.6,12.7
NH15 Crossing Fakirpara Tangni,DARRANG,26.50833333,92.11638889,2025-04-11 04:00:00,4,101,66.8,66.8,200.39999999999998,400.79999999999995,12.4,-0.1999999999999993,12.533333333333333,12.6
NH15 Crossing Fakirpara Tangni,DARRANG,26.50833333,92.11638889,2025-04-11 06:00:00,4,101,66.8,66.8,200.39999999999998,400.79999999999995,12.6,0.1999999999999993,12.533333333333331,12.6
NH15 Crossing Fakirpara Tangni,DARRANG,26.50833333,92.11638889,2025-04-11 07:00:00,4,101,66.8,66.8,200.39999999999998,400.79999999999995,12.9,0.3000000000000007,12.633333333333333,12.9
NH15 Crossing Fakirpara Tangni,DARRANG,26.50833333,92.11638889,2025-04-11 08:00:00,4,101,66.8,66.8,200.39999999999998,400.79999999999995,13.6,0.6999999999999993,13.033333333333333,13.6
NH15 Crossing Fakirpara Tangni,DARRANG,26.50833333,92.11638889,2025-04-11 09:00:00,4,101,66.8,66.8,200.39999999999998,400.79999999999995,13.9,0.3000000000000007,13.466666666666667,13.9
NH15 Crossing Fakirpara Tangni,DARRANG,26.50833333,92.11638889,2025-04-11 10:00:00,4,101,66.8,66.8,200.39999999999998,400.79999999999995,13.8,-0.09999999999999964,13.766666666666667,13.9
NH15 Crossing Fakirpara Tangni,DARRANG,26.50833333,92.11638889,2025-04-11 11:00:00,4,101,66.8,66.8,200.39999999999998,400.79999999999995,14.2,0.3999999999999986,13.966666666666667,14.2
NH15 Crossing Fakirpara Tangni,DARRANG,26.50833333,92.11638889,2025-04-11 12:00:00,4,101,66.8,66.8,200.39999999999998,400.79999999999995,14.1,-0.09999999999999964,14.033333333333333,14.2
NH15 Crossing Fakirpara Tangni,DARRANG,26.50833333,92.11638889,2025-04-11 13:00:00,4,101,66.8,66.8,200.39999999999998,400.79999999999995,14.1,0.0,14.133333333333333,14.2
NH15 Crossing Fakirpara Tangni,DARRANG,26.50833333,92.11638889,2025-04-11 14:00:00,4,101,66.8,66.8,200.39999999999998,400.79999999999995,14.2,0.09999999999999964,14.133333333333333,14.2
NH15 Crossing Fakirpara Tangni,DARRANG,26.50833333,92.11638889,2025-04-11 15:00:00,4,101,66.8,66.8,200.39999999999998,400.79999999999995,14.1,-0.09999999999999964,14.133333333333333,14.2
NH15 Crossing Fakirpara Tangni,DARRANG,26.50833333,92.11638889,2025-04-11 16:00:00,4,101,66.8,66.8,200.39999999999998,400.79999999999995,13.8,-0.29999999999999893,14.033333333333331,14.2
NH15 Crossing Fakirpara Tangni,DARRANG,26.50833333,92.11638889,2025-04-11 17:00:00,4,101,66.8,66.8,200.39999999999998,400.79999999999995,12.7,-1.1000000000000014,13.533333333333333,14.2
NH15 Crossing Fakirpara Tangni,DARRANG,26.50833333,92.11638889,2025-04-11 19:00:00,4,101,66.8,66.8,200.39999999999998,400.79999999999995,12.8,0.10000000000000142,13.1,14.2
NH15 Crossing Fakirpara Tangni,DARRANG,26.50833333,92.11638889,2025-04-11 20:00:00,4,101,66.8,66.8,200.39999999999998,400.79999999999995,12.4,-0.40000000000000036,12.633333333333333,14.2
NH15 Crossing Fakirpara Tangni,DARRANG,26.50833333,92.11638889,2025-04-11 21:00:00,4,101,66.8,66.8,200.39999999999998,400.79999999999995,11.5,-0.9000000000000004,12.233333333333334,14.1
NH15 Crossing Fakirpara Tangni,DARRANG,26.50833333,92.11638889,2025-04-11 22:00:00,4,101,66.8,66.8,200.39999999999998,400.79999999999995,12.7,1.1999999999999993,12.200000000000001,13.8
NH15 Crossing Fakirpara Tangni,DARRANG,26.50833333,92.11638889,2025-04-11 23:00:00,4,101,66.8,66.8,200.39999999999998,400.79999999999995,13.0,0.3000000000000007,12.4,13.0
NH15 Crossing Fakirpara Tangni,DARRANG,26.50833333,92.11638889,2025-04-12 01:00:00,4,102,66.8,66.8,200.39999999999998,400.79999999999995,12.5,-0.5,12.733333333333334,13.0
NH15 Crossing Fakirpara Tangni,DARRANG,26.50833333,92.11638889,2025-04-12 02:00:00,4,102,66.8,66.8,200.39999999999998,400.79999999999995,12.6,0.09999999999999964,12.699999999999998,13.0
NH15 Crossing Fakirpara Tangni,DARRANG,26.50833333,92.11638889,2025-04-12 03:00:00,4,102,66.8,66.8,200.39999999999998,400.79999999999995,12.6,0.0,12.566666666666665,13.0
NH15 Crossing Fakirpara Tangni,DARRANG,26.50833333,92.11638889,2025-04-12 04:00:00,4,102,66.8,66.8,200.39999999999998,400.79999999999995,12.6,0.0,12.6,13.0
NH15 Crossing Fakirpara Tangni,DARRANG,26.50833333,92.11638889,2025-04-12 05:00:00,4,102,66.8,66.8,200.39999999999998,400.79999999999995,12.5,-0.09999999999999964,12.566666666666668,13.0
NH15 Crossing Fakirpara Tangni,DARRANG,26.50833333,92.11638889,2025-04-12 06:00:00,4,102,66.8,66.8,200.39999999999998,400.79999999999995,12.7,0.1999999999999993,12.6,12.7
NH15 Crossing Fakirpara Tangni,DARRANG,26.50833333,92.11638889,2025-04-12 07:00:00,4,102,66.8,66.8,200.39999999999998,400.79999999999995,13.4,0.7000000000000011,12.866666666666667,13.4
NH15 Crossing Fakirpara Tangni,DARRANG,26.50833333,92.11638889,2025-04-12 08:00:00,4,102,66.8,66.8,200.39999999999998,400.79999999999995,14.1,0.6999999999999993,13.4,14.1
NH15 Crossing Fakirpara Tangni,DARRANG,26.50833333,92.11638889,2025-04-12 09:00:00,4,102,66.8,66.8,200.39999999999998,400.79999999999995,14.1,0.0,13.866666666666667,14.1
NH15 Crossing Fakirpara Tangni,DARRANG,26.50833333,92.11638889,2025-04-12 10:00:00,4,102,66.8,66.8,200.39999999999998,400.79999999999995,14.3,0.20000000000000107,14.166666666666666,14.3
NH15 Crossing Fakirpara Tangni,DARRANG,26.50833333,92.11638889,2025-04-12 11:00:00,4,102,66.8,66.8,200.39999999999998,400.79999999999995,14.3,0.0,14.233333333333334,14.3
NH15 Crossing Fakirpara Tangni,DARRANG,26.50833333,92.11638889,2025-04-12 12:00:00,4,102,66.8,66.8,200.39999999999998,400.79999999999995,14.1,-0.20000000000000107,14.233333333333334,14.3
NH15 Crossing Fakirpara Tangni,DARRANG,26.50833333,92.11638889,2025-04-12 13:00:00,4,102,66.8,66.8,200.39999999999998,400.79999999999995,14.1,0.0,14.166666666666666,14.3
NH15 Crossing Fakirpara Tangni,DARRANG,26.50833333,92.11638889,2025-04-12 14:00:00,4,102,61.3,66.8,194.89999999999998,395.29999999999995,14.3,0.20000000000000107,14.166666666666666,14.3
NH15 Crossing Fakirpara Tangni,DARRANG,26.50833333,92.11638889,2025-04-12 15:00:00,4,102,61.3,61.3,189.39999999999998,389.79999999999995,13.9,-0.40000000000000036,14.1,14.3
NH15 Crossing Fakirpara Tangni,DARRANG,26.50833333,92.11638889,2025-04-12 16:00:00,4,102,61.3,61.3,183.89999999999998,384.3,13.9,0.0,14.033333333333333,14.3
NH15 Crossing Fakirpara Tangni,DARRANG,26.50833333,92.11638889,2025-04-12 17:00:00,4,102,61.3,61.3,183.89999999999998,378.8,13.6,-0.3000000000000007,13.800000000000002,14.3
NH15 Crossing Fakirpara Tangni,DARRANG,26.50833333,92.11638889,2025-04-12 18:00:00,4,102,66.8,61.3,189.39999999999998,378.79999999999995,13.0,-0.5999999999999996,13.5,14.3
NH15 Crossing Fakirpara Tangni,DARRANG,26.50833333,92.11638889,2025-04-12 19:00:00,4,102,66.8,66.8,194.89999999999998,378.79999999999995,12.8,-0.1999999999999993,13.133333333333335,14.3
NH15 Crossing Fakirpara Tangni,DARRANG,26.50833333,92.11638889,2025-04-12 20:00:00,4,102,66.8,66.8,200.39999999999998,384.3,12.7,-0.10000000000000142,12.833333333333334,13.9
NH15 Crossing Fakirpara Tangni,DARRANG,26.50833333,92.11638889,2025-04-12 21:00:00,4,102,66.8,66.8,200.39999999999998,389.8,12.7,0.0,12.733333333333334,13.9
NH15 Crossing Fakirpara Tangni,DARRANG,26.50833333,92.11638889,2025-04-12 22:00:00,4,102,66.8,66.8,200.39999999999998,395.29999999999995,12.7,0.0,12.7,13.6
NH15 Crossing Fakirpara Tangni,DARRANG,26.50833333,92.11638889,2025-04-12 23:00:00,4,102,66.8,66.8,200.39999999999998,400.79999999999995,12.7,0.0,12.7,13.0
NH15 Crossing Fakirpara Tangni,DARRANG,26.50833333,92.11638889,2025-04-13 00:00:00,4,103,66.8,66.8,200.39999999999998,400.79999999999995,12.7,0.0,12.7,12.8
NH15 Crossing Fakirpara Tangni,DARRANG,26.50833333,92.11638889,2025-04-13 01:00:00,4,103,66.8,66.8,200.39999999999998,400.79999999999995,12.6,-0.09999999999999964,12.666666666666666,12.7
NH15 Crossing Fakirpara Tangni,DARRANG,26.50833333,92.11638889,2025-04-13 02:00:00,4,103,66.8,66.8,200.39999999999998,400.79999999999995,12.6,0.0,12.633333333333333,12.7
NH15 Crossing Fakirpara Tangni,DARRANG,26.50833333,92.11638889,2025-04-13 03:00:00,4,103,66.8,66.8,200.39999999999998,400.79999999999995,12.6,0.0,12.6,12.7
NH15 Crossing Fakirpara Tangni,DARRANG,26.50833333,92.11638889,2025-04-13 04:00:00,4,103,66.8,66.8,200.39999999999998,400.79999999999995,12.6,0.0,12.6,12.7
NH15 Crossing Fakirpara Tangni,DARRANG,26.50833333,92.11638889,2025-04-13 05:00:00,4,103,66.8,66.8,200.39999999999998,400.79999999999995,12.6,0.0,12.6,12.7
NH15 Crossing Fakirpara Tangni,DARRANG,26.50833333,92.11638889,2025-04-13 06:00:00,4,103,66.8,66.8,200.39999999999998,400.79999999999995,13.0,0.40000000000000036,12.733333333333333,13.0
NH15 Crossing Fakirpara Tangni,DARRANG,26.50833333,92.11638889,2025-04-13 07:00:00,4,103,66.8,66.8,200.39999999999998,400.79999999999995,13.3,0.3000000000000007,12.966666666666667,13.3
NH15 Crossing Fakirpara Tangni,DARRANG,26.50833333,92.11638889,2025-04-13 08:00:00,4,103,66.8,66.8,200.39999999999998,400.79999999999995,13.6,0.29999999999999893,13.299999999999999,13.6
NH15 Crossing Fakirpara Tangni,DARRANG,26.50833333,92.11638889,2025-04-13 09:00:00,4,103,66.8,66.8,200.39999999999998,400.79999999999995,13.6,0.0,13.5,13.6
NH15 Crossing Fakirpara Tangni,DARRANG,26.50833333,92.11638889,2025-04-13 10:00:00,4,103,66.8,66.8,200.39999999999998,400.79999999999995,12.9,-0.6999999999999993,13.366666666666667,13.6
NH15 Crossing Fakirpara Tangni,DARRANG,26.50833333,92.11638889,2025-04-13 11:00:00,4,103,66.8,66.8,200.39999999999998,400.79999999999995,14.4,1.5,13.633333333333333,14.4
NH15 Crossing Fakirpara Tangni,DARRANG,26.50833333,92.11638889,2025-04-13 12:00:00,4,103,66.8,66.8,200.39999999999998,400.79999999999995,14.3,-0.09999999999999964,13.866666666666667,14.4
NH15 Crossing Fakirpara Tangni,DARRANG,26.50833333,92.11638889,2025-04-13 13:00:00,4,103,66.8,66.8,200.39999999999998,400.79999999999995,14.3,0.0,14.333333333333334,14.4
NH15 Crossing Fakirpara Tangni,DARRANG,26.50833333,92.11638889,2025-04-13 14:00:00,4,103,66.8,66.8,200.39999999999998,400.79999999999995,14.2,-0.10000000000000142,14.266666666666667,14.4
NH15 Crossing Fakirpara Tangni,DARRANG,26.50833333,92.11638889,2025-04-13 15:00:00,4,103,66.8,66.8,200.39999999999998,400.79999999999995,14.0,-0.1999999999999993,14.166666666666666,14.4
NH15 Crossing Fakirpara Tangni,DARRANG,26.50833333,92.11638889,2025-04-13 16:00:00,4,103,66.8,66.8,200.39999999999998,400.79999999999995,13.8,-0.1999999999999993,14.0,14.4
NH15 Crossing Fakirpara Tangni,DARRANG,26.50833333,92.11638889,2025-04-13 17:00:00,4,103,66.8,66.8,200.39999999999998,400.79999999999995,12.7,-1.1000000000000014,13.5,14.3
NH15 Crossing Fakirpara Tangni,DARRANG,26.50833333,92.11638889,2025-04-13 18:00:00,4,103,66.8,66.8,200.39999999999998,400.79999999999995,12.9,0.20000000000000107,13.133333333333333,14.3
NH15 Crossing Fakirpara Tangni,DARRANG,26.50833333,92.11638889,2025-04-13 19:00:00,4,103,66.8,66.8,200.39999999999998,400.79999999999995,12.5,-0.40000000000000036,12.700000000000001,14.2
NH15 Crossing Fakirpara Tangni,DARRANG,26.50833333,92.11638889,2025-04-13 22:00:00,4,103,66.8,66.8,200.39999999999998,400.79999999999995,12.7,0.1999999999999993,12.699999999999998,14.0
NH15 Crossing Fakirpara Tangni,DARRANG,26.50833333,92.11638889,2025-04-14 00:00:00,4,104,66.8,66.8,200.39999999999998,400.79999999999995,12.6,-0.09999999999999964,12.6,13.8
NH15 Crossing Fakirpara Tangni,DARRANG,26.50833333,92.11638889,2025-04-14 01:00:00,4,104,66.8,66.8,200.39999999999998,400.79999999999995,12.3,-0.29999999999999893,12.533333333333333,12.9
NH15 Crossing Fakirpara Tangni,DARRANG,26.50833333,92.11638889,2025-04-14 02:00:00,4,104,66.8,66.8,200.39999999999998,400.79999999999995,12.1,-0.20000000000000107,12.333333333333334,12.9
NH15 Crossing Fakirpara Tangni,DARRANG,26.50833333,92.11638889,2025-04-14 03:00:00,4,104,66.8,66.8,200.39999999999998,400.79999999999995,12.0,-0.09999999999999964,12.133333333333333,12.7
NH15 Crossing Fakirpara Tangni,DARRANG,26.50833333,92.11638889,2025-04-14 04:00:00,4,104,66.8,66.8,200.39999999999998,400.79999999999995,12.6,0.5999999999999996,12.233333333333334,12.7
NH15 Crossing Fakirpara Tangni,DARRANG,26.50833333,92.11638889,2025-04-14 05:00:00,4,104,66.8,66.8,200.39999999999998,400.79999999999995,12.5,-0.09999999999999964,12.366666666666667,12.6
NH15 Crossing Fakirpara Tangni,DARRANG,26.50833333,92.11638889,2025-04-14 06:00:00,4,104,66.8,66.8,200.39999999999998,400.79999999999995,13.3,0.8000000000000007,12.799999999999999,13.3
NH15 Crossing Fakirpara Tangni,DARRANG,26.50833333,92.11638889,2025-04-14 07:00:00,4,104,66.8,66.8,200.39999999999998,400.79999999999995,14.4,1.0999999999999996,13.4,14.4
NH15 Crossing Fakirpara Tangni,DARRANG,26.50833333,92.11638889,2025-04-14 08:00:00,4,104,66.8,66.8,200.39999999999998,400.79999999999995,13.6,-0.8000000000000007,13.766666666666666,14.4
NH15 Crossing Fakirpara Tangni,DARRANG,26.50833333,92.11638889,2025-04-14 09:00:00,4,104,66.8,66.8,200.39999999999998,400.79999999999995,13.4,-0.1999999999999993,13.800000000000002,14.4
NH15 Crossing Fakirpara Tangni,DARRANG,26.50833333,92.11638889,2025-04-14 10:00:00,4,104,66.8,66.8,200.39999999999998,400.79999999999995,14.1,0.6999999999999993,13.700000000000001,14.4
NH15 Crossing Fakirpara Tangni,DARRANG,26.50833333,92.11638889,2025-04-14 11:00:00,4,104,66.8,66.8,200.39999999999998,400.79999999999995,13.8,-0.29999999999999893,13.766666666666666,14.4
NH15 Crossing Fakirpara Tangni,DARRANG,26.50833333,92.11638889,2025-04-14 12:00:00,4,104,66.8,66.8,200.39999999999998,400.79999999999995,14.1,0.29999999999999893,14.0,14.4
NH15 Crossing Fakirpara Tangni,DARRANG,26.50833333,92.11638889,2025-04-14 13:00:00,4,104,61.3,66.8,194.89999999999998,395.29999999999995,13.9,-0.1999999999999993,13.933333333333332,14.1
NH15 Crossing Fakirpara Tangni,DARRANG,26.50833333,92.11638889,2025-04-14 14:00:00,4,104,61.3,61.3,189.39999999999998,389.79999999999995,13.9,0.0,13.966666666666669,14.1
NH15 Crossing Fakirpara Tangni,DARRANG,26.50833333,92.11638889,2025-04-14 15:00:00,4,104,61.3,61.3,183.89999999999998,384.3,13.9,0.0,13.9,14.1
NH15 Crossing Fakirpara Tangni,DARRANG,26.50833333,92.11638889,2025-04-14 16:00:00,4,104,61.3,61.3,183.89999999999998,378.8,13.6,-0.3000000000000007,13.800000000000002,14.1
NH15 Crossing Fakirpara Tangni,DARRANG,26.50833333,92.11638889,2025-04-14 17:00:00,4,104,66.8,61.3,189.39999999999998,378.79999999999995,13.1,-0.5,13.533333333333333,14.1
NH15 Crossing Fakirpara Tangni,DARRANG,26.50833333,92.11638889,2025-04-14 18:00:00,4,104,66.8,66.8,194.89999999999998,378.79999999999995,12.9,-0.1999999999999993,13.200000000000001,13.9
NH15 Crossing Fakirpara Tangni,DARRANG,26.50833333,92.11638889,2025-04-14 19:00:00,4,104,66.8,66.8,200.39999999999998,384.3,12.7,-0.20000000000000107,12.9,13.9
NH15 Crossing Fakirpara Tangni,DARRANG,26.50833333,92.11638889,2025-04-14 21:00:00,4,104,66.8,66.8,200.39999999999998,389.8,12.7,0.0,12.766666666666666,13.9
NH15 Crossing Fakirpara Tangni,DARRANG,26.50833333,92.11638889,2025-04-14 22:00:00,4,104,66.8,66.8,200.39999999999998,395.29999999999995,12.6,-0.09999999999999964,12.666666666666666,13.6
NH15 Crossing Fakirpara Tangni,DARRANG,26.50833333,92.11638889,2025-04-15 00:00:00,4,105,66.8,66.8,200.39999999999998,400.79999999999995,12.6,0.0,12.633333333333333,13.1
NH15 Crossing Fakirpara Tangni,DARRANG,26.50833333,92.11638889,2025-04-15 01:00:00,4,105,66.8,66.8,200.39999999999998,400.79999999999995,12.5,-0.09999999999999964,12.566666666666668,12.9
NH15 Crossing Fakirpara Tangni,DARRANG,26.50833333,92.11638889,2025-04-15 02:00:00,4,105,66.8,66.8,200.39999999999998,400.79999999999995,12.6,0.09999999999999964,12.566666666666665,12.7
NH15 Crossing Fakirpara Tangni,DARRANG,26.50833333,92.11638889,2025-04-15 03:00:00,4,105,66.8,66.8,200.39999999999998,400.79999999999995,12.6,0.0,12.566666666666668,12.7
NH15 Crossing Fakirpara Tangni,DARRANG,26.50833333,92.11638889,2025-04-15 04:00:00,4,105,66.8,66.8,200.39999999999998,400.79999999999995,12.6,0.0,12.6,12.6
NH15 Crossing Fakirpara Tangni,DARRANG,26.50833333,92.11638889,2025-04-15 06:00:00,4,105,66.8,66.8,200.39999999999998,400.79999999999995,12.6,0.0,12.6,12.6
NH15 Crossing Fakirpara Tangni,DARRANG,26.50833333,92.11638889,2025-04-15 07:00:00,4,105,66.8,66.8,200.39999999999998,400.79999999999995,14.4,1.8000000000000007,13.200000000000001,14.4
NH15 Crossing Fakirpara Tangni,DARRANG,26.50833333,92.11638889,2025-04-15 08:00:00,4,105,66.8,66.8,200.39999999999998,400.79999999999995,12.8,-1.5999999999999996,13.266666666666666,14.4
NH15 Crossing Fakirpara Tangni,DARRANG,26.50833333,92.11638889,2025-04-15 09:00:00,4,105,66.8,66.8,200.39999999999998,400.79999999999995,13.4,0.5999999999999996,13.533333333333333,14.4
NH15 Crossing Fakirpara Tangni,DARRANG,26.50833333,92.11638889,2025-04-15 10:00:00,4,105,66.8,66.8,200.39999999999998,400.79999999999995,13.8,0.40000000000000036,13.333333333333334,14.4
NH15 Crossing Fakirpara Tangni,DARRANG,26.50833333,92.11638889,2025-04-15 11:00:00,4,105,66.8,66.8,200.39999999999998,400.79999999999995,13.5,-0.3000000000000007,13.566666666666668,14.4
NH15 Crossing Fakirpara Tangni,DARRANG,26.50833333,92.11638889,2025-04-15 12:00:00,4,105,66.8,66.8,200.39999999999998,400.79999999999995,13.8,0.3000000000000007,13.700000000000001,14.4
NH15 Crossing Fakirpara Tangni,DARRANG,26.50833333,92.11638889,2025-04-15 13:00:00,4,105,66.8,66.8,200.39999999999998,400.79999999999995,14.1,0.29999999999999893,13.799999999999999,14.1
NH15 Crossing Fakirpara Tangni,DARRANG,26.50833333,92.11638889,2025-04-15 14:00:00,4,105,66.8,66.8,200.39999999999998,400.79999999999995,13.9,-0.1999999999999993,13.933333333333332,14.1
NH15 Crossing Fakirpara Tangni,DARRANG,26.50833333,92.11638889,2025-04-15 15:00:00,4,105,66.8,66.8,200.39999999999998,400.79999999999995,13.6,-0.3000000000000007,13.866666666666667,14.1
NH15 Crossing Fakirpara Tangni,DARRANG,26.50833333,92.11638889,2025-04-15 16:00:00,4,105,66.8,66.8,200.39999999999998,400.79999999999995,13.9,0.3000000000000007,13.799999999999999,14.1
NH15 Crossing Fakirpara Tangni,DARRANG,26.50833333,92.11638889,2025-04-15 17:00:00,4,105,66.8,66.8,200.39999999999998,400.79999999999995,12.4,-1.5,13.299999999999999,14.1
NH15 Crossing Fakirpara Tangni,DARRANG,26.50833333,92.11638889,2025-04-16 06:00:00,4,106,66.8,66.8,200.39999999999998,400.79999999999995,14.2,1.799999999999999,13.5,14.2
NH15 Crossing Fakirpara Tangni,DARRANG,26.50833333,92.11638889,2025-04-16 07:00:00,4,106,66.8,66.8,200.39999999999998,400.79999999999995,13.3,-0.8999999999999986,13.299999999999999,14.2
NH15 Crossing Fakirpara Tangni,DARRANG,26.50833333,92.11638889,2025-04-16 08:00:00,4,106,66.8,66.8,200.39999999999998,400.79999999999995,14.1,0.7999999999999989,13.866666666666667,14.2
NH15 Crossing Fakirpara Tangni,DARRANG,26.50833333,92.11638889,2025-04-16 09:00:00,4,106,66.8,66.8,200.39999999999998,400.79999999999995,13.6,-0.5,13.666666666666666,14.2
NH15 Crossing Fakirpara Tangni,DARRANG,26.50833333,92.11638889,2025-04-16 10:00:00,4,106,66.8,66.8,200.39999999999998,400.79999999999995,13.3,-0.29999999999999893,13.666666666666666,14.2
NH15 Crossing Fakirpara Tangni,DARRANG,26.50833333,92.11638889,2025-04-16 14:00:00,4,106,66.8,66.8,200.39999999999998,400.79999999999995,13.9,0.5999999999999996,13.6,14.2
NH15 Crossing Fakirpara Tangni,DARRANG,26.50833333,92.11638889,2025-04-16 15:00:00,4,106,64.6,66.8,198.2,398.59999999999997,13.7,-0.20000000000000107,13.633333333333333,14.1
NH15 Crossing Fakirpara Tangni,DARRANG,26.50833333,92.11638889,2025-04-16 15:30:00,4,106,60.6,64.6,191.99999999999997,392.4,13.6,-0.09999999999999964,13.733333333333334,14.1
NH15 Crossing Fakirpara Tangni,DARRANG,26.50833333,92.11638889,2025-04-16 16:00:00,4,106,60.6,60.6,185.8,386.20000000000005,13.6,0.0,13.633333333333333,13.9
NH15 Crossing Fakirpara Tangni,DARRANG,26.50833333,92.11638889,2025-04-23 13:00:00,4,113,2.5,60.6,123.7,321.9,60.488,46.888,29.229333333333333,60.488
NH17 Crossing Boko,Kamrup Metropolitan,25.9775,91.23416667,2022-02-25 18:00:00,2,56,10.0,0.0,10.0,10.0,4.241,0.0,4.241,4.241
NH17 Crossing Boko,Kamrup Metropolitan,25.9775,91.23416667,2022-02-25 20:00:00,2,56,4.0,10.0,14.0,14.0,4.174,-0.06699999999999928,4.2075,4.241
NH17 Crossing Boko,Kamrup Metropolitan,25.9775,91.23416667,2022-03-28 12:00:00,3,87,1.0,4.0,15.0,15.0,4.233,0.058999999999999275,4.216,4.241
NH17 Crossing Boko,Kamrup Metropolitan,25.9775,91.23416667,2022-03-28 15:00:00,3,87,1.0,1.0,6.0,16.0,4.363,0.13000000000000078,4.256666666666667,4.363
NH17 Crossing Boko,Kamrup Metropolitan,25.9775,91.23416667,2022-03-28 18:00:00,3,87,1.0,1.0,3.0,17.0,4.392,0.028999999999999915,4.3293333333333335,4.392
NH17 Crossing Boko,Kamrup Metropolitan,25.9775,91.23416667,2022-03-29 01:00:00,3,88,1.0,1.0,3.0,18.0,4.407,0.01499999999999968,4.387333333333333,4.407
NH17 Crossing Boko,Kamrup Metropolitan,25.9775,91.23416667,2022-03-29 09:00:00,3,88,1.0,1.0,3.0,9.0,4.401,-0.006000000000000227,4.3999999999999995,4.407
NH17 Crossing Boko,Kamrup Metropolitan,25.9775,91.23416667,2022-03-29 20:00:00,3,88,1.0,1.0,3.0,6.0,4.39,-0.01100000000000012,4.399333333333334,4.407
NH17 Crossing Boko,Kamrup Metropolitan,25.9775,91.23416667,2022-03-30 23:00:00,3,89,1.0,1.0,3.0,6.0,4.391,0.001000000000000334,4.393999999999999,4.407
NH17 Crossing Boko,Kamrup Metropolitan,25.9775,91.23416667,2022-04-01 01:00:00,4,91,1.0,1.0,3.0,6.0,4.346,-0.04499999999999993,4.375666666666667,4.407
NH17 Crossing Boko,Kamrup Metropolitan,25.9775,91.23416667,2022-04-02 06:00:00,4,92,1.0,1.0,3.0,6.0,4.001,-0.34499999999999975,4.2459999999999996,4.407
NH17 Crossing Boko,Kamrup Metropolitan,25.9775,91.23416667,2022-04-02 11:00:00,4,92,8.0,1.0,10.0,13.0,1.589,-2.4120000000000004,3.3120000000000007,4.401
NH17 Crossing Boko,Kamrup Metropolitan,25.9775,91.23416667,2022-04-03 09:00:00,4,93,2.0,8.0,11.0,14.0,1.626,0.03699999999999992,2.4053333333333335,4.391
NH17 Crossing Boko,Kamrup Metropolitan,25.9775,91.23416667,2022-04-03 10:00:00,4,93,1.0,2.0,11.0,14.0,1.629,0.0030000000000001137,1.6146666666666665,4.391
NH17 Crossing Boko,Kamrup Metropolitan,25.9775,91.23416667,2022-04-03 16:00:00,4,93,2.0,1.0,5.0,15.0,1.63,0.0009999999999998899,1.6283333333333332,4.346
NH17 Crossing Boko,Kamrup Metropolitan,25.9775,91.23416667,2022-04-03 17:00:00,4,93,1.0,2.0,4.0,15.0,1.629,-0.0009999999999998899,1.6293333333333333,4.001
NH17 Crossing Boko,Kamrup Metropolitan,25.9775,91.23416667,2022-04-03 18:00:00,4,93,1.0,1.0,4.0,15.0,1.627,-0.0020000000000000018,1.6286666666666667,1.63
NH17 Crossing Boko,Kamrup Metropolitan,25.9775,91.23416667,2022-04-04 02:00:00,4,94,2.0,1.0,4.0,9.0,1.4,-0.2270000000000001,1.5519999999999998,1.63
NH17 Crossing Boko,Kamrup Metropolitan,25.9775,91.23416667,2022-04-04 03:00:00,4,94,8.0,2.0,11.0,15.0,1.402,0.0020000000000000018,1.4763333333333335,1.63
NH17 Crossing Boko,Kamrup Metropolitan,25.9775,91.23416667,2022-06-22 12:00:00,6,173,0.5,8.0,10.5,14.5,2.772,1.3699999999999999,1.8579999999999999,2.772
NH17 Crossing Boko,Kamrup Metropolitan,25.9775,91.23416667,2022-06-22 13:00:00,6,173,1.0,0.5,9.5,13.5,2.772,0.0,2.3153333333333332,2.772
NH17 Crossing Boko,Kamrup Metropolitan,25.9775,91.23416667,2022-07-06 02:00:00,7,187,9.0,1.0,10.5,21.5,2.066,-0.706,2.5366666666666666,2.772
NH17 Crossing Boko,Kamrup Metropolitan,25.9775,91.23416667,2022-07-06 05:00:00,7,187,2.0,9.0,12.0,22.5,1.857,-0.20899999999999985,2.2316666666666665,2.772
NH17 Crossing Boko,Kamrup Metropolitan,25.9775,91.23416667,2022-07-06 06:00:00,7,187,7.0,2.0,18.0,27.5,2.061,0.20399999999999996,1.9946666666666666,2.772
NH17 Crossing Boko,Kamrup Metropolitan,25.9775,91.23416667,2022-07-06 07:00:00,7,187,1.0,7.0,10.0,20.5,2.058,-0.0030000000000001137,1.9919999999999998,2.772
NH17 Crossing Boko,Kamrup Metropolitan,25.9775,91.23416667,2022-07-06 10:00:00,7,187,3.0,1.0,11.0,23.0,2.064,0.006000000000000227,2.061,2.772
NH17 Crossing Boko,Kamrup Metropolitan,25.9775,91.23416667,2022-07-07 18:00:00,7,188,1.0,3.0,5.0,23.0,1.998,-0.06600000000000006,2.0399999999999996,2.066
NH17 Crossing Boko,Kamrup Metropolitan,25.9775,91.23416667,2022-07-09 04:00:00,7,190,1.0,1.0,5.0,15.0,1.957,-0.040999999999999925,2.0063333333333335,2.064
NH17 Crossing Boko,Kamrup Metropolitan,25.9775,91.23416667,2022-07-09 05:00:00,7,190,10.0,1.0,12.0,23.0,1.755,-0.20200000000000018,1.903333333333333,2.064
NH17 Crossing Boko,Kamrup Metropolitan,25.9775,91.23416667,2022-07-09 06:00:00,7,190,2.0,10.0,13.0,18.0,1.766,0.01100000000000012,1.8259999999999998,2.064
NH17 Crossing Boko,Kamrup Metropolitan,25.9775,91.23416667,2022-07-09 07:00:00,7,190,3.0,2.0,15.0,20.0,1.971,0.20500000000000007,1.8306666666666664,2.064
NH17 Crossing Boko,Kamrup Metropolitan,25.9775,91.23416667,2022-07-09 10:00:00,7,190,1.0,3.0,6.0,18.0,2.049,0.07799999999999985,1.9286666666666665,2.049
NH17 Crossing Boko,Kamrup Metropolitan,25.9775,91.23416667,2022-07-10 16:00:00,7,191,8.0,1.0,12.0,25.0,1.996,-0.052999999999999936,2.005333333333333,2.049
NH17 Crossing Boko,Kamrup Metropolitan,25.9775,91.23416667,2022-07-11 08:00:00,7,192,1.0,8.0,10.0,25.0,2.245,0.2490000000000001,2.0966666666666662,2.245
NH17 Crossing Boko,Kamrup Metropolitan,25.9775,91.23416667,2022-07-11 15:00:00,7,192,15.0,1.0,24.0,30.0,2.228,-0.016999999999999904,2.1563333333333334,2.245
NH17 Crossing Boko,Kamrup Metropolitan,25.9775,91.23416667,2022-07-11 16:00:00,7,192,8.0,15.0,24.0,36.0,2.498,0.27,2.3236666666666665,2.498
NH17 Crossing Boko,Kamrup Metropolitan,25.9775,91.23416667,2022-07-11 17:00:00,7,192,1.0,8.0,24.0,34.0,2.53,0.031999999999999584,2.4186666666666667,2.53
NH17 Crossing Boko,Kamrup Metropolitan,25.9775,91.23416667,2022-07-12 09:00:00,7,193,1.0,1.0,10.0,34.0,2.337,-0.19299999999999962,2.455,2.53
NH17 Crossing Boko,Kamrup Metropolitan,25.9775,91.23416667,2022-07-12 10:00:00,7,193,1.0,1.0,3.0,27.0,2.311,-0.026000000000000245,2.3926666666666665,2.53
NH17 Crossing Boko,Kamrup Metropolitan,25.9775,91.23416667,2022-07-12 17:00:00,7,193,10.0,1.0,12.0,36.0,2.28,-0.03100000000000014,2.309333333333333,2.53
NH17 Crossing Boko,Kamrup Metropolitan,25.9775,91.23416667,2022-07-13 10:00:00,7,194,1.0,10.0,12.0,22.0,2.486,0.2060000000000004,2.359,2.53
NH17 Crossing Boko,Kamrup Metropolitan,25.9775,91.23416667,2022-07-13 15:00:00,7,194,1.0,1.0,12.0,15.0,2.343,-0.14300000000000024,2.369666666666667,2.53
NH17 Crossing Boko,Kamrup Metropolitan,25.9775,91.23416667,2022-07-13 22:00:00,7,194,2.0,1.0,4.0,16.0,2.315,-0.028000000000000025,2.3813333333333335,2.486
NH17 Crossing Boko,Kamrup Metropolitan,25.9775,91.23416667,2022-07-14 14:00:00,7,195,23.0,2.0,26.0,38.0,2.082,-0.2330000000000001,2.246666666666666,2.486
NH17 Crossing Boko,Kamrup Metropolitan,25.9775,91.23416667,2022-07-14 15:00:00,7,195,22.0,23.0,47.0,59.0,2.296,0.21399999999999997,2.2309999999999994,2.486
NH17 Crossing Boko,Kamrup Metropolitan,25.9775,91.23416667,2022-07-15 15:00:00,7,196,1.0,22.0,46.0,50.0,2.448,0.15200000000000014,2.2753333333333328,2.486
NH17 Crossing Boko,Kamrup Metropolitan,25.9775,91.23416667,2022-07-20 09:00:00,7,201,1.0,1.0,24.0,50.0,2.029,-0.41900000000000004,2.2576666666666667,2.448
NH17 Crossing Boko,Kamrup Metropolitan,25.9775,91.23416667,2022-07-20 13:00:00,7,201,2.0,1.0,4.0,51.0,1.816,-0.21299999999999986,2.0976666666666666,2.448
NH17 Crossing Boko,Kamrup Metropolitan,25.9775,91.23416667,2022-07-20 14:00:00,7,201,5.0,2.0,8.0,54.0,2.014,0.19799999999999973,1.9529999999999996,2.448
NH17 Crossing Boko,Kamrup Metropolitan,25.9775,91.23416667,2022-07-20 15:00:00,7,201,1.0,5.0,8.0,32.0,2.034,0.020000000000000018,1.9546666666666663,2.448
NH17 Crossing Boko,Kamrup Metropolitan,25.9775,91.23416667,2022-07-20 16:00:00,7,201,1.0,1.0,7.0,11.0,2.123,0.08900000000000041,2.057,2.448
NH17 Crossing Boko,Kamrup Metropolitan,25.9775,91.23416667,2022-07-21 00:00:00,7,202,28.0,1.0,30.0,38.0,2.374,0.2509999999999999,2.1769999999999996,2.374
NH17 Crossing Boko,Kamrup Metropolitan,25.9775,91.23416667,2022-07-21 01:00:00,7,202,74.0,28.0,103.0,111.0,2.567,0.19300000000000006,2.3546666666666667,2.567
NH17 Crossing Boko,Kamrup Metropolitan,25.9775,91.23416667,2022-07-21 02:00:00,7,202,13.0,74.0,115.0,122.0,2.535,-0.03200000000000003,2.4919999999999995,2.567
NH17 Crossing Boko,Kamrup Metropolitan,25.9775,91.23416667,2022-07-22 14:00:00,7,203,2.0,13.0,89.0,119.0,2.273,-0.262,2.458333333333333,2.567
NH17 Crossing Boko,Kamrup Metropolitan,25.9775,91.23416667,2022-07-22 15:00:00,7,203,3.0,2.0,18.0,121.0,2.268,-0.0050000000000003375,2.3586666666666667,2.567
NH17 Crossing Boko,Kamrup Metropolitan,25.9775,91.23416667,2022-07-22 16:00:00,7,203,1.0,3.0,6.0,121.0,2.262,-0.005999999999999783,2.2676666666666665,2.567
NH17 Crossing Boko,Kamrup Metropolitan,25.9775,91.23416667,2022-07-22 17:00:00,7,203,1.0,1.0,5.0,94.0,2.269,0.007000000000000117,2.2663333333333333,2.567
NH17 Crossing Boko,Kamrup Metropolitan,25.9775,91.23416667,2022-07-22 18:00:00,7,203,1.0,1.0,3.0,21.0,2.292,0.022999999999999687,2.274333333333333,2.535
NH17 Crossing Boko,Kamrup Metropolitan,25.9775,91.23416667,2022-07-22 19:00:00,7,203,1.0,1.0,3.0,9.0,2.34,0.04800000000000004,2.3003333333333327,2.34
NH17 Crossing Boko,Kamrup Metropolitan,25.9775,91.23416667,2022-07-22 21:00:00,7,203,1.0,1.0,3.0,8.0,2.415,0.07500000000000018,2.3489999999999998,2.415
NH17 Crossing Boko,Kamrup Metropolitan,25.9775,91.23416667,2022-07-22 23:00:00,7,203,1.0,1.0,3.0,6.0,2.42,0.004999999999999893,2.391666666666666,2.42
NH17 Crossing Boko,Kamrup Metropolitan,25.9775,91.23416667,2022-07-23 08:00:00,7,204,1.0,1.0,3.0,6.0,2.409,-0.01100000000000012,2.414666666666666,2.42
NH17 Crossing Boko,Kamrup Metropolitan,25.9775,91.23416667,2022-07-23 10:00:00,7,204,1.0,1.0,3.0,6.0,2.377,-0.03200000000000003,2.4019999999999997,2.42
NH17 Crossing Boko,Kamrup Metropolitan,25.9775,91.23416667,2022-07-23 12:00:00,7,204,1.0,1.0,3.0,6.0,2.353,-0.023999999999999577,2.3796666666666666,2.42
NH17 Crossing Boko,Kamrup Metropolitan,25.9775,91.23416667,2022-07-23 15:00:00,7,204,1.0,1.0,3.0,6.0,2.128,-0.2250000000000001,2.2859999999999996,2.42
NH17 Crossing Boko,Kamrup Metropolitan,25.9775,91.23416667,2022-07-23 19:00:00,7,204,1.0,1.0,3.0,6.0,2.475,0.347,2.3186666666666667,2.475
NH17 Crossing Boko,Kamrup Metropolitan,25.9775,91.23416667,2022-07-23 22:00:00,7,204,1.0,1.0,3.0,6.0,2.557,0.08199999999999985,2.3866666666666663,2.557
NH17 Crossing Boko,Kamrup Metropolitan,25.9775,91.23416667,2022-07-24 01:00:00,7,205,1.0,1.0,3.0,6.0,2.788,0.23099999999999987,2.606666666666666,2.788
NH17 Crossing Boko,Kamrup Metropolitan,25.9775,91.23416667,2022-07-24 03:00:00,7,205,1.0,1.0,3.0,6.0,2.76,-0.028000000000000025,2.701666666666666,2.788
NH17 Crossing Boko,Kamrup Metropolitan,25.9775,91.23416667,2022-07-24 06:00:00,7,205,1.0,1.0,3.0,6.0,2.718,-0.041999999999999815,2.7553333333333327,2.788
NH17 Crossing Boko,Kamrup Metropolitan,25.9775,91.23416667,2022-07-24 08:00:00,7,205,1.0,1.0,3.0,6.0,2.685,-0.03299999999999992,2.7209999999999996,2.788
NH17 Crossing Boko,Kamrup Metropolitan,25.9775,91.23416667,2022-07-24 12:00:00,7,205,1.0,1.0,3.0,6.0,2.606,-0.07900000000000018,2.669666666666666,2.788
NH17 Crossing Boko,Kamrup Metropolitan,25.9775,91.23416667,2022-07-24 15:00:00,7,205,1.0,1.0,3.0,6.0,2.568,-0.03799999999999981,2.619666666666666,2.788
NH17 Crossing Boko,Kamrup Metropolitan,25.9775,91.23416667,2022-07-24 22:00:00,7,205,1.0,1.0,3.0,6.0,2.463,-0.10499999999999998,2.545666666666666,2.76
NH17 Crossing Boko,Kamrup Metropolitan,25.9775,91.23416667,2022-07-25 04:00:00,7,206,1.0,1.0,3.0,6.0,2.397,-0.06600000000000028,2.4759999999999995,2.718
NH17 Crossing Boko,Kamrup Metropolitan,25.9775,91.23416667,2022-07-25 13:00:00,7,206,1.0,1.0,3.0,6.0,2.314,-0.08299999999999974,2.3913333333333333,2.685
NH17 Crossing Boko,Kamrup Metropolitan,25.9775,91.23416667,2022-07-25 22:00:00,7,206,1.0,1.0,3.0,6.0,2.228,-0.08599999999999985,2.3129999999999993,2.606
NH17 Crossing Boko,Kamrup Metropolitan,25.9775,91.23416667,2022-07-26 08:00:00,7,207,1.0,1.0,3.0,6.0,2.197,-0.03100000000000014,2.246333333333333,2.568
NH17 Crossing Boko,Kamrup Metropolitan,25.9775,91.23416667,2022-07-26 20:00:00,7,207,1.0,1.0,3.0,6.0,2.175,-0.02200000000000024,2.1999999999999997,2.463
NH17 Crossing Boko,Kamrup Metropolitan,25.9775,91.23416667,2022-07-27 10:00:00,7,208,1.0,1.0,3.0,6.0,2.274,0.0990000000000002,2.215333333333333,2.397
NH17 Crossing Boko,Kamrup Metropolitan,25.9775,91.23416667,2022-07-28 00:00:00,7,209,1.0,1.0,3.0,6.0,2.178,-0.09600000000000009,2.2089999999999996,2.314
NH17 Crossing Boko,Kamrup Metropolitan,25.9775,91.23416667,2022-07-28 20:00:00,7,209,1.0,1.0,3.0,6.0,2.14,-0.03799999999999981,2.1973333333333334,2.274
NH17 Crossing Boko,Kamrup Metropolitan,25.9775,91.23416667,2022-07-29 18:00:00,7,210,1.0,1.0,3.0,6.0,2.142,0.0019999999999997797,2.153333333333333,2.274
NH17 Crossing Boko,Kamrup Metropolitan,25.9775,91.23416667,2022-07-31 13:00:00,7,212,1.0,1.0,3.0,6.0,2.416,0.274,2.2326666666666664,2.416
NH17 Crossing Boko,Kamrup Metropolitan,25.9775,91.23416667,2022-08-02 05:00:00,8,214,1.0,1.0,3.0,6.0,2.678,0.262,2.4119999999999995,2.678
NH17 Crossing Boko,Kamrup Metropolitan,25.9775,91.23416667,2022-08-04 02:00:00,8,216,1.0,1.0,3.0,6.0,3.474,0.7960000000000003,2.856,3.474
NH17 Crossing Boko,Kamrup Metropolitan,25.9775,91.23416667,2022-08-06 08:00:00,8,218,1.0,1.0,3.0,6.0,2.922,-0.552,3.0246666666666666,3.474
NH17 Crossing Boko,Kamrup Metropolitan,25.9775,91.23416667,2022-08-07 09:00:00,8,219,1.0,1.0,3.0,6.0,2.741,-0.18100000000000005,3.045666666666667,3.474
NH17 Crossing Boko,Kamrup Metropolitan,25.9775,91.23416667,2022-08-09 06:00:00,8,221,1.0,1.0,3.0,6.0,2.8,0.05899999999999972,2.8209999999999997,3.474
NH17 Crossing Boko,Kamrup Metropolitan,25.9775,91.23416667,2022-08-09 21:00:00,8,221,1.0,1.0,3.0,6.0,2.818,0.018000000000000238,2.786333333333333,3.474
NH17 Crossing Boko,Kamrup Metropolitan,25.9775,91.23416667,2022-08-10 00:00:00,8,222,1.0,1.0,3.0,6.0,2.725,-0.09299999999999997,2.781,3.474
NH17 Crossing Boko,Kamrup Metropolitan,25.9775,91.23416667,2022-08-11 10:00:00,8,223,1.0,1.0,3.0,6.0,2.414,-0.31099999999999994,2.652333333333333,2.922
NH17 Crossing Boko,Kamrup Metropolitan,25.9775,91.23416667,2022-08-13 22:00:00,8,225,1.0,1.0,3.0,6.0,2.318,-0.09600000000000009,2.4856666666666665,2.818
NH17 Crossing Boko,Kamrup Metropolitan,25.9775,91.23416667,2022-08-14 15:00:00,8,226,1.0,1.0,3.0,6.0,2.915,0.597,2.549,2.915
NH17 Crossing Boko,Kamrup Metropolitan,25.9775,91.23416667,2022-08-15 08:00:00,8,227,1.0,1.0,3.0,6.0,2.623,-0.2919999999999998,2.6186666666666665,2.915
NH17 Crossing Boko,Kamrup Metropolitan,25.9775,91.23416667,2022-08-15 22:00:00,8,227,1.0,1.0,3.0,6.0,2.392,-0.23100000000000032,2.643333333333333,2.915
NH17 Crossing Boko,Kamrup Metropolitan,25.9775,91.23416667,2022-08-16 10:00:00,8,228,1.0,1.0,3.0,6.0,2.291,-0.10099999999999998,2.435333333333333,2.915
NH17 Crossing Boko,Kamrup Metropolitan,25.9775,91.23416667,2022-08-16 16:00:00,8,228,1.0,1.0,3.0,6.0,2.264,-0.027000000000000135,2.3156666666666665,2.915
NH17 Crossing Boko,Kamrup Metropolitan,25.9775,91.23416667,2022-08-17 09:00:00,8,229,1.0,1.0,3.0,6.0,2.425,0.16100000000000003,2.326666666666666,2.915
NH17 Crossing Boko,Kamrup Metropolitan,25.9775,91.23416667,2022-08-18 01:00:00,8,230,1.0,1.0,3.0,6.0,2.182,-0.24299999999999988,2.290333333333333,2.623
NH17 Crossing Boko,Kamrup Metropolitan,25.9775,91.23416667,2022-08-18 23:00:00,8,230,1.0,1.0,3.0,6.0,2.228,0.04600000000000026,2.278333333333333,2.425
NH17 Crossing Boko,Kamrup Metropolitan,25.9775,91.23416667,2022-08-19 13:00:00,8,231,1.0,1.0,3.0,6.0,2.19,-0.038000000000000256,2.1999999999999997,2.425
NH17 Crossing Boko,Kamrup Metropolitan,25.9775,91.23416667,2022-08-20 01:00:00,8,232,1.0,1.0,3.0,6.0,2.299,0.10899999999999999,2.2389999999999994,2.425
NH17 Crossing Boko,Kamrup Metropolitan,25.9775,91.23416667,2022-08-20 11:00:00,8,232,1.0,1.0,3.0,6.0,2.322,0.02300000000000013,2.2703333333333333,2.425
NH17 Crossing Boko,Kamrup Metropolitan,25.9775,91.23416667,2022-08-20 19:00:00,8,232,1.0,1.0,3.0,6.0,2.19,-0.13200000000000012,2.270333333333333,2.322
NH17 Crossing Boko,Kamrup Metropolitan,25.9775,91.23416667,2022-08-21 02:00:00,8,233,1.0,1.0,3.0,6.0,2.516,0.32600000000000007,2.3426666666666662,2.516
NH17 Crossing Boko,Kamrup Metropolitan,25.9775,91.23416667,2022-08-21 09:00:00,8,233,1.0,1.0,3.0,6.0,2.338,-0.17799999999999994,2.348,2.516
NH17 Crossing Boko,Kamrup Metropolitan,25.9775,91.23416667,2022-08-21 15:00:00,8,233,1.0,1.0,3.0,6.0,2.255,-0.08300000000000018,2.3696666666666664,2.516
NH17 Crossing Boko,Kamrup Metropolitan,25.9775,91.23416667,2022-08-21 23:00:00,8,233,1.0,1.0,3.0,6.0,2.195,-0.06000000000000005,2.262666666666666,2.516
NH17 Crossing Boko,Kamrup Metropolitan,25.9775,91.23416667,2022-08-22 06:00:00,8,234,1.0,1.0,3.0,6.0,2.187,-0.008000000000000007,2.212333333333333,2.516
NH17 Crossing Boko,Kamrup Metropolitan,25.9775,91.23416667,2022-08-22 21:00:00,8,234,1.0,1.0,3.0,6.0,2.103,-0.08399999999999963,2.1616666666666666,2.516
NH17 Crossing Boko,Kamrup Metropolitan,25.9775,91.23416667,2022-08-23 07:00:00,8,235,1.0,1.0,3.0,6.0,2.099,-0.0040000000000000036,2.1296666666666666,2.338
NH17 Crossing Boko,Kamrup Metropolitan,25.9775,91.23416667,2022-08-23 20:00:00,8,235,1.0,1.0,3.0,6.0,2.157,0.05799999999999983,2.119666666666667,2.255
NH17 Crossing Boko,Kamrup Metropolitan,25.9775,91.23416667,2022-08-24 06:00:00,8,236,1.0,1.0,3.0,6.0,2.176,0.019000000000000128,2.144,2.195
NH17 Crossing Boko,Kamrup Metropolitan,25.9775,91.23416667,2022-08-24 21:00:00,8,236,1.0,1.0,3.0,6.0,2.124,-0.052000000000000046,2.1523333333333334,2.187
NH17 Crossing Boko,Kamrup Metropolitan,25.9775,91.23416667,2022-08-25 08:00:00,8,237,1.0,1.0,3.0,6.0,2.095,-0.028999999999999915,2.1316666666666664,2.176
NH17 Crossing Boko,Kamrup Metropolitan,25.9775,91.23416667,2022-08-26 00:00:00,8,238,1.0,1.0,3.0,6.0,2.09,-0.0050000000000003375,2.1029999999999998,2.176
NH17 Crossing Boko,Kamrup Metropolitan,25.9775,91.23416667,2022-08-26 17:00:00,8,238,1.0,1.0,3.0,6.0,2.209,0.11900000000000022,2.131333333333333,2.209
NH17 Crossing Boko,Kamrup Metropolitan,25.9775,91.23416667,2022-08-27 07:00:00,8,239,1.0,1.0,3.0,6.0,2.021,-0.18800000000000017,2.1066666666666665,2.209
NH17 Crossing Boko,Kamrup Metropolitan,25.9775,91.23416667,2022-08-27 23:00:00,8,239,1.0,1.0,3.0,6.0,2.002,-0.019000000000000128,2.077333333333333,2.209
NH17 Crossing Boko,Kamrup Metropolitan,25.9775,91.23416667,2022-08-28 14:00:00,8,240,1.0,1.0,3.0,6.0,1.995,-0.006999999999999673,2.006,2.209
NH17 Crossing Boko,Kamrup Metropolitan,25.9775,91.23416667,2022-08-29 04:00:00,8,241,1.0,1.0,3.0,6.0,2.004,0.008999999999999897,2.0003333333333333,2.209
NH17 Crossing Boko,Kamrup Metropolitan,25.9775,91.23416667,2022-08-30 05:00:00,8,242,1.0,1.0,3.0,6.0,1.954,-0.050000000000000044,1.984333333333333,2.209
NH17 Crossing Boko,Kamrup Metropolitan,25.9775,91.23416667,2022-08-30 22:00:00,8,242,1.0,1.0,3.0,6.0,1.959,0.0050000000000001155,1.972333333333333,2.021
NH17 Crossing Boko,Kamrup Metropolitan,25.9775,91.23416667,2022-08-31 16:00:00,8,243,1.0,1.0,3.0,6.0,2.091,0.13200000000000012,2.001333333333333,2.091
NH17 Crossing Boko,Kamrup Metropolitan,25.9775,91.23416667,2022-09-01 06:00:00,9,244,1.0,1.0,3.0,6.0,2.018,-0.0730000000000004,2.0226666666666664,2.091
NH17 Crossing Boko,Kamrup Metropolitan,25.9775,91.23416667,2022-09-01 22:00:00,9,244,1.0,1.0,3.0,6.0,1.999,-0.018999999999999684,2.0359999999999996,2.091
NH17 Crossing Boko,Kamrup Metropolitan,25.9775,91.23416667,2022-09-02 11:00:00,9,245,1.0,1.0,3.0,6.0,1.97,-0.029000000000000137,1.995666666666666,2.091
NH17 Crossing Boko,Kamrup Metropolitan,25.9775,91.23416667,2022-09-03 04:00:00,9,246,1.0,1.0,3.0,6.0,1.972,0.0020000000000000018,1.980333333333333,2.091
NH17 Crossing Boko,Kamrup Metropolitan,25.9775,91.23416667,2022-11-25 15:00:00,11,329,45.0,1.0,47.0,50.0,2.306,0.3340000000000001,2.0826666666666664,2.306
NH17 Crossing Boko,Kamrup Metropolitan,25.9775,91.23416667,2022-11-30 22:00:00,11,334,102.0,45.0,148.0,151.0,2.297,-0.008999999999999897,2.1916666666666664,2.306
NH17 Crossing Boko,Kamrup Metropolitan,25.9775,91.23416667,2022-12-08 13:00:00,12,342,20.0,102.0,167.0,170.0,1.668,-0.6290000000000002,2.090333333333333,2.306
NH17 Crossing Boko,Kamrup Metropolitan,25.9775,91.23416667,2022-12-08 14:00:00,12,342,940.0,20.0,1062.0,1109.0,1.666,-0.0020000000000000018,1.8769999999999996,2.306
NH17 Crossing Boko,Kamrup Metropolitan,25.9775,91.23416667,2023-03-24 13:00:00,3,83,1.5,940.0,961.5,1109.5,2.451,0.7850000000000001,1.9283333333333328,2.451
NH17 Crossing Boko,Kamrup Metropolitan,25.9775,91.23416667,2023-03-26 21:00:00,3,85,3.0,1.5,944.5,1111.5,2.42,-0.03100000000000014,2.179,2.451
NH17 Crossing Boko,Kamrup Metropolitan,25.9775,91.23416667,2023-03-31 16:00:00,3,90,0.5,3.0,5.0,1067.0,2.389,-0.03100000000000014,2.4199999999999995,2.451
NH17 Crossing Boko,Kamrup Metropolitan,25.9775,91.23416667,2023-04-01 18:00:00,4,91,2.0,0.5,5.5,967.0,2.415,0.026000000000000245,2.4079999999999995,2.451
NH17 Crossing Boko,Kamrup Metropolitan,25.9775,91.23416667,2023-04-02 01:00:00,4,92,1.0,2.0,3.5,948.0,2.47,0.05500000000000016,2.4246666666666665,2.47
NH17 Crossing Boko,Kamrup Metropolitan,25.9775,91.23416667,2023-04-02 02:00:00,4,92,3.0,1.0,6.0,11.0,2.48,0.009999999999999787,2.4549999999999996,2.48
NH17 Crossing Boko,Kamrup Metropolitan,25.9775,91.23416667,2023-04-02 03:00:00,4,92,1.0,3.0,5.0,10.5,2.517,0.03699999999999992,2.4889999999999994,2.517
NH17 Crossing Boko,Kamrup Metropolitan,25.9775,91.23416667,2023-04-02 13:00:00,4,92,9.0,1.0,13.0,16.5,2.668,0.15100000000000025,2.5549999999999997,2.668
NH17 Crossing Boko,Kamrup Metropolitan,25.9775,91.23416667,2023-04-02 14:00:00,4,92,10.0,9.0,20.0,26.0,2.679,0.010999999999999677,2.621333333333333,2.679
NH17 Crossing Boko,Kamrup Metropolitan,25.9775,91.23416667,2023-04-02 15:00:00,4,92,2.0,10.0,21.0,26.0,2.704,0.025000000000000355,2.683666666666666,2.704
NH17 Crossing Boko,Kamrup Metropolitan,25.9775,91.23416667,2023-04-20 05:00:00,4,110,2.0,2.0,14.0,27.0,2.336,-0.3680000000000003,2.5729999999999995,2.704
NH17 Crossing Boko,Kamrup Metropolitan,25.9775,91.23416667,2023-04-21 02:00:00,4,111,1.0,2.0,5.0,25.0,2.331,-0.004999999999999893,2.4569999999999994,2.704
NH17 Crossing Boko,Kamrup Metropolitan,25.9775,91.23416667,2023-04-21 03:00:00,4,111,6.0,1.0,9.0,30.0,2.333,0.002000000000000224,2.3333333333333326,2.704
NH17 Crossing Boko,Kamrup Metropolitan,25.9775,91.23416667,2023-04-21 04:00:00,4,111,2.0,6.0,9.0,23.0,2.332,-0.001000000000000334,2.3319999999999994,2.704
NH17 Crossing Boko,Kamrup Metropolitan,25.9775,91.23416667,2023-04-21 05:00:00,4,111,1.0,2.0,9.0,14.0,2.322,-0.009999999999999787,2.3289999999999993,2.704
NH17 Crossing Boko,Kamrup Metropolitan,25.9775,91.23416667,2023-04-21 06:00:00,4,111,4.0,1.0,7.0,16.0,2.334,0.01200000000000001,2.329333333333333,2.336
NH17 Crossing Boko,Kamrup Metropolitan,25.9775,91.23416667,2023-04-21 09:00:00,4,111,1.0,4.0,6.0,15.0,2.339,0.004999999999999893,2.3316666666666666,2.339
NH17 Crossing Boko,Kamrup Metropolitan,25.9775,91.23416667,2023-04-22 01:00:00,4,112,1.0,1.0,6.0,15.0,2.384,0.04499999999999993,2.3523333333333327,2.384
NH17 Crossing Boko,Kamrup Metropolitan,25.9775,91.23416667,2023-04-23 05:00:00,4,113,3.0,1.0,5.0,12.0,2.324,-0.06000000000000005,2.3489999999999998,2.384
NH17 Crossing Boko,Kamrup Metropolitan,25.9775,91.23416667,2023-04-23 06:00:00,4,113,5.0,3.0,9.0,15.0,2.331,0.007000000000000117,2.3463333333333325,2.384
NH17 Crossing Boko,Kamrup Metropolitan,25.9775,91.23416667,2023-04-23 07:00:00,4,113,1.0,5.0,9.0,15.0,2.349,0.018000000000000238,2.334666666666666,2.384
NH17 Crossing Boko,Kamrup Metropolitan,25.9775,91.23416667,2023-04-23 08:00:00,4,113,1.0,1.0,7.0,12.0,2.347,-0.002000000000000224,2.342333333333333,2.384
NH17 Crossing Boko,Kamrup Metropolitan,25.9775,91.23416667,2023-04-23 09:00:00,4,113,1.0,1.0,3.0,12.0,2.345,-0.0019999999999997797,2.3469999999999995,2.384
NH17 Crossing Boko,Kamrup Metropolitan,25.9775,91.23416667,2023-04-23 10:00:00,4,113,1.0,1.0,3.0,12.0,2.347,0.0019999999999997797,2.346333333333333,2.349
NH17 Crossing Boko,Kamrup Metropolitan,25.9775,91.23416667,2023-04-23 11:00:00,4,113,1.0,1.0,3.0,10.0,2.352,0.004999999999999893,2.3479999999999994,2.352
NH17 Crossing Boko,Kamrup Metropolitan,25.9775,91.23416667,2023-04-23 12:00:00,4,113,32.0,1.0,34.0,37.0,2.381,0.028999999999999915,2.3599999999999994,2.381
NH17 Crossing Boko,Kamrup Metropolitan,25.9775,91.23416667,2023-04-23 14:00:00,4,113,1.0,32.0,34.0,37.0,2.393,0.01200000000000001,2.375333333333333,2.393
NH17 Crossing Boko,Kamrup Metropolitan,25.9775,91.23416667,2023-05-03 15:00:00,5,123,30.0,1.0,63.0,66.0,2.401,0.008000000000000007,2.391666666666666,2.401
NH17 Crossing Boko,Kamrup Metropolitan,25.9775,91.23416667,2023-05-04 04:00:00,5,124,38.0,30.0,69.0,103.0,2.411,0.010000000000000231,2.401666666666666,2.411
NH17 Crossing Boko,Kamrup Metropolitan,25.9775,91.23416667,2023-05-10 14:00:00,5,130,0.5,38.0,68.5,102.5,2.34,-0.07100000000000017,2.383999999999999,2.411
NH17 Crossing Boko,Kamrup Metropolitan,25.9775,91.23416667,2023-05-10 15:00:00,5,130,10.0,0.5,48.5,111.5,2.333,-0.006999999999999673,2.3613333333333326,2.411
NH17 Crossing Boko,Kamrup Metropolitan,25.9775,91.23416667,2023-05-16 00:00:00,5,136,0.5,10.0,11.0,80.0,2.3,-0.03300000000000036,2.324333333333333,2.411
NH17 Crossing Boko,Kamrup Metropolitan,25.9775,91.23416667,2023-05-16 02:00:00,5,136,12.0,0.5,22.5,91.0,2.305,0.0050000000000003375,2.3126666666666664,2.411
NH17 Crossing Boko,Kamrup Metropolitan,25.9775,91.23416667,2023-05-16 22:00:00,5,136,20.0,12.0,32.5,81.0,2.464,0.1589999999999998,2.356333333333333,2.464
NH17 Crossing Boko,Kamrup Metropolitan,25.9775,91.23416667,2023-05-23 20:00:00,5,143,1.5,20.0,33.5,44.5,2.488,0.02400000000000002,2.4189999999999996,2.488
NH17 Crossing Boko,Kamrup Metropolitan,25.9775,91.23416667,2023-05-23 23:00:00,5,143,0.5,1.5,22.0,44.5,2.525,0.03699999999999992,2.492333333333333,2.525
NH17 Crossing Boko,Kamrup Metropolitan,25.9775,91.23416667,2023-05-26 01:00:00,5,146,36.0,0.5,38.0,70.5,2.447,-0.07799999999999985,2.4866666666666664,2.525
NH17 Crossing Boko,Kamrup Metropolitan,25.9775,91.23416667,2023-05-26 02:00:00,5,146,10.0,36.0,46.5,80.0,2.494,0.04700000000000015,2.4886666666666666,2.525
NH17 Crossing Boko,Kamrup Metropolitan,25.9775,91.23416667,2023-05-28 16:00:00,5,148,1.0,10.0,47.0,69.0,2.475,-0.019000000000000128,2.4719999999999995,2.525
NH17 Crossing Boko,Kamrup Metropolitan,25.9775,91.23416667,2023-06-04 17:00:00,6,155,2.5,1.0,13.5,51.5,2.483,0.008000000000000007,2.4839999999999995,2.525
NH17 Crossing Boko,Kamrup Metropolitan,25.9775,91.23416667,2023-06-08 13:00:00,6,159,0.5,2.5,4.0,50.5,2.346,-0.137,2.4346666666666663,2.525
NH17 Crossing Boko,Kamrup Metropolitan,25.9775,91.23416667,2023-06-09 13:00:00,6,160,8.0,0.5,11.0,58.0,2.315,-0.03100000000000014,2.3813333333333326,2.494
NH17 Crossing Boko,Kamrup Metropolitan,25.9775,91.23416667,2023-06-09 14:00:00,6,160,68.5,8.0,77.0,90.5,2.416,0.10099999999999998,2.3589999999999995,2.494
NH17 Crossing Boko,Kamrup Metropolitan,25.9775,91.23416667,2023-06-09 15:00:00,6,160,13.5,68.5,90.0,94.0,2.467,0.051000000000000156,2.399333333333333,2.483
NH17 Crossing Boko,Kamrup Metropolitan,25.9775,91.23416667,2023-06-10 07:00:00,6,161,11.5,13.5,93.5,104.5,2.49,0.02300000000000013,2.4576666666666664,2.49
NH17 Crossing Boko,Kamrup Metropolitan,25.9775,91.23416667,2023-06-10 08:00:00,6,161,15.0,11.5,40.0,117.0,2.482,-0.008000000000000007,2.4796666666666662,2.49
NH17 Crossing Boko,Kamrup Metropolitan,25.9775,91.23416667,2023-06-10 09:00:00,6,161,27.5,15.0,54.0,144.0,2.526,0.043999999999999595,2.499333333333333,2.526
NH17 Crossing Boko,Kamrup Metropolitan,25.9775,91.23416667,2023-06-10 10:00:00,6,161,7.0,27.5,49.5,143.0,2.63,0.10400000000000009,2.5459999999999994,2.63
NH17 Crossing Boko,Kamrup Metropolitan,25.9775,91.23416667,2023-06-10 20:00:00,6,161,1.0,7.0,35.5,75.5,2.753,0.12300000000000022,2.636333333333333,2.753
NH17 Crossing Boko,Kamrup Metropolitan,25.9775,91.23416667,2023-06-11 02:00:00,6,162,1.0,1.0,9.0,63.0,2.652,-0.10099999999999998,2.678333333333333,2.753
NH17 Crossing Boko,Kamrup Metropolitan,25.9775,91.23416667,2023-06-11 16:00:00,6,162,1.0,1.0,3.0,52.5,3.101,0.44899999999999984,2.835333333333333,3.101
NH17 Crossing Boko,Kamrup Metropolitan,25.9775,91.23416667,2023-06-18 13:00:00,6,169,13.0,1.0,15.0,50.5,0.151,-2.95,1.9679999999999997,3.101
NH17 Crossing Boko,Kamrup Metropolitan,25.9775,91.23416667,2023-06-18 17:00:00,6,169,25.0,13.0,39.0,48.0,3.548,3.3970000000000002,2.266666666666666,3.548
NH17 Crossing Boko,Kamrup Metropolitan,25.9775,91.23416667,2023-06-18 18:00:00,6,169,2.0,25.0,40.0,43.0,3.927,0.379,2.5419999999999994,3.927
NH17 Crossing Boko,Kamrup Metropolitan,25.9775,91.23416667,2023-06-18 21:00:00,6,169,1.0,2.0,28.0,43.0,3.583,-0.34399999999999986,3.686,3.927
NH17 Crossing Boko,Kamrup Metropolitan,25.9775,91.23416667,2023-06-18 22:00:00,6,169,2.0,1.0,5.0,44.0,3.609,0.0259999999999998,3.7063333333333333,3.927
NH17 Crossing Boko,Kamrup Metropolitan,25.9775,91.23416667,2023-06-19 00:00:00,6,170,2.0,2.0,5.0,45.0,4.026,0.4169999999999998,3.739333333333333,4.026
NH17 Crossing Boko,Kamrup Metropolitan,25.9775,91.23416667,2023-06-19 01:00:00,6,170,2.0,2.0,6.0,34.0,4.025,-0.0009999999999994458,3.8866666666666667,4.026
NH17 Crossing Boko,Kamrup Metropolitan,25.9775,91.23416667,2023-06-19 08:00:00,6,170,0.5,2.0,4.5,9.5,3.88,-0.14500000000000046,3.977,4.026
NH17 Crossing Boko,Kamrup Metropolitan,25.9775,91.23416667,2023-06-19 11:00:00,6,170,0.5,0.5,3.0,8.0,3.789,-0.09099999999999975,3.8979999999999997,4.026
NH17 Crossing Boko,Kamrup Metropolitan,25.9775,91.23416667,2023-06-19 12:00:00,6,170,0.5,0.5,1.5,7.5,3.757,-0.03200000000000003,3.808666666666666,4.026
NH17 Crossing Boko,Kamrup Metropolitan,25.9775,91.23416667,2023-06-20 03:00:00,6,171,0.5,0.5,1.5,6.0,3.412,-0.3450000000000002,3.6526666666666663,4.026
NH17 Crossing Boko,Kamrup Metropolitan,25.9775,91.23416667,2023-06-20 09:00:00,6,171,3.0,0.5,4.0,7.0,3.317,-0.09499999999999975,3.4953333333333334,4.025
NH17 Crossing Boko,Kamrup Metropolitan,25.9775,91.23416667,2023-06-21 08:00:00,6,172,19.0,3.0,22.5,24.0,0.202,-3.115,2.310333333333333,3.88
NH17 Crossing Boko,Kamrup Metropolitan,25.9775,91.23416667,2023-06-21 11:00:00,6,172,7.0,19.0,29.0,30.5,0.423,0.22099999999999997,1.3139999999999998,3.789
NH17 Crossing Boko,Kamrup Metropolitan,25.9775,91.23416667,2023-06-21 12:00:00,6,172,3.0,7.0,29.0,33.0,0.467,0.04400000000000004,0.3639999999999997,3.757
NH17 Crossing Boko,Kamrup Metropolitan,25.9775,91.23416667,2023-06-22 04:00:00,6,173,2.0,3.0,12.0,34.5,0.083,-0.384,0.3243333333333331,3.412
NH17 Crossing Boko,Kamrup Metropolitan,25.9775,91.23416667,2023-06-22 05:00:00,6,173,9.0,2.0,14.0,43.0,0.036,-0.04700000000000001,0.19533333333333305,3.317
NH17 Crossing Boko,Kamrup Metropolitan,25.9775,91.23416667,2023-06-22 06:00:00,6,173,6.0,9.0,17.0,46.0,0.014,-0.022,0.04433333333333304,0.467
NH17 Crossing Boko,Kamrup Metropolitan,25.9775,91.23416667,2023-06-22 07:00:00,6,173,3.0,6.0,18.0,30.0,0.014,0.0,0.021333333333333038,0.467
NH17 Crossing Boko,Kamrup Metropolitan,25.9775,91.23416667,2023-06-22 08:00:00,6,173,1.5,3.0,10.5,24.5,0.014,0.0,0.014,0.467
NH17 Crossing Boko,Kamrup Metropolitan,25.9775,91.23416667,2023-08-08 00:00:00,8,220,15.0,1.5,19.5,36.5,0.605,0.591,0.21099999999999972,0.605
NH17 Crossing Boko,Kamrup Metropolitan,25.9775,91.23416667,2023-08-08 22:00:00,8,220,17.0,15.0,33.5,51.5,0.46,-0.14499999999999996,0.35966666666666636,0.605
NH17 Crossing Boko,Kamrup Metropolitan,25.9775,91.23416667,2023-08-09 06:00:00,8,221,5.5,17.0,37.5,48.0,1.498,1.038,0.854333333333333,1.498
NH17 Crossing Boko,Kamrup Metropolitan,25.9775,91.23416667,2023-08-09 07:00:00,8,221,9.5,5.5,32.0,51.5,4.242,2.7439999999999998,2.0666666666666664,4.242
NH17 Crossing Boko,Kamrup Metropolitan,25.9775,91.23416667,2023-08-10 12:00:00,8,222,92.0,9.5,107.0,140.5,7.9,3.6580000000000004,4.546666666666666,7.9
NH17 Crossing Boko,Kamrup Metropolitan,25.9775,91.23416667,2023-08-10 13:00:00,8,222,110.5,92.0,212.0,249.5,7.9,0.0,6.680666666666667,7.9
NH17 Crossing Boko,Kamrup Metropolitan,25.9775,91.23416667,2023-08-11 12:00:00,8,223,6.5,110.5,209.0,241.0,7.9,0.0,7.9,7.9
NH17 Crossing Boko,Kamrup Metropolitan,25.9775,91.23416667,2023-08-11 13:00:00,8,223,14.5,6.5,131.5,238.5,7.9,0.0,7.9,7.9
NH17 Crossing Boko,Kamrup Metropolitan,25.9775,91.23416667,2023-08-14 15:00:00,8,226,29.0,14.5,50.0,262.0,6.695,-1.205,7.498333333333332,7.9
NH17 Crossing Boko,Kamrup Metropolitan,25.9775,91.23416667,2023-08-17 20:00:00,8,229,6.0,29.0,49.5,258.5,6.626,-0.06899999999999995,7.073666666666667,7.9
NH17 Crossing Boko,Kamrup Metropolitan,25.9775,91.23416667,2023-08-22 13:00:00,8,234,8.0,6.0,43.0,174.5,6.648,0.021999999999999353,6.6563333333333325,7.9
NH17 Crossing Boko,Kamrup Metropolitan,25.9775,91.23416667,2023-08-22 14:00:00,8,234,7.0,8.0,21.0,71.0,6.648,0.0,6.640666666666665,7.9
NH17 Crossing Boko,Kamrup Metropolitan,25.9775,91.23416667,2023-08-22 15:00:00,8,234,17.0,7.0,32.0,81.5,6.653,0.004999999999999893,6.649666666666666,7.9
NH17 Crossing Boko,Kamrup Metropolitan,25.9775,91.23416667,2023-08-25 12:00:00,8,237,71.0,17.0,95.0,138.0,6.677,0.02400000000000002,6.659333333333332,6.695
NH17 Crossing Boko,Kamrup Metropolitan,25.9775,91.23416667,2023-08-26 12:00:00,8,238,3.0,71.0,91.0,112.0,6.618,-0.058999999999999275,6.649333333333332,6.677
NH17 Crossing Boko,Kamrup Metropolitan,25.9775,91.23416667,2023-08-26 13:00:00,8,238,2.0,3.0,76.0,108.0,6.656,0.03799999999999937,6.650333333333332,6.677
NH17 Crossing Boko,Kamrup Metropolitan,25.9775,91.23416667,2023-08-27 06:00:00,8,239,10.5,2.0,15.5,110.5,6.594,-0.06199999999999939,6.6226666666666665,6.677
NH17 Crossing Boko,Kamrup Metropolitan,25.9775,91.23416667,2023-08-27 16:00:00,8,239,14.5,10.5,27.0,118.0,6.595,0.0009999999999994458,6.614999999999999,6.677
NH17 Crossing Boko,Kamrup Metropolitan,25.9775,91.23416667,2023-08-27 17:00:00,8,239,5.0,14.5,30.0,106.0,6.603,0.008000000000000007,6.597333333333332,6.677
NH17 Crossing Boko,Kamrup Metropolitan,25.9775,91.23416667,2023-09-03 19:00:00,9,246,12.0,5.0,31.5,47.0,6.445,-0.15799999999999947,6.547666666666665,6.656
NH17 Crossing Boko,Kamrup Metropolitan,25.9775,91.23416667,2023-09-04 18:00:00,9,247,32.5,12.0,49.5,76.5,6.466,0.020999999999999908,6.504666666666666,6.656
NH17 Crossing Boko,Kamrup Metropolitan,25.9775,91.23416667,2023-09-05 15:00:00,9,248,10.0,32.5,54.5,84.5,6.441,-0.025000000000000355,6.450666666666666,6.603
NH17 Crossing Boko,Kamrup Metropolitan,25.9775,91.23416667,2023-09-05 16:00:00,9,248,1.5,10.0,44.0,75.5,6.451,0.009999999999999787,6.452666666666666,6.603
NH17 Crossing Boko,Kamrup Metropolitan,25.9775,91.23416667,2023-09-08 07:00:00,9,251,450.0,1.5,461.5,511.0,6.893,0.44200000000000017,6.594999999999999,6.893
NH17 Crossing Boko,Kamrup Metropolitan,25.9775,91.23416667,2023-09-08 08:00:00,9,251,0.5,450.0,452.0,506.5,6.886,-0.006999999999999673,6.743333333333332,6.893
NH17 Crossing Boko,Kamrup Metropolitan,25.9775,91.23416667,2023-09-08 09:00:00,9,251,32.0,0.5,482.5,526.5,6.884,-0.0019999999999997797,6.887666666666665,6.893
NH17 Crossing Boko,Kamrup Metropolitan,25.9775,91.23416667,2023-09-08 13:00:00,9,251,7.0,32.0,39.5,501.0,6.881,-0.0030000000000001137,6.883666666666666,6.893
NH17 Crossing Boko,Kamrup Metropolitan,25.9775,91.23416667,2023-09-11 21:00:00,9,254,64.0,7.0,103.0,555.0,6.933,0.0519999999999996,6.899333333333334,6.933
NH17 Crossing Boko,Kamrup Metropolitan,25.9775,91.23416667,2023-09-12 01:00:00,9,255,5.0,64.0,76.0,558.5,6.797,-0.13600000000000012,6.870333333333332,6.933
NH17 Crossing Boko,Kamrup Metropolitan,25.9775,91.23416667,2023-09-12 02:00:00,9,255,35.0,5.0,104.0,143.5,6.875,0.07800000000000029,6.868333333333332,6.933
NH17 Crossing Boko,Kamrup Metropolitan,25.9775,91.23416667,2023-09-13 07:00:00,9,256,0.5,35.0,40.5,143.5,6.874,-0.001000000000000334,6.8486666666666665,6.933
NH17 Crossing Boko,Kamrup Metropolitan,25.9775,91.23416667,2023-09-13 08:00:00,9,256,90.0,0.5,125.5,201.5,6.897,0.023000000000000576,6.881999999999999,6.933
NH17 Crossing Boko,Kamrup Metropolitan,25.9775,91.23416667,2023-09-14 11:00:00,9,257,225.0,90.0,315.5,419.5,6.931,0.03399999999999981,6.900666666666666,6.933
NH17 Crossing Boko,Kamrup Metropolitan,25.9775,91.23416667,2023-09-15 05:00:00,9,258,11.0,225.0,326.0,366.5,6.882,-0.04900000000000038,6.903333333333332,6.931
NH17 Crossing Boko,Kamrup Metropolitan,25.9775,91.23416667,2023-09-18 17:00:00,9,261,5.0,11.0,241.0,366.5,6.928,0.04600000000000026,6.913666666666667,6.931
NH17 Crossing Boko,Kamrup Metropolitan,25.9775,91.23416667,2023-09-19 15:00:00,9,262,9.0,5.0,25.0,340.5,6.939,0.01100000000000012,6.9163333333333314,6.939
NH17 Crossing Boko,Kamrup Metropolitan,25.9775,91.23416667,2023-09-19 16:00:00,9,262,11.0,9.0,25.0,351.0,6.922,-0.017000000000000348,6.929666666666666,6.939
NH17 Crossing Boko,Kamrup Metropolitan,25.9775,91.23416667,2023-09-20 01:00:00,9,263,44.0,11.0,64.0,305.0,6.938,0.016000000000000014,6.933,6.939
NH17 Crossing Boko,Kamrup Metropolitan,25.9775,91.23416667,2023-09-20 14:00:00,9,263,41.0,44.0,96.0,121.0,6.808,-0.1299999999999999,6.889333333333333,6.939
NH17 Crossing Boko,Kamrup Metropolitan,25.9775,91.23416667,2023-09-20 15:00:00,9,263,9.0,41.0,94.0,119.0,6.952,0.14400000000000013,6.899333333333332,6.952
NH17 Crossing Boko,Kamrup Metropolitan,25.9775,91.23416667,2023-09-21 17:00:00,9,264,4.0,9.0,54.0,118.0,6.89,-0.06200000000000028,6.883333333333333,6.952
NH17 Crossing Boko,Kamrup Metropolitan,25.9775,91.23416667,2023-09-22 01:00:00,9,265,996.0,4.0,1009.0,1105.0,6.903,0.0129999999999999,6.914999999999999,6.952
NH17 Crossing Boko,Kamrup Metropolitan,25.9775,91.23416667,2023-09-22 03:00:00,9,265,290.0,996.0,1290.0,1384.0,6.883,-0.019999999999999574,6.8919999999999995,6.952
NH17 Crossing Boko,Kamrup Metropolitan,25.9775,91.23416667,2023-09-22 04:00:00,9,265,182.0,290.0,1468.0,1522.0,6.872,-0.01100000000000012,6.885999999999999,6.952
NH17 Crossing Boko,Kamrup Metropolitan,25.9775,91.23416667,2023-09-22 05:00:00,9,265,45.0,182.0,517.0,1526.0,6.913,0.04100000000000037,6.889333333333333,6.952
NH17 Crossing Boko,Kamrup Metropolitan,25.9775,91.23416667,2023-09-23 14:00:00,9,266,37.0,45.0,264.0,1554.0,6.902,-0.01100000000000012,6.895666666666666,6.913
NH17 Crossing Boko,Kamrup Metropolitan,25.9775,91.23416667,2023-09-23 15:00:00,9,266,149.0,37.0,231.0,1699.0,6.919,0.01699999999999946,6.911333333333332,6.919
NH17 Crossing Boko,Kamrup Metropolitan,25.9775,91.23416667,2023-09-30 17:00:00,9,273,466.0,149.0,652.0,1169.0,6.91,-0.008999999999999453,6.910333333333333,6.919
NH17 Crossing Boko,Kamrup Metropolitan,25.9775,91.23416667,2023-09-30 18:00:00,9,273,63.0,466.0,678.0,942.0,6.852,-0.05799999999999983,6.8936666666666655,6.919
NH17 Crossing Boko,Kamrup Metropolitan,25.9775,91.23416667,2023-10-02 20:00:00,10,275,427.0,63.0,956.0,1187.0,6.871,0.019000000000000128,6.877666666666666,6.919
NH17 Crossing Boko,Kamrup Metropolitan,25.9775,91.23416667,2023-10-03 02:00:00,10,276,556.0,427.0,1046.0,1698.0,6.915,0.043999999999999595,6.879333333333332,6.919
NH17 Crossing Boko,Kamrup Metropolitan,25.9775,91.23416667,2023-10-03 03:00:00,10,276,83.0,556.0,1066.0,1744.0,6.857,-0.05799999999999983,6.880999999999999,6.919
NH17 Crossing Boko,Kamrup Metropolitan,25.9775,91.23416667,2023-10-03 08:00:00,10,276,354.0,83.0,993.0,1949.0,6.892,0.03500000000000014,6.888000000000001,6.915
NH17 Crossing Boko,Kamrup Metropolitan,25.9775,91.23416667,2023-10-03 09:00:00,10,276,818.0,354.0,1255.0,2301.0,6.91,0.017999999999999794,6.886333333333333,6.915
NH17 Crossing Boko,Kamrup Metropolitan,25.9775,91.23416667,2023-10-03 13:00:00,10,276,61.0,818.0,1233.0,2299.0,6.913,0.0030000000000001137,6.905,6.915
NH17 Crossing Boko,Kamrup Metropolitan,25.9775,91.23416667,2023-10-03 22:00:00,10,276,7.0,61.0,886.0,1879.0,6.776,-0.13700000000000045,6.8663333333333325,6.915
NH17 Crossing Boko,Kamrup Metropolitan,25.9775,91.23416667,2023-10-03 23:00:00,10,276,561.0,7.0,629.0,1884.0,6.881,0.10500000000000043,6.8566666666666665,6.913
NH17 Crossing Boko,Kamrup Metropolitan,25.9775,91.23416667,2023-10-04 00:00:00,10,277,10.0,561.0,578.0,1811.0,6.897,0.016000000000000014,6.851333333333333,6.913
NH17 Crossing Boko,Kamrup Metropolitan,25.9775,91.23416667,2023-10-04 11:00:00,10,277,378.0,10.0,949.0,1835.0,6.888,-0.009000000000000341,6.888666666666666,6.913
NH17 Crossing Boko,Kamrup Metropolitan,25.9775,91.23416667,2023-10-04 12:00:00,10,277,353.0,378.0,741.0,1370.0,6.769,-0.11899999999999977,6.851333333333333,6.913
NH17 Crossing Boko,Kamrup Metropolitan,25.9775,91.23416667,2023-10-04 15:00:00,10,277,1.5,353.0,732.5,1310.5,6.964,0.19500000000000028,6.873666666666666,6.964
NH17 Crossing Boko,Kamrup Metropolitan,25.9775,91.23416667,2023-10-06 16:00:00,10,279,10.0,1.5,364.5,1313.5,6.933,-0.031000000000000583,6.888666666666666,6.964
NH17 Crossing Boko,Kamrup Metropolitan,25.9775,91.23416667,2023-10-07 00:00:00,10,280,4.0,10.0,15.5,756.5,6.766,-0.16699999999999982,6.887666666666665,6.964
NH17 Crossing Boko,Kamrup Metropolitan,25.9775,91.23416667,2023-10-07 01:00:00,10,280,1.0,4.0,15.0,747.5,6.776,0.009999999999999787,6.824999999999999,6.964
NH17 Crossing Boko,Kamrup Metropolitan,25.9775,91.23416667,2023-10-07 02:00:00,10,280,62.0,1.0,67.0,431.5,6.927,0.1509999999999998,6.8229999999999995,6.964
NH17 Crossing Boko,Kamrup Metropolitan,25.9775,91.23416667,2023-10-07 03:00:00,10,280,83.0,62.0,146.0,161.5,6.778,-0.14900000000000002,6.826999999999999,6.964
NH17 Crossing Boko,Kamrup Metropolitan,25.9775,91.23416667,2023-10-07 04:00:00,10,280,187.0,83.0,332.0,347.0,6.876,0.09800000000000075,6.860333333333332,6.933
NH17 Crossing Boko,Kamrup Metropolitan,25.9775,91.23416667,2023-10-07 06:00:00,10,280,11.0,187.0,281.0,348.0,6.83,-0.04600000000000026,6.827999999999999,6.927
NH17 Crossing Boko,Kamrup Metropolitan,25.9775,91.23416667,2023-10-09 13:00:00,10,282,88.0,11.0,286.0,432.0,6.835,0.004999999999999893,6.847,6.927
NH17 Crossing Boko,Kamrup Metropolitan,25.9775,91.23416667,2023-10-09 14:00:00,10,282,14.0,88.0,113.0,445.0,6.854,0.019000000000000128,6.839666666666666,6.927
NH17 Crossing Boko,Kamrup Metropolitan,25.9775,91.23416667,2023-10-13 23:00:00,10,286,2.0,14.0,104.0,385.0,6.891,0.03699999999999992,6.859999999999999,6.891
NH17 Crossing Boko,Kamrup Metropolitan,25.9775,91.23416667,2023-10-21 12:00:00,10,294,8.5,2.0,24.5,310.5,6.972,0.0810000000000004,6.905666666666666,6.972
NH17 Crossing Boko,Kamrup Metropolitan,25.9775,91.23416667,2024-02-10 05:30:00,2,41,57.0,8.5,67.5,180.5,7.018,0.045999999999999375,6.960333333333334,7.018
NH17 Crossing Boko,Kamrup Metropolitan,25.9775,91.23416667,2024-02-11 09:00:00,2,42,192.0,57.0,257.5,361.5,7.001,-0.01699999999999946,6.997,7.018
NH17 Crossing Boko,Kamrup Metropolitan,25.9775,91.23416667,2024-02-14 21:30:00,2,45,219.0,192.0,468.0,492.5,46.978,39.977000000000004,20.332333333333334,46.978
NH17 Crossing Boko,Kamrup Metropolitan,25.9775,91.23416667,2024-02-18 03:30:00,2,49,350.0,219.0,761.0,828.5,7.007,-39.971000000000004,20.328666666666667,46.978
NH17 Crossing Boko,Kamrup Metropolitan,25.9775,91.23416667,2024-02-22 11:30:00,2,53,41.0,350.0,610.0,867.5,7.049,0.0420000000000007,20.344666666666665,46.978
NH17 Crossing Boko,Kamrup Metropolitan,25.9775,91.23416667,2024-02-24 08:00:00,2,55,0.5,41.0,391.5,859.5,7.032,-0.017000000000000348,7.029333333333334,46.978
NH17 Crossing Boko,Kamrup Metropolitan,25.9775,91.23416667,2024-03-05 07:00:00,3,65,80.5,0.5,122.0,883.0,7.017,-0.01499999999999968,7.032666666666667,46.978
NH17 Crossing Boko,Kamrup Metropolitan,25.9775,91.23416667,2024-03-22 21:30:00,3,82,0.5,80.5,81.5,691.5,6.995,-0.02200000000000024,7.014666666666667,46.978
NH17 Crossing Boko,Kamrup Metropolitan,25.9775,91.23416667,2024-03-26 05:00:00,3,86,12.0,0.5,93.0,484.5,7.9,0.9050000000000002,7.304000000000001,7.9
NH17 Crossing Boko,Kamrup Metropolitan,25.9775,91.23416667,2024-04-06 22:00:00,4,97,128.5,12.0,141.0,263.0,6.968,-0.9320000000000004,7.2876666666666665,7.9
NH17 Crossing Boko,Kamrup Metropolitan,25.9775,91.23416667,2024-04-07 06:00:00,4,98,385.0,128.5,525.5,607.0,6.975,0.006999999999999673,7.281,7.9
NH17 Crossing Boko,Kamrup Metropolitan,25.9775,91.23416667,2024-04-07 07:00:00,4,98,257.0,385.0,770.5,863.5,6.985,0.010000000000000675,6.976,7.9
NH17 Crossing Boko,Kamrup Metropolitan,25.9775,91.23416667,2024-04-09 00:00:00,4,100,1.5,257.0,643.5,784.5,6.987,0.0019999999999997797,6.982333333333334,7.9
NH17 Crossing Boko,Kamrup Metropolitan,25.9775,91.23416667,2024-04-19 05:00:00,4,110,122.5,1.5,381.0,906.5,7.9,0.9130000000000003,7.290666666666667,7.9
NH17 Crossing Boko,Kamrup Metropolitan,25.9775,91.23416667,2024-04-21 17:00:00,4,112,0.5,122.5,124.5,895.0,7.9,0.0,7.595666666666666,7.9
NH17 Crossing Boko,Kamrup Metropolitan,25.9775,91.23416667,2024-05-06 08:30:00,5,127,40.0,0.5,163.0,806.5,7.068,-0.8320000000000007,7.622666666666667,7.9
NH17 Crossing Boko,Kamrup Metropolitan,25.9775,91.23416667,2024-05-06 09:30:00,5,127,204.0,40.0,244.5,625.5,7.17,0.10200000000000031,7.379333333333332,7.9
NH17 Crossing Boko,Kamrup Metropolitan,25.9775,91.23416667,2024-06-07 13:00:00,6,159,2.5,204.0,246.5,371.0,30.0,22.83,14.746,30.0
NH17 Crossing Boko,Kamrup Metropolitan,25.9775,91.23416667,2024-06-09 05:00:00,6,161,3.0,2.5,209.5,372.5,30.0,0.0,22.39,30.0
NH17 Crossing Boko,Kamrup Metropolitan,25.9775,91.23416667,2024-06-09 06:00:00,6,161,2.0,3.0,7.5,252.0,30.0,0.0,30.0,30.0
NH17 Crossing Boko,Kamrup Metropolitan,25.9775,91.23416667,2024-06-09 07:00:00,6,161,4.5,2.0,9.5,256.0,30.0,0.0,30.0,30.0
NH17 Crossing Boko,Kamrup Metropolitan,25.9775,91.23416667,2024-06-09 08:00:00,6,161,6.0,4.5,12.5,222.0,30.0,0.0,30.0,30.0
NH17 Crossing Boko,Kamrup Metropolitan,25.9775,91.23416667,2024-06-09 09:00:00,6,161,3.0,6.0,13.5,21.0,30.0,0.0,30.0,30.0
NH17 Crossing Boko,Kamrup Metropolitan,25.9775,91.23416667,2024-06-09 14:00:00,6,161,12.5,3.0,21.5,31.0,30.0,0.0,30.0,30.0
NH17 Crossing Boko,Kamrup Metropolitan,25.9775,91.23416667,2024-06-09 17:00:00,6,161,3.0,12.5,18.5,31.0,30.0,0.0,30.0,30.0
NH17 Crossing Boko,Kamrup Metropolitan,25.9775,91.23416667,2024-06-10 02:00:00,6,162,1.0,3.0,16.5,30.0,30.0,0.0,30.0,30.0
NH17 Crossing Boko,Kamrup Metropolitan,25.9775,91.23416667,2024-06-10 10:00:00,6,162,1.0,1.0,5.0,26.5,30.0,0.0,30.0,30.0
NH17 Crossing Boko,Kamrup Metropolitan,25.9775,91.23416667,2024-06-10 15:00:00,6,162,1.5,1.0,3.5,22.0,30.0,0.0,30.0,30.0
NH17 Crossing Boko,Kamrup Metropolitan,25.9775,91.23416667,2024-06-10 23:00:00,6,162,2.0,1.5,4.5,21.0,30.0,0.0,30.0,30.0
NH17 Crossing Boko,Kamrup Metropolitan,25.9775,91.23416667,2024-06-11 12:00:00,6,163,7.5,2.0,11.0,16.0,30.0,0.0,30.0,30.0
NH17 Crossing Boko,Kamrup Metropolitan,25.9775,91.23416667,2024-06-12 08:00:00,6,164,7.0,7.5,16.5,20.0,30.0,0.0,30.0,30.0
NH17 Crossing Boko,Kamrup Metropolitan,25.9775,91.23416667,2024-06-12 17:00:00,6,164,2.0,7.0,16.5,21.0,30.0,0.0,30.0,30.0
NH17 Crossing Boko,Kamrup Metropolitan,25.9775,91.23416667,2024-06-13 09:00:00,6,165,1.0,2.0,10.0,21.0,30.0,0.0,30.0,30.0
NH17 Crossing Boko,Kamrup Metropolitan,25.9775,91.23416667,2024-06-14 07:00:00,6,166,2.0,1.0,5.0,21.5,30.0,0.0,30.0,30.0
NH17 Crossing Boko,Kamrup Metropolitan,25.9775,91.23416667,2024-06-14 08:00:00,6,166,18.5,2.0,21.5,38.0,30.0,0.0,30.0,30.0
NH17 Crossing Boko,Kamrup Metropolitan,25.9775,91.23416667,2024-06-14 09:00:00,6,166,2.0,18.5,22.5,32.5,30.0,0.0,30.0,30.0
NH17 Crossing Boko,Kamrup Metropolitan,25.9775,91.23416667,2024-06-14 14:00:00,6,166,2.5,2.0,23.0,28.0,30.0,0.0,30.0,30.0
NH17 Crossing Boko,Kamrup Metropolitan,25.9775,91.23416667,2024-06-15 05:00:00,6,167,3.5,2.5,8.0,29.5,30.0,0.0,30.0,30.0
NH17 Crossing Boko,Kamrup Metropolitan,25.9775,91.23416667,2024-06-15 07:00:00,6,167,1.0,3.5,7.0,29.5,30.0,0.0,30.0,30.0
NH17 Crossing Boko,Kamrup Metropolitan,25.9775,91.23416667,2024-06-15 08:00:00,6,167,34.0,1.0,38.5,61.5,30.0,0.0,30.0,30.0
NH17 Crossing Boko,Kamrup Metropolitan,25.9775,91.23416667,2024-06-15 09:00:00,6,167,33.0,34.0,68.0,76.0,30.0,0.0,30.0,30.0
NH17 Crossing Boko,Kamrup Metropolitan,25.9775,91.23416667,2024-06-15 10:00:00,6,167,32.0,33.0,99.0,106.0,30.0,0.0,30.0,30.0
NH17 Crossing Boko,Kamrup Metropolitan,25.9775,91.23416667,2024-06-15 11:00:00,6,167,23.5,32.0,88.5,127.0,30.0,0.0,30.0,30.0
NH17 Crossing Boko,Kamrup Metropolitan,25.9775,91.23416667,2024-06-15 12:00:00,6,167,2.0,23.5,57.5,125.5,30.0,0.0,30.0,30.0
NH17 Crossing Boko,Kamrup Metropolitan,25.9775,91.23416667,2024-06-15 13:00:00,6,167,4.0,2.0,29.5,128.5,30.0,0.0,30.0,30.0
NH17 Crossing Boko,Kamrup Metropolitan,25.9775,91.23416667,2024-06-15 15:00:00,6,167,6.0,4.0,12.0,100.5,30.0,0.0,30.0,30.0
NH17 Crossing Boko,Kamrup Metropolitan,25.9775,91.23416667,2024-06-16 06:00:00,6,168,61.5,6.0,71.5,129.0,30.0,0.0,30.0,30.0
NH17 Crossing Boko,Kamrup Metropolitan,25.9775,91.23416667,2024-06-16 07:00:00,6,168,79.5,61.5,147.0,176.5,30.0,0.0,30.0,30.0
NH17 Crossing Boko,Kamrup Metropolitan,25.9775,91.23416667,2024-06-16 08:00:00,6,168,67.0,79.5,208.0,220.0,30.0,0.0,30.0,30.0
NH17 Crossing Boko,Kamrup Metropolitan,25.9775,91.23416667,2024-06-16 09:00:00,6,168,65.0,67.0,211.5,283.0,30.0,0.0,30.0,30.0
NH17 Crossing Boko,Kamrup Metropolitan,25.9775,91.23416667,2024-06-16 10:00:00,6,168,19.0,65.0,151.0,298.0,30.0,0.0,30.0,30.0
NH17 Crossing Boko,Kamrup Metropolitan,25.9775,91.23416667,2024-06-16 11:00:00,6,168,17.0,19.0,101.0,309.0,30.0,0.0,30.0,30.0
NH17 Crossing Boko,Kamrup Metropolitan,25.9775,91.23416667,2024-06-16 12:00:00,6,168,2.0,17.0,38.0,249.5,30.0,0.0,30.0,30.0
NH17 Crossing Boko,Kamrup Metropolitan,25.9775,91.23416667,2024-06-16 13:00:00,6,168,4.5,2.0,23.5,174.5,30.0,0.0,30.0,30.0
NH17 Crossing Boko,Kamrup Metropolitan,25.9775,91.23416667,2024-06-17 02:00:00,6,169,46.0,4.5,52.5,153.5,30.0,0.0,30.0,30.0
NH17 Crossing Boko,Kamrup Metropolitan,25.9775,91.23416667,2024-06-17 03:00:00,6,169,32.5,46.0,83.0,121.0,30.0,0.0,30.0,30.0
NH17 Crossing Boko,Kamrup Metropolitan,25.9775,91.23416667,2024-06-17 04:00:00,6,169,49.5,32.5,128.0,151.5,30.0,0.0,30.0,30.0
NH17 Crossing Boko,Kamrup Metropolitan,25.9775,91.23416667,2024-06-17 05:00:00,6,169,70.0,49.5,152.0,204.5,30.0,0.0,30.0,30.0
NH17 Crossing Boko,Kamrup Metropolitan,25.9775,91.23416667,2024-06-17 06:00:00,6,169,0.5,70.0,120.0,203.0,30.0,0.0,30.0,30.0
NH17 Crossing Boko,Kamrup Metropolitan,25.9775,91.23416667,2024-06-17 10:00:00,6,169,57.0,0.5,127.5,255.5,30.0,0.0,30.0,30.0
NH17 Crossing Boko,Kamrup Metropolitan,25.9775,91.23416667,2024-06-17 11:00:00,6,169,12.5,57.0,70.0,222.0,30.0,0.0,30.0,30.0
NH17 Crossing Boko,Kamrup Metropolitan,25.9775,91.23416667,2024-06-17 12:00:00,6,169,11.0,12.5,80.5,200.5,30.0,0.0,30.0,30.0
NH17 Crossing Boko,Kamrup Metropolitan,25.9775,91.23416667,2024-06-17 22:00:00,6,169,1.5,11.0,25.0,152.5,30.0,0.0,30.0,30.0
NH17 Crossing Boko,Kamrup Metropolitan,25.9775,91.23416667,2024-06-18 00:00:00,6,170,7.5,1.5,20.0,90.0,30.0,0.0,30.0,30.0
NH17 Crossing Boko,Kamrup Metropolitan,25.9775,91.23416667,2024-06-18 01:00:00,6,170,42.5,7.5,51.5,132.0,30.0,0.0,30.0,30.0
NH17 Crossing Boko,Kamrup Metropolitan,25.9775,91.23416667,2024-06-18 02:00:00,6,170,16.5,42.5,66.5,91.5,30.0,0.0,30.0,30.0
NH17 Crossing Boko,Kamrup Metropolitan,25.9775,91.23416667,2024-06-18 03:00:00,6,170,31.5,16.5,90.5,110.5,30.0,0.0,30.0,30.0
NH17 Crossing Boko,Kamrup Metropolitan,25.9775,91.23416667,2024-06-18 04:00:00,6,170,20.5,31.5,68.5,120.0,30.0,0.0,30.0,30.0
NH17 Crossing Boko,Kamrup Metropolitan,25.9775,91.23416667,2024-06-18 05:00:00,6,170,2.5,20.5,54.5,121.0,30.0,0.0,30.0,30.0
NH17 Crossing Boko,Kamrup Metropolitan,25.9775,91.23416667,2024-06-18 06:00:00,6,170,7.5,2.5,30.5,121.0,30.0,0.0,30.0,30.0
NH17 Crossing Boko,Kamrup Metropolitan,25.9775,91.23416667,2024-06-18 07:00:00,6,170,24.0,7.5,34.0,102.5,30.0,0.0,30.0,30.0
NH17 Crossing Boko,Kamrup Metropolitan,25.9775,91.23416667,2024-06-18 08:00:00,6,170,24.0,24.0,55.5,110.0,30.0,0.0,30.0,30.0
NH17 Crossing Boko,Kamrup Metropolitan,25.9775,91.23416667,2024-06-18 09:00:00,6,170,21.5,24.0,69.5,100.0,30.0,0.0,30.0,30.0
NH17 Crossing Boko,Kamrup Metropolitan,25.9775,91.23416667,2024-06-18 10:00:00,6,170,31.5,21.5,77.0,111.0,30.0,0.0,30.0,30.0
NH17 Crossing Boko,Kamrup Metropolitan,25.9775,91.23416667,2024-06-18 11:00:00,6,170,38.0,31.5,91.0,146.5,30.0,0.0,30.0,30.0
NH17 Crossing Boko,Kamrup Metropolitan,25.9775,91.23416667,2024-06-18 12:00:00,6,170,29.5,38.0,99.0,168.5,30.0,0.0,30.0,30.0
NH17 Crossing Boko,Kamrup Metropolitan,25.9775,91.23416667,2024-06-18 13:00:00,6,170,4.5,29.5,72.0,149.0,30.0,0.0,30.0,30.0
NH17 Crossing Boko,Kamrup Metropolitan,25.9775,91.23416667,2024-06-19 01:00:00,6,171,1.0,4.5,35.0,126.0,30.0,0.0,30.0,30.0
NH17 Crossing Boko,Kamrup Metropolitan,25.9775,91.23416667,2024-06-19 03:00:00,6,171,14.5,1.0,20.0,119.0,30.0,0.0,30.0,30.0
NH17 Crossing Boko,Kamrup Metropolitan,25.9775,91.23416667,2024-06-19 04:00:00,6,171,46.5,14.5,62.0,134.0,30.0,0.0,30.0,30.0
NH17 Crossing Boko,Kamrup Metropolitan,25.9775,91.23416667,2024-06-19 05:00:00,6,171,7.0,46.5,68.0,103.0,30.0,0.0,30.0,30.0
NH17 Crossing Boko,Kamrup Metropolitan,25.9775,91.23416667,2024-06-19 06:00:00,6,171,59.5,7.0,113.0,133.0,30.0,0.0,30.0,30.0
NH17 Crossing Boko,Kamrup Metropolitan,25.9775,91.23416667,2024-06-19 07:00:00,6,171,26.0,59.5,92.5,154.5,30.0,0.0,30.0,30.0
NH17 Crossing Boko,Kamrup Metropolitan,25.9775,91.23416667,2024-06-19 08:00:00,6,171,9.5,26.0,95.0,163.0,30.0,0.0,30.0,30.0
NH17 Crossing Boko,Kamrup Metropolitan,25.9775,91.23416667,2024-06-19 09:00:00,6,171,9.0,9.5,44.5,157.5,30.0,0.0,30.0,30.0
NH17 Crossing Boko,Kamrup Metropolitan,25.9775,91.23416667,2024-06-19 10:00:00,6,171,21.0,9.0,39.5,132.0,30.0,0.0,30.0,30.0
NH17 Crossing Boko,Kamrup Metropolitan,25.9775,91.23416667,2024-06-19 11:00:00,6,171,40.0,21.0,70.0,165.0,30.0,0.0,30.0,30.0
NH17 Crossing Boko,Kamrup Metropolitan,25.9775,91.23416667,2024-06-19 12:00:00,6,171,38.5,40.0,99.5,144.0,30.0,0.0,30.0,30.0
NH17 Crossing Boko,Kamrup Metropolitan,25.9775,91.23416667,2024-06-19 13:00:00,6,171,6.5,38.5,85.0,124.5,30.0,0.0,30.0,30.0
NH17 Crossing Boko,Kamrup Metropolitan,25.9775,91.23416667,2024-06-19 18:00:00,6,171,22.0,6.5,67.0,137.0,30.0,0.0,30.0,30.0
NH17 Crossing Boko,Kamrup Metropolitan,25.9775,91.23416667,2024-06-19 19:00:00,6,171,10.5,22.0,39.0,138.5,30.0,0.0,30.0,30.0
NH17 Crossing Boko,Kamrup Metropolitan,25.9775,91.23416667,2024-06-19 22:00:00,6,171,5.5,10.5,38.0,123.0,30.0,0.0,30.0,30.0
NH17 Crossing Boko,Kamrup Metropolitan,25.9775,91.23416667,2024-06-19 23:00:00,6,171,22.0,5.5,38.0,105.0,30.0,0.0,30.0,30.0
NH17 Crossing Boko,Kamrup Metropolitan,25.9775,91.23416667,2024-06-20 00:00:00,6,172,3.0,22.0,30.5,69.5,30.0,0.0,30.0,30.0
NH17 Crossing Boko,Kamrup Metropolitan,25.9775,91.23416667,2024-06-20 03:00:00,6,172,23.5,3.0,48.5,86.5,30.0,0.0,30.0,30.0
NH17 Crossing Boko,Kamrup Metropolitan,25.9775,91.23416667,2024-06-20 04:00:00,6,172,7.0,23.5,33.5,71.5,30.0,0.0,30.0,30.0
NH17 Crossing Boko,Kamrup Metropolitan,25.9775,91.23416667,2024-06-20 05:00:00,6,172,3.5,7.0,34.0,64.5,30.0,0.0,30.0,30.0
NH17 Crossing Boko,Kamrup Metropolitan,25.9775,91.23416667,2024-06-20 06:00:00,6,172,7.5,3.5,18.0,66.5,30.0,0.0,30.0,30.0
NH17 Crossing Boko,Kamrup Metropolitan,25.9775,91.23416667,2024-06-20 09:00:00,6,172,33.5,7.5,44.5,78.0,30.0,0.0,30.0,30.0
NH17 Crossing Boko,Kamrup Metropolitan,25.9775,91.23416667,2024-06-20 10:00:00,6,172,25.0,33.5,66.0,100.0,30.0,0.0,30.0,30.0
NH17 Crossing Boko,Kamrup Metropolitan,25.9775,91.23416667,2024-06-20 12:00:00,6,172,1.0,25.0,59.5,77.5,30.0,0.0,30.0,30.0
NH17 Crossing Boko,Kamrup Metropolitan,25.9775,91.23416667,2024-06-21 09:00:00,6,173,2.5,1.0,28.5,73.0,30.0,0.0,30.0,30.0
NH17 Crossing Boko,Kamrup Metropolitan,25.9775,91.23416667,2024-06-22 00:00:00,6,174,1.0,2.5,4.5,70.5,30.0,0.0,30.0,30.0
NH17 Crossing Boko,Kamrup Metropolitan,25.9775,91.23416667,2024-06-24 15:00:00,6,176,3.0,1.0,6.5,66.0,30.0,0.0,30.0,30.0
NH17 Crossing Boko,Kamrup Metropolitan,25.9775,91.23416667,2024-06-25 16:00:00,6,177,0.5,3.0,4.5,33.0,30.0,0.0,30.0,30.0
NH17 Crossing Boko,Kamrup Metropolitan,25.9775,91.23416667,2024-06-25 17:00:00,6,177,16.0,0.5,19.5,24.0,30.0,0.0,30.0,30.0
NH17 Crossing Boko,Kamrup Metropolitan,25.9775,91.23416667,2024-06-25 18:00:00,6,177,50.0,16.0,66.5,73.0,30.0,0.0,30.0,30.0
NH17 Crossing Boko,Kamrup Metropolitan,25.9775,91.23416667,2024-06-25 19:00:00,6,177,0.5,50.0,66.5,71.0,30.0,0.0,30.0,30.0
NH17 Crossing Boko,Kamrup Metropolitan,25.9775,91.23416667,2024-06-25 20:00:00,6,177,0.5,0.5,51.0,70.5,30.0,0.0,30.0,30.0
NH17 Crossing Boko,Kamrup Metropolitan,25.9775,91.23416667,2024-06-26 10:00:00,6,178,1.0,0.5,2.0,68.5,30.0,0.0,30.0,30.0
NH17 Crossing Boko,Kamrup Metropolitan,25.9775,91.23416667,2024-06-26 20:00:00,6,178,1.0,1.0,2.5,69.0,30.0,0.0,30.0,30.0
NH17 Crossing Boko,Kamrup Metropolitan,25.9775,91.23416667,2024-06-27 03:00:00,6,179,10.5,1.0,12.5,63.5,30.0,0.0,30.0,30.0
NH17 Crossing Boko,Kamrup Metropolitan,25.9775,91.23416667,2024-06-27 04:00:00,6,179,37.0,10.5,48.5,50.5,30.0,0.0,30.0,30.0
NH17 Crossing Boko,Kamrup Metropolitan,25.9775,91.23416667,2024-06-27 05:00:00,6,179,7.5,37.0,55.0,57.5,30.0,0.0,30.0,30.0
NH17 Crossing Boko,Kamrup Metropolitan,25.9775,91.23416667,2024-06-27 12:00:00,6,179,2.0,7.5,46.5,59.0,30.0,0.0,30.0,30.0
NH17 Crossing Boko,Kamrup Metropolitan,25.9775,91.23416667,2024-06-28 03:00:00,6,180,1.0,2.0,10.5,59.0,30.0,0.0,30.0,30.0
NH17 Crossing Boko,Kamrup Metropolitan,25.9775,91.23416667,2024-06-28 09:00:00,6,180,2.0,1.0,5.0,60.0,30.0,0.0,30.0,30.0
NH17 Crossing Boko,Kamrup Metropolitan,25.9775,91.23416667,2024-06-28 10:00:00,6,180,2.0,2.0,5.0,51.5,30.0,0.0,30.0,30.0
NH17 Crossing Boko,Kamrup Metropolitan,25.9775,91.23416667,2024-06-29 08:00:00,6,181,0.5,2.0,4.5,15.0,30.0,0.0,30.0,30.0
NH17 Crossing Boko,Kamrup Metropolitan,25.9775,91.23416667,2024-06-29 17:00:00,6,181,24.5,0.5,27.0,32.0,30.0,0.0,30.0,30.0
NH17 Crossing Boko,Kamrup Metropolitan,25.9775,91.23416667,2024-06-29 18:00:00,6,181,1.0,24.5,26.0,31.0,30.0,0.0,30.0,30.0
NH17 Crossing Boko,Kamrup Metropolitan,25.9775,91.23416667,2024-06-30 01:00:00,6,182,5.5,1.0,31.0,35.5,30.0,0.0,30.0,30.0
NH17 Crossing Boko,Kamrup Metropolitan,25.9775,91.23416667,2024-06-30 02:00:00,6,182,2.5,5.5,9.0,36.0,30.0,0.0,30.0,30.0
NH17 Crossing Boko,Kamrup Metropolitan,25.9775,91.23416667,2024-06-30 03:00:00,6,182,3.0,2.5,11.0,37.0,30.0,0.0,30.0,30.0
NH17 Crossing Boko,Kamrup Metropolitan,25.9775,91.23416667,2024-06-30 04:00:00,6,182,1.0,3.0,6.5,37.5,30.0,0.0,30.0,30.0
NH17 Crossing Boko,Kamrup Metropolitan,25.9775,91.23416667,2024-06-30 05:00:00,6,182,21.5,1.0,25.5,34.5,30.0,0.0,30.0,30.0
NH17 Crossing Boko,Kamrup Metropolitan,25.9775,91.23416667,2024-06-30 06:00:00,6,182,25.5,21.5,48.0,59.0,30.0,0.0,30.0,30.0
NH17 Crossing Boko,Kamrup Metropolitan,25.9775,91.23416667,2024-06-30 09:00:00,6,182,13.5,25.5,60.5,67.0,30.0,0.0,30.0,30.0
NH17 Crossing Boko,Kamrup Metropolitan,25.9775,91.23416667,2024-06-30 11:00:00,6,182,1.0,13.5,40.0,65.5,30.0,0.0,30.0,30.0
NH17 Crossing Boko,Kamrup Metropolitan,25.9775,91.23416667,2024-06-30 12:00:00,6,182,1.0,1.0,15.5,63.5,30.0,0.0,30.0,30.0
NH17 Crossing Boko,Kamrup Metropolitan,25.9775,91.23416667,2024-06-30 13:00:00,6,182,40.0,1.0,42.0,102.5,30.0,0.0,30.0,30.0
NH17 Crossing Boko,Kamrup Metropolitan,25.9775,91.23416667,2024-06-30 14:00:00,6,182,25.0,40.0,66.0,106.0,30.0,0.0,30.0,30.0
NH17 Crossing Boko,Kamrup Metropolitan,25.9775,91.23416667,2024-06-30 19:00:00,6,182,1.0,25.0,66.0,81.5,30.0,0.0,30.0,30.0
NH17 Crossing Boko,Kamrup Metropolitan,25.9775,91.23416667,2024-06-30 23:00:00,6,182,0.5,1.0,26.5,68.5,30.0,0.0,30.0,30.0
NH17 Crossing Boko,Kamrup Metropolitan,25.9775,91.23416667,2024-07-01 00:00:00,7,183,4.5,0.5,6.0,72.0,30.0,0.0,30.0,30.0
NH17 Crossing Boko,Kamrup Metropolitan,25.9775,91.23416667,2024-07-01 01:00:00,7,183,1.5,4.5,6.5,72.5,30.0,0.0,30.0,30.0
NH17 Crossing Boko,Kamrup Metropolitan,25.9775,91.23416667,2024-07-01 02:00:00,7,183,1.0,1.5,7.0,33.5,30.0,0.0,30.0,30.0
NH17 Crossing Boko,Kamrup Metropolitan,25.9775,91.23416667,2024-07-01 03:00:00,7,183,6.0,1.0,8.5,14.5,30.0,0.0,30.0,30.0
NH17 Crossing Boko,Kamrup Metropolitan,25.9775,91.23416667,2024-07-01 07:00:00,7,183,8.0,6.0,15.0,21.5,30.0,0.0,30.0,30.0
NH17 Crossing Boko,Kamrup Metropolitan,25.9775,91.23416667,2024-07-01 08:00:00,7,183,30.5,8.0,44.5,51.5,30.0,0.0,30.0,30.0
NH17 Crossing Boko,Kamrup Metropolitan,25.9775,91.23416667,2024-07-01 09:00:00,7,183,12.5,30.5,51.0,59.5,30.0,0.0,30.0,30.0
NH17 Crossing Boko,Kamrup Metropolitan,25.9775,91.23416667,2024-07-01 10:00:00,7,183,18.5,12.5,61.5,76.5,30.0,0.0,30.0,30.0
NH17 Crossing Boko,Kamrup Metropolitan,25.9775,91.23416667,2024-07-01 11:00:00,7,183,23.5,18.5,54.5,99.0,30.0,0.0,30.0,30.0
NH17 Crossing Boko,Kamrup Metropolitan,25.9775,91.23416667,2024-07-01 12:00:00,7,183,16.5,23.5,58.5,109.5,30.0,0.0,30.0,30.0
NH17 Crossing Boko,Kamrup Metropolitan,25.9775,91.23416667,2024-07-01 13:00:00,7,183,2.0,16.5,42.0,103.5,30.0,0.0,30.0,30.0
NH17 Crossing Boko,Kamrup Metropolitan,25.9775,91.23416667,2024-07-03 01:00:00,7,185,0.5,2.0,19.0,73.5,30.0,0.0,30.0,30.0
NH17 Crossing Boko,Kamrup Metropolitan,25.9775,91.23416667,2024-07-03 12:00:00,7,185,0.5,0.5,3.0,61.5,30.0,0.0,30.0,30.0
NH17 Crossing Boko,Kamrup Metropolitan,25.9775,91.23416667,2024-07-03 18:00:00,7,185,16.0,0.5,17.0,59.0,30.0,0.0,30.0,30.0
NH17 Crossing Boko,Kamrup Metropolitan,25.9775,91.23416667,2024-07-03 19:00:00,7,185,11.0,16.0,27.5,46.5,30.0,0.0,30.0,30.0
NH17 Crossing Boko,Kamrup Metropolitan,25.9775,91.23416667,2024-07-03 20:00:00,7,185,3.5,11.0,30.5,33.5,30.0,0.0,30.0,30.0
NH17 Crossing Boko,Kamrup Metropolitan,25.9775,91.23416667,2024-07-03 21:00:00,7,185,3.5,3.5,18.0,35.0,30.0,0.0,30.0,30.0
NH17 Crossing Boko,Kamrup Metropolitan,25.9775,91.23416667,2024-07-03 22:00:00,7,185,0.5,3.5,7.5,35.0,30.0,0.0,30.0,30.0
NH17 Crossing Boko,Kamrup Metropolitan,25.9775,91.23416667,2024-07-04 12:00:00,7,186,1.0,0.5,5.0,35.5,30.0,0.0,30.0,30.0
NH17 Crossing Boko,Kamrup Metropolitan,25.9775,91.23416667,2024-07-04 15:00:00,7,186,1.5,1.0,3.0,21.0,30.0,0.0,30.0,30.0
NH17 Crossing Boko,Kamrup Metropolitan,25.9775,91.23416667,2024-07-04 20:00:00,7,186,1.5,1.5,4.0,11.5,30.0,0.0,30.0,30.0
NH17 Crossing Boko,Kamrup Metropolitan,25.9775,91.23416667,2024-07-04 22:00:00,7,186,2.0,1.5,5.0,10.0,30.0,0.0,30.0,30.0
NH17 Crossing Boko,Kamrup Metropolitan,25.9775,91.23416667,2024-07-05 00:00:00,7,187,0.5,2.0,4.0,7.0,30.0,0.0,30.0,30.0
NH17 Crossing Boko,Kamrup Metropolitan,25.9775,91.23416667,2024-07-05 01:00:00,7,187,0.5,0.5,3.0,7.0,30.0,0.0,30.0,30.0
NH17 Crossing Boko,Kamrup Metropolitan,25.9775,91.23416667,2024-07-05 02:00:00,7,187,2.0,0.5,3.0,8.0,30.0,0.0,30.0,30.0
NH17 Crossing Boko,Kamrup Metropolitan,25.9775,91.23416667,2024-07-05 03:00:00,7,187,1.5,2.0,4.0,8.0,30.0,0.0,30.0,30.0
NH17 Crossing Boko,Kamrup Metropolitan,25.9775,91.23416667,2024-07-05 04:00:00,7,187,8.5,1.5,12.0,15.0,30.0,0.0,30.0,30.0
NH17 Crossing Boko,Kamrup Metropolitan,25.9775,91.23416667,2024-07-05 06:00:00,7,187,0.5,8.5,10.5,13.5,30.0,0.0,30.0,30.0
NH17 Crossing Boko,Kamrup Metropolitan,25.9775,91.23416667,2024-07-05 16:00:00,7,187,13.0,0.5,22.0,26.0,30.0,0.0,30.0,30.0
NH17 Crossing Boko,Kamrup Metropolitan,25.9775,91.23416667,2024-07-05 20:00:00,7,187,7.0,13.0,20.5,32.5,30.0,0.0,30.0,30.0
NH17 Crossing Boko,Kamrup Metropolitan,25.9775,91.23416667,2024-07-06 08:00:00,7,188,0.5,7.0,20.5,31.0,30.0,0.0,30.0,30.0
NH17 Crossing Boko,Kamrup Metropolitan,25.9775,91.23416667,2024-07-06 13:00:00,7,188,2.0,0.5,9.5,31.5,30.0,0.0,30.0,30.0
NH17 Crossing Boko,Kamrup Metropolitan,25.9775,91.23416667,2024-07-06 14:00:00,7,188,1.0,2.0,3.5,24.0,30.0,0.0,30.0,30.0
NH17 Crossing Boko,Kamrup Metropolitan,25.9775,91.23416667,2024-07-07 01:00:00,7,189,0.5,1.0,3.5,24.0,30.0,0.0,30.0,30.0
NH17 Crossing Boko,Kamrup Metropolitan,25.9775,91.23416667,2024-07-08 02:00:00,7,190,0.5,0.5,2.0,11.5,30.0,0.0,30.0,30.0
NH17 Crossing Boko,Kamrup Metropolitan,25.9775,91.23416667,2024-07-08 13:00:00,7,190,3.0,0.5,4.0,7.5,30.0,0.0,30.0,30.0
NH17 Crossing Boko,Kamrup Metropolitan,25.9775,91.23416667,2024-07-08 14:00:00,7,190,7.5,3.0,11.0,14.5,30.0,0.0,30.0,30.0
NH17 Crossing Boko,Kamrup Metropolitan,25.9775,91.23416667,2024-07-08 19:00:00,7,190,2.5,7.5,13.0,15.0,30.0,0.0,30.0,30.0
NH17 Crossing Boko,Kamrup Metropolitan,25.9775,91.23416667,2024-07-09 01:00:00,7,191,0.5,2.5,10.5,14.5,30.0,0.0,30.0,30.0
NH17 Crossing Boko,Kamrup Metropolitan,25.9775,91.23416667,2024-07-10 11:00:00,7,192,1.0,0.5,4.0,15.0,30.0,0.0,30.0,30.0
NH17 Crossing Boko,Kamrup Metropolitan,25.9775,91.23416667,2024-07-10 15:00:00,7,192,52.0,1.0,53.5,66.5,30.0,0.0,30.0,30.0
NH17 Crossing Boko,Kamrup Metropolitan,25.9775,91.23416667,2024-07-10 16:00:00,7,192,11.5,52.0,64.5,75.0,30.0,0.0,30.0,30.0
NH17 Crossing Boko,Kamrup Metropolitan,25.9775,91.23416667,2024-07-11 02:00:00,7,193,0.5,11.5,64.0,68.0,30.0,0.0,30.0,30.0
NH17 Crossing Boko,Kamrup Metropolitan,25.9775,91.23416667,2024-07-11 07:00:00,7,193,0.5,0.5,12.5,66.0,30.0,0.0,30.0,30.0
NH17 Crossing Boko,Kamrup Metropolitan,25.9775,91.23416667,2024-07-11 14:00:00,7,193,2.0,0.5,3.0,67.5,30.0,0.0,30.0,30.0
NH17 Crossing Boko,Kamrup Metropolitan,25.9775,91.23416667,2024-07-11 19:00:00,7,193,1.0,2.0,3.5,67.5,30.0,0.0,30.0,30.0
NH17 Crossing Boko,Kamrup Metropolitan,25.9775,91.23416667,2024-07-12 00:00:00,7,194,1.5,1.0,4.5,17.0,30.0,0.0,30.0,30.0
NH17 Crossing Boko,Kamrup Metropolitan,25.9775,91.23416667,2024-07-12 01:00:00,7,194,0.5,1.5,3.0,6.0,30.0,0.0,30.0,30.0
NH17 Crossing Boko,Kamrup Metropolitan,25.9775,91.23416667,2024-07-12 05:00:00,7,194,0.5,0.5,2.5,6.0,30.0,0.0,30.0,30.0
NH17 Crossing Boko,Kamrup Metropolitan,25.9775,91.23416667,2024-07-12 13:00:00,7,194,2.0,0.5,3.0,7.5,30.0,0.0,30.0,30.0
NH17 Crossing Boko,Kamrup Metropolitan,25.9775,91.23416667,2024-07-12 18:00:00,7,194,21.0,2.0,23.5,26.5,30.0,0.0,30.0,30.0
NH17 Crossing Boko,Kamrup Metropolitan,25.9775,91.23416667,2024-07-12 19:00:00,7,194,1.5,21.0,24.5,27.0,30.0,0.0,30.0,30.0
NH17 Crossing Boko,Kamrup Metropolitan,25.9775,91.23416667,2024-07-13 09:00:00,7,195,3.5,1.5,26.0,29.0,30.0,0.0,30.0,30.0
NH17 Crossing Boko,Kamrup Metropolitan,25.9775,91.23416667,2024-07-14 15:00:00,7,196,0.5,3.5,5.5,29.0,30.0,0.0,30.0,30.0
NH17 Crossing Boko,Kamrup Metropolitan,25.9775,91.23416667,2024-07-14 22:00:00,7,196,39.0,0.5,43.0,67.5,30.0,0.0,30.0,30.0
NH17 Crossing Boko,Kamrup Metropolitan,25.9775,91.23416667,2024-07-14 23:00:00,7,196,2.0,39.0,41.5,67.5,30.0,0.0,30.0,30.0
NH17 Crossing Boko,Kamrup Metropolitan,25.9775,91.23416667,2024-07-15 01:00:00,7,197,1.0,2.0,42.0,47.5,30.0,0.0,30.0,30.0
NH17 Crossing Boko,Kamrup Metropolitan,25.9775,91.23416667,2024-07-15 09:00:00,7,197,9.5,1.0,12.5,55.5,30.0,0.0,30.0,30.0
NH17 Crossing Boko,Kamrup Metropolitan,25.9775,91.23416667,2024-07-15 20:00:00,7,197,9.5,9.5,20.0,61.5,30.0,0.0,30.0,30.0
NH17 Crossing Boko,Kamrup Metropolitan,25.9775,91.23416667,2024-07-15 21:00:00,7,197,14.5,9.5,33.5,75.5,30.0,0.0,30.0,30.0
NH17 Crossing Boko,Kamrup Metropolitan,25.9775,91.23416667,2024-07-15 22:00:00,7,197,0.5,14.5,24.5,37.0,30.0,0.0,30.0,30.0
NH17 Crossing Boko,Kamrup Metropolitan,25.9775,91.23416667,2024-07-16 05:00:00,7,198,2.0,0.5,17.0,37.0,30.0,0.0,30.0,30.0
NH17 Crossing Boko,Kamrup Metropolitan,25.9775,91.23416667,2024-07-16 09:00:00,7,198,1.5,2.0,4.0,37.5,30.0,0.0,30.0,30.0
NH17 Crossing Boko,Kamrup Metropolitan,25.9775,91.23416667,2024-07-16 14:00:00,7,198,1.0,1.5,4.5,29.0,30.0,0.0,30.0,30.0
NH17 Crossing Boko,Kamrup Metropolitan,25.9775,91.23416667,2024-07-16 15:00:00,7,198,2.0,1.0,4.5,21.5,30.0,0.0,30.0,30.0
NH17 Crossing Boko,Kamrup Metropolitan,25.9775,91.23416667,2024-07-16 23:00:00,7,198,0.5,2.0,3.5,7.5,30.0,0.0,30.0,30.0
NH17 Crossing Boko,Kamrup Metropolitan,25.9775,91.23416667,2024-07-17 23:00:00,7,199,4.0,0.5,6.5,11.0,30.0,0.0,30.0,30.0
NH17 Crossing Boko,Kamrup Metropolitan,25.9775,91.23416667,2024-07-18 00:00:00,7,200,40.5,4.0,45.0,49.5,30.0,0.0,30.0,30.0
NH17 Crossing Boko,Kamrup Metropolitan,25.9775,91.23416667,2024-07-18 01:00:00,7,200,19.0,40.5,63.5,67.0,30.0,0.0,30.0,30.0
NH17 Crossing Boko,Kamrup Metropolitan,25.9775,91.23416667,2024-07-18 02:00:00,7,200,5.0,19.0,64.5,71.0,30.0,0.0,30.0,30.0
NH17 Crossing Boko,Kamrup Metropolitan,25.9775,91.23416667,2024-07-18 03:00:00,7,200,2.5,5.0,26.5,71.5,30.0,0.0,30.0,30.0
NH17 Crossing Boko,Kamrup Metropolitan,25.9775,91.23416667,2024-07-18 05:00:00,7,200,1.5,2.5,9.0,72.5,30.0,0.0,30.0,30.0
NH17 Crossing Boko,Kamrup Metropolitan,25.9775,91.23416667,2024-07-18 07:00:00,7,200,0.5,1.5,4.5,69.0,30.0,0.0,30.0,30.0
NH17 Crossing Boko,Kamrup Metropolitan,25.9775,91.23416667,2024-07-18 12:00:00,7,200,1.0,0.5,3.0,29.5,30.0,0.0,30.0,30.0
NH17 Crossing Boko,Kamrup Metropolitan,25.9775,91.23416667,2024-07-18 19:00:00,7,200,1.5,1.0,3.0,12.0,30.0,0.0,30.0,30.0
NH17 Crossing Boko,Kamrup Metropolitan,25.9775,91.23416667,2024-07-19 14:00:00,7,201,58.5,1.5,61.0,65.5,30.0,0.0,30.0,30.0
NH17 Crossing Boko,Kamrup Metropolitan,25.9775,91.23416667,2024-07-19 15:00:00,7,201,11.0,58.5,71.0,74.0,30.0,0.0,30.0,30.0
NH17 Crossing Boko,Kamrup Metropolitan,25.9775,91.23416667,2024-07-20 13:00:00,7,202,1.0,11.0,70.5,73.5,30.0,0.0,30.0,30.0
NH17 Crossing Boko,Kamrup Metropolitan,25.9775,91.23416667,2024-07-21 10:00:00,7,203,1.0,1.0,13.0,74.0,30.0,0.0,30.0,30.0
NH17 Crossing Boko,Kamrup Metropolitan,25.9775,91.23416667,2024-07-22 01:00:00,7,204,1.5,1.0,3.5,74.5,30.0,0.0,30.0,30.0
NH17 Crossing Boko,Kamrup Metropolitan,25.9775,91.23416667,2024-07-22 07:00:00,7,204,0.5,1.5,3.0,73.5,30.0,0.0,30.0,30.0
NH17 Crossing Boko,Kamrup Metropolitan,25.9775,91.23416667,2024-07-22 10:00:00,7,204,7.0,0.5,9.0,22.0,30.0,0.0,30.0,30.0
NH17 Crossing Boko,Kamrup Metropolitan,25.9775,91.23416667,2024-07-22 13:00:00,7,204,0.5,7.0,8.0,11.5,30.0,0.0,30.0,30.0
NH17 Crossing Boko,Kamrup Metropolitan,25.9775,91.23416667,2024-07-22 19:00:00,7,204,1.0,0.5,8.5,11.5,30.0,0.0,30.0,30.0
NH17 Crossing Boko,Kamrup Metropolitan,25.9775,91.23416667,2024-07-23 03:00:00,7,205,0.5,1.0,2.0,11.0,30.0,0.0,30.0,30.0
NH17 Crossing Boko,Kamrup Metropolitan,25.9775,91.23416667,2024-07-23 05:00:00,7,205,39.5,0.5,41.0,49.0,30.0,0.0,30.0,30.0
NH17 Crossing Boko,Kamrup Metropolitan,25.9775,91.23416667,2024-07-23 06:00:00,7,205,16.5,39.5,56.5,65.0,30.0,0.0,30.0,30.0
NH17 Crossing Boko,Kamrup Metropolitan,25.9775,91.23416667,2024-07-23 07:00:00,7,205,1.0,16.5,57.0,59.0,30.0,0.0,30.0,30.0
NH17 Crossing Boko,Kamrup Metropolitan,25.9775,91.23416667,2024-07-23 10:00:00,7,205,1.0,1.0,18.5,59.5,30.0,0.0,30.0,30.0
NH17 Crossing Boko,Kamrup Metropolitan,25.9775,91.23416667,2024-07-23 18:00:00,7,205,3.0,1.0,5.0,61.5,30.0,0.0,30.0,30.0
NH17 Crossing Boko,Kamrup Metropolitan,25.9775,91.23416667,2024-07-24 12:00:00,7,206,4.5,3.0,8.5,65.5,30.0,0.0,30.0,30.0
NH17 Crossing Boko,Kamrup Metropolitan,25.9775,91.23416667,2024-07-25 11:00:00,7,207,0.5,4.5,8.0,26.5,30.0,0.0,30.0,30.0
NH17 Crossing Boko,Kamrup Metropolitan,25.9775,91.23416667,2024-07-25 17:00:00,7,207,0.5,0.5,5.5,10.5,30.0,0.0,30.0,30.0
NH17 Crossing Boko,Kamrup Metropolitan,25.9775,91.23416667,2024-07-26 12:00:00,7,208,3.5,0.5,4.5,13.0,30.0,0.0,30.0,30.0
NH17 Crossing Boko,Kamrup Metropolitan,25.9775,91.23416667,2024-07-27 03:00:00,7,209,0.5,3.5,4.5,12.5,30.0,0.0,30.0,30.0
NH17 Crossing Boko,Kamrup Metropolitan,25.9775,91.23416667,2024-07-27 20:00:00,7,209,0.5,0.5,4.5,10.0,30.0,0.0,30.0,30.0
NH17 Crossing Boko,Kamrup Metropolitan,25.9775,91.23416667,2024-07-27 21:00:00,7,209,7.0,0.5,8.0,12.5,30.0,0.0,30.0,30.0
NH17 Crossing Boko,Kamrup Metropolitan,25.9775,91.23416667,2024-07-27 23:00:00,7,209,0.5,7.0,8.0,12.5,30.0,0.0,30.0,30.0
NH17 Crossing Boko,Kamrup Metropolitan,25.9775,91.23416667,2024-07-29 01:00:00,7,211,2.0,0.5,9.5,14.0,30.0,0.0,30.0,30.0
NH17 Crossing Boko,Kamrup Metropolitan,25.9775,91.23416667,2024-07-29 02:00:00,7,211,48.5,2.0,51.0,59.0,30.0,0.0,30.0,30.0
NH17 Crossing Boko,Kamrup Metropolitan,25.9775,91.23416667,2024-07-29 03:00:00,7,211,3.0,48.5,53.5,61.5,30.0,0.0,30.0,30.0
NH17 Crossing Boko,Kamrup Metropolitan,25.9775,91.23416667,2024-07-29 04:00:00,7,211,0.5,3.0,52.0,61.5,30.0,0.0,30.0,30.0
NH17 Crossing Boko,Kamrup Metropolitan,25.9775,91.23416667,2024-07-29 13:00:00,7,211,13.5,0.5,17.0,68.0,30.0,0.0,30.0,30.0
NH17 Crossing Boko,Kamrup Metropolitan,25.9775,91.23416667,2024-07-29 14:00:00,7,211,12.0,13.5,26.0,79.5,30.0,0.0,30.0,30.0
NH17 Crossing Boko,Kamrup Metropolitan,25.9775,91.23416667,2024-07-29 15:00:00,7,211,3.0,12.0,28.5,80.5,30.0,0.0,30.0,30.0
NH17 Crossing Boko,Kamrup Metropolitan,25.9775,91.23416667,2024-07-29 19:00:00,7,211,1.5,3.0,16.5,33.5,30.0,0.0,30.0,30.0
NH17 Crossing Boko,Kamrup Metropolitan,25.9775,91.23416667,2024-07-30 07:00:00,7,212,2.0,1.5,6.5,32.5,30.0,0.0,30.0,30.0
NH17 Crossing Boko,Kamrup Metropolitan,25.9775,91.23416667,2024-07-31 06:00:00,7,213,0.5,2.0,4.0,32.5,30.0,0.0,30.0,30.0
NH17 Crossing Boko,Kamrup Metropolitan,25.9775,91.23416667,2024-07-31 20:00:00,7,213,4.0,0.5,6.5,23.0,30.0,0.0,30.0,30.0
NH17 Crossing Boko,Kamrup Metropolitan,25.9775,91.23416667,2024-07-31 21:00:00,7,213,1.0,4.0,5.5,12.0,30.0,0.0,30.0,30.0
NH17 Crossing Boko,Kamrup Metropolitan,25.9775,91.23416667,2024-08-01 11:00:00,8,214,0.5,1.0,5.5,9.5,30.0,0.0,30.0,30.0
NH17 Crossing Boko,Kamrup Metropolitan,25.9775,91.23416667,2024-08-02 20:00:00,8,215,10.5,0.5,12.0,18.5,30.0,0.0,30.0,30.0
NH17 Crossing Boko,Kamrup Metropolitan,25.9775,91.23416667,2024-08-02 21:00:00,8,215,5.5,10.5,16.5,22.0,30.0,0.0,30.0,30.0
NH17 Crossing Boko,Kamrup Metropolitan,25.9775,91.23416667,2024-08-02 22:00:00,8,215,2.0,5.5,18.0,23.5,30.0,0.0,30.0,30.0
NH17 Crossing Boko,Kamrup Metropolitan,25.9775,91.23416667,2024-08-02 23:00:00,8,215,10.5,2.0,18.0,30.0,30.0,0.0,30.0,30.0
NH17 Crossing Boko,Kamrup Metropolitan,25.9775,91.23416667,2024-08-03 00:00:00,8,216,5.0,10.5,17.5,34.0,30.0,0.0,30.0,30.0
NH17 Crossing Boko,Kamrup Metropolitan,25.9775,91.23416667,2024-08-03 01:00:00,8,216,0.5,5.0,16.0,34.0,30.0,0.0,30.0,30.0
NH17 Crossing Boko,Kamrup Metropolitan,25.9775,91.23416667,2024-08-03 02:00:00,8,216,18.0,0.5,23.5,41.5,30.0,0.0,30.0,30.0
NH17 Crossing Boko,Kamrup Metropolitan,25.9775,91.23416667,2024-08-03 03:00:00,8,216,12.5,18.0,31.0,48.5,30.0,0.0,30.0,30.0
NH17 Crossing Boko,Kamrup Metropolitan,25.9775,91.23416667,2024-08-03 04:00:00,8,216,8.0,12.5,38.5,54.5,30.0,0.0,30.0,30.0
NH17 Crossing Boko,Kamrup Metropolitan,25.9775,91.23416667,2024-08-03 05:00:00,8,216,9.0,8.0,29.5,53.0,30.0,0.0,30.0,30.0
NH17 Crossing Boko,Kamrup Metropolitan,25.9775,91.23416667,2024-08-03 06:00:00,8,216,1.0,9.0,18.0,49.0,30.0,0.0,30.0,30.0
NH17 Crossing Boko,Kamrup Metropolitan,25.9775,91.23416667,2024-08-03 07:00:00,8,216,1.5,1.0,11.5,50.0,30.0,0.0,30.0,30.0
NH17 Crossing Boko,Kamrup Metropolitan,25.9775,91.23416667,2024-08-03 10:00:00,8,216,0.5,1.5,3.0,32.5,30.0,0.0,30.0,30.0
NH17 Crossing Boko,Kamrup Metropolitan,25.9775,91.23416667,2024-08-03 15:00:00,8,216,0.5,0.5,2.5,20.5,30.0,0.0,30.0,30.0
NH17 Crossing Boko,Kamrup Metropolitan,25.9775,91.23416667,2024-08-05 02:00:00,8,218,0.5,0.5,1.5,13.0,30.0,0.0,30.0,30.0
NH17 Crossing Boko,Kamrup Metropolitan,25.9775,91.23416667,2024-11-21 04:00:00,11,326,247.0,0.5,248.0,251.0,78.285,48.285,46.095,78.285
NH17 Crossing Boko,Kamrup Metropolitan,25.9775,91.23416667,2025-01-07 21:00:00,1,7,10.5,247.0,258.0,260.5,78.285,0.0,62.19,78.285
NH17 Crossing Boko,Kamrup Metropolitan,25.9775,91.23416667,2025-01-07 22:00:00,1,7,1.0,10.5,258.5,260.0,78.285,0.0,78.285,78.285
NH17 Crossing Boko,Kamrup Metropolitan,25.9775,91.23416667,2025-01-07 23:00:00,1,7,3.5,1.0,15.0,263.0,78.285,0.0,78.285,78.285
NH17 Crossing Boko,Kamrup Metropolitan,25.9775,91.23416667,2025-01-08 00:00:00,1,8,4.5,3.5,9.0,267.0,78.285,0.0,78.285,78.285
NH17 Crossing Boko,Kamrup Metropolitan,25.9775,91.23416667,2025-01-08 01:00:00,1,8,4.5,4.5,12.5,271.0,78.285,0.0,78.285,78.285
NH17 Crossing Boko,Kamrup Metropolitan,25.9775,91.23416667,2025-01-08 02:00:00,1,8,10.5,4.5,19.5,34.5,78.285,0.0,78.285,78.285
NH17 Crossing Boko,Kamrup Metropolitan,25.9775,91.23416667,2025-02-23 14:00:00,2,54,1.0,10.5,16.0,25.0,78.285,0.0,78.285,78.285
NH17 Crossing Boko,Kamrup Metropolitan,25.9775,91.23416667,2025-02-23 15:00:00,2,54,0.5,1.0,12.0,24.5,78.285,0.0,78.285,78.285
NH17 Crossing Boko,Kamrup Metropolitan,25.9775,91.23416667,2025-03-07 16:30:00,3,66,50.2,0.5,51.7,71.2,12.0,-66.285,56.19,78.285
NH17 Crossing Boko,Kamrup Metropolitan,25.9775,91.23416667,2025-03-07 17:00:00,3,66,50.2,50.2,100.9,116.9,12.1,0.09999999999999964,34.12833333333333,78.285
NH17 Crossing Boko,Kamrup Metropolitan,25.9775,91.23416667,2025-03-13 09:00:00,3,72,50.2,50.2,150.60000000000002,162.60000000000002,12.4,0.3000000000000007,12.166666666666666,78.285
NH17 Crossing Boko,Kamrup Metropolitan,25.9775,91.23416667,2025-03-13 10:00:00,3,72,50.2,50.2,150.60000000000002,202.3,13.0,0.5999999999999996,12.5,78.285
NH17 Crossing Boko,Kamrup Metropolitan,25.9775,91.23416667,2025-03-13 11:00:00,3,72,50.2,50.2,150.60000000000002,251.5,13.0,0.0,12.799999999999999,78.285
NH17 Crossing Boko,Kamrup Metropolitan,25.9775,91.23416667,2025-03-13 13:00:00,3,72,50.2,50.2,150.60000000000002,301.20000000000005,13.1,0.09999999999999964,13.033333333333333,13.1
NH17 Crossing Boko,Kamrup Metropolitan,25.9775,91.23416667,2025-03-13 16:00:00,3,72,50.2,50.2,150.60000000000002,301.20000000000005,12.5,-0.5999999999999996,12.866666666666667,13.1
NH17 Crossing Boko,Kamrup Metropolitan,25.9775,91.23416667,2025-03-13 17:00:00,3,72,50.2,50.2,150.60000000000002,301.20000000000005,12.4,-0.09999999999999964,12.666666666666666,13.1
NH17 Crossing Boko,Kamrup Metropolitan,25.9775,91.23416667,2025-03-14 08:00:00,3,73,50.2,50.2,150.60000000000002,301.20000000000005,12.5,0.09999999999999964,12.466666666666667,13.1
NH17 Crossing Boko,Kamrup Metropolitan,25.9775,91.23416667,2025-03-14 10:00:00,3,73,50.2,50.2,150.60000000000002,301.20000000000005,13.3,0.8000000000000007,12.733333333333334,13.3
NH17 Crossing Boko,Kamrup Metropolitan,25.9775,91.23416667,2025-03-14 11:00:00,3,73,50.2,50.2,150.60000000000002,301.20000000000005,50.238,36.938,25.346000000000004,50.238
NH17 Crossing Boko,Kamrup Metropolitan,25.9775,91.23416667,2025-03-14 12:00:00,3,73,50.2,50.2,150.60000000000002,301.20000000000005,50.238,0.0,37.925333333333334,50.238
NH17 Crossing Boko,Kamrup Metropolitan,25.9775,91.23416667,2025-03-14 13:00:00,3,73,50.2,50.2,150.60000000000002,301.20000000000005,13.3,-36.938,37.925333333333334,50.238
NH17 Crossing Boko,Kamrup Metropolitan,25.9775,91.23416667,2025-03-14 14:00:00,3,73,50.2,50.2,150.60000000000002,301.20000000000005,13.6,0.29999999999999893,25.712666666666667,50.238
NH17 Crossing Boko,Kamrup Metropolitan,25.9775,91.23416667,2025-03-14 16:00:00,3,73,50.2,50.2,150.60000000000002,301.20000000000005,12.7,-0.9000000000000004,13.200000000000003,50.238
NH17 Crossing Boko,Kamrup Metropolitan,25.9775,91.23416667,2025-03-14 17:00:00,3,73,50.2,50.2,150.60000000000002,301.20000000000005,12.5,-0.1999999999999993,12.933333333333335,50.238
NH17 Crossing Boko,Kamrup Metropolitan,25.9775,91.23416667,2025-03-15 07:00:00,3,74,50.2,50.2,150.60000000000002,301.20000000000005,12.4,-0.09999999999999964,12.533333333333337,50.238
NH17 Crossing Boko,Kamrup Metropolitan,25.9775,91.23416667,2025-03-15 09:00:00,3,74,50.2,50.2,150.60000000000002,301.20000000000005,12.5,0.09999999999999964,12.466666666666669,13.6
NH17 Crossing Boko,Kamrup Metropolitan,25.9775,91.23416667,2025-03-15 11:00:00,3,74,50.2,50.2,150.60000000000002,301.20000000000005,13.3,0.8000000000000007,12.733333333333336,13.6
NH17 Crossing Boko,Kamrup Metropolitan,25.9775,91.23416667,2025-03-15 12:00:00,3,74,50.2,50.2,150.60000000000002,301.20000000000005,50.238,36.938,25.346000000000004,50.238
NH17 Crossing Boko,Kamrup Metropolitan,25.9775,91.23416667,2025-03-15 13:00:00,3,74,50.2,50.2,150.60000000000002,301.20000000000005,13.6,-36.638,25.712666666666667,50.238
NH17 Crossing Boko,Kamrup Metropolitan,25.9775,91.23416667,2025-03-15 15:00:00,3,74,50.2,50.2,150.60000000000002,301.20000000000005,13.2,-0.40000000000000036,25.679333333333336,50.238
NH17 Crossing Boko,Kamrup Metropolitan,25.9775,91.23416667,2025-03-15 16:00:00,3,74,50.2,50.2,150.60000000000002,301.20000000000005,12.7,-0.5,13.166666666666671,50.238
NH17 Crossing Boko,Kamrup Metropolitan,25.9775,91.23416667,2025-03-15 18:00:00,3,74,50.2,50.2,150.60000000000002,301.20000000000005,12.4,-0.29999999999999893,12.766666666666671,50.238
NH17 Crossing Boko,Kamrup Metropolitan,25.9775,91.23416667,2025-03-15 19:00:00,3,74,50.2,50.2,150.60000000000002,301.20000000000005,12.4,0.0,12.500000000000005,50.238
NH17 Crossing Boko,Kamrup Metropolitan,25.9775,91.23416667,2025-03-16 07:00:00,3,75,50.2,50.2,150.60000000000002,301.20000000000005,12.7,0.29999999999999893,12.500000000000005,13.6
NH17 Crossing Boko,Kamrup Metropolitan,25.9775,91.23416667,2025-03-16 08:00:00,3,75,50.2,50.2,150.60000000000002,301.20000000000005,13.4,0.7000000000000011,12.833333333333337,13.4
NH17 Crossing Boko,Kamrup Metropolitan,25.9775,91.23416667,2025-03-16 09:00:00,3,75,50.2,50.2,150.60000000000002,301.20000000000005,13.9,0.5,13.333333333333337,13.9
NH17 Crossing Boko,Kamrup Metropolitan,25.9775,91.23416667,2025-03-16 10:00:00,3,75,50.2,50.2,150.60000000000002,301.20000000000005,14.3,0.40000000000000036,13.866666666666672,14.3
NH17 Crossing Boko,Kamrup Metropolitan,25.9775,91.23416667,2025-03-16 11:00:00,3,75,50.2,50.2,150.60000000000002,301.20000000000005,50.238,35.938,26.146000000000004,50.238
NH17 Crossing Boko,Kamrup Metropolitan,25.9775,91.23416667,2025-03-16 12:00:00,3,75,50.2,50.2,150.60000000000002,301.20000000000005,50.238,0.0,38.25866666666667,50.238
NH17 Crossing Boko,Kamrup Metropolitan,25.9775,91.23416667,2025-03-16 13:00:00,3,75,50.2,50.2,150.60000000000002,301.20000000000005,13.6,-36.638,38.025333333333336,50.238
NH17 Crossing Boko,Kamrup Metropolitan,25.9775,91.23416667,2025-03-16 14:00:00,3,75,50.2,50.2,150.60000000000002,301.20000000000005,50.238,36.638,38.02533333333334,50.238
NH17 Crossing Boko,Kamrup Metropolitan,25.9775,91.23416667,2025-03-16 15:00:00,3,75,50.2,50.2,150.60000000000002,301.20000000000005,50.238,0.0,38.02533333333334,50.238
NH17 Crossing Boko,Kamrup Metropolitan,25.9775,91.23416667,2025-03-16 16:00:00,3,75,50.2,50.2,150.60000000000002,301.20000000000005,13.0,-37.238,37.82533333333334,50.238
NH17 Crossing Boko,Kamrup Metropolitan,25.9775,91.23416667,2025-03-16 18:00:00,3,75,50.2,50.2,150.60000000000002,301.20000000000005,12.6,-0.40000000000000036,25.279333333333337,50.238
NH17 Crossing Boko,Kamrup Metropolitan,25.9775,91.23416667,2025-03-16 20:00:00,3,75,50.2,50.2,150.60000000000002,301.20000000000005,12.5,-0.09999999999999964,12.700000000000005,50.238
NH17 Crossing Boko,Kamrup Metropolitan,25.9775,91.23416667,2025-03-16 21:00:00,3,75,50.2,50.2,150.60000000000002,301.20000000000005,12.5,0.0,12.533333333333339,50.238
NH17 Crossing Boko,Kamrup Metropolitan,25.9775,91.23416667,2025-03-16 23:00:00,3,75,50.2,50.2,150.60000000000002,301.20000000000005,12.4,-0.09999999999999964,12.46666666666667,50.238
NH17 Crossing Boko,Kamrup Metropolitan,25.9775,91.23416667,2025-03-17 01:00:00,3,76,50.2,50.2,150.60000000000002,301.20000000000005,12.4,0.0,12.433333333333337,13.0
NH17 Crossing Boko,Kamrup Metropolitan,25.9775,91.23416667,2025-03-17 02:00:00,3,76,50.2,50.2,150.60000000000002,301.20000000000005,12.4,0.0,12.4,12.6
NH17 Crossing Boko,Kamrup Metropolitan,25.9775,91.23416667,2025-03-17 04:00:00,3,76,50.2,50.2,150.60000000000002,301.20000000000005,12.4,0.0,12.4,12.5
NH17 Crossing Boko,Kamrup Metropolitan,25.9775,91.23416667,2025-03-17 06:00:00,3,76,50.2,50.2,150.60000000000002,301.20000000000005,12.4,0.0,12.4,12.5
NH17 Crossing Boko,Kamrup Metropolitan,25.9775,91.23416667,2025-03-17 07:00:00,3,76,50.2,50.2,150.60000000000002,301.20000000000005,13.2,0.7999999999999989,12.666666666666671,13.2
NH17 Crossing Boko,Kamrup Metropolitan,25.9775,91.23416667,2025-03-17 08:00:00,3,76,50.2,50.2,150.60000000000002,301.20000000000005,50.238,37.038,25.27933333333334,50.238
NH17 Crossing Boko,Kamrup Metropolitan,25.9775,91.23416667,2025-03-17 09:00:00,3,76,50.2,50.2,150.60000000000002,301.20000000000005,14.2,-36.038,25.879333333333335,50.238
NH17 Crossing Boko,Kamrup Metropolitan,25.9775,91.23416667,2025-03-17 10:00:00,3,76,50.2,50.2,150.60000000000002,301.20000000000005,13.9,-0.29999999999999893,26.112666666666673,50.238
NH17 Crossing Boko,Kamrup Metropolitan,25.9775,91.23416667,2025-03-17 11:00:00,3,76,50.2,50.2,150.60000000000002,301.20000000000005,13.7,-0.20000000000000107,13.933333333333337,50.238
NH17 Crossing Boko,Kamrup Metropolitan,25.9775,91.23416667,2025-03-17 13:00:00,3,76,50.2,50.2,150.60000000000002,301.20000000000005,14.1,0.40000000000000036,13.900000000000006,50.238
NH17 Crossing Boko,Kamrup Metropolitan,25.9775,91.23416667,2025-03-17 14:00:00,3,76,50.2,50.2,150.60000000000002,301.20000000000005,14.0,-0.09999999999999964,13.933333333333337,50.238
NH17 Crossing Boko,Kamrup Metropolitan,25.9775,91.23416667,2025-03-17 16:00:00,3,76,50.2,50.2,150.60000000000002,301.20000000000005,13.0,-1.0,13.700000000000003,14.2
NH17 Crossing Boko,Kamrup Metropolitan,25.9775,91.23416667,2025-03-17 17:00:00,3,76,50.2,50.2,150.60000000000002,301.20000000000005,12.7,-0.3000000000000007,13.23333333333334,14.1
NH17 Crossing Boko,Kamrup Metropolitan,25.9775,91.23416667,2025-03-17 19:00:00,3,76,15.2,50.2,115.60000000000001,266.20000000000005,12.2,-0.5,12.633333333333338,14.1
NH17 Crossing Boko,Kamrup Metropolitan,25.9775,91.23416667,2025-03-17 21:00:00,3,76,15.2,15.2,80.6,231.20000000000002,12.0,-0.1999999999999993,12.300000000000004,14.1
NH17 Crossing Boko,Kamrup Metropolitan,25.9775,91.23416667,2025-03-17 22:00:00,3,76,15.2,15.2,45.599999999999994,196.2,12.0,0.0,12.066666666666672,14.0
NH17 Crossing Boko,Kamrup Metropolitan,25.9775,91.23416667,2025-03-18 00:00:00,3,77,15.2,15.2,45.599999999999994,161.2,12.0,0.0,12.0,13.0
NH17 Crossing Boko,Kamrup Metropolitan,25.9775,91.23416667,2025-03-18 02:00:00,3,77,15.2,15.2,45.599999999999994,126.2,12.0,0.0,12.0,12.7
NH17 Crossing Boko,Kamrup Metropolitan,25.9775,91.23416667,2025-03-18 03:00:00,3,77,15.2,15.2,45.599999999999994,91.19999999999999,12.0,0.0,12.0,12.2
NH17 Crossing Boko,Kamrup Metropolitan,25.9775,91.23416667,2025-03-18 05:00:00,3,77,15.2,15.2,45.599999999999994,91.19999999999999,11.9,-0.09999999999999964,11.96666666666667,12.0
NH17 Crossing Boko,Kamrup Metropolitan,25.9775,91.23416667,2025-03-18 07:00:00,3,77,15.2,15.2,45.599999999999994,91.19999999999999,12.2,0.29999999999999893,12.033333333333339,12.2
NH17 Crossing Boko,Kamrup Metropolitan,25.9775,91.23416667,2025-03-18 08:00:00,3,77,15.2,15.2,45.599999999999994,91.19999999999999,15.238,3.0380000000000003,13.112666666666671,15.238
NH17 Crossing Boko,Kamrup Metropolitan,25.9775,91.23416667,2025-03-18 09:00:00,3,77,15.2,15.2,45.599999999999994,91.19999999999999,15.238,0.0,14.225333333333339,15.238
NH17 Crossing Boko,Kamrup Metropolitan,25.9775,91.23416667,2025-03-18 10:00:00,3,77,15.2,15.2,45.599999999999994,91.19999999999999,15.238,0.0,15.238,15.238
NH17 Crossing Boko,Kamrup Metropolitan,25.9775,91.23416667,2025-03-18 11:00:00,3,77,15.2,15.2,45.599999999999994,91.19999999999999,15.238,0.0,15.238,15.238
NH17 Crossing Boko,Kamrup Metropolitan,25.9775,91.23416667,2025-03-18 12:00:00,3,77,15.2,15.2,45.599999999999994,91.19999999999999,15.238,0.0,15.238,15.238
NH17 Crossing Boko,Kamrup Metropolitan,25.9775,91.23416667,2025-03-18 13:00:00,3,77,15.2,15.2,45.599999999999994,91.19999999999999,13.9,-1.3379999999999992,14.792000000000003,15.238
NH17 Crossing Boko,Kamrup Metropolitan,25.9775,91.23416667,2025-03-18 14:00:00,3,77,15.2,15.2,45.599999999999994,91.19999999999999,15.238,1.3379999999999992,14.792000000000003,15.238
NH17 Crossing Boko,Kamrup Metropolitan,25.9775,91.23416667,2025-03-18 15:00:00,3,77,15.2,15.2,45.599999999999994,91.19999999999999,13.2,-2.0380000000000003,14.11266666666667,15.238
NH17 Crossing Boko,Kamrup Metropolitan,25.9775,91.23416667,2025-03-18 17:00:00,3,77,15.2,15.2,45.599999999999994,91.19999999999999,12.4,-0.7999999999999989,13.612666666666671,15.238
NH17 Crossing Boko,Kamrup Metropolitan,25.9775,91.23416667,2025-03-18 18:00:00,3,77,15.2,15.2,45.599999999999994,91.19999999999999,12.1,-0.3000000000000007,12.566666666666672,15.238
NH17 Crossing Boko,Kamrup Metropolitan,25.9775,91.23416667,2025-03-18 20:00:00,3,77,15.2,15.2,45.599999999999994,91.19999999999999,12.0,-0.09999999999999964,12.166666666666671,15.238
NH17 Crossing Boko,Kamrup Metropolitan,25.9775,91.23416667,2025-03-18 22:00:00,3,77,15.2,15.2,45.599999999999994,91.19999999999999,12.0,0.0,12.033333333333339,15.238
NH17 Crossing Boko,Kamrup Metropolitan,25.9775,91.23416667,2025-03-18 23:00:00,3,77,15.2,15.2,45.599999999999994,91.19999999999999,11.9,-0.09999999999999964,11.96666666666667,13.2
NH17 Crossing Boko,Kamrup Metropolitan,25.9775,91.23416667,2025-03-19 01:00:00,3,78,15.2,15.2,45.599999999999994,91.19999999999999,11.9,0.0,11.933333333333337,12.4
NH17 Crossing Boko,Kamrup Metropolitan,25.9775,91.23416667,2025-03-19 03:00:00,3,78,15.2,15.2,45.599999999999994,91.19999999999999,11.8,-0.09999999999999964,11.866666666666672,12.1
NH17 Crossing Boko,Kamrup Metropolitan,25.9775,91.23416667,2025-03-19 04:00:00,3,78,15.2,15.2,45.599999999999994,91.19999999999999,11.7,-0.10000000000000142,11.800000000000006,12.0
NH17 Crossing Boko,Kamrup Metropolitan,25.9775,91.23416667,2025-03-19 06:00:00,3,78,15.2,15.2,45.599999999999994,91.19999999999999,11.8,0.10000000000000142,11.766666666666671,12.0
NH17 Crossing Boko,Kamrup Metropolitan,25.9775,91.23416667,2025-03-19 08:00:00,3,78,15.2,15.2,45.599999999999994,91.19999999999999,12.8,1.0,12.100000000000003,12.8
NH17 Crossing Boko,Kamrup Metropolitan,25.9775,91.23416667,2025-03-19 09:00:00,3,78,15.2,15.2,45.599999999999994,91.19999999999999,13.4,0.5999999999999996,12.666666666666671,13.4
NH17 Crossing Boko,Kamrup Metropolitan,25.9775,91.23416667,2025-03-19 10:00:00,3,78,15.2,15.2,45.599999999999994,91.19999999999999,15.238,1.8379999999999992,13.812666666666672,15.238
NH17 Crossing Boko,Kamrup Metropolitan,25.9775,91.23416667,2025-03-19 11:00:00,3,78,15.2,15.2,45.599999999999994,91.19999999999999,15.238,0.0,14.625333333333337,15.238
NH17 Crossing Boko,Kamrup Metropolitan,25.9775,91.23416667,2025-03-19 12:00:00,3,78,15.2,15.2,45.599999999999994,91.19999999999999,15.238,0.0,15.238,15.238
NH17 Crossing Boko,Kamrup Metropolitan,25.9775,91.23416667,2025-03-19 13:00:00,3,78,15.2,15.2,45.599999999999994,91.19999999999999,15.238,0.0,15.238,15.238
NH17 Crossing Boko,Kamrup Metropolitan,25.9775,91.23416667,2025-03-19 14:00:00,3,78,15.2,15.2,45.599999999999994,91.19999999999999,15.238,0.0,15.238,15.238
NH17 Crossing Boko,Kamrup Metropolitan,25.9775,91.23416667,2025-03-19 15:00:00,3,78,15.2,15.2,45.599999999999994,91.19999999999999,12.9,-2.337999999999999,14.458666666666673,15.238
NH17 Crossing Boko,Kamrup Metropolitan,25.9775,91.23416667,2025-03-19 17:00:00,3,78,15.2,15.2,45.599999999999994,91.19999999999999,12.4,-0.5,13.512666666666673,15.238
NH17 Crossing Boko,Kamrup Metropolitan,25.9775,91.23416667,2025-03-19 18:00:00,3,78,15.2,15.2,45.599999999999994,91.19999999999999,12.2,-0.20000000000000107,12.500000000000005,15.238
NH17 Crossing Boko,Kamrup Metropolitan,25.9775,91.23416667,2025-03-19 19:00:00,3,78,15.2,15.2,45.599999999999994,91.19999999999999,15.238,3.0380000000000003,13.279333333333339,15.238
NH17 Crossing Boko,Kamrup Metropolitan,25.9775,91.23416667,2025-03-19 21:00:00,3,78,15.2,15.2,45.599999999999994,91.19999999999999,12.0,-3.2379999999999995,13.146000000000006,15.238
NH17 Crossing Boko,Kamrup Metropolitan,25.9775,91.23416667,2025-03-19 23:00:00,3,78,15.2,15.2,45.599999999999994,91.19999999999999,11.9,-0.09999999999999964,13.046000000000005,15.238
NH17 Crossing Boko,Kamrup Metropolitan,25.9775,91.23416667,2025-03-20 00:00:00,3,79,15.2,15.2,45.599999999999994,91.19999999999999,11.9,0.0,11.933333333333337,15.238
NH17 Crossing Boko,Kamrup Metropolitan,25.9775,91.23416667,2025-03-20 06:00:00,3,79,15.2,15.2,45.599999999999994,91.19999999999999,11.8,-0.09999999999999964,11.866666666666672,15.238
NH17 Crossing Boko,Kamrup Metropolitan,25.9775,91.23416667,2025-03-20 07:00:00,3,79,15.2,15.2,45.599999999999994,91.19999999999999,11.9,0.09999999999999964,11.866666666666672,15.238
NH17 Crossing Boko,Kamrup Metropolitan,25.9775,91.23416667,2025-03-20 08:00:00,3,79,15.2,15.2,45.599999999999994,91.19999999999999,12.1,0.1999999999999993,11.933333333333339,12.1
NH17 Crossing Boko,Kamrup Metropolitan,25.9775,91.23416667,2025-03-20 09:00:00,3,79,15.2,15.2,45.599999999999994,91.19999999999999,12.8,0.7000000000000011,12.266666666666671,12.8
NH17 Crossing Boko,Kamrup Metropolitan,25.9775,91.23416667,2025-03-20 10:00:00,3,79,15.2,15.2,45.599999999999994,91.19999999999999,13.3,0.5,12.73333333333334,13.3
NH17 Crossing Boko,Kamrup Metropolitan,25.9775,91.23416667,2025-03-20 11:00:00,3,79,15.2,15.2,45.599999999999994,91.19999999999999,13.6,0.29999999999999893,13.23333333333334,13.6
NH17 Crossing Boko,Kamrup Metropolitan,25.9775,91.23416667,2025-03-20 13:00:00,3,79,15.2,15.2,45.599999999999994,91.19999999999999,13.6,0.0,13.500000000000005,13.6
NH17 Crossing Boko,Kamrup Metropolitan,25.9775,91.23416667,2025-03-20 15:15:00,3,79,15.2,15.2,45.599999999999994,91.19999999999999,12.7,-0.9000000000000004,13.300000000000004,13.6
NH17 Crossing Boko,Kamrup Metropolitan,25.9775,91.23416667,2025-03-20 15:30:00,3,79,44.3,15.2,74.69999999999999,120.3,12.7,0.0,13.000000000000005,13.6
NH17 Crossing Boko,Kamrup Metropolitan,25.9775,91.23416667,2025-03-20 15:45:00,3,79,44.3,44.3,103.79999999999998,149.39999999999998,12.7,0.0,12.7,13.6
NH17 Crossing Boko,Kamrup Metropolitan,25.9775,91.23416667,2025-03-20 16:00:00,3,79,44.3,44.3,132.89999999999998,178.5,12.7,0.0,12.7,13.6
NH17 Crossing Boko,Kamrup Metropolitan,25.9775,91.23416667,2025-03-20 16:15:00,3,79,50.2,44.3,138.79999999999998,213.5,12.7,0.0,12.7,13.6
NH17 Crossing Boko,Kamrup Metropolitan,25.9775,91.23416667,2025-03-20 16:30:00,3,79,50.2,50.2,144.7,248.5,12.7,0.0,12.7,12.7
NH17 Crossing Boko,Kamrup Metropolitan,25.9775,91.23416667,2025-03-20 16:45:00,3,79,50.2,50.2,150.60000000000002,283.5,12.7,0.0,12.7,12.7
NH17 Crossing Boko,Kamrup Metropolitan,25.9775,91.23416667,2025-03-20 17:00:00,3,79,50.2,50.2,150.60000000000002,289.4,12.6,-0.09999999999999964,12.666666666666671,12.7
NH17 Crossing Boko,Kamrup Metropolitan,25.9775,91.23416667,2025-03-20 17:15:00,3,79,50.2,50.2,150.60000000000002,295.3,12.6,0.0,12.633333333333338,12.7
NH17 Crossing Boko,Kamrup Metropolitan,25.9775,91.23416667,2025-03-20 17:30:00,3,79,50.2,50.2,150.60000000000002,301.20000000000005,12.6,0.0,12.6,12.7
NH17 Crossing Boko,Kamrup Metropolitan,25.9775,91.23416667,2025-03-20 17:45:00,3,79,50.2,50.2,150.60000000000002,301.20000000000005,12.6,0.0,12.6,12.7
NH17 Crossing Boko,Kamrup Metropolitan,25.9775,91.23416667,2025-03-20 18:00:00,3,79,50.2,50.2,150.60000000000002,301.20000000000005,12.6,0.0,12.6,12.7
NH17 Crossing Boko,Kamrup Metropolitan,25.9775,91.23416667,2025-03-20 18:15:00,3,79,50.2,50.2,150.60000000000002,301.20000000000005,12.6,0.0,12.6,12.6
NH17 Crossing Boko,Kamrup Metropolitan,25.9775,91.23416667,2025-03-20 18:30:00,3,79,50.2,50.2,150.60000000000002,301.20000000000005,12.5,-0.09999999999999964,12.56666666666667,12.6
NH17 Crossing Boko,Kamrup Metropolitan,25.9775,91.23416667,2025-03-20 18:45:00,3,79,50.2,50.2,150.60000000000002,301.20000000000005,12.6,0.09999999999999964,12.566666666666672,12.6
NH17 Crossing Boko,Kamrup Metropolitan,25.9775,91.23416667,2025-03-20 19:00:00,3,79,50.2,50.2,150.60000000000002,301.20000000000005,12.5,-0.09999999999999964,12.533333333333337,12.6
NH17 Crossing Boko,Kamrup Metropolitan,25.9775,91.23416667,2025-03-20 19:15:00,3,79,50.2,50.2,150.60000000000002,301.20000000000005,12.5,0.0,12.533333333333337,12.6
NH17 Crossing Boko,Kamrup Metropolitan,25.9775,91.23416667,2025-03-20 19:30:00,3,79,50.2,50.2,150.60000000000002,301.20000000000005,12.5,0.0,12.5,12.6
NH17 Crossing Boko,Kamrup Metropolitan,25.9775,91.23416667,2025-03-20 19:45:00,3,79,50.2,50.2,150.60000000000002,301.20000000000005,12.5,0.0,12.5,12.6
NH17 Crossing Boko,Kamrup Metropolitan,25.9775,91.23416667,2025-03-20 20:00:00,3,79,50.2,50.2,150.60000000000002,301.20000000000005,12.5,0.0,12.5,12.6
NH17 Crossing Boko,Kamrup Metropolitan,25.9775,91.23416667,2025-03-20 20:15:00,3,79,50.2,50.2,150.60000000000002,301.20000000000005,12.5,0.0,12.5,12.5
NH17 Crossing Boko,Kamrup Metropolitan,25.9775,91.23416667,2025-03-20 20:30:00,3,79,50.2,50.2,150.60000000000002,301.20000000000005,12.5,0.0,12.5,12.5
NH17 Crossing Boko,Kamrup Metropolitan,25.9775,91.23416667,2025-03-20 20:45:00,3,79,50.2,50.2,150.60000000000002,301.20000000000005,12.5,0.0,12.5,12.5
NH17 Crossing Boko,Kamrup Metropolitan,25.9775,91.23416667,2025-03-20 21:00:00,3,79,50.2,50.2,150.60000000000002,301.20000000000005,12.5,0.0,12.5,12.5
NH17 Crossing Boko,Kamrup Metropolitan,25.9775,91.23416667,2025-03-20 21:15:00,3,79,50.2,50.2,150.60000000000002,301.20000000000005,12.5,0.0,12.5,12.5
NH17 Crossing Boko,Kamrup Metropolitan,25.9775,91.23416667,2025-03-20 21:30:00,3,79,50.2,50.2,150.60000000000002,301.20000000000005,12.5,0.0,12.5,12.5
NH17 Crossing Boko,Kamrup Metropolitan,25.9775,91.23416667,2025-03-20 21:45:00,3,79,50.2,50.2,150.60000000000002,301.20000000000005,12.5,0.0,12.5,12.5
NH17 Crossing Boko,Kamrup Metropolitan,25.9775,91.23416667,2025-03-20 22:00:00,3,79,50.2,50.2,150.60000000000002,301.20000000000005,12.4,-0.09999999999999964,12.46666666666667,12.5
NH17 Crossing Boko,Kamrup Metropolitan,25.9775,91.23416667,2025-03-20 22:15:00,3,79,50.2,50.2,150.60000000000002,301.20000000000005,12.4,0.0,12.433333333333337,12.5
NH17 Crossing Boko,Kamrup Metropolitan,25.9775,91.23416667,2025-03-20 22:30:00,3,79,50.2,50.2,150.60000000000002,301.20000000000005,12.4,0.0,12.4,12.5
NH17 Crossing Boko,Kamrup Metropolitan,25.9775,91.23416667,2025-03-20 22:45:00,3,79,50.2,50.2,150.60000000000002,301.20000000000005,12.4,0.0,12.4,12.5
NH17 Crossing Boko,Kamrup Metropolitan,25.9775,91.23416667,2025-03-20 23:00:00,3,79,50.2,50.2,150.60000000000002,301.20000000000005,12.4,0.0,12.4,12.5
NH17 Crossing Boko,Kamrup Metropolitan,25.9775,91.23416667,2025-03-20 23:15:00,3,79,50.2,50.2,150.60000000000002,301.20000000000005,12.4,0.0,12.4,12.4
NH17 Crossing Boko,Kamrup Metropolitan,25.9775,91.23416667,2025-03-20 23:30:00,3,79,50.2,50.2,150.60000000000002,301.20000000000005,12.4,0.0,12.4,12.4
NH17 Crossing Boko,Kamrup Metropolitan,25.9775,91.23416667,2025-03-20 23:45:00,3,79,50.2,50.2,150.60000000000002,301.20000000000005,12.4,0.0,12.4,12.4
NH17 Crossing Boko,Kamrup Metropolitan,25.9775,91.23416667,2025-03-21 00:00:00,3,80,50.2,50.2,150.60000000000002,301.20000000000005,12.4,0.0,12.4,12.4
NH17 Crossing Boko,Kamrup Metropolitan,25.9775,91.23416667,2025-03-21 00:15:00,3,80,50.2,50.2,150.60000000000002,301.20000000000005,12.4,0.0,12.4,12.4
NH17 Crossing Boko,Kamrup Metropolitan,25.9775,91.23416667,2025-03-21 00:30:00,3,80,50.2,50.2,150.60000000000002,301.20000000000005,12.4,0.0,12.4,12.4
NH17 Crossing Boko,Kamrup Metropolitan,25.9775,91.23416667,2025-03-21 00:45:00,3,80,50.2,50.2,150.60000000000002,301.20000000000005,12.4,0.0,12.4,12.4
NH17 Crossing Boko,Kamrup Metropolitan,25.9775,91.23416667,2025-03-21 01:00:00,3,80,50.2,50.2,150.60000000000002,301.20000000000005,12.4,0.0,12.4,12.4
NH17 Crossing Boko,Kamrup Metropolitan,25.9775,91.23416667,2025-03-21 01:15:00,3,80,50.2,50.2,150.60000000000002,301.20000000000005,12.4,0.0,12.4,12.4
NH17 Crossing Boko,Kamrup Metropolitan,25.9775,91.23416667,2025-03-21 01:30:00,3,80,50.2,50.2,150.60000000000002,301.20000000000005,12.4,0.0,12.4,12.4
NH17 Crossing Boko,Kamrup Metropolitan,25.9775,91.23416667,2025-03-21 01:45:00,3,80,50.2,50.2,150.60000000000002,301.20000000000005,12.4,0.0,12.4,12.4
NH17 Crossing Boko,Kamrup Metropolitan,25.9775,91.23416667,2025-03-21 02:00:00,3,80,50.2,50.2,150.60000000000002,301.20000000000005,12.4,0.0,12.4,12.4
NH17 Crossing Boko,Kamrup Metropolitan,25.9775,91.23416667,2025-03-21 02:15:00,3,80,50.2,50.2,150.60000000000002,301.20000000000005,12.4,0.0,12.4,12.4
NH17 Crossing Boko,Kamrup Metropolitan,25.9775,91.23416667,2025-03-21 02:30:00,3,80,50.2,50.2,150.60000000000002,301.20000000000005,12.4,0.0,12.4,12.4
NH17 Crossing Boko,Kamrup Metropolitan,25.9775,91.23416667,2025-03-21 03:00:00,3,80,50.2,50.2,150.60000000000002,301.20000000000005,12.4,0.0,12.4,12.4
NH17 Crossing Boko,Kamrup Metropolitan,25.9775,91.23416667,2025-03-21 03:15:00,3,80,50.2,50.2,150.60000000000002,301.20000000000005,12.4,0.0,12.4,12.4
NH17 Crossing Boko,Kamrup Metropolitan,25.9775,91.23416667,2025-03-21 03:30:00,3,80,50.2,50.2,150.60000000000002,301.20000000000005,12.4,0.0,12.4,12.4
NH17 Crossing Boko,Kamrup Metropolitan,25.9775,91.23416667,2025-03-21 03:45:00,3,80,50.2,50.2,150.60000000000002,301.20000000000005,12.4,0.0,12.4,12.4
NH17 Crossing Boko,Kamrup Metropolitan,25.9775,91.23416667,2025-03-21 04:00:00,3,80,50.2,50.2,150.60000000000002,301.20000000000005,12.4,0.0,12.4,12.4
NH17 Crossing Boko,Kamrup Metropolitan,25.9775,91.23416667,2025-03-21 04:15:00,3,80,50.2,50.2,150.60000000000002,301.20000000000005,12.4,0.0,12.4,12.4
NH17 Crossing Boko,Kamrup Metropolitan,25.9775,91.23416667,2025-03-21 04:30:00,3,80,50.2,50.2,150.60000000000002,301.20000000000005,12.4,0.0,12.4,12.4
NH17 Crossing Boko,Kamrup Metropolitan,25.9775,91.23416667,2025-03-21 04:45:00,3,80,50.2,50.2,150.60000000000002,301.20000000000005,12.4,0.0,12.4,12.4
NH17 Crossing Boko,Kamrup Metropolitan,25.9775,91.23416667,2025-03-21 05:00:00,3,80,50.2,50.2,150.60000000000002,301.20000000000005,12.4,0.0,12.4,12.4
NH17 Crossing Boko,Kamrup Metropolitan,25.9775,91.23416667,2025-03-21 05:15:00,3,80,50.2,50.2,150.60000000000002,301.20000000000005,12.4,0.0,12.4,12.4
NH17 Crossing Boko,Kamrup Metropolitan,25.9775,91.23416667,2025-03-21 05:30:00,3,80,50.2,50.2,150.60000000000002,301.20000000000005,12.4,0.0,12.4,12.4
NH17 Crossing Boko,Kamrup Metropolitan,25.9775,91.23416667,2025-03-21 05:45:00,3,80,50.2,50.2,150.60000000000002,301.20000000000005,12.4,0.0,12.4,12.4
NH17 Crossing Boko,Kamrup Metropolitan,25.9775,91.23416667,2025-03-21 06:00:00,3,80,50.2,50.2,150.60000000000002,301.20000000000005,12.4,0.0,12.4,12.4
NH17 Crossing Boko,Kamrup Metropolitan,25.9775,91.23416667,2025-03-21 06:15:00,3,80,50.2,50.2,150.60000000000002,301.20000000000005,12.4,0.0,12.4,12.4
NH17 Crossing Boko,Kamrup Metropolitan,25.9775,91.23416667,2025-03-21 06:30:00,3,80,50.2,50.2,150.60000000000002,301.20000000000005,12.4,0.0,12.4,12.4
NH17 Crossing Boko,Kamrup Metropolitan,25.9775,91.23416667,2025-03-21 06:45:00,3,80,50.2,50.2,150.60000000000002,301.20000000000005,12.4,0.0,12.4,12.4
NH17 Crossing Boko,Kamrup Metropolitan,25.9775,91.23416667,2025-03-21 07:00:00,3,80,50.2,50.2,150.60000000000002,301.20000000000005,12.4,0.0,12.4,12.4
NH17 Crossing Boko,Kamrup Metropolitan,25.9775,91.23416667,2025-03-21 07:15:00,3,80,50.2,50.2,150.60000000000002,301.20000000000005,12.4,0.0,12.4,12.4
NH17 Crossing Boko,Kamrup Metropolitan,25.9775,91.23416667,2025-03-21 07:30:00,3,80,50.2,50.2,150.60000000000002,301.20000000000005,12.4,0.0,12.4,12.4
NH17 Crossing Boko,Kamrup Metropolitan,25.9775,91.23416667,2025-03-21 07:45:00,3,80,50.2,50.2,150.60000000000002,301.20000000000005,12.4,0.0,12.4,12.4
NH17 Crossing Boko,Kamrup Metropolitan,25.9775,91.23416667,2025-03-21 08:00:00,3,80,50.2,50.2,150.60000000000002,301.20000000000005,12.4,0.0,12.4,12.4
NH17 Crossing Boko,Kamrup Metropolitan,25.9775,91.23416667,2025-03-21 08:15:00,3,80,50.2,50.2,150.60000000000002,301.20000000000005,12.4,0.0,12.4,12.4
NH17 Crossing Boko,Kamrup Metropolitan,25.9775,91.23416667,2025-03-21 08:30:00,3,80,50.2,50.2,150.60000000000002,301.20000000000005,12.4,0.0,12.4,12.4
NH17 Crossing Boko,Kamrup Metropolitan,25.9775,91.23416667,2025-03-21 08:45:00,3,80,50.2,50.2,150.60000000000002,301.20000000000005,12.4,0.0,12.4,12.4
NH17 Crossing Boko,Kamrup Metropolitan,25.9775,91.23416667,2025-03-21 09:00:00,3,80,50.2,50.2,150.60000000000002,301.20000000000005,12.4,0.0,12.4,12.4
NH17 Crossing Boko,Kamrup Metropolitan,25.9775,91.23416667,2025-03-21 09:15:00,3,80,50.2,50.2,150.60000000000002,301.20000000000005,12.4,0.0,12.4,12.4
NH17 Crossing Boko,Kamrup Metropolitan,25.9775,91.23416667,2025-03-21 09:30:00,3,80,50.2,50.2,150.60000000000002,301.20000000000005,12.4,0.0,12.4,12.4
NH17 Crossing Boko,Kamrup Metropolitan,25.9775,91.23416667,2025-03-21 09:45:00,3,80,50.2,50.2,150.60000000000002,301.20000000000005,12.4,0.0,12.4,12.4
NH17 Crossing Boko,Kamrup Metropolitan,25.9775,91.23416667,2025-03-21 10:00:00,3,80,50.2,50.2,150.60000000000002,301.20000000000005,12.4,0.0,12.4,12.4
NH17 Crossing Boko,Kamrup Metropolitan,25.9775,91.23416667,2025-03-21 10:15:00,3,80,50.2,50.2,150.60000000000002,301.20000000000005,12.4,0.0,12.4,12.4
NH17 Crossing Boko,Kamrup Metropolitan,25.9775,91.23416667,2025-03-21 10:30:00,3,80,50.2,50.2,150.60000000000002,301.20000000000005,12.4,0.0,12.4,12.4
NH17 Crossing Boko,Kamrup Metropolitan,25.9775,91.23416667,2025-03-21 10:45:00,3,80,50.2,50.2,150.60000000000002,301.20000000000005,12.5,0.09999999999999964,12.433333333333337,12.5
NH17 Crossing Boko,Kamrup Metropolitan,25.9775,91.23416667,2025-03-21 11:00:00,3,80,50.2,50.2,150.60000000000002,301.20000000000005,12.5,0.0,12.466666666666674,12.5
NH17 Crossing Boko,Kamrup Metropolitan,25.9775,91.23416667,2025-03-21 11:15:00,3,80,50.2,50.2,150.60000000000002,301.20000000000005,12.5,0.0,12.5,12.5
NH17 Crossing Boko,Kamrup Metropolitan,25.9775,91.23416667,2025-03-21 11:30:00,3,80,50.2,50.2,150.60000000000002,301.20000000000005,12.5,0.0,12.5,12.5
NH17 Crossing Boko,Kamrup Metropolitan,25.9775,91.23416667,2025-03-21 11:45:00,3,80,50.2,50.2,150.60000000000002,301.20000000000005,12.5,0.0,12.5,12.5
NH17 Crossing Boko,Kamrup Metropolitan,25.9775,91.23416667,2025-03-21 12:00:00,3,80,50.2,50.2,150.60000000000002,301.20000000000005,12.6,0.09999999999999964,12.533333333333339,12.6
NH17 Crossing Boko,Kamrup Metropolitan,25.9775,91.23416667,2025-03-21 12:45:00,3,80,50.2,50.2,150.60000000000002,301.20000000000005,12.6,0.0,12.566666666666672,12.6
NH17 Crossing Boko,Kamrup Metropolitan,25.9775,91.23416667,2025-03-21 13:00:00,3,80,50.2,50.2,150.60000000000002,301.20000000000005,12.6,0.0,12.6,12.6
NH17 Crossing Boko,Kamrup Metropolitan,25.9775,91.23416667,2025-03-21 13:15:00,3,80,50.2,50.2,150.60000000000002,301.20000000000005,12.5,-0.09999999999999964,12.56666666666667,12.6
NH17 Crossing Boko,Kamrup Metropolitan,25.9775,91.23416667,2025-03-21 13:30:00,3,80,50.2,50.2,150.60000000000002,301.20000000000005,12.5,0.0,12.533333333333339,12.6
NH17 Crossing Boko,Kamrup Metropolitan,25.9775,91.23416667,2025-03-21 13:45:00,3,80,50.2,50.2,150.60000000000002,301.20000000000005,12.5,0.0,12.5,12.6
NH17 Crossing Boko,Kamrup Metropolitan,25.9775,91.23416667,2025-03-21 14:00:00,3,80,50.2,50.2,150.60000000000002,301.20000000000005,12.5,0.0,12.5,12.6
NH17 Crossing Boko,Kamrup Metropolitan,25.9775,91.23416667,2025-03-21 14:15:00,3,80,50.2,50.2,150.60000000000002,301.20000000000005,12.5,0.0,12.5,12.6
NH17 Crossing Boko,Kamrup Metropolitan,25.9775,91.23416667,2025-03-21 14:30:00,3,80,50.2,50.2,150.60000000000002,301.20000000000005,12.5,0.0,12.5,12.5
NH17 Crossing Boko,Kamrup Metropolitan,25.9775,91.23416667,2025-03-21 14:45:00,3,80,50.2,50.2,150.60000000000002,301.20000000000005,12.5,0.0,12.5,12.5
NH17 Crossing Boko,Kamrup Metropolitan,25.9775,91.23416667,2025-03-21 15:00:00,3,80,50.2,50.2,150.60000000000002,301.20000000000005,12.5,0.0,12.5,12.5
NH17 Crossing Boko,Kamrup Metropolitan,25.9775,91.23416667,2025-03-21 15:15:00,3,80,50.2,50.2,150.60000000000002,301.20000000000005,12.5,0.0,12.5,12.5
NH17 Crossing Boko,Kamrup Metropolitan,25.9775,91.23416667,2025-03-21 15:30:00,3,80,50.2,50.2,150.60000000000002,301.20000000000005,12.5,0.0,12.5,12.5
NH17 Crossing Boko,Kamrup Metropolitan,25.9775,91.23416667,2025-03-21 15:45:00,3,80,50.2,50.2,150.60000000000002,301.20000000000005,12.5,0.0,12.5,12.5
NH17 Crossing Boko,Kamrup Metropolitan,25.9775,91.23416667,2025-03-21 16:00:00,3,80,50.2,50.2,150.60000000000002,301.20000000000005,12.5,0.0,12.5,12.5
NH17 Crossing Boko,Kamrup Metropolitan,25.9775,91.23416667,2025-03-21 16:15:00,3,80,50.2,50.2,150.60000000000002,301.20000000000005,12.4,-0.09999999999999964,12.46666666666667,12.5
NH17 Crossing Boko,Kamrup Metropolitan,25.9775,91.23416667,2025-03-21 16:30:00,3,80,50.2,50.2,150.60000000000002,301.20000000000005,12.4,0.0,12.433333333333337,12.5
NH17 Crossing Boko,Kamrup Metropolitan,25.9775,91.23416667,2025-03-21 16:45:00,3,80,50.2,50.2,150.60000000000002,301.20000000000005,12.4,0.0,12.4,12.5
NH17 Crossing Boko,Kamrup Metropolitan,25.9775,91.23416667,2025-03-21 17:00:00,3,80,50.2,50.2,150.60000000000002,301.20000000000005,12.4,0.0,12.4,12.5
NH17 Crossing Boko,Kamrup Metropolitan,25.9775,91.23416667,2025-03-21 17:15:00,3,80,50.2,50.2,150.60000000000002,301.20000000000005,12.5,0.09999999999999964,12.433333333333339,12.5
NH17 Crossing Boko,Kamrup Metropolitan,25.9775,91.23416667,2025-03-21 17:30:00,3,80,50.2,50.2,150.60000000000002,301.20000000000005,12.4,-0.09999999999999964,12.433333333333337,12.5
NH17 Crossing Boko,Kamrup Metropolitan,25.9775,91.23416667,2025-03-21 17:45:00,3,80,50.2,50.2,150.60000000000002,301.20000000000005,12.4,0.0,12.433333333333339,12.5
NH17 Crossing Boko,Kamrup Metropolitan,25.9775,91.23416667,2025-03-21 18:00:00,3,80,50.2,50.2,150.60000000000002,301.20000000000005,12.4,0.0,12.4,12.5
NH17 Crossing Boko,Kamrup Metropolitan,25.9775,91.23416667,2025-03-21 18:15:00,3,80,50.2,50.2,150.60000000000002,301.20000000000005,12.4,0.0,12.4,12.5
NH17 Crossing Boko,Kamrup Metropolitan,25.9775,91.23416667,2025-03-21 18:30:00,3,80,50.2,50.2,150.60000000000002,301.20000000000005,12.4,0.0,12.4,12.5
NH17 Crossing Boko,Kamrup Metropolitan,25.9775,91.23416667,2025-03-21 18:45:00,3,80,50.2,50.2,150.60000000000002,301.20000000000005,12.4,0.0,12.4,12.4
NH17 Crossing Boko,Kamrup Metropolitan,25.9775,91.23416667,2025-03-21 19:00:00,3,80,50.2,50.2,150.60000000000002,301.20000000000005,12.4,0.0,12.4,12.4
NH17 Crossing Boko,Kamrup Metropolitan,25.9775,91.23416667,2025-03-21 19:15:00,3,80,50.2,50.2,150.60000000000002,301.20000000000005,12.4,0.0,12.4,12.4
NH17 Crossing Boko,Kamrup Metropolitan,25.9775,91.23416667,2025-03-21 19:30:00,3,80,50.2,50.2,150.60000000000002,301.20000000000005,12.4,0.0,12.4,12.4
NH17 Crossing Boko,Kamrup Metropolitan,25.9775,91.23416667,2025-03-21 19:45:00,3,80,50.2,50.2,150.60000000000002,301.20000000000005,12.4,0.0,12.4,12.4
NH17 Crossing Boko,Kamrup Metropolitan,25.9775,91.23416667,2025-03-21 20:00:00,3,80,50.2,50.2,150.60000000000002,301.20000000000005,12.4,0.0,12.4,12.4
NH17 Crossing Boko,Kamrup Metropolitan,25.9775,91.23416667,2025-03-21 20:15:00,3,80,50.2,50.2,150.60000000000002,301.20000000000005,12.4,0.0,12.4,12.4
NH17 Crossing Boko,Kamrup Metropolitan,25.9775,91.23416667,2025-03-21 20:30:00,3,80,50.2,50.2,150.60000000000002,301.20000000000005,12.4,0.0,12.4,12.4
NH17 Crossing Boko,Kamrup Metropolitan,25.9775,91.23416667,2025-03-21 20:45:00,3,80,50.2,50.2,150.60000000000002,301.20000000000005,12.4,0.0,12.4,12.4
NH17 Crossing Boko,Kamrup Metropolitan,25.9775,91.23416667,2025-03-21 21:00:00,3,80,50.2,50.2,150.60000000000002,301.20000000000005,12.4,0.0,12.4,12.4
NH17 Crossing Boko,Kamrup Metropolitan,25.9775,91.23416667,2025-03-21 21:15:00,3,80,50.2,50.2,150.60000000000002,301.20000000000005,12.4,0.0,12.4,12.4
NH17 Crossing Boko,Kamrup Metropolitan,25.9775,91.23416667,2025-03-21 21:30:00,3,80,50.2,50.2,150.60000000000002,301.20000000000005,12.4,0.0,12.4,12.4
NH17 Crossing Boko,Kamrup Metropolitan,25.9775,91.23416667,2025-03-21 21:45:00,3,80,50.2,50.2,150.60000000000002,301.20000000000005,12.4,0.0,12.4,12.4
NH17 Crossing Boko,Kamrup Metropolitan,25.9775,91.23416667,2025-03-21 22:00:00,3,80,50.2,50.2,150.60000000000002,301.20000000000005,12.4,0.0,12.4,12.4
NH17 Crossing Boko,Kamrup Metropolitan,25.9775,91.23416667,2025-03-21 22:15:00,3,80,50.2,50.2,150.60000000000002,301.20000000000005,12.4,0.0,12.4,12.4
NH17 Crossing Boko,Kamrup Metropolitan,25.9775,91.23416667,2025-03-21 22:30:00,3,80,50.2,50.2,150.60000000000002,301.20000000000005,12.4,0.0,12.4,12.4
NH17 Crossing Boko,Kamrup Metropolitan,25.9775,91.23416667,2025-03-21 23:00:00,3,80,50.2,50.2,150.60000000000002,301.20000000000005,12.4,0.0,12.4,12.4
NH17 Crossing Boko,Kamrup Metropolitan,25.9775,91.23416667,2025-03-21 23:15:00,3,80,50.2,50.2,150.60000000000002,301.20000000000005,12.4,0.0,12.4,12.4
NH17 Crossing Boko,Kamrup Metropolitan,25.9775,91.23416667,2025-03-21 23:30:00,3,80,50.2,50.2,150.60000000000002,301.20000000000005,12.4,0.0,12.4,12.4
NH17 Crossing Boko,Kamrup Metropolitan,25.9775,91.23416667,2025-03-21 23:45:00,3,80,50.2,50.2,150.60000000000002,301.20000000000005,12.4,0.0,12.4,12.4
NH17 Crossing Boko,Kamrup Metropolitan,25.9775,91.23416667,2025-03-22 00:00:00,3,81,50.2,50.2,150.60000000000002,301.20000000000005,12.4,0.0,12.4,12.4
NH17 Crossing Boko,Kamrup Metropolitan,25.9775,91.23416667,2025-03-22 00:15:00,3,81,50.2,50.2,150.60000000000002,301.20000000000005,12.4,0.0,12.4,12.4
NH17 Crossing Boko,Kamrup Metropolitan,25.9775,91.23416667,2025-03-22 00:30:00,3,81,50.2,50.2,150.60000000000002,301.20000000000005,12.4,0.0,12.4,12.4
NH17 Crossing Boko,Kamrup Metropolitan,25.9775,91.23416667,2025-03-22 00:45:00,3,81,50.2,50.2,150.60000000000002,301.20000000000005,12.4,0.0,12.4,12.4
NH17 Crossing Boko,Kamrup Metropolitan,25.9775,91.23416667,2025-03-22 01:00:00,3,81,50.2,50.2,150.60000000000002,301.20000000000005,12.3,-0.09999999999999964,12.366666666666672,12.4
NH17 Crossing Boko,Kamrup Metropolitan,25.9775,91.23416667,2025-03-22 01:15:00,3,81,50.2,50.2,150.60000000000002,301.20000000000005,12.4,0.09999999999999964,12.366666666666672,12.4
NH17 Crossing Boko,Kamrup Metropolitan,25.9775,91.23416667,2025-03-22 01:30:00,3,81,50.2,50.2,150.60000000000002,301.20000000000005,12.3,-0.09999999999999964,12.333333333333337,12.4
NH17 Crossing Boko,Kamrup Metropolitan,25.9775,91.23416667,2025-03-22 01:45:00,3,81,50.2,50.2,150.60000000000002,301.20000000000005,12.4,0.09999999999999964,12.366666666666672,12.4
NH17 Crossing Boko,Kamrup Metropolitan,25.9775,91.23416667,2025-03-22 02:00:00,3,81,50.2,50.2,150.60000000000002,301.20000000000005,12.3,-0.09999999999999964,12.333333333333337,12.4
NH17 Crossing Boko,Kamrup Metropolitan,25.9775,91.23416667,2025-03-22 02:15:00,3,81,50.2,50.2,150.60000000000002,301.20000000000005,12.4,0.09999999999999964,12.366666666666672,12.4
NH17 Crossing Boko,Kamrup Metropolitan,25.9775,91.23416667,2025-03-22 02:30:00,3,81,50.2,50.2,150.60000000000002,301.20000000000005,12.3,-0.09999999999999964,12.333333333333337,12.4
NH17 Crossing Boko,Kamrup Metropolitan,25.9775,91.23416667,2025-03-22 02:45:00,3,81,50.2,50.2,150.60000000000002,301.20000000000005,12.4,0.09999999999999964,12.366666666666672,12.4
NH17 Crossing Boko,Kamrup Metropolitan,25.9775,91.23416667,2025-03-22 03:00:00,3,81,50.2,50.2,150.60000000000002,301.20000000000005,12.3,-0.09999999999999964,12.333333333333337,12.4
NH17 Crossing Boko,Kamrup Metropolitan,25.9775,91.23416667,2025-03-22 03:15:00,3,81,50.2,50.2,150.60000000000002,301.20000000000005,12.3,0.0,12.333333333333337,12.4
NH17 Crossing Boko,Kamrup Metropolitan,25.9775,91.23416667,2025-03-22 03:30:00,3,81,50.2,50.2,150.60000000000002,301.20000000000005,12.3,0.0,12.3,12.4
NH17 Crossing Boko,Kamrup Metropolitan,25.9775,91.23416667,2025-03-22 03:45:00,3,81,50.2,50.2,150.60000000000002,301.20000000000005,12.3,0.0,12.3,12.4
NH17 Crossing Boko,Kamrup Metropolitan,25.9775,91.23416667,2025-03-22 04:00:00,3,81,50.2,50.2,150.60000000000002,301.20000000000005,12.3,0.0,12.3,12.4
NH17 Crossing Boko,Kamrup Metropolitan,25.9775,91.23416667,2025-03-22 04:15:00,3,81,50.2,50.2,150.60000000000002,301.20000000000005,12.3,0.0,12.3,12.3
NH17 Crossing Boko,Kamrup Metropolitan,25.9775,91.23416667,2025-03-22 04:30:00,3,81,50.2,50.2,150.60000000000002,301.20000000000005,12.3,0.0,12.3,12.3
NH17 Crossing Boko,Kamrup Metropolitan,25.9775,91.23416667,2025-03-22 04:45:00,3,81,50.2,50.2,150.60000000000002,301.20000000000005,12.3,0.0,12.3,12.3
NH17 Crossing Boko,Kamrup Metropolitan,25.9775,91.23416667,2025-03-22 05:00:00,3,81,50.2,50.2,150.60000000000002,301.20000000000005,12.3,0.0,12.3,12.3
NH17 Crossing Boko,Kamrup Metropolitan,25.9775,91.23416667,2025-03-22 05:15:00,3,81,50.2,50.2,150.60000000000002,301.20000000000005,12.2,-0.10000000000000142,12.266666666666671,12.3
NH17 Crossing Boko,Kamrup Metropolitan,25.9775,91.23416667,2025-03-22 05:30:00,3,81,50.2,50.2,150.60000000000002,301.20000000000005,12.3,0.10000000000000142,12.266666666666671,12.3
NH17 Crossing Boko,Kamrup Metropolitan,25.9775,91.23416667,2025-03-22 05:45:00,3,81,50.2,50.2,150.60000000000002,301.20000000000005,12.3,0.0,12.266666666666671,12.3
NH17 Crossing Boko,Kamrup Metropolitan,25.9775,91.23416667,2025-03-22 06:00:00,3,81,50.2,50.2,150.60000000000002,301.20000000000005,12.2,-0.10000000000000142,12.266666666666671,12.3
NH17 Crossing Boko,Kamrup Metropolitan,25.9775,91.23416667,2025-03-22 06:15:00,3,81,50.2,50.2,150.60000000000002,301.20000000000005,12.2,0.0,12.23333333333334,12.3
NH17 Crossing Boko,Kamrup Metropolitan,25.9775,91.23416667,2025-03-22 06:30:00,3,81,50.2,50.2,150.60000000000002,301.20000000000005,12.2,0.0,12.2,12.3
NH17 Crossing Boko,Kamrup Metropolitan,25.9775,91.23416667,2025-03-22 06:45:00,3,81,50.2,50.2,150.60000000000002,301.20000000000005,12.2,0.0,12.2,12.3
NH17 Crossing Boko,Kamrup Metropolitan,25.9775,91.23416667,2025-03-22 07:00:00,3,81,50.2,50.2,150.60000000000002,301.20000000000005,12.3,0.10000000000000142,12.23333333333334,12.3
NH17 Crossing Boko,Kamrup Metropolitan,25.9775,91.23416667,2025-03-22 07:15:00,3,81,50.2,50.2,150.60000000000002,301.20000000000005,12.3,0.0,12.266666666666671,12.3
NH17 Crossing Boko,Kamrup Metropolitan,25.9775,91.23416667,2025-03-22 07:30:00,3,81,50.2,50.2,150.60000000000002,301.20000000000005,12.4,0.09999999999999964,12.333333333333337,12.4
NH17 Crossing Boko,Kamrup Metropolitan,25.9775,91.23416667,2025-03-22 07:45:00,3,81,50.2,50.2,150.60000000000002,301.20000000000005,12.3,-0.09999999999999964,12.333333333333337,12.4
NH17 Crossing Boko,Kamrup Metropolitan,25.9775,91.23416667,2025-03-22 08:00:00,3,81,50.2,50.2,150.60000000000002,301.20000000000005,12.3,0.0,12.333333333333337,12.4
NH17 Crossing Boko,Kamrup Metropolitan,25.9775,91.23416667,2025-03-22 08:15:00,3,81,50.2,50.2,150.60000000000002,301.20000000000005,12.4,0.09999999999999964,12.333333333333337,12.4
NH17 Crossing Boko,Kamrup Metropolitan,25.9775,91.23416667,2025-03-22 08:30:00,3,81,50.2,50.2,150.60000000000002,301.20000000000005,12.4,0.0,12.366666666666672,12.4
NH17 Crossing Boko,Kamrup Metropolitan,25.9775,91.23416667,2025-03-22 08:45:00,3,81,50.2,50.2,150.60000000000002,301.20000000000005,12.4,0.0,12.4,12.4
NH17 Crossing Boko,Kamrup Metropolitan,25.9775,91.23416667,2025-03-22 09:00:00,3,81,50.2,50.2,150.60000000000002,301.20000000000005,12.4,0.0,12.4,12.4
NH17 Crossing Boko,Kamrup Metropolitan,25.9775,91.23416667,2025-03-22 09:15:00,3,81,50.2,50.2,150.60000000000002,301.20000000000005,12.4,0.0,12.4,12.4
NH17 Crossing Boko,Kamrup Metropolitan,25.9775,91.23416667,2025-03-22 09:30:00,3,81,50.2,50.2,150.60000000000002,301.20000000000005,12.4,0.0,12.4,12.4
NH17 Crossing Boko,Kamrup Metropolitan,25.9775,91.23416667,2025-03-22 09:45:00,3,81,50.2,50.2,150.60000000000002,301.20000000000005,12.4,0.0,12.4,12.4
NH17 Crossing Boko,Kamrup Metropolitan,25.9775,91.23416667,2025-03-22 10:00:00,3,81,50.2,50.2,150.60000000000002,301.20000000000005,12.4,0.0,12.4,12.4
NH17 Crossing Boko,Kamrup Metropolitan,25.9775,91.23416667,2025-03-22 10:15:00,3,81,50.2,50.2,150.60000000000002,301.20000000000005,12.4,0.0,12.4,12.4
NH17 Crossing Boko,Kamrup Metropolitan,25.9775,91.23416667,2025-03-22 10:30:00,3,81,50.2,50.2,150.60000000000002,301.20000000000005,12.4,0.0,12.4,12.4
NH17 Crossing Boko,Kamrup Metropolitan,25.9775,91.23416667,2025-03-22 11:00:00,3,81,50.2,50.2,150.60000000000002,301.20000000000005,12.4,0.0,12.4,12.4
NH17 Crossing Boko,Kamrup Metropolitan,25.9775,91.23416667,2025-03-22 11:15:00,3,81,50.2,50.2,150.60000000000002,301.20000000000005,12.4,0.0,12.4,12.4
NH17 Crossing Boko,Kamrup Metropolitan,25.9775,91.23416667,2025-03-22 11:30:00,3,81,50.2,50.2,150.60000000000002,301.20000000000005,12.4,0.0,12.4,12.4
NH17 Crossing Boko,Kamrup Metropolitan,25.9775,91.23416667,2025-03-22 11:45:00,3,81,50.2,50.2,150.60000000000002,301.20000000000005,12.4,0.0,12.4,12.4
NH17 Crossing Boko,Kamrup Metropolitan,25.9775,91.23416667,2025-03-22 12:15:00,3,81,50.2,50.2,150.60000000000002,301.20000000000005,12.4,0.0,12.4,12.4
NH17 Crossing Boko,Kamrup Metropolitan,25.9775,91.23416667,2025-03-22 12:30:00,3,81,50.2,50.2,150.60000000000002,301.20000000000005,12.4,0.0,12.4,12.4
NH17 Crossing Boko,Kamrup Metropolitan,25.9775,91.23416667,2025-03-22 12:45:00,3,81,50.2,50.2,150.60000000000002,301.20000000000005,12.4,0.0,12.4,12.4
NH17 Crossing Boko,Kamrup Metropolitan,25.9775,91.23416667,2025-03-22 13:00:00,3,81,50.2,50.2,150.60000000000002,301.20000000000005,12.4,0.0,12.4,12.4
NH17 Crossing Boko,Kamrup Metropolitan,25.9775,91.23416667,2025-03-22 13:15:00,3,81,50.2,50.2,150.60000000000002,301.20000000000005,12.4,0.0,12.4,12.4
NH17 Crossing Boko,Kamrup Metropolitan,25.9775,91.23416667,2025-03-22 13:30:00,3,81,50.2,50.2,150.60000000000002,301.20000000000005,12.4,0.0,12.4,12.4
NH17 Crossing Boko,Kamrup Metropolitan,25.9775,91.23416667,2025-03-22 13:45:00,3,81,50.2,50.2,150.60000000000002,301.20000000000005,12.4,0.0,12.4,12.4
NH17 Crossing Boko,Kamrup Metropolitan,25.9775,91.23416667,2025-03-22 14:00:00,3,81,50.2,50.2,150.60000000000002,301.20000000000005,12.4,0.0,12.4,12.4
NH17 Crossing Boko,Kamrup Metropolitan,25.9775,91.23416667,2025-03-22 14:15:00,3,81,50.2,50.2,150.60000000000002,301.20000000000005,12.4,0.0,12.4,12.4
NH17 Crossing Boko,Kamrup Metropolitan,25.9775,91.23416667,2025-03-22 14:30:00,3,81,50.2,50.2,150.60000000000002,301.20000000000005,12.4,0.0,12.4,12.4
NH17 Crossing Boko,Kamrup Metropolitan,25.9775,91.23416667,2025-03-22 14:45:00,3,81,50.2,50.2,150.60000000000002,301.20000000000005,12.4,0.0,12.4,12.4
NH17 Crossing Boko,Kamrup Metropolitan,25.9775,91.23416667,2025-03-22 15:00:00,3,81,50.2,50.2,150.60000000000002,301.20000000000005,12.4,0.0,12.4,12.4
NH17 Crossing Boko,Kamrup Metropolitan,25.9775,91.23416667,2025-03-22 15:15:00,3,81,50.2,50.2,150.60000000000002,301.20000000000005,12.4,0.0,12.4,12.4
NH17 Crossing Boko,Kamrup Metropolitan,25.9775,91.23416667,2025-03-22 15:30:00,3,81,50.2,50.2,150.60000000000002,301.20000000000005,12.4,0.0,12.4,12.4
NH17 Crossing Boko,Kamrup Metropolitan,25.9775,91.23416667,2025-03-22 15:45:00,3,81,50.2,50.2,150.60000000000002,301.20000000000005,12.4,0.0,12.4,12.4
NH17 Crossing Boko,Kamrup Metropolitan,25.9775,91.23416667,2025-03-22 16:00:00,3,81,50.2,50.2,150.60000000000002,301.20000000000005,12.4,0.0,12.4,12.4
NH17 Crossing Boko,Kamrup Metropolitan,25.9775,91.23416667,2025-03-22 16:15:00,3,81,50.2,50.2,150.60000000000002,301.20000000000005,12.4,0.0,12.4,12.4
NH17 Crossing Boko,Kamrup Metropolitan,25.9775,91.23416667,2025-03-22 16:30:00,3,81,50.2,50.2,150.60000000000002,301.20000000000005,12.4,0.0,12.4,12.4
NH17 Crossing Boko,Kamrup Metropolitan,25.9775,91.23416667,2025-03-22 16:45:00,3,81,50.2,50.2,150.60000000000002,301.20000000000005,12.4,0.0,12.4,12.4
NH17 Crossing Boko,Kamrup Metropolitan,25.9775,91.23416667,2025-03-22 17:00:00,3,81,50.2,50.2,150.60000000000002,301.20000000000005,12.4,0.0,12.4,12.4
NH17 Crossing Boko,Kamrup Metropolitan,25.9775,91.23416667,2025-03-22 17:15:00,3,81,50.2,50.2,150.60000000000002,301.20000000000005,12.4,0.0,12.4,12.4
NH17 Crossing Boko,Kamrup Metropolitan,25.9775,91.23416667,2025-03-22 17:30:00,3,81,50.2,50.2,150.60000000000002,301.20000000000005,12.4,0.0,12.4,12.4
NH17 Crossing Boko,Kamrup Metropolitan,25.9775,91.23416667,2025-03-22 17:45:00,3,81,50.2,50.2,150.60000000000002,301.20000000000005,12.4,0.0,12.4,12.4
NH17 Crossing Boko,Kamrup Metropolitan,25.9775,91.23416667,2025-03-22 18:00:00,3,81,50.2,50.2,150.60000000000002,301.20000000000005,12.4,0.0,12.4,12.4
NH17 Crossing Boko,Kamrup Metropolitan,25.9775,91.23416667,2025-03-22 18:15:00,3,81,50.2,50.2,150.60000000000002,301.20000000000005,12.4,0.0,12.4,12.4
NH17 Crossing Boko,Kamrup Metropolitan,25.9775,91.23416667,2025-03-22 18:30:00,3,81,50.2,50.2,150.60000000000002,301.20000000000005,12.4,0.0,12.4,12.4
NH17 Crossing Boko,Kamrup Metropolitan,25.9775,91.23416667,2025-03-22 18:45:00,3,81,50.2,50.2,150.60000000000002,301.20000000000005,12.3,-0.09999999999999964,12.366666666666672,12.4
NH17 Crossing Boko,Kamrup Metropolitan,25.9775,91.23416667,2025-03-22 19:00:00,3,81,50.2,50.2,150.60000000000002,301.20000000000005,12.3,0.0,12.333333333333337,12.4
NH17 Crossing Boko,Kamrup Metropolitan,25.9775,91.23416667,2025-03-22 19:15:00,3,81,50.2,50.2,150.60000000000002,301.20000000000005,12.3,0.0,12.3,12.4
NH17 Crossing Boko,Kamrup Metropolitan,25.9775,91.23416667,2025-03-22 19:30:00,3,81,50.2,50.2,150.60000000000002,301.20000000000005,12.3,0.0,12.3,12.4
NH17 Crossing Boko,Kamrup Metropolitan,25.9775,91.23416667,2025-03-22 19:45:00,3,81,50.2,50.2,150.60000000000002,301.20000000000005,12.3,0.0,12.3,12.4
NH17 Crossing Boko,Kamrup Metropolitan,25.9775,91.23416667,2025-03-22 20:00:00,3,81,50.2,50.2,150.60000000000002,301.20000000000005,12.3,0.0,12.3,12.3
NH17 Crossing Boko,Kamrup Metropolitan,25.9775,91.23416667,2025-03-22 20:15:00,3,81,50.2,50.2,150.60000000000002,301.20000000000005,12.2,-0.10000000000000142,12.266666666666673,12.3
NH17 Crossing Boko,Kamrup Metropolitan,25.9775,91.23416667,2025-03-22 20:30:00,3,81,50.2,50.2,150.60000000000002,301.20000000000005,12.3,0.10000000000000142,12.266666666666671,12.3
NH17 Crossing Boko,Kamrup Metropolitan,25.9775,91.23416667,2025-03-22 20:45:00,3,81,50.2,50.2,150.60000000000002,301.20000000000005,12.2,-0.10000000000000142,12.23333333333334,12.3
NH17 Crossing Boko,Kamrup Metropolitan,25.9775,91.23416667,2025-03-22 21:00:00,3,81,50.2,50.2,150.60000000000002,301.20000000000005,12.2,0.0,12.233333333333336,12.3
NH17 Crossing Boko,Kamrup Metropolitan,25.9775,91.23416667,2025-03-22 21:15:00,3,81,50.2,50.2,150.60000000000002,301.20000000000005,12.2,0.0,12.2,12.3
NH17 Crossing Boko,Kamrup Metropolitan,25.9775,91.23416667,2025-03-22 21:30:00,3,81,50.2,50.2,150.60000000000002,301.20000000000005,12.2,0.0,12.2,12.3
NH17 Crossing Boko,Kamrup Metropolitan,25.9775,91.23416667,2025-03-22 21:45:00,3,81,50.2,50.2,150.60000000000002,301.20000000000005,12.2,0.0,12.2,12.3
NH17 Crossing Boko,Kamrup Metropolitan,25.9775,91.23416667,2025-03-22 22:00:00,3,81,50.2,50.2,150.60000000000002,301.20000000000005,12.2,0.0,12.2,12.2
NH17 Crossing Boko,Kamrup Metropolitan,25.9775,91.23416667,2025-03-22 22:15:00,3,81,50.2,50.2,150.60000000000002,301.20000000000005,12.2,0.0,12.2,12.2
NH17 Crossing Boko,Kamrup Metropolitan,25.9775,91.23416667,2025-03-22 22:30:00,3,81,50.2,50.2,150.60000000000002,301.20000000000005,12.2,0.0,12.2,12.2
NH17 Crossing Boko,Kamrup Metropolitan,25.9775,91.23416667,2025-03-22 22:45:00,3,81,50.2,50.2,150.60000000000002,301.20000000000005,12.2,0.0,12.2,12.2
NH17 Crossing Boko,Kamrup Metropolitan,25.9775,91.23416667,2025-03-22 23:00:00,3,81,50.2,50.2,150.60000000000002,301.20000000000005,12.2,0.0,12.2,12.2
NH17 Crossing Boko,Kamrup Metropolitan,25.9775,91.23416667,2025-03-22 23:15:00,3,81,50.2,50.2,150.60000000000002,301.20000000000005,12.2,0.0,12.2,12.2
NH17 Crossing Boko,Kamrup Metropolitan,25.9775,91.23416667,2025-03-22 23:30:00,3,81,50.2,50.2,150.60000000000002,301.20000000000005,12.2,0.0,12.2,12.2
NH17 Crossing Boko,Kamrup Metropolitan,25.9775,91.23416667,2025-03-22 23:45:00,3,81,50.2,50.2,150.60000000000002,301.20000000000005,12.2,0.0,12.2,12.2
NH17 Crossing Boko,Kamrup Metropolitan,25.9775,91.23416667,2025-03-23 00:00:00,3,82,50.2,50.2,150.60000000000002,301.20000000000005,12.2,0.0,12.2,12.2
NH17 Crossing Boko,Kamrup Metropolitan,25.9775,91.23416667,2025-03-23 00:15:00,3,82,50.2,50.2,150.60000000000002,301.20000000000005,12.2,0.0,12.2,12.2
NH17 Crossing Boko,Kamrup Metropolitan,25.9775,91.23416667,2025-03-23 00:30:00,3,82,50.2,50.2,150.60000000000002,301.20000000000005,12.2,0.0,12.2,12.2
NH17 Crossing Boko,Kamrup Metropolitan,25.9775,91.23416667,2025-03-23 00:45:00,3,82,50.2,50.2,150.60000000000002,301.20000000000005,12.2,0.0,12.2,12.2
NH17 Crossing Boko,Kamrup Metropolitan,25.9775,91.23416667,2025-03-23 01:00:00,3,82,50.2,50.2,150.60000000000002,301.20000000000005,12.2,0.0,12.2,12.2
NH17 Crossing Boko,Kamrup Metropolitan,25.9775,91.23416667,2025-03-23 01:15:00,3,82,50.2,50.2,150.60000000000002,301.20000000000005,12.2,0.0,12.2,12.2
NH17 Crossing Boko,Kamrup Metropolitan,25.9775,91.23416667,2025-03-23 01:30:00,3,82,50.2,50.2,150.60000000000002,301.20000000000005,12.2,0.0,12.2,12.2
NH17 Crossing Boko,Kamrup Metropolitan,25.9775,91.23416667,2025-03-23 01:45:00,3,82,50.2,50.2,150.60000000000002,301.20000000000005,12.2,0.0,12.2,12.2
NH17 Crossing Boko,Kamrup Metropolitan,25.9775,91.23416667,2025-03-23 02:00:00,3,82,50.2,50.2,150.60000000000002,301.20000000000005,12.2,0.0,12.2,12.2
NH17 Crossing Boko,Kamrup Metropolitan,25.9775,91.23416667,2025-03-23 02:15:00,3,82,50.2,50.2,150.60000000000002,301.20000000000005,12.2,0.0,12.2,12.2
NH17 Crossing Boko,Kamrup Metropolitan,25.9775,91.23416667,2025-03-23 02:30:00,3,82,50.2,50.2,150.60000000000002,301.20000000000005,12.2,0.0,12.2,12.2
NH17 Crossing Boko,Kamrup Metropolitan,25.9775,91.23416667,2025-03-23 02:45:00,3,82,50.2,50.2,150.60000000000002,301.20000000000005,12.2,0.0,12.2,12.2
NH17 Crossing Boko,Kamrup Metropolitan,25.9775,91.23416667,2025-03-23 03:00:00,3,82,50.2,50.2,150.60000000000002,301.20000000000005,12.2,0.0,12.2,12.2
NH17 Crossing Boko,Kamrup Metropolitan,25.9775,91.23416667,2025-03-23 03:15:00,3,82,50.2,50.2,150.60000000000002,301.20000000000005,12.2,0.0,12.2,12.2
NH17 Crossing Boko,Kamrup Metropolitan,25.9775,91.23416667,2025-03-23 03:30:00,3,82,50.2,50.2,150.60000000000002,301.20000000000005,12.2,0.0,12.2,12.2
NH17 Crossing Boko,Kamrup Metropolitan,25.9775,91.23416667,2025-03-23 03:45:00,3,82,50.2,50.2,150.60000000000002,301.20000000000005,12.2,0.0,12.2,12.2
NH17 Crossing Boko,Kamrup Metropolitan,25.9775,91.23416667,2025-03-23 04:00:00,3,82,50.2,50.2,150.60000000000002,301.20000000000005,12.2,0.0,12.2,12.2
NH17 Crossing Boko,Kamrup Metropolitan,25.9775,91.23416667,2025-03-23 04:15:00,3,82,50.2,50.2,150.60000000000002,301.20000000000005,12.2,0.0,12.2,12.2
NH17 Crossing Boko,Kamrup Metropolitan,25.9775,91.23416667,2025-03-23 04:30:00,3,82,50.2,50.2,150.60000000000002,301.20000000000005,12.2,0.0,12.2,12.2
NH17 Crossing Boko,Kamrup Metropolitan,25.9775,91.23416667,2025-03-23 04:45:00,3,82,50.2,50.2,150.60000000000002,301.20000000000005,12.2,0.0,12.2,12.2
NH17 Crossing Boko,Kamrup Metropolitan,25.9775,91.23416667,2025-03-23 05:00:00,3,82,50.2,50.2,150.60000000000002,301.20000000000005,12.2,0.0,12.2,12.2
NH17 Crossing Boko,Kamrup Metropolitan,25.9775,91.23416667,2025-03-23 05:15:00,3,82,50.2,50.2,150.60000000000002,301.20000000000005,12.2,0.0,12.2,12.2
NH17 Crossing Boko,Kamrup Metropolitan,25.9775,91.23416667,2025-03-23 05:30:00,3,82,50.2,50.2,150.60000000000002,301.20000000000005,12.2,0.0,12.2,12.2
NH17 Crossing Boko,Kamrup Metropolitan,25.9775,91.23416667,2025-03-23 05:45:00,3,82,50.2,50.2,150.60000000000002,301.20000000000005,12.2,0.0,12.2,12.2
NH17 Crossing Boko,Kamrup Metropolitan,25.9775,91.23416667,2025-03-23 06:00:00,3,82,50.2,50.2,150.60000000000002,301.20000000000005,12.2,0.0,12.2,12.2
NH17 Crossing Boko,Kamrup Metropolitan,25.9775,91.23416667,2025-03-23 06:15:00,3,82,50.2,50.2,150.60000000000002,301.20000000000005,12.2,0.0,12.2,12.2
NH17 Crossing Boko,Kamrup Metropolitan,25.9775,91.23416667,2025-03-23 06:30:00,3,82,50.2,50.2,150.60000000000002,301.20000000000005,12.2,0.0,12.2,12.2
NH17 Crossing Boko,Kamrup Metropolitan,25.9775,91.23416667,2025-03-23 06:45:00,3,82,50.2,50.2,150.60000000000002,301.20000000000005,12.2,0.0,12.2,12.2
NH17 Crossing Boko,Kamrup Metropolitan,25.9775,91.23416667,2025-03-23 07:00:00,3,82,50.2,50.2,150.60000000000002,301.20000000000005,12.1,-0.09999999999999964,12.166666666666671,12.2
NH17 Crossing Boko,Kamrup Metropolitan,25.9775,91.23416667,2025-03-23 07:15:00,3,82,50.2,50.2,150.60000000000002,301.20000000000005,12.2,0.09999999999999964,12.166666666666671,12.2
NH17 Crossing Boko,Kamrup Metropolitan,25.9775,91.23416667,2025-03-23 07:30:00,3,82,50.2,50.2,150.60000000000002,301.20000000000005,12.2,0.0,12.166666666666671,12.2
NH17 Crossing Boko,Kamrup Metropolitan,25.9775,91.23416667,2025-03-23 07:45:00,3,82,50.2,50.2,150.60000000000002,301.20000000000005,12.3,0.10000000000000142,12.23333333333334,12.3
NH17 Crossing Boko,Kamrup Metropolitan,25.9775,91.23416667,2025-03-23 08:00:00,3,82,50.2,50.2,150.60000000000002,301.20000000000005,12.2,-0.10000000000000142,12.23333333333334,12.3
NH17 Crossing Boko,Kamrup Metropolitan,25.9775,91.23416667,2025-03-23 08:15:00,3,82,50.2,50.2,150.60000000000002,301.20000000000005,12.3,0.10000000000000142,12.266666666666671,12.3
NH17 Crossing Boko,Kamrup Metropolitan,25.9775,91.23416667,2025-03-23 08:30:00,3,82,50.2,50.2,150.60000000000002,301.20000000000005,12.3,0.0,12.266666666666671,12.3
NH17 Crossing Boko,Kamrup Metropolitan,25.9775,91.23416667,2025-03-23 08:45:00,3,82,50.2,50.2,150.60000000000002,301.20000000000005,12.3,0.0,12.3,12.3
NH17 Crossing Boko,Kamrup Metropolitan,25.9775,91.23416667,2025-03-23 09:00:00,3,82,50.2,50.2,150.60000000000002,301.20000000000005,12.4,0.09999999999999964,12.333333333333337,12.4
NH17 Crossing Boko,Kamrup Metropolitan,25.9775,91.23416667,2025-03-23 09:15:00,3,82,50.2,50.2,150.60000000000002,301.20000000000005,12.4,0.0,12.366666666666672,12.4
NH17 Crossing Boko,Kamrup Metropolitan,25.9775,91.23416667,2025-03-23 09:30:00,3,82,50.2,50.2,150.60000000000002,301.20000000000005,12.4,0.0,12.4,12.4
NH17 Crossing Boko,Kamrup Metropolitan,25.9775,91.23416667,2025-03-23 09:45:00,3,82,50.2,50.2,150.60000000000002,301.20000000000005,12.4,0.0,12.4,12.4
NH17 Crossing Boko,Kamrup Metropolitan,25.9775,91.23416667,2025-03-23 10:00:00,3,82,50.2,50.2,150.60000000000002,301.20000000000005,12.4,0.0,12.4,12.4
NH17 Crossing Boko,Kamrup Metropolitan,25.9775,91.23416667,2025-03-23 10:15:00,3,82,50.2,50.2,150.60000000000002,301.20000000000005,12.4,0.0,12.4,12.4
NH17 Crossing Boko,Kamrup Metropolitan,25.9775,91.23416667,2025-03-23 10:30:00,3,82,50.2,50.2,150.60000000000002,301.20000000000005,12.4,0.0,12.4,12.4
NH17 Crossing Boko,Kamrup Metropolitan,25.9775,91.23416667,2025-03-23 10:45:00,3,82,50.2,50.2,150.60000000000002,301.20000000000005,12.4,0.0,12.4,12.4
NH17 Crossing Boko,Kamrup Metropolitan,25.9775,91.23416667,2025-03-23 11:00:00,3,82,50.2,50.2,150.60000000000002,301.20000000000005,12.4,0.0,12.4,12.4
NH17 Crossing Boko,Kamrup Metropolitan,25.9775,91.23416667,2025-03-23 11:15:00,3,82,50.2,50.2,150.60000000000002,301.20000000000005,12.5,0.09999999999999964,12.433333333333339,12.5
NH17 Crossing Boko,Kamrup Metropolitan,25.9775,91.23416667,2025-03-23 11:30:00,3,82,50.2,50.2,150.60000000000002,301.20000000000005,12.4,-0.09999999999999964,12.433333333333337,12.5
NH17 Crossing Boko,Kamrup Metropolitan,25.9775,91.23416667,2025-03-23 11:45:00,3,82,50.2,50.2,150.60000000000002,301.20000000000005,12.5,0.09999999999999964,12.466666666666674,12.5
NH17 Crossing Boko,Kamrup Metropolitan,25.9775,91.23416667,2025-03-23 12:00:00,3,82,50.2,50.2,150.60000000000002,301.20000000000005,12.5,0.0,12.466666666666674,12.5
NH17 Crossing Boko,Kamrup Metropolitan,25.9775,91.23416667,2025-03-23 12:15:00,3,82,50.2,50.2,150.60000000000002,301.20000000000005,12.5,0.0,12.5,12.5
NH17 Crossing Boko,Kamrup Metropolitan,25.9775,91.23416667,2025-03-23 12:30:00,3,82,50.2,50.2,150.60000000000002,301.20000000000005,12.5,0.0,12.5,12.5
NH17 Crossing Boko,Kamrup Metropolitan,25.9775,91.23416667,2025-03-23 12:45:00,3,82,50.2,50.2,150.60000000000002,301.20000000000005,12.5,0.0,12.5,12.5
NH17 Crossing Boko,Kamrup Metropolitan,25.9775,91.23416667,2025-03-23 13:00:00,3,82,50.2,50.2,150.60000000000002,301.20000000000005,12.6,0.09999999999999964,12.533333333333339,12.6
NH17 Crossing Boko,Kamrup Metropolitan,25.9775,91.23416667,2025-03-23 13:15:00,3,82,50.2,50.2,150.60000000000002,301.20000000000005,12.6,0.0,12.566666666666672,12.6
NH17 Crossing Boko,Kamrup Metropolitan,25.9775,91.23416667,2025-03-23 13:30:00,3,82,50.2,50.2,150.60000000000002,301.20000000000005,12.6,0.0,12.6,12.6
NH17 Crossing Boko,Kamrup Metropolitan,25.9775,91.23416667,2025-03-23 13:45:00,3,82,50.2,50.2,150.60000000000002,301.20000000000005,12.6,0.0,12.6,12.6
NH17 Crossing Boko,Kamrup Metropolitan,25.9775,91.23416667,2025-03-23 14:00:00,3,82,50.2,50.2,150.60000000000002,301.20000000000005,12.6,0.0,12.6,12.6
NH17 Crossing Boko,Kamrup Metropolitan,25.9775,91.23416667,2025-03-23 14:15:00,3,82,50.2,50.2,150.60000000000002,301.20000000000005,12.6,0.0,12.6,12.6
NH17 Crossing Boko,Kamrup Metropolitan,25.9775,91.23416667,2025-03-23 14:30:00,3,82,50.2,50.2,150.60000000000002,301.20000000000005,12.6,0.0,12.6,12.6
NH17 Crossing Boko,Kamrup Metropolitan,25.9775,91.23416667,2025-03-23 14:45:00,3,82,50.2,50.2,150.60000000000002,301.20000000000005,12.6,0.0,12.6,12.6
NH17 Crossing Boko,Kamrup Metropolitan,25.9775,91.23416667,2025-03-23 15:00:00,3,82,50.2,50.2,150.60000000000002,301.20000000000005,12.6,0.0,12.6,12.6
NH17 Crossing Boko,Kamrup Metropolitan,25.9775,91.23416667,2025-03-23 15:15:00,3,82,50.2,50.2,150.60000000000002,301.20000000000005,12.5,-0.09999999999999964,12.56666666666667,12.6
NH17 Crossing Boko,Kamrup Metropolitan,25.9775,91.23416667,2025-03-23 15:30:00,3,82,50.2,50.2,150.60000000000002,301.20000000000005,12.5,0.0,12.533333333333339,12.6
NH17 Crossing Boko,Kamrup Metropolitan,25.9775,91.23416667,2025-03-23 15:45:00,3,82,50.2,50.2,150.60000000000002,301.20000000000005,12.5,0.0,12.5,12.6
NH17 Crossing Boko,Kamrup Metropolitan,25.9775,91.23416667,2025-03-23 16:00:00,3,82,50.2,50.2,150.60000000000002,301.20000000000005,12.5,0.0,12.5,12.6
NH17 Crossing Boko,Kamrup Metropolitan,25.9775,91.23416667,2025-03-23 16:15:00,3,82,50.2,50.2,150.60000000000002,301.20000000000005,12.5,0.0,12.5,12.6
NH17 Crossing Boko,Kamrup Metropolitan,25.9775,91.23416667,2025-03-23 16:30:00,3,82,50.2,50.2,150.60000000000002,301.20000000000005,12.4,-0.09999999999999964,12.46666666666667,12.5
NH17 Crossing Boko,Kamrup Metropolitan,25.9775,91.23416667,2025-03-23 16:45:00,3,82,50.2,50.2,150.60000000000002,301.20000000000005,12.4,0.0,12.433333333333337,12.5
NH17 Crossing Boko,Kamrup Metropolitan,25.9775,91.23416667,2025-03-23 17:00:00,3,82,50.2,50.2,150.60000000000002,301.20000000000005,12.4,0.0,12.4,12.5
NH17 Crossing Boko,Kamrup Metropolitan,25.9775,91.23416667,2025-03-23 17:15:00,3,82,50.2,50.2,150.60000000000002,301.20000000000005,12.4,0.0,12.4,12.5
NH17 Crossing Boko,Kamrup Metropolitan,25.9775,91.23416667,2025-03-23 17:30:00,3,82,50.2,50.2,150.60000000000002,301.20000000000005,12.4,0.0,12.4,12.5
NH17 Crossing Boko,Kamrup Metropolitan,25.9775,91.23416667,2025-03-23 17:45:00,3,82,50.2,50.2,150.60000000000002,301.20000000000005,12.4,0.0,12.4,12.4
NH17 Crossing Boko,Kamrup Metropolitan,25.9775,91.23416667,2025-03-23 18:00:00,3,82,50.2,50.2,150.60000000000002,301.20000000000005,12.4,0.0,12.4,12.4
NH17 Crossing Boko,Kamrup Metropolitan,25.9775,91.23416667,2025-03-23 18:15:00,3,82,50.2,50.2,150.60000000000002,301.20000000000005,12.4,0.0,12.4,12.4
NH17 Crossing Boko,Kamrup Metropolitan,25.9775,91.23416667,2025-03-23 18:30:00,3,82,50.2,50.2,150.60000000000002,301.20000000000005,12.4,0.0,12.4,12.4
NH17 Crossing Boko,Kamrup Metropolitan,25.9775,91.23416667,2025-03-23 18:45:00,3,82,50.2,50.2,150.60000000000002,301.20000000000005,12.4,0.0,12.4,12.4
NH17 Crossing Boko,Kamrup Metropolitan,25.9775,91.23416667,2025-03-23 19:00:00,3,82,50.2,50.2,150.60000000000002,301.20000000000005,12.3,-0.09999999999999964,12.366666666666672,12.4
NH17 Crossing Boko,Kamrup Metropolitan,25.9775,91.23416667,2025-03-23 19:15:00,3,82,50.2,50.2,150.60000000000002,301.20000000000005,12.2,-0.10000000000000142,12.300000000000004,12.4
NH17 Crossing Boko,Kamrup Metropolitan,25.9775,91.23416667,2025-03-23 19:30:00,3,82,50.2,50.2,150.60000000000002,301.20000000000005,12.3,0.10000000000000142,12.266666666666673,12.4
NH17 Crossing Boko,Kamrup Metropolitan,25.9775,91.23416667,2025-03-23 19:45:00,3,82,50.2,50.2,150.60000000000002,301.20000000000005,12.3,0.0,12.266666666666671,12.4
NH17 Crossing Boko,Kamrup Metropolitan,25.9775,91.23416667,2025-03-23 20:00:00,3,82,50.2,50.2,150.60000000000002,301.20000000000005,12.2,-0.10000000000000142,12.266666666666673,12.4
NH17 Crossing Boko,Kamrup Metropolitan,25.9775,91.23416667,2025-03-23 20:15:00,3,82,50.2,50.2,150.60000000000002,301.20000000000005,12.2,0.0,12.233333333333336,12.3
NH17 Crossing Boko,Kamrup Metropolitan,25.9775,91.23416667,2025-03-23 20:30:00,3,82,50.2,50.2,150.60000000000002,301.20000000000005,12.2,0.0,12.2,12.3
NH17 Crossing Boko,Kamrup Metropolitan,25.9775,91.23416667,2025-03-23 20:45:00,3,82,50.2,50.2,150.60000000000002,301.20000000000005,12.2,0.0,12.2,12.3
NH17 Crossing Boko,Kamrup Metropolitan,25.9775,91.23416667,2025-03-23 21:00:00,3,82,50.2,50.2,150.60000000000002,301.20000000000005,12.2,0.0,12.2,12.3
NH17 Crossing Boko,Kamrup Metropolitan,25.9775,91.23416667,2025-03-23 21:15:00,3,82,50.2,50.2,150.60000000000002,301.20000000000005,12.2,0.0,12.2,12.2
NH17 Crossing Boko,Kamrup Metropolitan,25.9775,91.23416667,2025-03-23 21:30:00,3,82,50.2,50.2,150.60000000000002,301.20000000000005,12.3,0.10000000000000142,12.23333333333334,12.3
NH17 Crossing Boko,Kamrup Metropolitan,25.9775,91.23416667,2025-03-23 21:45:00,3,82,50.2,50.2,150.60000000000002,301.20000000000005,12.2,-0.10000000000000142,12.233333333333336,12.3
NH17 Crossing Boko,Kamrup Metropolitan,25.9775,91.23416667,2025-03-23 22:00:00,3,82,50.2,50.2,150.60000000000002,301.20000000000005,12.2,0.0,12.23333333333334,12.3
NH17 Crossing Boko,Kamrup Metropolitan,25.9775,91.23416667,2025-03-23 22:15:00,3,82,50.2,50.2,150.60000000000002,301.20000000000005,12.2,0.0,12.2,12.3
NH17 Crossing Boko,Kamrup Metropolitan,25.9775,91.23416667,2025-03-23 22:30:00,3,82,50.2,50.2,150.60000000000002,301.20000000000005,12.2,0.0,12.2,12.3
NH17 Crossing Boko,Kamrup Metropolitan,25.9775,91.23416667,2025-03-23 22:45:00,3,82,50.2,50.2,150.60000000000002,301.20000000000005,12.2,0.0,12.2,12.3
NH17 Crossing Boko,Kamrup Metropolitan,25.9775,91.23416667,2025-03-23 23:00:00,3,82,50.2,50.2,150.60000000000002,301.20000000000005,12.2,0.0,12.2,12.2
NH17 Crossing Boko,Kamrup Metropolitan,25.9775,91.23416667,2025-03-23 23:15:00,3,82,50.2,50.2,150.60000000000002,301.20000000000005,12.2,0.0,12.2,12.2
NH17 Crossing Boko,Kamrup Metropolitan,25.9775,91.23416667,2025-03-23 23:30:00,3,82,50.2,50.2,150.60000000000002,301.20000000000005,12.2,0.0,12.2,12.2
NH17 Crossing Boko,Kamrup Metropolitan,25.9775,91.23416667,2025-03-23 23:45:00,3,82,50.2,50.2,150.60000000000002,301.20000000000005,12.2,0.0,12.2,12.2
NH17 Crossing Boko,Kamrup Metropolitan,25.9775,91.23416667,2025-03-24 00:00:00,3,83,50.2,50.2,150.60000000000002,301.20000000000005,12.2,0.0,12.2,12.2
NH17 Crossing Boko,Kamrup Metropolitan,25.9775,91.23416667,2025-03-24 00:15:00,3,83,50.2,50.2,150.60000000000002,301.20000000000005,12.2,0.0,12.2,12.2
NH17 Crossing Boko,Kamrup Metropolitan,25.9775,91.23416667,2025-03-24 00:30:00,3,83,50.2,50.2,150.60000000000002,301.20000000000005,12.2,0.0,12.2,12.2
NH17 Crossing Boko,Kamrup Metropolitan,25.9775,91.23416667,2025-03-24 00:45:00,3,83,50.2,50.2,150.60000000000002,301.20000000000005,12.2,0.0,12.2,12.2
NH17 Crossing Boko,Kamrup Metropolitan,25.9775,91.23416667,2025-03-24 01:00:00,3,83,50.2,50.2,150.60000000000002,301.20000000000005,12.2,0.0,12.2,12.2
NH17 Crossing Boko,Kamrup Metropolitan,25.9775,91.23416667,2025-03-24 01:30:00,3,83,50.2,50.2,150.60000000000002,301.20000000000005,12.2,0.0,12.2,12.2
NH17 Crossing Boko,Kamrup Metropolitan,25.9775,91.23416667,2025-03-24 01:45:00,3,83,50.2,50.2,150.60000000000002,301.20000000000005,12.2,0.0,12.2,12.2
NH17 Crossing Boko,Kamrup Metropolitan,25.9775,91.23416667,2025-03-24 02:00:00,3,83,50.2,50.2,150.60000000000002,301.20000000000005,12.1,-0.09999999999999964,12.166666666666671,12.2
NH17 Crossing Boko,Kamrup Metropolitan,25.9775,91.23416667,2025-03-24 02:15:00,3,83,50.2,50.2,150.60000000000002,301.20000000000005,12.1,0.0,12.133333333333338,12.2
NH17 Crossing Boko,Kamrup Metropolitan,25.9775,91.23416667,2025-03-24 02:30:00,3,83,50.2,50.2,150.60000000000002,301.20000000000005,12.1,0.0,12.1,12.2
NH17 Crossing Boko,Kamrup Metropolitan,25.9775,91.23416667,2025-03-24 02:45:00,3,83,50.2,50.2,150.60000000000002,301.20000000000005,12.1,0.0,12.1,12.2
NH17 Crossing Boko,Kamrup Metropolitan,25.9775,91.23416667,2025-03-24 03:00:00,3,83,50.2,50.2,150.60000000000002,301.20000000000005,12.1,0.0,12.1,12.2
NH17 Crossing Boko,Kamrup Metropolitan,25.9775,91.23416667,2025-03-24 03:15:00,3,83,50.2,50.2,150.60000000000002,301.20000000000005,12.1,0.0,12.1,12.1
NH17 Crossing Boko,Kamrup Metropolitan,25.9775,91.23416667,2025-03-24 03:30:00,3,83,50.2,50.2,150.60000000000002,301.20000000000005,12.1,0.0,12.1,12.1
NH17 Crossing Boko,Kamrup Metropolitan,25.9775,91.23416667,2025-03-24 03:45:00,3,83,50.2,50.2,150.60000000000002,301.20000000000005,12.1,0.0,12.1,12.1
NH17 Crossing Boko,Kamrup Metropolitan,25.9775,91.23416667,2025-03-24 04:00:00,3,83,50.2,50.2,150.60000000000002,301.20000000000005,12.1,0.0,12.1,12.1
NH17 Crossing Boko,Kamrup Metropolitan,25.9775,91.23416667,2025-03-24 04:15:00,3,83,50.2,50.2,150.60000000000002,301.20000000000005,12.1,0.0,12.1,12.1
NH17 Crossing Boko,Kamrup Metropolitan,25.9775,91.23416667,2025-03-24 04:30:00,3,83,50.2,50.2,150.60000000000002,301.20000000000005,12.1,0.0,12.1,12.1
NH17 Crossing Boko,Kamrup Metropolitan,25.9775,91.23416667,2025-03-24 04:45:00,3,83,50.2,50.2,150.60000000000002,301.20000000000005,12.1,0.0,12.1,12.1
NH17 Crossing Boko,Kamrup Metropolitan,25.9775,91.23416667,2025-03-24 05:00:00,3,83,50.2,50.2,150.60000000000002,301.20000000000005,12.1,0.0,12.1,12.1
NH17 Crossing Boko,Kamrup Metropolitan,25.9775,91.23416667,2025-03-24 05:15:00,3,83,50.2,50.2,150.60000000000002,301.20000000000005,12.1,0.0,12.1,12.1
NH17 Crossing Boko,Kamrup Metropolitan,25.9775,91.23416667,2025-03-24 05:30:00,3,83,50.2,50.2,150.60000000000002,301.20000000000005,12.1,0.0,12.1,12.1
NH17 Crossing Boko,Kamrup Metropolitan,25.9775,91.23416667,2025-03-24 05:45:00,3,83,50.2,50.2,150.60000000000002,301.20000000000005,12.2,0.09999999999999964,12.133333333333338,12.2
NH17 Crossing Boko,Kamrup Metropolitan,25.9775,91.23416667,2025-03-24 06:00:00,3,83,50.2,50.2,150.60000000000002,301.20000000000005,12.1,-0.09999999999999964,12.133333333333338,12.2
NH17 Crossing Boko,Kamrup Metropolitan,25.9775,91.23416667,2025-03-24 06:15:00,3,83,50.2,50.2,150.60000000000002,301.20000000000005,12.1,0.0,12.133333333333338,12.2
NH17 Crossing Boko,Kamrup Metropolitan,25.9775,91.23416667,2025-03-24 06:30:00,3,83,50.2,50.2,150.60000000000002,301.20000000000005,12.1,0.0,12.1,12.2
NH17 Crossing Boko,Kamrup Metropolitan,25.9775,91.23416667,2025-03-24 06:45:00,3,83,50.2,50.2,150.60000000000002,301.20000000000005,12.1,0.0,12.1,12.2
NH17 Crossing Boko,Kamrup Metropolitan,25.9775,91.23416667,2025-03-24 07:00:00,3,83,50.2,50.2,150.60000000000002,301.20000000000005,12.1,0.0,12.1,12.2
NH17 Crossing Boko,Kamrup Metropolitan,25.9775,91.23416667,2025-03-24 07:15:00,3,83,50.2,50.2,150.60000000000002,301.20000000000005,12.1,0.0,12.1,12.1
NH17 Crossing Boko,Kamrup Metropolitan,25.9775,91.23416667,2025-03-24 07:30:00,3,83,50.2,50.2,150.60000000000002,301.20000000000005,12.1,0.0,12.1,12.1
NH17 Crossing Boko,Kamrup Metropolitan,25.9775,91.23416667,2025-03-24 07:45:00,3,83,50.2,50.2,150.60000000000002,301.20000000000005,12.1,0.0,12.1,12.1
NH17 Crossing Boko,Kamrup Metropolitan,25.9775,91.23416667,2025-03-24 08:00:00,3,83,50.2,50.2,150.60000000000002,301.20000000000005,12.2,0.09999999999999964,12.133333333333338,12.2
NH17 Crossing Boko,Kamrup Metropolitan,25.9775,91.23416667,2025-03-24 08:15:00,3,83,50.2,50.2,150.60000000000002,301.20000000000005,12.2,0.0,12.166666666666671,12.2
NH17 Crossing Boko,Kamrup Metropolitan,25.9775,91.23416667,2025-03-24 08:30:00,3,83,50.2,50.2,150.60000000000002,301.20000000000005,12.3,0.10000000000000142,12.23333333333334,12.3
NH17 Crossing Boko,Kamrup Metropolitan,25.9775,91.23416667,2025-03-24 08:45:00,3,83,50.2,50.2,150.60000000000002,301.20000000000005,12.3,0.0,12.266666666666671,12.3
NH17 Crossing Boko,Kamrup Metropolitan,25.9775,91.23416667,2025-03-24 09:00:00,3,83,50.2,50.2,150.60000000000002,301.20000000000005,12.3,0.0,12.3,12.3
NH17 Crossing Boko,Kamrup Metropolitan,25.9775,91.23416667,2025-03-24 09:15:00,3,83,50.2,50.2,150.60000000000002,301.20000000000005,12.4,0.09999999999999964,12.333333333333337,12.4
NH17 Crossing Boko,Kamrup Metropolitan,25.9775,91.23416667,2025-03-24 09:30:00,3,83,50.2,50.2,150.60000000000002,301.20000000000005,12.4,0.0,12.366666666666672,12.4
NH17 Crossing Boko,Kamrup Metropolitan,25.9775,91.23416667,2025-03-24 09:45:00,3,83,50.2,50.2,150.60000000000002,301.20000000000005,12.4,0.0,12.4,12.4
NH17 Crossing Boko,Kamrup Metropolitan,25.9775,91.23416667,2025-03-24 10:00:00,3,83,50.2,50.2,150.60000000000002,301.20000000000005,12.4,0.0,12.4,12.4
NH17 Crossing Boko,Kamrup Metropolitan,25.9775,91.23416667,2025-03-24 10:15:00,3,83,50.2,50.2,150.60000000000002,301.20000000000005,12.4,0.0,12.4,12.4
NH17 Crossing Boko,Kamrup Metropolitan,25.9775,91.23416667,2025-03-24 10:30:00,3,83,50.2,50.2,150.60000000000002,301.20000000000005,12.4,0.0,12.4,12.4
NH17 Crossing Boko,Kamrup Metropolitan,25.9775,91.23416667,2025-03-24 10:45:00,3,83,50.2,50.2,150.60000000000002,301.20000000000005,12.4,0.0,12.4,12.4
NH17 Crossing Boko,Kamrup Metropolitan,25.9775,91.23416667,2025-03-24 11:00:00,3,83,50.2,50.2,150.60000000000002,301.20000000000005,12.4,0.0,12.4,12.4
NH17 Crossing Boko,Kamrup Metropolitan,25.9775,91.23416667,2025-03-24 11:15:00,3,83,50.2,50.2,150.60000000000002,301.20000000000005,12.5,0.09999999999999964,12.433333333333337,12.5
NH17 Crossing Boko,Kamrup Metropolitan,25.9775,91.23416667,2025-03-24 11:30:00,3,83,50.2,50.2,150.60000000000002,301.20000000000005,12.4,-0.09999999999999964,12.433333333333339,12.5
NH17 Crossing Boko,Kamrup Metropolitan,25.9775,91.23416667,2025-03-24 11:45:00,3,83,50.2,50.2,150.60000000000002,301.20000000000005,12.5,0.09999999999999964,12.46666666666667,12.5
NH17 Crossing Boko,Kamrup Metropolitan,25.9775,91.23416667,2025-03-24 12:00:00,3,83,50.2,50.2,150.60000000000002,301.20000000000005,12.5,0.0,12.46666666666667,12.5
NH17 Crossing Boko,Kamrup Metropolitan,25.9775,91.23416667,2025-03-24 12:15:00,3,83,50.2,50.2,150.60000000000002,301.20000000000005,12.5,0.0,12.5,12.5
NH17 Crossing Boko,Kamrup Metropolitan,25.9775,91.23416667,2025-03-24 12:30:00,3,83,50.2,50.2,150.60000000000002,301.20000000000005,12.5,0.0,12.5,12.5
NH17 Crossing Boko,Kamrup Metropolitan,25.9775,91.23416667,2025-03-24 12:45:00,3,83,50.2,50.2,150.60000000000002,301.20000000000005,12.6,0.09999999999999964,12.533333333333339,12.6
NH17 Crossing Boko,Kamrup Metropolitan,25.9775,91.23416667,2025-03-24 13:00:00,3,83,50.2,50.2,150.60000000000002,301.20000000000005,12.6,0.0,12.566666666666672,12.6
NH17 Crossing Boko,Kamrup Metropolitan,25.9775,91.23416667,2025-03-24 13:15:00,3,83,50.2,50.2,150.60000000000002,301.20000000000005,12.6,0.0,12.6,12.6
NH17 Crossing Boko,Kamrup Metropolitan,25.9775,91.23416667,2025-03-24 13:30:00,3,83,50.2,50.2,150.60000000000002,301.20000000000005,12.6,0.0,12.6,12.6
NH17 Crossing Boko,Kamrup Metropolitan,25.9775,91.23416667,2025-03-24 13:45:00,3,83,50.2,50.2,150.60000000000002,301.20000000000005,12.6,0.0,12.6,12.6
NH17 Crossing Boko,Kamrup Metropolitan,25.9775,91.23416667,2025-03-24 14:00:00,3,83,50.2,50.2,150.60000000000002,301.20000000000005,12.7,0.09999999999999964,12.633333333333338,12.7
NH17 Crossing Boko,Kamrup Metropolitan,25.9775,91.23416667,2025-03-24 14:15:00,3,83,50.2,50.2,150.60000000000002,301.20000000000005,12.7,0.0,12.666666666666671,12.7
NH17 Crossing Boko,Kamrup Metropolitan,25.9775,91.23416667,2025-03-24 14:30:00,3,83,50.2,50.2,150.60000000000002,301.20000000000005,12.6,-0.09999999999999964,12.666666666666671,12.7
NH17 Crossing Boko,Kamrup Metropolitan,25.9775,91.23416667,2025-03-24 14:45:00,3,83,50.2,50.2,150.60000000000002,301.20000000000005,12.6,0.0,12.633333333333338,12.7
NH17 Crossing Boko,Kamrup Metropolitan,25.9775,91.23416667,2025-03-24 15:00:00,3,83,50.2,50.2,150.60000000000002,301.20000000000005,12.6,0.0,12.6,12.7
NH17 Crossing Boko,Kamrup Metropolitan,25.9775,91.23416667,2025-03-24 15:15:00,3,83,50.2,50.2,150.60000000000002,301.20000000000005,12.5,-0.09999999999999964,12.56666666666667,12.7
NH17 Crossing Boko,Kamrup Metropolitan,25.9775,91.23416667,2025-03-24 15:30:00,3,83,50.2,50.2,150.60000000000002,301.20000000000005,12.5,0.0,12.533333333333339,12.7
NH17 Crossing Boko,Kamrup Metropolitan,25.9775,91.23416667,2025-03-24 15:45:00,3,83,50.2,50.2,150.60000000000002,301.20000000000005,12.5,0.0,12.5,12.6
NH17 Crossing Boko,Kamrup Metropolitan,25.9775,91.23416667,2025-03-24 16:00:00,3,83,50.2,50.2,150.60000000000002,301.20000000000005,12.5,0.0,12.5,12.6
NH17 Crossing Boko,Kamrup Metropolitan,25.9775,91.23416667,2025-03-24 16:15:00,3,83,50.2,50.2,150.60000000000002,301.20000000000005,12.5,0.0,12.5,12.6
NH17 Crossing Boko,Kamrup Metropolitan,25.9775,91.23416667,2025-03-24 16:30:00,3,83,50.2,50.2,150.60000000000002,301.20000000000005,12.5,0.0,12.5,12.5
NH17 Crossing Boko,Kamrup Metropolitan,25.9775,91.23416667,2025-03-24 16:45:00,3,83,50.2,50.2,150.60000000000002,301.20000000000005,12.4,-0.09999999999999964,12.46666666666667,12.5
NH17 Crossing Boko,Kamrup Metropolitan,25.9775,91.23416667,2025-03-24 17:00:00,3,83,50.2,50.2,150.60000000000002,301.20000000000005,12.4,0.0,12.433333333333337,12.5
NH17 Crossing Boko,Kamrup Metropolitan,25.9775,91.23416667,2025-03-24 17:15:00,3,83,50.2,50.2,150.60000000000002,301.20000000000005,12.4,0.0,12.4,12.5
NH17 Crossing Boko,Kamrup Metropolitan,25.9775,91.23416667,2025-03-24 17:30:00,3,83,50.2,50.2,150.60000000000002,301.20000000000005,12.4,0.0,12.4,12.5
NH17 Crossing Boko,Kamrup Metropolitan,25.9775,91.23416667,2025-03-24 17:45:00,3,83,50.2,50.2,150.60000000000002,301.20000000000005,12.4,0.0,12.4,12.5
NH17 Crossing Boko,Kamrup Metropolitan,25.9775,91.23416667,2025-03-24 18:00:00,3,83,50.2,50.2,150.60000000000002,301.20000000000005,12.4,0.0,12.4,12.4
NH17 Crossing Boko,Kamrup Metropolitan,25.9775,91.23416667,2025-03-24 18:15:00,3,83,50.2,50.2,150.60000000000002,301.20000000000005,12.3,-0.09999999999999964,12.366666666666672,12.4
NH17 Crossing Boko,Kamrup Metropolitan,25.9775,91.23416667,2025-03-24 18:30:00,3,83,50.2,50.2,150.60000000000002,301.20000000000005,12.2,-0.10000000000000142,12.300000000000004,12.4
NH17 Crossing Boko,Kamrup Metropolitan,25.9775,91.23416667,2025-03-24 18:45:00,3,83,50.2,50.2,150.60000000000002,301.20000000000005,12.3,0.10000000000000142,12.266666666666673,12.4
NH17 Crossing Boko,Kamrup Metropolitan,25.9775,91.23416667,2025-03-24 19:00:00,3,83,50.2,50.2,150.60000000000002,301.20000000000005,12.2,-0.10000000000000142,12.233333333333336,12.4
NH17 Crossing Boko,Kamrup Metropolitan,25.9775,91.23416667,2025-03-24 19:15:00,3,83,50.2,50.2,150.60000000000002,301.20000000000005,12.3,0.10000000000000142,12.266666666666673,12.4
NH17 Crossing Boko,Kamrup Metropolitan,25.9775,91.23416667,2025-03-24 19:30:00,3,83,50.2,50.2,150.60000000000002,301.20000000000005,12.3,0.0,12.266666666666671,12.3
NH17 Crossing Boko,Kamrup Metropolitan,25.9775,91.23416667,2025-03-24 19:45:00,3,83,50.2,50.2,150.60000000000002,301.20000000000005,12.2,-0.10000000000000142,12.266666666666673,12.3
NH17 Crossing Boko,Kamrup Metropolitan,25.9775,91.23416667,2025-03-24 20:30:00,3,83,50.2,50.2,150.60000000000002,301.20000000000005,12.2,0.0,12.233333333333336,12.3
NH17 Crossing Boko,Kamrup Metropolitan,25.9775,91.23416667,2025-03-24 20:45:00,3,83,50.2,50.2,150.60000000000002,301.20000000000005,12.2,0.0,12.2,12.3
NH17 Crossing Boko,Kamrup Metropolitan,25.9775,91.23416667,2025-03-24 21:00:00,3,83,50.2,50.2,150.60000000000002,301.20000000000005,12.2,0.0,12.2,12.3
NH17 Crossing Boko,Kamrup Metropolitan,25.9775,91.23416667,2025-03-24 21:15:00,3,83,50.2,50.2,150.60000000000002,301.20000000000005,12.2,0.0,12.2,12.3
NH17 Crossing Boko,Kamrup Metropolitan,25.9775,91.23416667,2025-03-24 21:30:00,3,83,50.2,50.2,150.60000000000002,301.20000000000005,12.2,0.0,12.2,12.2
NH17 Crossing Boko,Kamrup Metropolitan,25.9775,91.23416667,2025-03-24 21:45:00,3,83,50.2,50.2,150.60000000000002,301.20000000000005,12.2,0.0,12.2,12.2
NH17 Crossing Boko,Kamrup Metropolitan,25.9775,91.23416667,2025-03-24 22:00:00,3,83,50.2,50.2,150.60000000000002,301.20000000000005,12.2,0.0,12.2,12.2
NH17 Crossing Boko,Kamrup Metropolitan,25.9775,91.23416667,2025-03-24 22:15:00,3,83,50.2,50.2,150.60000000000002,301.20000000000005,12.2,0.0,12.2,12.2
NH17 Crossing Boko,Kamrup Metropolitan,25.9775,91.23416667,2025-03-24 22:30:00,3,83,50.2,50.2,150.60000000000002,301.20000000000005,12.2,0.0,12.2,12.2
NH17 Crossing Boko,Kamrup Metropolitan,25.9775,91.23416667,2025-03-24 22:45:00,3,83,50.2,50.2,150.60000000000002,301.20000000000005,12.2,0.0,12.2,12.2
NH17 Crossing Boko,Kamrup Metropolitan,25.9775,91.23416667,2025-03-24 23:00:00,3,83,50.2,50.2,150.60000000000002,301.20000000000005,12.1,-0.09999999999999964,12.166666666666671,12.2
NH17 Crossing Boko,Kamrup Metropolitan,25.9775,91.23416667,2025-03-24 23:15:00,3,83,50.2,50.2,150.60000000000002,301.20000000000005,12.1,0.0,12.133333333333338,12.2
NH17 Crossing Boko,Kamrup Metropolitan,25.9775,91.23416667,2025-03-24 23:45:00,3,83,50.2,50.2,150.60000000000002,301.20000000000005,12.1,0.0,12.1,12.2
NH17 Crossing Boko,Kamrup Metropolitan,25.9775,91.23416667,2025-03-25 00:00:00,3,84,50.2,50.2,150.60000000000002,301.20000000000005,12.1,0.0,12.1,12.2
NH17 Crossing Boko,Kamrup Metropolitan,25.9775,91.23416667,2025-03-25 00:15:00,3,84,50.2,50.2,150.60000000000002,301.20000000000005,12.1,0.0,12.1,12.2
NH17 Crossing Boko,Kamrup Metropolitan,25.9775,91.23416667,2025-03-25 00:30:00,3,84,50.2,50.2,150.60000000000002,301.20000000000005,12.2,0.09999999999999964,12.133333333333338,12.2
NH17 Crossing Boko,Kamrup Metropolitan,25.9775,91.23416667,2025-03-25 00:45:00,3,84,50.2,50.2,150.60000000000002,301.20000000000005,12.1,-0.09999999999999964,12.133333333333338,12.2
NH17 Crossing Boko,Kamrup Metropolitan,25.9775,91.23416667,2025-03-25 01:00:00,3,84,50.2,50.2,150.60000000000002,301.20000000000005,12.1,0.0,12.133333333333338,12.2
NH17 Crossing Boko,Kamrup Metropolitan,25.9775,91.23416667,2025-03-25 01:15:00,3,84,50.2,50.2,150.60000000000002,301.20000000000005,12.1,0.0,12.1,12.2
NH17 Crossing Boko,Kamrup Metropolitan,25.9775,91.23416667,2025-03-25 01:30:00,3,84,50.2,50.2,150.60000000000002,301.20000000000005,12.1,0.0,12.1,12.2
NH17 Crossing Boko,Kamrup Metropolitan,25.9775,91.23416667,2025-03-25 01:45:00,3,84,50.2,50.2,150.60000000000002,301.20000000000005,12.1,0.0,12.1,12.2
NH17 Crossing Boko,Kamrup Metropolitan,25.9775,91.23416667,2025-03-25 02:00:00,3,84,50.2,50.2,150.60000000000002,301.20000000000005,12.1,0.0,12.1,12.1
NH17 Crossing Boko,Kamrup Metropolitan,25.9775,91.23416667,2025-03-25 02:15:00,3,84,50.2,50.2,150.60000000000002,301.20000000000005,12.1,0.0,12.1,12.1
NH17 Crossing Boko,Kamrup Metropolitan,25.9775,91.23416667,2025-03-25 02:30:00,3,84,50.2,50.2,150.60000000000002,301.20000000000005,12.1,0.0,12.1,12.1
NH17 Crossing Boko,Kamrup Metropolitan,25.9775,91.23416667,2025-03-25 02:45:00,3,84,50.2,50.2,150.60000000000002,301.20000000000005,12.1,0.0,12.1,12.1
NH17 Crossing Boko,Kamrup Metropolitan,25.9775,91.23416667,2025-03-25 03:00:00,3,84,50.2,50.2,150.60000000000002,301.20000000000005,12.1,0.0,12.1,12.1
NH17 Crossing Boko,Kamrup Metropolitan,25.9775,91.23416667,2025-03-25 03:15:00,3,84,50.2,50.2,150.60000000000002,301.20000000000005,12.1,0.0,12.1,12.1
NH17 Crossing Boko,Kamrup Metropolitan,25.9775,91.23416667,2025-03-25 03:30:00,3,84,50.2,50.2,150.60000000000002,301.20000000000005,12.1,0.0,12.1,12.1
NH17 Crossing Boko,Kamrup Metropolitan,25.9775,91.23416667,2025-03-25 03:45:00,3,84,50.2,50.2,150.60000000000002,301.20000000000005,12.1,0.0,12.1,12.1
NH17 Crossing Boko,Kamrup Metropolitan,25.9775,91.23416667,2025-03-25 04:00:00,3,84,50.2,50.2,150.60000000000002,301.20000000000005,12.1,0.0,12.1,12.1
NH17 Crossing Boko,Kamrup Metropolitan,25.9775,91.23416667,2025-03-25 04:15:00,3,84,50.2,50.2,150.60000000000002,301.20000000000005,12.1,0.0,12.1,12.1
NH17 Crossing Boko,Kamrup Metropolitan,25.9775,91.23416667,2025-03-25 04:30:00,3,84,50.2,50.2,150.60000000000002,301.20000000000005,12.1,0.0,12.1,12.1
NH17 Crossing Boko,Kamrup Metropolitan,25.9775,91.23416667,2025-03-25 04:45:00,3,84,50.2,50.2,150.60000000000002,301.20000000000005,12.1,0.0,12.1,12.1
NH17 Crossing Boko,Kamrup Metropolitan,25.9775,91.23416667,2025-03-25 05:00:00,3,84,50.2,50.2,150.60000000000002,301.20000000000005,12.1,0.0,12.1,12.1
NH17 Crossing Boko,Kamrup Metropolitan,25.9775,91.23416667,2025-03-25 05:15:00,3,84,50.2,50.2,150.60000000000002,301.20000000000005,12.1,0.0,12.1,12.1
NH17 Crossing Boko,Kamrup Metropolitan,25.9775,91.23416667,2025-03-25 05:30:00,3,84,50.2,50.2,150.60000000000002,301.20000000000005,12.2,0.09999999999999964,12.133333333333338,12.2
NH17 Crossing Boko,Kamrup Metropolitan,25.9775,91.23416667,2025-03-25 05:45:00,3,84,50.2,50.2,150.60000000000002,301.20000000000005,12.1,-0.09999999999999964,12.133333333333338,12.2
NH17 Crossing Boko,Kamrup Metropolitan,25.9775,91.23416667,2025-03-25 06:00:00,3,84,50.2,50.2,150.60000000000002,301.20000000000005,12.1,0.0,12.133333333333338,12.2
NH17 Crossing Boko,Kamrup Metropolitan,25.9775,91.23416667,2025-03-25 06:15:00,3,84,50.2,50.2,150.60000000000002,301.20000000000005,12.1,0.0,12.1,12.2
NH17 Crossing Boko,Kamrup Metropolitan,25.9775,91.23416667,2025-03-25 06:30:00,3,84,50.2,50.2,150.60000000000002,301.20000000000005,12.1,0.0,12.1,12.2
NH17 Crossing Boko,Kamrup Metropolitan,25.9775,91.23416667,2025-03-25 06:45:00,3,84,50.2,50.2,150.60000000000002,301.20000000000005,12.1,0.0,12.1,12.2
NH17 Crossing Boko,Kamrup Metropolitan,25.9775,91.23416667,2025-03-25 07:00:00,3,84,50.2,50.2,150.60000000000002,301.20000000000005,12.2,0.09999999999999964,12.133333333333338,12.2
NH17 Crossing Boko,Kamrup Metropolitan,25.9775,91.23416667,2025-03-25 07:15:00,3,84,50.2,50.2,150.60000000000002,301.20000000000005,12.1,-0.09999999999999964,12.133333333333338,12.2
NH17 Crossing Boko,Kamrup Metropolitan,25.9775,91.23416667,2025-03-25 07:30:00,3,84,50.2,50.2,150.60000000000002,301.20000000000005,12.1,0.0,12.133333333333338,12.2
NH17 Crossing Boko,Kamrup Metropolitan,25.9775,91.23416667,2025-03-25 07:45:00,3,84,50.2,50.2,150.60000000000002,301.20000000000005,12.1,0.0,12.1,12.2
NH17 Crossing Boko,Kamrup Metropolitan,25.9775,91.23416667,2025-03-25 08:00:00,3,84,50.2,50.2,150.60000000000002,301.20000000000005,12.1,0.0,12.1,12.2
NH17 Crossing Boko,Kamrup Metropolitan,25.9775,91.23416667,2025-03-25 08:15:00,3,84,50.2,50.2,150.60000000000002,301.20000000000005,12.2,0.09999999999999964,12.133333333333338,12.2
NH17 Crossing Boko,Kamrup Metropolitan,25.9775,91.23416667,2025-03-25 08:30:00,3,84,50.2,50.2,150.60000000000002,301.20000000000005,12.3,0.10000000000000142,12.200000000000003,12.3
NH17 Crossing Boko,Kamrup Metropolitan,25.9775,91.23416667,2025-03-25 08:45:00,3,84,50.2,50.2,150.60000000000002,301.20000000000005,12.4,0.09999999999999964,12.300000000000004,12.4
NH17 Crossing Boko,Kamrup Metropolitan,25.9775,91.23416667,2025-03-25 09:00:00,3,84,50.2,50.2,150.60000000000002,301.20000000000005,12.4,0.0,12.366666666666672,12.4
NH17 Crossing Boko,Kamrup Metropolitan,25.9775,91.23416667,2025-03-25 09:15:00,3,84,50.2,50.2,150.60000000000002,301.20000000000005,12.4,0.0,12.4,12.4
NH17 Crossing Boko,Kamrup Metropolitan,25.9775,91.23416667,2025-03-25 09:30:00,3,84,50.2,50.2,150.60000000000002,301.20000000000005,12.4,0.0,12.4,12.4
NH17 Crossing Boko,Kamrup Metropolitan,25.9775,91.23416667,2025-03-25 09:45:00,3,84,50.2,50.2,150.60000000000002,301.20000000000005,12.4,0.0,12.4,12.4
NH17 Crossing Boko,Kamrup Metropolitan,25.9775,91.23416667,2025-03-25 10:00:00,3,84,50.2,50.2,150.60000000000002,301.20000000000005,12.4,0.0,12.4,12.4
NH17 Crossing Boko,Kamrup Metropolitan,25.9775,91.23416667,2025-03-25 10:15:00,3,84,50.2,50.2,150.60000000000002,301.20000000000005,12.4,0.0,12.4,12.4
NH17 Crossing Boko,Kamrup Metropolitan,25.9775,91.23416667,2025-03-25 10:30:00,3,84,50.2,50.2,150.60000000000002,301.20000000000005,12.4,0.0,12.4,12.4
NH17 Crossing Boko,Kamrup Metropolitan,25.9775,91.23416667,2025-03-25 10:45:00,3,84,50.2,50.2,150.60000000000002,301.20000000000005,12.4,0.0,12.4,12.4
NH17 Crossing Boko,Kamrup Metropolitan,25.9775,91.23416667,2025-03-25 11:00:00,3,84,50.2,50.2,150.60000000000002,301.20000000000005,12.4,0.0,12.4,12.4
NH17 Crossing Boko,Kamrup Metropolitan,25.9775,91.23416667,2025-03-25 11:15:00,3,84,50.2,50.2,150.60000000000002,301.20000000000005,12.4,0.0,12.4,12.4
NH17 Crossing Boko,Kamrup Metropolitan,25.9775,91.23416667,2025-03-25 11:30:00,3,84,50.2,50.2,150.60000000000002,301.20000000000005,12.4,0.0,12.4,12.4
NH17 Crossing Boko,Kamrup Metropolitan,25.9775,91.23416667,2025-03-25 11:45:00,3,84,50.2,50.2,150.60000000000002,301.20000000000005,12.5,0.09999999999999964,12.433333333333337,12.5
NH17 Crossing Boko,Kamrup Metropolitan,25.9775,91.23416667,2025-03-25 12:00:00,3,84,50.2,50.2,150.60000000000002,301.20000000000005,12.5,0.0,12.466666666666674,12.5
NH17 Crossing Boko,Kamrup Metropolitan,25.9775,91.23416667,2025-03-25 12:15:00,3,84,50.2,50.2,150.60000000000002,301.20000000000005,12.5,0.0,12.5,12.5
NH17 Crossing Boko,Kamrup Metropolitan,25.9775,91.23416667,2025-03-25 12:30:00,3,84,50.2,50.2,150.60000000000002,301.20000000000005,12.5,0.0,12.5,12.5
NH17 Crossing Boko,Kamrup Metropolitan,25.9775,91.23416667,2025-03-25 12:45:00,3,84,50.2,50.2,150.60000000000002,301.20000000000005,12.6,0.09999999999999964,12.533333333333339,12.6
NH17 Crossing Boko,Kamrup Metropolitan,25.9775,91.23416667,2025-03-25 13:00:00,3,84,50.2,50.2,150.60000000000002,301.20000000000005,12.6,0.0,12.566666666666672,12.6
NH17 Crossing Boko,Kamrup Metropolitan,25.9775,91.23416667,2025-03-25 13:15:00,3,84,50.2,50.2,150.60000000000002,301.20000000000005,12.6,0.0,12.6,12.6
NH17 Crossing Boko,Kamrup Metropolitan,25.9775,91.23416667,2025-03-25 13:30:00,3,84,50.2,50.2,150.60000000000002,301.20000000000005,12.7,0.09999999999999964,12.633333333333338,12.7
NH17 Crossing Boko,Kamrup Metropolitan,25.9775,91.23416667,2025-03-25 13:45:00,3,84,50.2,50.2,150.60000000000002,301.20000000000005,12.6,-0.09999999999999964,12.633333333333338,12.7
NH17 Crossing Boko,Kamrup Metropolitan,25.9775,91.23416667,2025-03-25 14:00:00,3,84,50.2,50.2,150.60000000000002,301.20000000000005,12.7,0.09999999999999964,12.666666666666671,12.7
NH17 Crossing Boko,Kamrup Metropolitan,25.9775,91.23416667,2025-03-25 14:15:00,3,84,50.2,50.2,150.60000000000002,301.20000000000005,12.7,0.0,12.666666666666671,12.7
NH17 Crossing Boko,Kamrup Metropolitan,25.9775,91.23416667,2025-03-25 14:30:00,3,84,50.2,50.2,150.60000000000002,301.20000000000005,12.6,-0.09999999999999964,12.666666666666671,12.7
NH17 Crossing Boko,Kamrup Metropolitan,25.9775,91.23416667,2025-03-25 14:45:00,3,84,50.2,50.2,150.60000000000002,301.20000000000005,12.6,0.0,12.633333333333338,12.7
NH17 Crossing Boko,Kamrup Metropolitan,25.9775,91.23416667,2025-03-25 15:00:00,3,84,50.2,50.2,150.60000000000002,301.20000000000005,12.6,0.0,12.6,12.7
NH17 Crossing Boko,Kamrup Metropolitan,25.9775,91.23416667,2025-03-25 15:15:00,3,84,50.2,50.2,150.60000000000002,301.20000000000005,12.6,0.0,12.6,12.7
NH17 Crossing Boko,Kamrup Metropolitan,25.9775,91.23416667,2025-03-25 15:30:00,3,84,50.2,50.2,150.60000000000002,301.20000000000005,12.5,-0.09999999999999964,12.566666666666672,12.7
NH17 Crossing Boko,Kamrup Metropolitan,25.9775,91.23416667,2025-03-25 15:45:00,3,84,50.2,50.2,150.60000000000002,301.20000000000005,12.5,0.0,12.533333333333337,12.6
NH17 Crossing Boko,Kamrup Metropolitan,25.9775,91.23416667,2025-03-25 16:00:00,3,84,50.2,50.2,150.60000000000002,301.20000000000005,12.5,0.0,12.5,12.6
NH17 Crossing Boko,Kamrup Metropolitan,25.9775,91.23416667,2025-03-25 16:15:00,3,84,50.2,50.2,150.60000000000002,301.20000000000005,12.4,-0.09999999999999964,12.46666666666667,12.6
NH17 Crossing Boko,Kamrup Metropolitan,25.9775,91.23416667,2025-03-25 16:30:00,3,84,50.2,50.2,150.60000000000002,301.20000000000005,12.5,0.09999999999999964,12.46666666666667,12.6
NH17 Crossing Boko,Kamrup Metropolitan,25.9775,91.23416667,2025-03-25 17:15:00,3,84,50.2,50.2,150.60000000000002,301.20000000000005,12.4,-0.09999999999999964,12.433333333333337,12.5
NH17 Crossing Boko,Kamrup Metropolitan,25.9775,91.23416667,2025-03-25 17:30:00,3,84,50.2,50.2,150.60000000000002,301.20000000000005,12.4,0.0,12.433333333333339,12.5
NH17 Crossing Boko,Kamrup Metropolitan,25.9775,91.23416667,2025-03-25 17:45:00,3,84,50.2,50.2,150.60000000000002,301.20000000000005,12.4,0.0,12.4,12.5
NH17 Crossing Boko,Kamrup Metropolitan,25.9775,91.23416667,2025-03-25 18:00:00,3,84,50.2,50.2,150.60000000000002,301.20000000000005,12.4,0.0,12.4,12.5
NH17 Crossing Boko,Kamrup Metropolitan,25.9775,91.23416667,2025-03-25 18:15:00,3,84,50.2,50.2,150.60000000000002,301.20000000000005,12.3,-0.09999999999999964,12.366666666666672,12.5
NH17 Crossing Boko,Kamrup Metropolitan,25.9775,91.23416667,2025-03-25 18:30:00,3,84,50.2,50.2,150.60000000000002,301.20000000000005,12.2,-0.10000000000000142,12.300000000000004,12.4
NH17 Crossing Boko,Kamrup Metropolitan,25.9775,91.23416667,2025-03-25 18:45:00,3,84,50.2,50.2,150.60000000000002,301.20000000000005,12.2,0.0,12.23333333333334,12.4
NH17 Crossing Boko,Kamrup Metropolitan,25.9775,91.23416667,2025-03-25 19:00:00,3,84,50.2,50.2,150.60000000000002,301.20000000000005,12.2,0.0,12.2,12.4
NH17 Crossing Boko,Kamrup Metropolitan,25.9775,91.23416667,2025-03-25 19:15:00,3,84,50.2,50.2,150.60000000000002,301.20000000000005,12.3,0.10000000000000142,12.23333333333334,12.4
NH17 Crossing Boko,Kamrup Metropolitan,25.9775,91.23416667,2025-03-25 19:30:00,3,84,50.2,50.2,150.60000000000002,301.20000000000005,12.2,-0.10000000000000142,12.233333333333336,12.3
NH17 Crossing Boko,Kamrup Metropolitan,25.9775,91.23416667,2025-03-25 19:45:00,3,84,50.2,50.2,150.60000000000002,301.20000000000005,12.2,0.0,12.23333333333334,12.3
NH17 Crossing Boko,Kamrup Metropolitan,25.9775,91.23416667,2025-03-25 20:00:00,3,84,50.2,50.2,150.60000000000002,301.20000000000005,12.2,0.0,12.2,12.3
NH17 Crossing Boko,Kamrup Metropolitan,25.9775,91.23416667,2025-03-25 20:15:00,3,84,50.2,50.2,150.60000000000002,301.20000000000005,12.2,0.0,12.2,12.3
NH17 Crossing Boko,Kamrup Metropolitan,25.9775,91.23416667,2025-03-25 21:00:00,3,84,50.2,50.2,150.60000000000002,301.20000000000005,12.2,0.0,12.2,12.3
NH17 Crossing Boko,Kamrup Metropolitan,25.9775,91.23416667,2025-03-25 21:15:00,3,84,50.2,50.2,150.60000000000002,301.20000000000005,12.2,0.0,12.2,12.2
NH17 Crossing Boko,Kamrup Metropolitan,25.9775,91.23416667,2025-03-25 21:30:00,3,84,50.2,50.2,150.60000000000002,301.20000000000005,12.2,0.0,12.2,12.2
NH17 Crossing Boko,Kamrup Metropolitan,25.9775,91.23416667,2025-03-25 21:45:00,3,84,50.2,50.2,150.60000000000002,301.20000000000005,12.1,-0.09999999999999964,12.166666666666671,12.2
NH17 Crossing Boko,Kamrup Metropolitan,25.9775,91.23416667,2025-03-25 22:00:00,3,84,50.2,50.2,150.60000000000002,301.20000000000005,12.1,0.0,12.133333333333338,12.2
NH17 Crossing Boko,Kamrup Metropolitan,25.9775,91.23416667,2025-03-25 22:15:00,3,84,50.2,50.2,150.60000000000002,301.20000000000005,12.1,0.0,12.1,12.2
NH17 Crossing Boko,Kamrup Metropolitan,25.9775,91.23416667,2025-03-25 22:30:00,3,84,50.2,50.2,150.60000000000002,301.20000000000005,12.1,0.0,12.1,12.2
NH17 Crossing Boko,Kamrup Metropolitan,25.9775,91.23416667,2025-03-25 22:45:00,3,84,50.2,50.2,150.60000000000002,301.20000000000005,12.1,0.0,12.1,12.2
NH17 Crossing Boko,Kamrup Metropolitan,25.9775,91.23416667,2025-03-25 23:00:00,3,84,50.2,50.2,150.60000000000002,301.20000000000005,12.1,0.0,12.1,12.1
NH17 Crossing Boko,Kamrup Metropolitan,25.9775,91.23416667,2025-03-25 23:15:00,3,84,50.2,50.2,150.60000000000002,301.20000000000005,12.1,0.0,12.1,12.1
NH17 Crossing Boko,Kamrup Metropolitan,25.9775,91.23416667,2025-03-25 23:30:00,3,84,50.2,50.2,150.60000000000002,301.20000000000005,12.1,0.0,12.1,12.1
NH17 Crossing Boko,Kamrup Metropolitan,25.9775,91.23416667,2025-03-25 23:45:00,3,84,50.2,50.2,150.60000000000002,301.20000000000005,12.1,0.0,12.1,12.1
NH17 Crossing Boko,Kamrup Metropolitan,25.9775,91.23416667,2025-03-26 00:00:00,3,85,50.2,50.2,150.60000000000002,301.20000000000005,12.1,0.0,12.1,12.1
NH17 Crossing Boko,Kamrup Metropolitan,25.9775,91.23416667,2025-03-26 00:15:00,3,85,50.2,50.2,150.60000000000002,301.20000000000005,12.1,0.0,12.1,12.1
NH17 Crossing Boko,Kamrup Metropolitan,25.9775,91.23416667,2025-03-26 00:30:00,3,85,50.2,50.2,150.60000000000002,301.20000000000005,12.1,0.0,12.1,12.1
NH17 Crossing Boko,Kamrup Metropolitan,25.9775,91.23416667,2025-03-26 00:45:00,3,85,50.2,50.2,150.60000000000002,301.20000000000005,12.2,0.09999999999999964,12.133333333333338,12.2
NH17 Crossing Boko,Kamrup Metropolitan,25.9775,91.23416667,2025-03-26 01:00:00,3,85,50.2,50.2,150.60000000000002,301.20000000000005,12.1,-0.09999999999999964,12.133333333333338,12.2
NH17 Crossing Boko,Kamrup Metropolitan,25.9775,91.23416667,2025-03-26 01:15:00,3,85,50.2,50.2,150.60000000000002,301.20000000000005,12.1,0.0,12.133333333333338,12.2
NH17 Crossing Boko,Kamrup Metropolitan,25.9775,91.23416667,2025-03-26 01:30:00,3,85,50.2,50.2,150.60000000000002,301.20000000000005,12.1,0.0,12.1,12.2
NH17 Crossing Boko,Kamrup Metropolitan,25.9775,91.23416667,2025-03-26 01:45:00,3,85,50.2,50.2,150.60000000000002,301.20000000000005,12.1,0.0,12.1,12.2
NH17 Crossing Boko,Kamrup Metropolitan,25.9775,91.23416667,2025-03-26 02:00:00,3,85,50.2,50.2,150.60000000000002,301.20000000000005,12.1,0.0,12.1,12.2
NH17 Crossing Boko,Kamrup Metropolitan,25.9775,91.23416667,2025-03-26 02:15:00,3,85,50.2,50.2,150.60000000000002,301.20000000000005,12.1,0.0,12.1,12.1
NH17 Crossing Boko,Kamrup Metropolitan,25.9775,91.23416667,2025-03-26 02:30:00,3,85,50.2,50.2,150.60000000000002,301.20000000000005,12.1,0.0,12.1,12.1
NH17 Crossing Boko,Kamrup Metropolitan,25.9775,91.23416667,2025-03-26 02:45:00,3,85,50.2,50.2,150.60000000000002,301.20000000000005,12.1,0.0,12.1,12.1
NH17 Crossing Boko,Kamrup Metropolitan,25.9775,91.23416667,2025-03-26 03:00:00,3,85,50.2,50.2,150.60000000000002,301.20000000000005,12.1,0.0,12.1,12.1
NH17 Crossing Boko,Kamrup Metropolitan,25.9775,91.23416667,2025-03-26 03:15:00,3,85,50.2,50.2,150.60000000000002,301.20000000000005,12.1,0.0,12.1,12.1
NH17 Crossing Boko,Kamrup Metropolitan,25.9775,91.23416667,2025-03-26 03:30:00,3,85,50.2,50.2,150.60000000000002,301.20000000000005,12.1,0.0,12.1,12.1
NH17 Crossing Boko,Kamrup Metropolitan,25.9775,91.23416667,2025-03-26 03:45:00,3,85,50.2,50.2,150.60000000000002,301.20000000000005,12.1,0.0,12.1,12.1
NH17 Crossing Boko,Kamrup Metropolitan,25.9775,91.23416667,2025-03-26 04:00:00,3,85,50.2,50.2,150.60000000000002,301.20000000000005,12.1,0.0,12.1,12.1
NH17 Crossing Boko,Kamrup Metropolitan,25.9775,91.23416667,2025-03-26 04:15:00,3,85,50.2,50.2,150.60000000000002,301.20000000000005,12.1,0.0,12.1,12.1
NH17 Crossing Boko,Kamrup Metropolitan,25.9775,91.23416667,2025-03-26 04:30:00,3,85,50.2,50.2,150.60000000000002,301.20000000000005,12.1,0.0,12.1,12.1
NH17 Crossing Boko,Kamrup Metropolitan,25.9775,91.23416667,2025-03-26 04:45:00,3,85,50.2,50.2,150.60000000000002,301.20000000000005,12.1,0.0,12.1,12.1
NH17 Crossing Boko,Kamrup Metropolitan,25.9775,91.23416667,2025-03-26 05:00:00,3,85,50.2,50.2,150.60000000000002,301.20000000000005,12.1,0.0,12.1,12.1
NH17 Crossing Boko,Kamrup Metropolitan,25.9775,91.23416667,2025-03-26 05:15:00,3,85,50.2,50.2,150.60000000000002,301.20000000000005,12.1,0.0,12.1,12.1
NH17 Crossing Boko,Kamrup Metropolitan,25.9775,91.23416667,2025-03-26 05:30:00,3,85,50.2,50.2,150.60000000000002,301.20000000000005,12.1,0.0,12.1,12.1
NH17 Crossing Boko,Kamrup Metropolitan,25.9775,91.23416667,2025-03-26 05:45:00,3,85,50.2,50.2,150.60000000000002,301.20000000000005,12.1,0.0,12.1,12.1
NH17 Crossing Boko,Kamrup Metropolitan,25.9775,91.23416667,2025-03-26 06:00:00,3,85,50.2,50.2,150.60000000000002,301.20000000000005,12.1,0.0,12.1,12.1
NH17 Crossing Boko,Kamrup Metropolitan,25.9775,91.23416667,2025-03-26 06:15:00,3,85,50.2,50.2,150.60000000000002,301.20000000000005,12.1,0.0,12.1,12.1
NH17 Crossing Boko,Kamrup Metropolitan,25.9775,91.23416667,2025-03-26 06:30:00,3,85,50.2,50.2,150.60000000000002,301.20000000000005,12.1,0.0,12.1,12.1
NH17 Crossing Boko,Kamrup Metropolitan,25.9775,91.23416667,2025-03-26 06:45:00,3,85,50.2,50.2,150.60000000000002,301.20000000000005,12.1,0.0,12.1,12.1
NH17 Crossing Boko,Kamrup Metropolitan,25.9775,91.23416667,2025-03-26 07:00:00,3,85,50.2,50.2,150.60000000000002,301.20000000000005,12.1,0.0,12.1,12.1
NH17 Crossing Boko,Kamrup Metropolitan,25.9775,91.23416667,2025-03-26 07:15:00,3,85,50.2,50.2,150.60000000000002,301.20000000000005,12.1,0.0,12.1,12.1
NH17 Crossing Boko,Kamrup Metropolitan,25.9775,91.23416667,2025-03-26 07:30:00,3,85,50.2,50.2,150.60000000000002,301.20000000000005,12.1,0.0,12.1,12.1
NH17 Crossing Boko,Kamrup Metropolitan,25.9775,91.23416667,2025-03-26 07:45:00,3,85,50.2,50.2,150.60000000000002,301.20000000000005,12.1,0.0,12.1,12.1
NH17 Crossing Boko,Kamrup Metropolitan,25.9775,91.23416667,2025-03-26 08:00:00,3,85,50.2,50.2,150.60000000000002,301.20000000000005,12.1,0.0,12.1,12.1
NH17 Crossing Boko,Kamrup Metropolitan,25.9775,91.23416667,2025-03-26 08:15:00,3,85,50.2,50.2,150.60000000000002,301.20000000000005,12.2,0.09999999999999964,12.133333333333338,12.2
NH17 Crossing Boko,Kamrup Metropolitan,25.9775,91.23416667,2025-03-26 08:30:00,3,85,50.2,50.2,150.60000000000002,301.20000000000005,12.2,0.0,12.166666666666671,12.2
NH17 Crossing Boko,Kamrup Metropolitan,25.9775,91.23416667,2025-03-26 08:45:00,3,85,50.2,50.2,150.60000000000002,301.20000000000005,12.2,0.0,12.2,12.2
NH17 Crossing Boko,Kamrup Metropolitan,25.9775,91.23416667,2025-03-26 09:00:00,3,85,50.2,50.2,150.60000000000002,301.20000000000005,12.2,0.0,12.2,12.2
NH17 Crossing Boko,Kamrup Metropolitan,25.9775,91.23416667,2025-03-26 09:15:00,3,85,50.2,50.2,150.60000000000002,301.20000000000005,12.4,0.20000000000000107,12.266666666666671,12.4
NH17 Crossing Boko,Kamrup Metropolitan,25.9775,91.23416667,2025-03-26 09:30:00,3,85,50.2,50.2,150.60000000000002,301.20000000000005,12.4,0.0,12.333333333333337,12.4
NH17 Crossing Boko,Kamrup Metropolitan,25.9775,91.23416667,2025-03-26 09:45:00,3,85,50.2,50.2,150.60000000000002,301.20000000000005,12.4,0.0,12.4,12.4
NH17 Crossing Boko,Kamrup Metropolitan,25.9775,91.23416667,2025-03-26 10:00:00,3,85,50.2,50.2,150.60000000000002,301.20000000000005,12.4,0.0,12.4,12.4
NH17 Crossing Boko,Kamrup Metropolitan,25.9775,91.23416667,2025-03-26 10:15:00,3,85,50.2,50.2,150.60000000000002,301.20000000000005,12.4,0.0,12.4,12.4
NH17 Crossing Boko,Kamrup Metropolitan,25.9775,91.23416667,2025-03-26 10:30:00,3,85,50.2,50.2,150.60000000000002,301.20000000000005,12.4,0.0,12.4,12.4
NH17 Crossing Boko,Kamrup Metropolitan,25.9775,91.23416667,2025-03-26 10:45:00,3,85,50.2,50.2,150.60000000000002,301.20000000000005,12.4,0.0,12.4,12.4
NH17 Crossing Boko,Kamrup Metropolitan,25.9775,91.23416667,2025-03-26 11:00:00,3,85,50.2,50.2,150.60000000000002,301.20000000000005,12.5,0.09999999999999964,12.433333333333339,12.5
NH17 Crossing Boko,Kamrup Metropolitan,25.9775,91.23416667,2025-03-26 11:15:00,3,85,50.2,50.2,150.60000000000002,301.20000000000005,12.4,-0.09999999999999964,12.433333333333337,12.5
NH17 Crossing Boko,Kamrup Metropolitan,25.9775,91.23416667,2025-03-26 11:30:00,3,85,50.2,50.2,150.60000000000002,301.20000000000005,12.4,0.0,12.433333333333339,12.5
NH17 Crossing Boko,Kamrup Metropolitan,25.9775,91.23416667,2025-03-26 11:45:00,3,85,50.2,50.2,150.60000000000002,301.20000000000005,12.5,0.09999999999999964,12.433333333333339,12.5
NH17 Crossing Boko,Kamrup Metropolitan,25.9775,91.23416667,2025-03-26 12:00:00,3,85,50.2,50.2,150.60000000000002,301.20000000000005,12.5,0.0,12.46666666666667,12.5
NH17 Crossing Boko,Kamrup Metropolitan,25.9775,91.23416667,2025-03-26 12:15:00,3,85,50.2,50.2,150.60000000000002,301.20000000000005,12.5,0.0,12.5,12.5
NH17 Crossing Boko,Kamrup Metropolitan,25.9775,91.23416667,2025-03-26 12:30:00,3,85,50.2,50.2,150.60000000000002,301.20000000000005,12.5,0.0,12.5,12.5
NH17 Crossing Boko,Kamrup Metropolitan,25.9775,91.23416667,2025-03-26 12:45:00,3,85,50.2,50.2,150.60000000000002,301.20000000000005,12.5,0.0,12.5,12.5
NH17 Crossing Boko,Kamrup Metropolitan,25.9775,91.23416667,2025-03-26 13:00:00,3,85,50.2,50.2,150.60000000000002,301.20000000000005,12.6,0.09999999999999964,12.533333333333339,12.6
NH17 Crossing Boko,Kamrup Metropolitan,25.9775,91.23416667,2025-03-26 13:15:00,3,85,50.2,50.2,150.60000000000002,301.20000000000005,12.6,0.0,12.566666666666672,12.6
NH17 Crossing Boko,Kamrup Metropolitan,25.9775,91.23416667,2025-03-26 13:30:00,3,85,50.2,50.2,150.60000000000002,301.20000000000005,12.6,0.0,12.6,12.6
NH17 Crossing Boko,Kamrup Metropolitan,25.9775,91.23416667,2025-03-26 13:45:00,3,85,50.2,50.2,150.60000000000002,301.20000000000005,12.6,0.0,12.6,12.6
NH17 Crossing Boko,Kamrup Metropolitan,25.9775,91.23416667,2025-03-26 14:00:00,3,85,50.2,50.2,150.60000000000002,301.20000000000005,12.7,0.09999999999999964,12.633333333333338,12.7
NH17 Crossing Boko,Kamrup Metropolitan,25.9775,91.23416667,2025-03-26 14:15:00,3,85,50.2,50.2,150.60000000000002,301.20000000000005,12.6,-0.09999999999999964,12.633333333333338,12.7
NH17 Crossing Boko,Kamrup Metropolitan,25.9775,91.23416667,2025-03-26 14:30:00,3,85,50.2,50.2,150.60000000000002,301.20000000000005,12.6,0.0,12.633333333333338,12.7
NH17 Crossing Boko,Kamrup Metropolitan,25.9775,91.23416667,2025-03-26 14:45:00,3,85,50.2,50.2,150.60000000000002,301.20000000000005,12.6,0.0,12.6,12.7
NH17 Crossing Boko,Kamrup Metropolitan,25.9775,91.23416667,2025-03-26 15:00:00,3,85,50.2,50.2,150.60000000000002,301.20000000000005,12.6,0.0,12.6,12.7
NH17 Crossing Boko,Kamrup Metropolitan,25.9775,91.23416667,2025-03-26 15:15:00,3,85,50.2,50.2,150.60000000000002,301.20000000000005,12.5,-0.09999999999999964,12.56666666666667,12.7
NH17 Crossing Boko,Kamrup Metropolitan,25.9775,91.23416667,2025-03-26 15:30:00,3,85,50.2,50.2,150.60000000000002,301.20000000000005,12.5,0.0,12.533333333333339,12.6
NH17 Crossing Boko,Kamrup Metropolitan,25.9775,91.23416667,2025-03-26 15:45:00,3,85,50.2,50.2,150.60000000000002,301.20000000000005,12.5,0.0,12.5,12.6
NH17 Crossing Boko,Kamrup Metropolitan,25.9775,91.23416667,2025-03-26 16:00:00,3,85,50.2,50.2,150.60000000000002,301.20000000000005,12.4,-0.09999999999999964,12.46666666666667,12.6
NH17 Crossing Boko,Kamrup Metropolitan,25.9775,91.23416667,2025-03-26 16:15:00,3,85,50.2,50.2,150.60000000000002,301.20000000000005,12.4,0.0,12.433333333333337,12.6
NH17 Crossing Boko,Kamrup Metropolitan,25.9775,91.23416667,2025-03-26 16:30:00,3,85,50.2,50.2,150.60000000000002,301.20000000000005,12.4,0.0,12.4,12.5
NH17 Crossing Boko,Kamrup Metropolitan,25.9775,91.23416667,2025-03-26 16:45:00,3,85,50.2,50.2,150.60000000000002,301.20000000000005,12.4,0.0,12.4,12.5
NH17 Crossing Boko,Kamrup Metropolitan,25.9775,91.23416667,2025-03-26 17:00:00,3,85,50.2,50.2,150.60000000000002,301.20000000000005,12.4,0.0,12.4,12.5
NH17 Crossing Boko,Kamrup Metropolitan,25.9775,91.23416667,2025-03-26 17:15:00,3,85,50.2,50.2,150.60000000000002,301.20000000000005,12.4,0.0,12.4,12.4
NH17 Crossing Boko,Kamrup Metropolitan,25.9775,91.23416667,2025-03-26 17:30:00,3,85,50.2,50.2,150.60000000000002,301.20000000000005,12.4,0.0,12.4,12.4
NH17 Crossing Boko,Kamrup Metropolitan,25.9775,91.23416667,2025-03-26 17:45:00,3,85,50.2,50.2,150.60000000000002,301.20000000000005,12.3,-0.09999999999999964,12.366666666666672,12.4
NH17 Crossing Boko,Kamrup Metropolitan,25.9775,91.23416667,2025-03-26 18:00:00,3,85,50.2,50.2,150.60000000000002,301.20000000000005,12.2,-0.10000000000000142,12.300000000000006,12.4
NH17 Crossing Boko,Kamrup Metropolitan,25.9775,91.23416667,2025-03-26 18:15:00,3,85,50.2,50.2,150.60000000000002,301.20000000000005,12.2,0.0,12.23333333333334,12.4
NH17 Crossing Boko,Kamrup Metropolitan,25.9775,91.23416667,2025-03-26 18:30:00,3,85,50.2,50.2,150.60000000000002,301.20000000000005,12.2,0.0,12.2,12.4
NH17 Crossing Boko,Kamrup Metropolitan,25.9775,91.23416667,2025-03-26 18:45:00,3,85,50.2,50.2,150.60000000000002,301.20000000000005,12.2,0.0,12.2,12.4
NH17 Crossing Boko,Kamrup Metropolitan,25.9775,91.23416667,2025-03-26 19:00:00,3,85,50.2,50.2,150.60000000000002,301.20000000000005,12.2,0.0,12.2,12.3
NH17 Crossing Boko,Kamrup Metropolitan,25.9775,91.23416667,2025-03-26 19:15:00,3,85,50.2,50.2,150.60000000000002,301.20000000000005,12.2,0.0,12.2,12.2
NH17 Crossing Boko,Kamrup Metropolitan,25.9775,91.23416667,2025-03-26 19:45:00,3,85,50.2,50.2,150.60000000000002,301.20000000000005,12.2,0.0,12.2,12.2
NH17 Crossing Boko,Kamrup Metropolitan,25.9775,91.23416667,2025-03-26 20:00:00,3,85,50.2,50.2,150.60000000000002,301.20000000000005,12.2,0.0,12.2,12.2
NH17 Crossing Boko,Kamrup Metropolitan,25.9775,91.23416667,2025-03-26 20:15:00,3,85,50.2,50.2,150.60000000000002,301.20000000000005,12.2,0.0,12.2,12.2
NH17 Crossing Boko,Kamrup Metropolitan,25.9775,91.23416667,2025-03-26 20:30:00,3,85,50.2,50.2,150.60000000000002,301.20000000000005,12.2,0.0,12.2,12.2
NH17 Crossing Boko,Kamrup Metropolitan,25.9775,91.23416667,2025-03-26 20:45:00,3,85,50.2,50.2,150.60000000000002,301.20000000000005,12.2,0.0,12.2,12.2
NH17 Crossing Boko,Kamrup Metropolitan,25.9775,91.23416667,2025-03-26 21:00:00,3,85,50.2,50.2,150.60000000000002,301.20000000000005,12.2,0.0,12.2,12.2
NH17 Crossing Boko,Kamrup Metropolitan,25.9775,91.23416667,2025-03-26 21:15:00,3,85,50.2,50.2,150.60000000000002,301.20000000000005,12.1,-0.09999999999999964,12.166666666666671,12.2
NH17 Crossing Boko,Kamrup Metropolitan,25.9775,91.23416667,2025-03-26 21:30:00,3,85,50.2,50.2,150.60000000000002,301.20000000000005,12.2,0.09999999999999964,12.166666666666671,12.2
NH17 Crossing Boko,Kamrup Metropolitan,25.9775,91.23416667,2025-03-26 21:45:00,3,85,50.2,50.2,150.60000000000002,301.20000000000005,12.2,0.0,12.166666666666671,12.2
NH17 Crossing Boko,Kamrup Metropolitan,25.9775,91.23416667,2025-03-26 22:00:00,3,85,50.2,50.2,150.60000000000002,301.20000000000005,12.1,-0.09999999999999964,12.166666666666671,12.2
NH17 Crossing Boko,Kamrup Metropolitan,25.9775,91.23416667,2025-03-26 22:15:00,3,85,50.2,50.2,150.60000000000002,301.20000000000005,12.1,0.0,12.133333333333338,12.2
NH17 Crossing Boko,Kamrup Metropolitan,25.9775,91.23416667,2025-03-26 22:30:00,3,85,50.2,50.2,150.60000000000002,301.20000000000005,12.1,0.0,12.1,12.2
NH17 Crossing Boko,Kamrup Metropolitan,25.9775,91.23416667,2025-03-26 22:45:00,3,85,50.2,50.2,150.60000000000002,301.20000000000005,12.1,0.0,12.1,12.2
NH17 Crossing Boko,Kamrup Metropolitan,25.9775,91.23416667,2025-03-26 23:00:00,3,85,50.2,50.2,150.60000000000002,301.20000000000005,12.1,0.0,12.1,12.2
NH17 Crossing Boko,Kamrup Metropolitan,25.9775,91.23416667,2025-03-26 23:15:00,3,85,50.2,50.2,150.60000000000002,301.20000000000005,12.1,0.0,12.1,12.1
NH17 Crossing Boko,Kamrup Metropolitan,25.9775,91.23416667,2025-03-26 23:30:00,3,85,50.2,50.2,150.60000000000002,301.20000000000005,12.1,0.0,12.1,12.1
NH17 Crossing Boko,Kamrup Metropolitan,25.9775,91.23416667,2025-03-26 23:45:00,3,85,50.2,50.2,150.60000000000002,301.20000000000005,12.1,0.0,12.1,12.1
NH17 Crossing Boko,Kamrup Metropolitan,25.9775,91.23416667,2025-03-27 00:00:00,3,86,50.2,50.2,150.60000000000002,301.20000000000005,12.2,0.09999999999999964,12.133333333333338,12.2
NH17 Crossing Boko,Kamrup Metropolitan,25.9775,91.23416667,2025-03-27 00:15:00,3,86,50.2,50.2,150.60000000000002,301.20000000000005,12.1,-0.09999999999999964,12.133333333333338,12.2
NH17 Crossing Boko,Kamrup Metropolitan,25.9775,91.23416667,2025-03-27 00:30:00,3,86,50.2,50.2,150.60000000000002,301.20000000000005,12.1,0.0,12.133333333333338,12.2
NH17 Crossing Boko,Kamrup Metropolitan,25.9775,91.23416667,2025-03-27 00:45:00,3,86,50.2,50.2,150.60000000000002,301.20000000000005,12.2,0.09999999999999964,12.133333333333338,12.2
NH17 Crossing Boko,Kamrup Metropolitan,25.9775,91.23416667,2025-03-27 01:00:00,3,86,50.2,50.2,150.60000000000002,301.20000000000005,12.1,-0.09999999999999964,12.133333333333338,12.2
NH17 Crossing Boko,Kamrup Metropolitan,25.9775,91.23416667,2025-03-27 01:15:00,3,86,50.2,50.2,150.60000000000002,301.20000000000005,12.1,0.0,12.133333333333338,12.2
NH17 Crossing Boko,Kamrup Metropolitan,25.9775,91.23416667,2025-03-27 01:30:00,3,86,50.2,50.2,150.60000000000002,301.20000000000005,12.1,0.0,12.1,12.2
NH17 Crossing Boko,Kamrup Metropolitan,25.9775,91.23416667,2025-03-27 01:45:00,3,86,50.2,50.2,150.60000000000002,301.20000000000005,12.1,0.0,12.1,12.2
NH17 Crossing Boko,Kamrup Metropolitan,25.9775,91.23416667,2025-03-27 02:00:00,3,86,50.2,50.2,150.60000000000002,301.20000000000005,12.1,0.0,12.1,12.2
NH17 Crossing Boko,Kamrup Metropolitan,25.9775,91.23416667,2025-03-27 02:15:00,3,86,50.2,50.2,150.60000000000002,301.20000000000005,12.1,0.0,12.1,12.1
NH17 Crossing Boko,Kamrup Metropolitan,25.9775,91.23416667,2025-03-27 02:30:00,3,86,50.2,50.2,150.60000000000002,301.20000000000005,12.1,0.0,12.1,12.1
NH17 Crossing Boko,Kamrup Metropolitan,25.9775,91.23416667,2025-03-27 02:45:00,3,86,50.2,50.2,150.60000000000002,301.20000000000005,12.1,0.0,12.1,12.1
NH17 Crossing Boko,Kamrup Metropolitan,25.9775,91.23416667,2025-03-27 03:00:00,3,86,50.2,50.2,150.60000000000002,301.20000000000005,12.1,0.0,12.1,12.1
NH17 Crossing Boko,Kamrup Metropolitan,25.9775,91.23416667,2025-03-27 03:15:00,3,86,50.2,50.2,150.60000000000002,301.20000000000005,12.1,0.0,12.1,12.1
NH17 Crossing Boko,Kamrup Metropolitan,25.9775,91.23416667,2025-03-27 03:30:00,3,86,50.2,50.2,150.60000000000002,301.20000000000005,12.1,0.0,12.1,12.1
NH17 Crossing Boko,Kamrup Metropolitan,25.9775,91.23416667,2025-03-27 03:45:00,3,86,50.2,50.2,150.60000000000002,301.20000000000005,12.1,0.0,12.1,12.1
NH17 Crossing Boko,Kamrup Metropolitan,25.9775,91.23416667,2025-03-27 04:00:00,3,86,50.2,50.2,150.60000000000002,301.20000000000005,12.1,0.0,12.1,12.1
NH17 Crossing Boko,Kamrup Metropolitan,25.9775,91.23416667,2025-03-27 04:15:00,3,86,50.2,50.2,150.60000000000002,301.20000000000005,12.1,0.0,12.1,12.1
NH17 Crossing Boko,Kamrup Metropolitan,25.9775,91.23416667,2025-03-27 04:30:00,3,86,50.2,50.2,150.60000000000002,301.20000000000005,12.1,0.0,12.1,12.1
NH17 Crossing Boko,Kamrup Metropolitan,25.9775,91.23416667,2025-03-27 04:45:00,3,86,50.2,50.2,150.60000000000002,301.20000000000005,12.1,0.0,12.1,12.1
NH17 Crossing Boko,Kamrup Metropolitan,25.9775,91.23416667,2025-03-27 05:00:00,3,86,50.2,50.2,150.60000000000002,301.20000000000005,12.1,0.0,12.1,12.1
NH17 Crossing Boko,Kamrup Metropolitan,25.9775,91.23416667,2025-03-27 05:15:00,3,86,50.2,50.2,150.60000000000002,301.20000000000005,12.1,0.0,12.1,12.1
NH17 Crossing Boko,Kamrup Metropolitan,25.9775,91.23416667,2025-03-27 05:30:00,3,86,50.2,50.2,150.60000000000002,301.20000000000005,12.1,0.0,12.1,12.1
NH17 Crossing Boko,Kamrup Metropolitan,25.9775,91.23416667,2025-03-27 05:45:00,3,86,50.2,50.2,150.60000000000002,301.20000000000005,12.1,0.0,12.1,12.1
NH17 Crossing Boko,Kamrup Metropolitan,25.9775,91.23416667,2025-03-27 06:00:00,3,86,50.2,50.2,150.60000000000002,301.20000000000005,12.1,0.0,12.1,12.1
NH17 Crossing Boko,Kamrup Metropolitan,25.9775,91.23416667,2025-03-27 06:15:00,3,86,50.2,50.2,150.60000000000002,301.20000000000005,12.1,0.0,12.1,12.1
NH17 Crossing Boko,Kamrup Metropolitan,25.9775,91.23416667,2025-03-27 06:30:00,3,86,50.2,50.2,150.60000000000002,301.20000000000005,12.1,0.0,12.1,12.1
NH17 Crossing Boko,Kamrup Metropolitan,25.9775,91.23416667,2025-03-27 06:45:00,3,86,50.2,50.2,150.60000000000002,301.20000000000005,12.1,0.0,12.1,12.1
NH17 Crossing Boko,Kamrup Metropolitan,25.9775,91.23416667,2025-03-27 07:00:00,3,86,50.2,50.2,150.60000000000002,301.20000000000005,12.1,0.0,12.1,12.1
NH17 Crossing Boko,Kamrup Metropolitan,25.9775,91.23416667,2025-03-27 07:15:00,3,86,50.2,50.2,150.60000000000002,301.20000000000005,12.1,0.0,12.1,12.1
NH17 Crossing Boko,Kamrup Metropolitan,25.9775,91.23416667,2025-03-27 07:30:00,3,86,50.2,50.2,150.60000000000002,301.20000000000005,12.1,0.0,12.1,12.1
NH17 Crossing Boko,Kamrup Metropolitan,25.9775,91.23416667,2025-03-27 07:45:00,3,86,50.2,50.2,150.60000000000002,301.20000000000005,12.1,0.0,12.1,12.1
NH17 Crossing Boko,Kamrup Metropolitan,25.9775,91.23416667,2025-03-27 08:00:00,3,86,50.2,50.2,150.60000000000002,301.20000000000005,12.1,0.0,12.1,12.1
NH17 Crossing Boko,Kamrup Metropolitan,25.9775,91.23416667,2025-03-27 08:15:00,3,86,50.2,50.2,150.60000000000002,301.20000000000005,12.1,0.0,12.1,12.1
NH17 Crossing Boko,Kamrup Metropolitan,25.9775,91.23416667,2025-03-27 08:30:00,3,86,50.2,50.2,150.60000000000002,301.20000000000005,12.1,0.0,12.1,12.1
NH17 Crossing Boko,Kamrup Metropolitan,25.9775,91.23416667,2025-03-27 08:45:00,3,86,50.2,50.2,150.60000000000002,301.20000000000005,12.1,0.0,12.1,12.1
NH17 Crossing Boko,Kamrup Metropolitan,25.9775,91.23416667,2025-03-27 09:00:00,3,86,50.2,50.2,150.60000000000002,301.20000000000005,12.2,0.09999999999999964,12.133333333333338,12.2
NH17 Crossing Boko,Kamrup Metropolitan,25.9775,91.23416667,2025-03-27 09:15:00,3,86,50.2,50.2,150.60000000000002,301.20000000000005,12.2,0.0,12.166666666666671,12.2
NH17 Crossing Boko,Kamrup Metropolitan,25.9775,91.23416667,2025-03-27 09:30:00,3,86,50.2,50.2,150.60000000000002,301.20000000000005,12.3,0.10000000000000142,12.233333333333336,12.3
NH17 Crossing Boko,Kamrup Metropolitan,25.9775,91.23416667,2025-03-27 09:45:00,3,86,50.2,50.2,150.60000000000002,301.20000000000005,12.3,0.0,12.266666666666673,12.3
NH17 Crossing Boko,Kamrup Metropolitan,25.9775,91.23416667,2025-03-27 10:00:00,3,86,50.2,50.2,150.60000000000002,301.20000000000005,12.4,0.09999999999999964,12.333333333333337,12.4
NH17 Crossing Boko,Kamrup Metropolitan,25.9775,91.23416667,2025-03-27 10:15:00,3,86,50.2,50.2,150.60000000000002,301.20000000000005,12.4,0.0,12.366666666666672,12.4
NH17 Crossing Boko,Kamrup Metropolitan,25.9775,91.23416667,2025-03-27 10:30:00,3,86,50.2,50.2,150.60000000000002,301.20000000000005,12.4,0.0,12.4,12.4
NH17 Crossing Boko,Kamrup Metropolitan,25.9775,91.23416667,2025-03-27 10:45:00,3,86,50.2,50.2,150.60000000000002,301.20000000000005,12.4,0.0,12.4,12.4
NH17 Crossing Boko,Kamrup Metropolitan,25.9775,91.23416667,2025-03-27 11:00:00,3,86,50.2,50.2,150.60000000000002,301.20000000000005,12.4,0.0,12.4,12.4
NH17 Crossing Boko,Kamrup Metropolitan,25.9775,91.23416667,2025-03-27 11:15:00,3,86,50.2,50.2,150.60000000000002,301.20000000000005,12.4,0.0,12.4,12.4
NH17 Crossing Boko,Kamrup Metropolitan,25.9775,91.23416667,2025-03-27 11:30:00,3,86,50.2,50.2,150.60000000000002,301.20000000000005,12.4,0.0,12.4,12.4
NH17 Crossing Boko,Kamrup Metropolitan,25.9775,91.23416667,2025-03-27 11:45:00,3,86,50.2,50.2,150.60000000000002,301.20000000000005,12.4,0.0,12.4,12.4
NH17 Crossing Boko,Kamrup Metropolitan,25.9775,91.23416667,2025-03-27 12:00:00,3,86,50.2,50.2,150.60000000000002,301.20000000000005,12.4,0.0,12.4,12.4
NH17 Crossing Boko,Kamrup Metropolitan,25.9775,91.23416667,2025-03-27 12:15:00,3,86,50.2,50.2,150.60000000000002,301.20000000000005,12.4,0.0,12.4,12.4
NH17 Crossing Boko,Kamrup Metropolitan,25.9775,91.23416667,2025-03-27 12:30:00,3,86,50.2,50.2,150.60000000000002,301.20000000000005,12.4,0.0,12.4,12.4
NH17 Crossing Boko,Kamrup Metropolitan,25.9775,91.23416667,2025-03-27 12:45:00,3,86,50.2,50.2,150.60000000000002,301.20000000000005,12.5,0.09999999999999964,12.433333333333337,12.5
NH17 Crossing Boko,Kamrup Metropolitan,25.9775,91.23416667,2025-03-27 13:00:00,3,86,50.2,50.2,150.60000000000002,301.20000000000005,12.5,0.0,12.466666666666674,12.5
NH17 Crossing Boko,Kamrup Metropolitan,25.9775,91.23416667,2025-03-27 13:15:00,3,86,50.2,50.2,150.60000000000002,301.20000000000005,12.5,0.0,12.5,12.5
NH17 Crossing Boko,Kamrup Metropolitan,25.9775,91.23416667,2025-03-27 13:30:00,3,86,50.2,50.2,150.60000000000002,301.20000000000005,12.5,0.0,12.5,12.5
NH17 Crossing Boko,Kamrup Metropolitan,25.9775,91.23416667,2025-03-27 13:45:00,3,86,50.2,50.2,150.60000000000002,301.20000000000005,12.5,0.0,12.5,12.5
NH17 Crossing Boko,Kamrup Metropolitan,25.9775,91.23416667,2025-03-27 14:00:00,3,86,50.2,50.2,150.60000000000002,301.20000000000005,12.5,0.0,12.5,12.5
NH17 Crossing Boko,Kamrup Metropolitan,25.9775,91.23416667,2025-03-27 14:15:00,3,86,50.2,50.2,150.60000000000002,301.20000000000005,12.4,-0.09999999999999964,12.46666666666667,12.5
NH17 Crossing Boko,Kamrup Metropolitan,25.9775,91.23416667,2025-03-27 14:30:00,3,86,50.2,50.2,150.60000000000002,301.20000000000005,12.4,0.0,12.433333333333337,12.5
NH17 Crossing Boko,Kamrup Metropolitan,25.9775,91.23416667,2025-03-27 14:45:00,3,86,50.2,50.2,150.60000000000002,301.20000000000005,12.4,0.0,12.4,12.5
NH17 Crossing Boko,Kamrup Metropolitan,25.9775,91.23416667,2025-03-27 15:00:00,3,86,50.2,50.2,150.60000000000002,301.20000000000005,12.4,0.0,12.4,12.5
NH17 Crossing Boko,Kamrup Metropolitan,25.9775,91.23416667,2025-03-27 15:30:00,3,86,50.2,50.2,150.60000000000002,301.20000000000005,12.4,0.0,12.4,12.5
NH17 Crossing Boko,Kamrup Metropolitan,25.9775,91.23416667,2025-03-27 15:45:00,3,86,50.2,50.2,150.60000000000002,301.20000000000005,12.4,0.0,12.4,12.4
NH17 Crossing Boko,Kamrup Metropolitan,25.9775,91.23416667,2025-03-27 16:15:00,3,86,50.2,50.2,150.60000000000002,301.20000000000005,12.3,-0.09999999999999964,12.366666666666672,12.4
NH17 Crossing Boko,Kamrup Metropolitan,25.9775,91.23416667,2025-03-27 16:30:00,3,86,50.2,50.2,150.60000000000002,301.20000000000005,12.2,-0.10000000000000142,12.300000000000006,12.4
NH17 Crossing Boko,Kamrup Metropolitan,25.9775,91.23416667,2025-03-27 16:45:00,3,86,50.2,50.2,150.60000000000002,301.20000000000005,12.3,0.10000000000000142,12.266666666666671,12.4
NH17 Crossing Boko,Kamrup Metropolitan,25.9775,91.23416667,2025-03-27 17:00:00,3,86,50.2,50.2,150.60000000000002,301.20000000000005,12.2,-0.10000000000000142,12.23333333333334,12.4
NH17 Crossing Boko,Kamrup Metropolitan,25.9775,91.23416667,2025-03-27 17:15:00,3,86,50.2,50.2,150.60000000000002,301.20000000000005,12.2,0.0,12.23333333333334,12.4
NH17 Crossing Boko,Kamrup Metropolitan,25.9775,91.23416667,2025-03-27 17:30:00,3,86,50.2,50.2,150.60000000000002,301.20000000000005,12.2,0.0,12.2,12.3
NH17 Crossing Boko,Kamrup Metropolitan,25.9775,91.23416667,2025-03-27 17:45:00,3,86,50.2,50.2,150.60000000000002,301.20000000000005,12.2,0.0,12.2,12.3
NH17 Crossing Boko,Kamrup Metropolitan,25.9775,91.23416667,2025-03-27 18:00:00,3,86,50.2,50.2,150.60000000000002,301.20000000000005,12.2,0.0,12.2,12.3
NH17 Crossing Boko,Kamrup Metropolitan,25.9775,91.23416667,2025-03-27 18:15:00,3,86,50.2,50.2,150.60000000000002,301.20000000000005,12.2,0.0,12.2,12.2
NH17 Crossing Boko,Kamrup Metropolitan,25.9775,91.23416667,2025-03-27 18:30:00,3,86,50.2,50.2,150.60000000000002,301.20000000000005,12.1,-0.09999999999999964,12.166666666666671,12.2
NH17 Crossing Boko,Kamrup Metropolitan,25.9775,91.23416667,2025-03-27 18:45:00,3,86,50.2,50.2,150.60000000000002,301.20000000000005,12.2,0.09999999999999964,12.166666666666671,12.2
NH17 Crossing Boko,Kamrup Metropolitan,25.9775,91.23416667,2025-03-27 19:00:00,3,86,50.2,50.2,150.60000000000002,301.20000000000005,12.1,-0.09999999999999964,12.133333333333338,12.2
NH17 Crossing Boko,Kamrup Metropolitan,25.9775,91.23416667,2025-03-27 19:15:00,3,86,50.2,50.2,150.60000000000002,301.20000000000005,12.1,0.0,12.133333333333338,12.2
NH17 Crossing Boko,Kamrup Metropolitan,25.9775,91.23416667,2025-03-27 19:30:00,3,86,50.2,50.2,150.60000000000002,301.20000000000005,12.1,0.0,12.1,12.2
NH17 Crossing Boko,Kamrup Metropolitan,25.9775,91.23416667,2025-03-27 20:00:00,3,86,50.2,50.2,150.60000000000002,301.20000000000005,12.1,0.0,12.1,12.2
NH17 Crossing Boko,Kamrup Metropolitan,25.9775,91.23416667,2025-03-27 20:15:00,3,86,50.2,50.2,150.60000000000002,301.20000000000005,12.1,0.0,12.1,12.2
NH17 Crossing Boko,Kamrup Metropolitan,25.9775,91.23416667,2025-03-27 20:45:00,3,86,50.2,50.2,150.60000000000002,301.20000000000005,12.1,0.0,12.1,12.1
NH17 Crossing Boko,Kamrup Metropolitan,25.9775,91.23416667,2025-03-27 21:00:00,3,86,50.2,50.2,150.60000000000002,301.20000000000005,12.1,0.0,12.1,12.1
NH17 Crossing Boko,Kamrup Metropolitan,25.9775,91.23416667,2025-03-27 21:15:00,3,86,50.2,50.2,150.60000000000002,301.20000000000005,12.1,0.0,12.1,12.1
NH17 Crossing Boko,Kamrup Metropolitan,25.9775,91.23416667,2025-03-27 21:30:00,3,86,50.2,50.2,150.60000000000002,301.20000000000005,12.1,0.0,12.1,12.1
NH17 Crossing Boko,Kamrup Metropolitan,25.9775,91.23416667,2025-03-27 21:45:00,3,86,50.2,50.2,150.60000000000002,301.20000000000005,12.1,0.0,12.1,12.1
NH17 Crossing Boko,Kamrup Metropolitan,25.9775,91.23416667,2025-03-27 22:00:00,3,86,50.2,50.2,150.60000000000002,301.20000000000005,12.1,0.0,12.1,12.1
NH17 Crossing Boko,Kamrup Metropolitan,25.9775,91.23416667,2025-03-27 22:15:00,3,86,50.2,50.2,150.60000000000002,301.20000000000005,12.1,0.0,12.1,12.1
NH17 Crossing Boko,Kamrup Metropolitan,25.9775,91.23416667,2025-03-27 22:30:00,3,86,50.2,50.2,150.60000000000002,301.20000000000005,12.1,0.0,12.1,12.1
NH17 Crossing Boko,Kamrup Metropolitan,25.9775,91.23416667,2025-03-27 22:45:00,3,86,50.2,50.2,150.60000000000002,301.20000000000005,12.1,0.0,12.1,12.1
NH17 Crossing Boko,Kamrup Metropolitan,25.9775,91.23416667,2025-03-27 23:00:00,3,86,50.2,50.2,150.60000000000002,301.20000000000005,12.1,0.0,12.1,12.1
NH17 Crossing Boko,Kamrup Metropolitan,25.9775,91.23416667,2025-03-27 23:15:00,3,86,50.2,50.2,150.60000000000002,301.20000000000005,12.1,0.0,12.1,12.1
NH17 Crossing Boko,Kamrup Metropolitan,25.9775,91.23416667,2025-03-27 23:30:00,3,86,50.2,50.2,150.60000000000002,301.20000000000005,12.1,0.0,12.1,12.1
NH17 Crossing Boko,Kamrup Metropolitan,25.9775,91.23416667,2025-03-27 23:45:00,3,86,50.2,50.2,150.60000000000002,301.20000000000005,12.1,0.0,12.1,12.1
NH17 Crossing Boko,Kamrup Metropolitan,25.9775,91.23416667,2025-03-28 00:00:00,3,87,50.2,50.2,150.60000000000002,301.20000000000005,12.1,0.0,12.1,12.1
NH17 Crossing Boko,Kamrup Metropolitan,25.9775,91.23416667,2025-03-28 00:15:00,3,87,50.2,50.2,150.60000000000002,301.20000000000005,12.1,0.0,12.1,12.1
NH17 Crossing Boko,Kamrup Metropolitan,25.9775,91.23416667,2025-03-28 00:30:00,3,87,50.2,50.2,150.60000000000002,301.20000000000005,12.1,0.0,12.1,12.1
NH17 Crossing Boko,Kamrup Metropolitan,25.9775,91.23416667,2025-03-28 00:45:00,3,87,50.2,50.2,150.60000000000002,301.20000000000005,12.1,0.0,12.1,12.1
NH17 Crossing Boko,Kamrup Metropolitan,25.9775,91.23416667,2025-03-28 01:00:00,3,87,50.2,50.2,150.60000000000002,301.20000000000005,12.1,0.0,12.1,12.1
NH17 Crossing Boko,Kamrup Metropolitan,25.9775,91.23416667,2025-03-28 01:15:00,3,87,50.2,50.2,150.60000000000002,301.20000000000005,12.1,0.0,12.1,12.1
NH17 Crossing Boko,Kamrup Metropolitan,25.9775,91.23416667,2025-03-28 01:30:00,3,87,50.2,50.2,150.60000000000002,301.20000000000005,12.1,0.0,12.1,12.1
NH17 Crossing Boko,Kamrup Metropolitan,25.9775,91.23416667,2025-03-28 02:00:00,3,87,50.2,50.2,150.60000000000002,301.20000000000005,12.1,0.0,12.1,12.1
NH17 Crossing Boko,Kamrup Metropolitan,25.9775,91.23416667,2025-03-28 02:15:00,3,87,50.2,50.2,150.60000000000002,301.20000000000005,12.1,0.0,12.1,12.1
NH17 Crossing Boko,Kamrup Metropolitan,25.9775,91.23416667,2025-03-28 02:30:00,3,87,50.2,50.2,150.60000000000002,301.20000000000005,12.1,0.0,12.1,12.1
NH17 Crossing Boko,Kamrup Metropolitan,25.9775,91.23416667,2025-03-28 02:45:00,3,87,50.2,50.2,150.60000000000002,301.20000000000005,12.1,0.0,12.1,12.1
NH17 Crossing Boko,Kamrup Metropolitan,25.9775,91.23416667,2025-03-28 03:00:00,3,87,50.2,50.2,150.60000000000002,301.20000000000005,12.1,0.0,12.1,12.1
NH17 Crossing Boko,Kamrup Metropolitan,25.9775,91.23416667,2025-03-28 03:15:00,3,87,50.2,50.2,150.60000000000002,301.20000000000005,12.1,0.0,12.1,12.1
NH17 Crossing Boko,Kamrup Metropolitan,25.9775,91.23416667,2025-03-28 03:30:00,3,87,50.2,50.2,150.60000000000002,301.20000000000005,12.1,0.0,12.1,12.1
NH17 Crossing Boko,Kamrup Metropolitan,25.9775,91.23416667,2025-03-28 03:45:00,3,87,50.2,50.2,150.60000000000002,301.20000000000005,12.1,0.0,12.1,12.1
NH17 Crossing Boko,Kamrup Metropolitan,25.9775,91.23416667,2025-03-28 04:00:00,3,87,50.2,50.2,150.60000000000002,301.20000000000005,12.1,0.0,12.1,12.1
NH17 Crossing Boko,Kamrup Metropolitan,25.9775,91.23416667,2025-03-28 04:15:00,3,87,50.2,50.2,150.60000000000002,301.20000000000005,12.1,0.0,12.1,12.1
NH17 Crossing Boko,Kamrup Metropolitan,25.9775,91.23416667,2025-03-28 04:30:00,3,87,50.2,50.2,150.60000000000002,301.20000000000005,12.0,-0.09999999999999964,12.066666666666672,12.1
NH17 Crossing Boko,Kamrup Metropolitan,25.9775,91.23416667,2025-03-28 04:45:00,3,87,50.2,50.2,150.60000000000002,301.20000000000005,12.1,0.09999999999999964,12.06666666666667,12.1
NH17 Crossing Boko,Kamrup Metropolitan,25.9775,91.23416667,2025-03-28 05:00:00,3,87,50.2,50.2,150.60000000000002,301.20000000000005,12.1,0.0,12.066666666666672,12.1
NH17 Crossing Boko,Kamrup Metropolitan,25.9775,91.23416667,2025-03-28 05:15:00,3,87,50.2,50.2,150.60000000000002,301.20000000000005,12.1,0.0,12.1,12.1
NH17 Crossing Boko,Kamrup Metropolitan,25.9775,91.23416667,2025-03-28 05:30:00,3,87,50.2,50.2,150.60000000000002,301.20000000000005,12.1,0.0,12.1,12.1
NH17 Crossing Boko,Kamrup Metropolitan,25.9775,91.23416667,2025-03-28 05:45:00,3,87,50.2,50.2,150.60000000000002,301.20000000000005,12.0,-0.09999999999999964,12.066666666666672,12.1
NH17 Crossing Boko,Kamrup Metropolitan,25.9775,91.23416667,2025-03-28 06:00:00,3,87,50.2,50.2,150.60000000000002,301.20000000000005,12.0,0.0,12.033333333333337,12.1
NH17 Crossing Boko,Kamrup Metropolitan,25.9775,91.23416667,2025-03-28 06:15:00,3,87,50.2,50.2,150.60000000000002,301.20000000000005,12.0,0.0,12.0,12.1
NH17 Crossing Boko,Kamrup Metropolitan,25.9775,91.23416667,2025-03-28 06:30:00,3,87,50.2,50.2,150.60000000000002,301.20000000000005,12.0,0.0,12.0,12.1
NH17 Crossing Boko,Kamrup Metropolitan,25.9775,91.23416667,2025-03-28 07:00:00,3,87,50.2,50.2,150.60000000000002,301.20000000000005,12.1,0.09999999999999964,12.033333333333339,12.1
NH17 Crossing Boko,Kamrup Metropolitan,25.9775,91.23416667,2025-03-28 07:15:00,3,87,50.2,50.2,150.60000000000002,301.20000000000005,12.1,0.0,12.066666666666672,12.1
NH17 Crossing Boko,Kamrup Metropolitan,25.9775,91.23416667,2025-03-28 07:30:00,3,87,50.2,50.2,150.60000000000002,301.20000000000005,12.1,0.0,12.1,12.1
NH17 Crossing Boko,Kamrup Metropolitan,25.9775,91.23416667,2025-03-28 07:45:00,3,87,50.2,50.2,150.60000000000002,301.20000000000005,12.1,0.0,12.1,12.1
NH17 Crossing Boko,Kamrup Metropolitan,25.9775,91.23416667,2025-03-28 08:00:00,3,87,50.2,50.2,150.60000000000002,301.20000000000005,12.1,0.0,12.1,12.1
NH17 Crossing Boko,Kamrup Metropolitan,25.9775,91.23416667,2025-03-28 08:15:00,3,87,50.2,50.2,150.60000000000002,301.20000000000005,12.1,0.0,12.1,12.1
NH17 Crossing Boko,Kamrup Metropolitan,25.9775,91.23416667,2025-03-28 08:30:00,3,87,50.2,50.2,150.60000000000002,301.20000000000005,12.1,0.0,12.1,12.1
NH17 Crossing Boko,Kamrup Metropolitan,25.9775,91.23416667,2025-03-28 08:45:00,3,87,50.2,50.2,150.60000000000002,301.20000000000005,12.1,0.0,12.1,12.1
NH17 Crossing Boko,Kamrup Metropolitan,25.9775,91.23416667,2025-03-28 09:00:00,3,87,50.2,50.2,150.60000000000002,301.20000000000005,12.1,0.0,12.1,12.1
NH17 Crossing Boko,Kamrup Metropolitan,25.9775,91.23416667,2025-03-28 09:15:00,3,87,50.2,50.2,150.60000000000002,301.20000000000005,12.2,0.09999999999999964,12.133333333333338,12.2
NH17 Crossing Boko,Kamrup Metropolitan,25.9775,91.23416667,2025-03-28 09:30:00,3,87,50.2,50.2,150.60000000000002,301.20000000000005,12.2,0.0,12.166666666666671,12.2
NH17 Crossing Boko,Kamrup Metropolitan,25.9775,91.23416667,2025-03-28 09:45:00,3,87,50.2,50.2,150.60000000000002,301.20000000000005,12.2,0.0,12.2,12.2
NH17 Crossing Boko,Kamrup Metropolitan,25.9775,91.23416667,2025-03-28 10:00:00,3,87,50.2,50.2,150.60000000000002,301.20000000000005,12.2,0.0,12.2,12.2
NH17 Crossing Boko,Kamrup Metropolitan,25.9775,91.23416667,2025-03-28 10:15:00,3,87,50.2,50.2,150.60000000000002,301.20000000000005,12.3,0.10000000000000142,12.233333333333336,12.3
NH17 Crossing Boko,Kamrup Metropolitan,25.9775,91.23416667,2025-03-28 10:30:00,3,87,50.2,50.2,150.60000000000002,301.20000000000005,12.3,0.0,12.266666666666673,12.3
NH17 Crossing Boko,Kamrup Metropolitan,25.9775,91.23416667,2025-03-28 10:45:00,3,87,50.2,50.2,150.60000000000002,301.20000000000005,12.3,0.0,12.3,12.3
NH17 Crossing Boko,Kamrup Metropolitan,25.9775,91.23416667,2025-03-28 11:00:00,3,87,50.2,50.2,150.60000000000002,301.20000000000005,12.4,0.09999999999999964,12.333333333333337,12.4
NH17 Crossing Boko,Kamrup Metropolitan,25.9775,91.23416667,2025-03-28 11:45:00,3,87,50.2,50.2,150.60000000000002,301.20000000000005,12.4,0.0,12.366666666666672,12.4
NH17 Crossing Boko,Kamrup Metropolitan,25.9775,91.23416667,2025-03-28 12:00:00,3,87,50.2,50.2,150.60000000000002,301.20000000000005,12.4,0.0,12.4,12.4
NH17 Crossing Boko,Kamrup Metropolitan,25.9775,91.23416667,2025-03-28 12:15:00,3,87,50.2,50.2,150.60000000000002,301.20000000000005,12.4,0.0,12.4,12.4
NH17 Crossing Boko,Kamrup Metropolitan,25.9775,91.23416667,2025-03-28 12:30:00,3,87,50.2,50.2,150.60000000000002,301.20000000000005,12.4,0.0,12.4,12.4
NH17 Crossing Boko,Kamrup Metropolitan,25.9775,91.23416667,2025-03-28 12:45:00,3,87,50.2,50.2,150.60000000000002,301.20000000000005,12.5,0.09999999999999964,12.433333333333337,12.5
NH17 Crossing Boko,Kamrup Metropolitan,25.9775,91.23416667,2025-03-28 13:00:00,3,87,50.2,50.2,150.60000000000002,301.20000000000005,12.5,0.0,12.466666666666674,12.5
NH17 Crossing Boko,Kamrup Metropolitan,25.9775,91.23416667,2025-03-28 13:15:00,3,87,50.2,50.2,150.60000000000002,301.20000000000005,12.5,0.0,12.5,12.5
NH17 Crossing Boko,Kamrup Metropolitan,25.9775,91.23416667,2025-03-28 13:30:00,3,87,50.2,50.2,150.60000000000002,301.20000000000005,12.5,0.0,12.5,12.5
NH17 Crossing Boko,Kamrup Metropolitan,25.9775,91.23416667,2025-03-28 13:45:00,3,87,50.2,50.2,150.60000000000002,301.20000000000005,12.5,0.0,12.5,12.5
NH17 Crossing Boko,Kamrup Metropolitan,25.9775,91.23416667,2025-03-28 14:00:00,3,87,50.2,50.2,150.60000000000002,301.20000000000005,12.5,0.0,12.5,12.5
NH17 Crossing Boko,Kamrup Metropolitan,25.9775,91.23416667,2025-03-28 14:15:00,3,87,50.2,50.2,150.60000000000002,301.20000000000005,12.5,0.0,12.5,12.5
NH17 Crossing Boko,Kamrup Metropolitan,25.9775,91.23416667,2025-03-28 14:30:00,3,87,50.2,50.2,150.60000000000002,301.20000000000005,12.5,0.0,12.5,12.5
NH17 Crossing Boko,Kamrup Metropolitan,25.9775,91.23416667,2025-03-28 14:45:00,3,87,50.2,50.2,150.60000000000002,301.20000000000005,12.5,0.0,12.5,12.5
NH17 Crossing Boko,Kamrup Metropolitan,25.9775,91.23416667,2025-03-28 15:00:00,3,87,50.2,50.2,150.60000000000002,301.20000000000005,12.5,0.0,12.5,12.5
NH17 Crossing Boko,Kamrup Metropolitan,25.9775,91.23416667,2025-03-28 15:15:00,3,87,50.2,50.2,150.60000000000002,301.20000000000005,12.4,-0.09999999999999964,12.46666666666667,12.5
NH17 Crossing Boko,Kamrup Metropolitan,25.9775,91.23416667,2025-03-28 15:30:00,3,87,50.2,50.2,150.60000000000002,301.20000000000005,12.4,0.0,12.433333333333337,12.5
NH17 Crossing Boko,Kamrup Metropolitan,25.9775,91.23416667,2025-03-28 15:45:00,3,87,50.2,50.2,150.60000000000002,301.20000000000005,12.4,0.0,12.4,12.5
NH17 Crossing Boko,Kamrup Metropolitan,25.9775,91.23416667,2025-03-28 16:15:00,3,87,50.2,50.2,150.60000000000002,301.20000000000005,12.4,0.0,12.4,12.5
NH17 Crossing Boko,Kamrup Metropolitan,25.9775,91.23416667,2025-03-28 16:30:00,3,87,50.2,50.2,150.60000000000002,301.20000000000005,12.4,0.0,12.4,12.5
NH17 Crossing Boko,Kamrup Metropolitan,25.9775,91.23416667,2025-03-28 16:45:00,3,87,50.2,50.2,150.60000000000002,301.20000000000005,12.2,-0.20000000000000107,12.333333333333337,12.4
NH17 Crossing Boko,Kamrup Metropolitan,25.9775,91.23416667,2025-03-28 17:00:00,3,87,50.2,50.2,150.60000000000002,301.20000000000005,12.2,0.0,12.266666666666671,12.4
NH17 Crossing Boko,Kamrup Metropolitan,25.9775,91.23416667,2025-03-28 17:15:00,3,87,50.2,50.2,150.60000000000002,301.20000000000005,12.2,0.0,12.2,12.4
NH17 Crossing Boko,Kamrup Metropolitan,25.9775,91.23416667,2025-03-28 17:30:00,3,87,50.2,50.2,150.60000000000002,301.20000000000005,12.2,0.0,12.2,12.4
NH17 Crossing Boko,Kamrup Metropolitan,25.9775,91.23416667,2025-03-28 17:45:00,3,87,50.2,50.2,150.60000000000002,301.20000000000005,12.2,0.0,12.2,12.4
NH17 Crossing Boko,Kamrup Metropolitan,25.9775,91.23416667,2025-03-28 18:00:00,3,87,50.2,50.2,150.60000000000002,301.20000000000005,12.1,-0.09999999999999964,12.166666666666671,12.2
NH17 Crossing Boko,Kamrup Metropolitan,25.9775,91.23416667,2025-03-28 18:15:00,3,87,50.2,50.2,150.60000000000002,301.20000000000005,12.1,0.0,12.133333333333338,12.2
NH17 Crossing Boko,Kamrup Metropolitan,25.9775,91.23416667,2025-03-28 18:30:00,3,87,50.2,50.2,150.60000000000002,301.20000000000005,12.1,0.0,12.1,12.2
NH17 Crossing Boko,Kamrup Metropolitan,25.9775,91.23416667,2025-03-28 18:45:00,3,87,50.2,50.2,150.60000000000002,301.20000000000005,12.1,0.0,12.1,12.2
NH17 Crossing Boko,Kamrup Metropolitan,25.9775,91.23416667,2025-03-28 19:00:00,3,87,50.2,50.2,150.60000000000002,301.20000000000005,12.1,0.0,12.1,12.2
NH17 Crossing Boko,Kamrup Metropolitan,25.9775,91.23416667,2025-03-28 19:15:00,3,87,50.2,50.2,150.60000000000002,301.20000000000005,12.1,0.0,12.1,12.1
NH17 Crossing Boko,Kamrup Metropolitan,25.9775,91.23416667,2025-03-28 19:30:00,3,87,50.2,50.2,150.60000000000002,301.20000000000005,12.1,0.0,12.1,12.1
NH17 Crossing Boko,Kamrup Metropolitan,25.9775,91.23416667,2025-03-28 19:45:00,3,87,50.2,50.2,150.60000000000002,301.20000000000005,12.1,0.0,12.1,12.1
NH17 Crossing Boko,Kamrup Metropolitan,25.9775,91.23416667,2025-03-28 20:00:00,3,87,50.2,50.2,150.60000000000002,301.20000000000005,12.1,0.0,12.1,12.1
NH17 Crossing Boko,Kamrup Metropolitan,25.9775,91.23416667,2025-03-28 20:15:00,3,87,50.2,50.2,150.60000000000002,301.20000000000005,12.1,0.0,12.1,12.1
NH17 Crossing Boko,Kamrup Metropolitan,25.9775,91.23416667,2025-03-28 20:30:00,3,87,50.2,50.2,150.60000000000002,301.20000000000005,12.1,0.0,12.1,12.1
NH17 Crossing Boko,Kamrup Metropolitan,25.9775,91.23416667,2025-03-28 20:45:00,3,87,50.2,50.2,150.60000000000002,301.20000000000005,12.1,0.0,12.1,12.1
NH17 Crossing Boko,Kamrup Metropolitan,25.9775,91.23416667,2025-03-28 21:00:00,3,87,50.2,50.2,150.60000000000002,301.20000000000005,12.1,0.0,12.1,12.1
NH17 Crossing Boko,Kamrup Metropolitan,25.9775,91.23416667,2025-03-28 21:15:00,3,87,50.2,50.2,150.60000000000002,301.20000000000005,12.1,0.0,12.1,12.1
NH17 Crossing Boko,Kamrup Metropolitan,25.9775,91.23416667,2025-03-28 21:30:00,3,87,50.2,50.2,150.60000000000002,301.20000000000005,12.1,0.0,12.1,12.1
NH17 Crossing Boko,Kamrup Metropolitan,25.9775,91.23416667,2025-03-28 21:45:00,3,87,50.2,50.2,150.60000000000002,301.20000000000005,12.1,0.0,12.1,12.1
NH17 Crossing Boko,Kamrup Metropolitan,25.9775,91.23416667,2025-03-28 22:00:00,3,87,50.2,50.2,150.60000000000002,301.20000000000005,12.1,0.0,12.1,12.1
NH17 Crossing Boko,Kamrup Metropolitan,25.9775,91.23416667,2025-03-28 22:15:00,3,87,50.2,50.2,150.60000000000002,301.20000000000005,12.1,0.0,12.1,12.1
NH17 Crossing Boko,Kamrup Metropolitan,25.9775,91.23416667,2025-03-28 22:30:00,3,87,50.2,50.2,150.60000000000002,301.20000000000005,12.1,0.0,12.1,12.1
NH17 Crossing Boko,Kamrup Metropolitan,25.9775,91.23416667,2025-03-28 22:45:00,3,87,50.2,50.2,150.60000000000002,301.20000000000005,12.1,0.0,12.1,12.1
NH17 Crossing Boko,Kamrup Metropolitan,25.9775,91.23416667,2025-03-28 23:00:00,3,87,50.2,50.2,150.60000000000002,301.20000000000005,12.1,0.0,12.1,12.1
NH17 Crossing Boko,Kamrup Metropolitan,25.9775,91.23416667,2025-03-28 23:15:00,3,87,50.2,50.2,150.60000000000002,301.20000000000005,12.1,0.0,12.1,12.1
NH17 Crossing Boko,Kamrup Metropolitan,25.9775,91.23416667,2025-03-28 23:30:00,3,87,50.2,50.2,150.60000000000002,301.20000000000005,12.1,0.0,12.1,12.1
NH17 Crossing Boko,Kamrup Metropolitan,25.9775,91.23416667,2025-03-28 23:45:00,3,87,50.2,50.2,150.60000000000002,301.20000000000005,12.1,0.0,12.1,12.1
NH17 Crossing Boko,Kamrup Metropolitan,25.9775,91.23416667,2025-03-29 00:00:00,3,88,50.2,50.2,150.60000000000002,301.20000000000005,12.1,0.0,12.1,12.1
NH17 Crossing Boko,Kamrup Metropolitan,25.9775,91.23416667,2025-03-29 00:15:00,3,88,50.2,50.2,150.60000000000002,301.20000000000005,12.1,0.0,12.1,12.1
NH17 Crossing Boko,Kamrup Metropolitan,25.9775,91.23416667,2025-03-29 00:30:00,3,88,50.2,50.2,150.60000000000002,301.20000000000005,12.1,0.0,12.1,12.1
NH17 Crossing Boko,Kamrup Metropolitan,25.9775,91.23416667,2025-03-29 00:45:00,3,88,50.2,50.2,150.60000000000002,301.20000000000005,12.1,0.0,12.1,12.1
NH17 Crossing Boko,Kamrup Metropolitan,25.9775,91.23416667,2025-03-29 01:00:00,3,88,50.2,50.2,150.60000000000002,301.20000000000005,12.1,0.0,12.1,12.1
NH17 Crossing Boko,Kamrup Metropolitan,25.9775,91.23416667,2025-03-29 01:15:00,3,88,50.2,50.2,150.60000000000002,301.20000000000005,12.1,0.0,12.1,12.1
NH17 Crossing Boko,Kamrup Metropolitan,25.9775,91.23416667,2025-03-29 01:30:00,3,88,50.2,50.2,150.60000000000002,301.20000000000005,12.0,-0.09999999999999964,12.06666666666667,12.1
NH17 Crossing Boko,Kamrup Metropolitan,25.9775,91.23416667,2025-03-29 01:45:00,3,88,50.2,50.2,150.60000000000002,301.20000000000005,12.1,0.09999999999999964,12.066666666666672,12.1
NH17 Crossing Boko,Kamrup Metropolitan,25.9775,91.23416667,2025-03-29 02:00:00,3,88,50.2,50.2,150.60000000000002,301.20000000000005,12.1,0.0,12.06666666666667,12.1
NH17 Crossing Boko,Kamrup Metropolitan,25.9775,91.23416667,2025-03-29 02:15:00,3,88,50.2,50.2,150.60000000000002,301.20000000000005,12.0,-0.09999999999999964,12.06666666666667,12.1
NH17 Crossing Boko,Kamrup Metropolitan,25.9775,91.23416667,2025-03-29 02:30:00,3,88,50.2,50.2,150.60000000000002,301.20000000000005,12.0,0.0,12.033333333333339,12.1
NH17 Crossing Boko,Kamrup Metropolitan,25.9775,91.23416667,2025-03-29 02:45:00,3,88,50.2,50.2,150.60000000000002,301.20000000000005,12.0,0.0,12.0,12.1
NH17 Crossing Boko,Kamrup Metropolitan,25.9775,91.23416667,2025-03-29 03:00:00,3,88,50.2,50.2,150.60000000000002,301.20000000000005,12.0,0.0,12.0,12.1
NH17 Crossing Boko,Kamrup Metropolitan,25.9775,91.23416667,2025-03-29 03:15:00,3,88,50.2,50.2,150.60000000000002,301.20000000000005,12.0,0.0,12.0,12.1
NH17 Crossing Boko,Kamrup Metropolitan,25.9775,91.23416667,2025-03-29 03:30:00,3,88,50.2,50.2,150.60000000000002,301.20000000000005,12.0,0.0,12.0,12.0
NH17 Crossing Boko,Kamrup Metropolitan,25.9775,91.23416667,2025-03-29 03:45:00,3,88,50.2,50.2,150.60000000000002,301.20000000000005,12.0,0.0,12.0,12.0
NH17 Crossing Boko,Kamrup Metropolitan,25.9775,91.23416667,2025-03-29 04:00:00,3,88,50.2,50.2,150.60000000000002,301.20000000000005,12.0,0.0,12.0,12.0
NH17 Crossing Boko,Kamrup Metropolitan,25.9775,91.23416667,2025-03-29 04:15:00,3,88,50.2,50.2,150.60000000000002,301.20000000000005,12.0,0.0,12.0,12.0
NH17 Crossing Boko,Kamrup Metropolitan,25.9775,91.23416667,2025-03-29 04:30:00,3,88,50.2,50.2,150.60000000000002,301.20000000000005,12.0,0.0,12.0,12.0
NH17 Crossing Boko,Kamrup Metropolitan,25.9775,91.23416667,2025-03-29 04:45:00,3,88,50.2,50.2,150.60000000000002,301.20000000000005,12.0,0.0,12.0,12.0
NH17 Crossing Boko,Kamrup Metropolitan,25.9775,91.23416667,2025-03-29 05:00:00,3,88,50.2,50.2,150.60000000000002,301.20000000000005,12.0,0.0,12.0,12.0
NH17 Crossing Boko,Kamrup Metropolitan,25.9775,91.23416667,2025-03-29 05:15:00,3,88,50.2,50.2,150.60000000000002,301.20000000000005,12.0,0.0,12.0,12.0
NH17 Crossing Boko,Kamrup Metropolitan,25.9775,91.23416667,2025-03-29 05:30:00,3,88,50.2,50.2,150.60000000000002,301.20000000000005,12.0,0.0,12.0,12.0
NH17 Crossing Boko,Kamrup Metropolitan,25.9775,91.23416667,2025-03-29 05:45:00,3,88,50.2,50.2,150.60000000000002,301.20000000000005,12.0,0.0,12.0,12.0
NH17 Crossing Boko,Kamrup Metropolitan,25.9775,91.23416667,2025-03-29 06:00:00,3,88,50.2,50.2,150.60000000000002,301.20000000000005,12.0,0.0,12.0,12.0
NH17 Crossing Boko,Kamrup Metropolitan,25.9775,91.23416667,2025-03-29 06:15:00,3,88,50.2,50.2,150.60000000000002,301.20000000000005,12.0,0.0,12.0,12.0
NH17 Crossing Boko,Kamrup Metropolitan,25.9775,91.23416667,2025-03-29 06:30:00,3,88,50.2,50.2,150.60000000000002,301.20000000000005,12.0,0.0,12.0,12.0
NH17 Crossing Boko,Kamrup Metropolitan,25.9775,91.23416667,2025-03-29 06:45:00,3,88,50.2,50.2,150.60000000000002,301.20000000000005,12.0,0.0,12.0,12.0
NH17 Crossing Boko,Kamrup Metropolitan,25.9775,91.23416667,2025-03-29 07:00:00,3,88,50.2,50.2,150.60000000000002,301.20000000000005,12.0,0.0,12.0,12.0
NH17 Crossing Boko,Kamrup Metropolitan,25.9775,91.23416667,2025-03-29 07:15:00,3,88,50.2,50.2,150.60000000000002,301.20000000000005,12.0,0.0,12.0,12.0
NH17 Crossing Boko,Kamrup Metropolitan,25.9775,91.23416667,2025-03-29 07:30:00,3,88,50.2,50.2,150.60000000000002,301.20000000000005,12.0,0.0,12.0,12.0
NH17 Crossing Boko,Kamrup Metropolitan,25.9775,91.23416667,2025-03-29 07:45:00,3,88,50.2,50.2,150.60000000000002,301.20000000000005,12.0,0.0,12.0,12.0
NH17 Crossing Boko,Kamrup Metropolitan,25.9775,91.23416667,2025-03-29 08:00:00,3,88,50.2,50.2,150.60000000000002,301.20000000000005,12.0,0.0,12.0,12.0
NH17 Crossing Boko,Kamrup Metropolitan,25.9775,91.23416667,2025-03-29 08:15:00,3,88,50.2,50.2,150.60000000000002,301.20000000000005,12.1,0.09999999999999964,12.033333333333337,12.1
NH17 Crossing Boko,Kamrup Metropolitan,25.9775,91.23416667,2025-03-29 08:30:00,3,88,50.2,50.2,150.60000000000002,301.20000000000005,12.1,0.0,12.06666666666667,12.1
NH17 Crossing Boko,Kamrup Metropolitan,25.9775,91.23416667,2025-03-29 08:45:00,3,88,50.2,50.2,150.60000000000002,301.20000000000005,12.1,0.0,12.1,12.1
NH17 Crossing Boko,Kamrup Metropolitan,25.9775,91.23416667,2025-03-29 09:00:00,3,88,50.2,50.2,150.60000000000002,301.20000000000005,12.1,0.0,12.1,12.1
NH17 Crossing Boko,Kamrup Metropolitan,25.9775,91.23416667,2025-03-29 09:15:00,3,88,50.2,50.2,150.60000000000002,301.20000000000005,12.1,0.0,12.1,12.1
NH17 Crossing Boko,Kamrup Metropolitan,25.9775,91.23416667,2025-03-29 09:30:00,3,88,50.2,50.2,150.60000000000002,301.20000000000005,12.1,0.0,12.1,12.1
NH17 Crossing Boko,Kamrup Metropolitan,25.9775,91.23416667,2025-03-29 09:45:00,3,88,50.2,50.2,150.60000000000002,301.20000000000005,12.1,0.0,12.1,12.1
NH17 Crossing Boko,Kamrup Metropolitan,25.9775,91.23416667,2025-03-29 10:00:00,3,88,50.2,50.2,150.60000000000002,301.20000000000005,12.2,0.09999999999999964,12.133333333333338,12.2
NH17 Crossing Boko,Kamrup Metropolitan,25.9775,91.23416667,2025-03-29 10:15:00,3,88,50.2,50.2,150.60000000000002,301.20000000000005,12.2,0.0,12.166666666666671,12.2
NH17 Crossing Boko,Kamrup Metropolitan,25.9775,91.23416667,2025-03-29 10:30:00,3,88,50.2,50.2,150.60000000000002,301.20000000000005,12.2,0.0,12.2,12.2
NH17 Crossing Boko,Kamrup Metropolitan,25.9775,91.23416667,2025-03-29 10:45:00,3,88,50.2,50.2,150.60000000000002,301.20000000000005,12.2,0.0,12.2,12.2
NH17 Crossing Boko,Kamrup Metropolitan,25.9775,91.23416667,2025-03-29 11:00:00,3,88,50.2,50.2,150.60000000000002,301.20000000000005,12.2,0.0,12.2,12.2
NH17 Crossing Boko,Kamrup Metropolitan,25.9775,91.23416667,2025-03-29 11:15:00,3,88,50.2,50.2,150.60000000000002,301.20000000000005,12.3,0.10000000000000142,12.23333333333334,12.3
NH17 Crossing Boko,Kamrup Metropolitan,25.9775,91.23416667,2025-03-29 11:30:00,3,88,50.2,50.2,150.60000000000002,301.20000000000005,12.2,-0.10000000000000142,12.23333333333334,12.3
NH17 Crossing Boko,Kamrup Metropolitan,25.9775,91.23416667,2025-03-29 11:45:00,3,88,50.2,50.2,150.60000000000002,301.20000000000005,12.3,0.10000000000000142,12.266666666666671,12.3
NH17 Crossing Boko,Kamrup Metropolitan,25.9775,91.23416667,2025-03-29 12:00:00,3,88,50.2,50.2,150.60000000000002,301.20000000000005,12.4,0.09999999999999964,12.300000000000004,12.4
NH17 Crossing Boko,Kamrup Metropolitan,25.9775,91.23416667,2025-03-29 12:15:00,3,88,50.2,50.2,150.60000000000002,301.20000000000005,12.4,0.0,12.366666666666672,12.4
NH17 Crossing Boko,Kamrup Metropolitan,25.9775,91.23416667,2025-03-29 12:30:00,3,88,50.2,50.2,150.60000000000002,301.20000000000005,12.4,0.0,12.4,12.4
NH17 Crossing Boko,Kamrup Metropolitan,25.9775,91.23416667,2025-03-29 12:45:00,3,88,50.2,50.2,150.60000000000002,301.20000000000005,12.4,0.0,12.4,12.4
NH17 Crossing Boko,Kamrup Metropolitan,25.9775,91.23416667,2025-03-29 13:00:00,3,88,50.2,50.2,150.60000000000002,301.20000000000005,12.4,0.0,12.4,12.4
NH17 Crossing Boko,Kamrup Metropolitan,25.9775,91.23416667,2025-03-29 13:15:00,3,88,50.2,50.2,150.60000000000002,301.20000000000005,12.4,0.0,12.4,12.4
NH17 Crossing Boko,Kamrup Metropolitan,25.9775,91.23416667,2025-03-29 13:30:00,3,88,50.2,50.2,150.60000000000002,301.20000000000005,12.4,0.0,12.4,12.4
NH17 Crossing Boko,Kamrup Metropolitan,25.9775,91.23416667,2025-03-29 13:45:00,3,88,50.2,50.2,150.60000000000002,301.20000000000005,12.5,0.09999999999999964,12.433333333333339,12.5
NH17 Crossing Boko,Kamrup Metropolitan,25.9775,91.23416667,2025-03-29 14:00:00,3,88,50.2,50.2,150.60000000000002,301.20000000000005,12.5,0.0,12.46666666666667,12.5
NH17 Crossing Boko,Kamrup Metropolitan,25.9775,91.23416667,2025-03-29 14:15:00,3,88,50.2,50.2,150.60000000000002,301.20000000000005,12.5,0.0,12.5,12.5
NH17 Crossing Boko,Kamrup Metropolitan,25.9775,91.23416667,2025-03-29 14:30:00,3,88,50.2,50.2,150.60000000000002,301.20000000000005,12.5,0.0,12.5,12.5
NH17 Crossing Boko,Kamrup Metropolitan,25.9775,91.23416667,2025-03-29 14:45:00,3,88,50.2,50.2,150.60000000000002,301.20000000000005,12.4,-0.09999999999999964,12.466666666666674,12.5
NH17 Crossing Boko,Kamrup Metropolitan,25.9775,91.23416667,2025-03-29 15:00:00,3,88,50.2,50.2,150.60000000000002,301.20000000000005,12.4,0.0,12.433333333333339,12.5
NH17 Crossing Boko,Kamrup Metropolitan,25.9775,91.23416667,2025-03-29 15:15:00,3,88,50.2,50.2,150.60000000000002,301.20000000000005,12.4,0.0,12.4,12.5
NH17 Crossing Boko,Kamrup Metropolitan,25.9775,91.23416667,2025-03-29 15:30:00,3,88,50.2,50.2,150.60000000000002,301.20000000000005,12.4,0.0,12.4,12.5
NH17 Crossing Boko,Kamrup Metropolitan,25.9775,91.23416667,2025-03-29 15:45:00,3,88,50.2,50.2,150.60000000000002,301.20000000000005,12.4,0.0,12.4,12.5
NH17 Crossing Boko,Kamrup Metropolitan,25.9775,91.23416667,2025-03-29 16:00:00,3,88,50.2,50.2,150.60000000000002,301.20000000000005,12.4,0.0,12.4,12.4
NH17 Crossing Boko,Kamrup Metropolitan,25.9775,91.23416667,2025-03-29 16:15:00,3,88,50.2,50.2,150.60000000000002,301.20000000000005,12.2,-0.20000000000000107,12.333333333333337,12.4
NH17 Crossing Boko,Kamrup Metropolitan,25.9775,91.23416667,2025-03-29 16:30:00,3,88,50.2,50.2,150.60000000000002,301.20000000000005,12.2,0.0,12.266666666666671,12.4
NH17 Crossing Boko,Kamrup Metropolitan,25.9775,91.23416667,2025-03-29 16:45:00,3,88,50.2,50.2,150.60000000000002,301.20000000000005,12.2,0.0,12.2,12.4
NH17 Crossing Boko,Kamrup Metropolitan,25.9775,91.23416667,2025-03-29 17:00:00,3,88,50.2,50.2,150.60000000000002,301.20000000000005,12.2,0.0,12.2,12.4
NH17 Crossing Boko,Kamrup Metropolitan,25.9775,91.23416667,2025-03-29 17:15:00,3,88,50.2,50.2,150.60000000000002,301.20000000000005,12.2,0.0,12.2,12.4
NH17 Crossing Boko,Kamrup Metropolitan,25.9775,91.23416667,2025-03-29 17:30:00,3,88,50.2,50.2,150.60000000000002,301.20000000000005,12.1,-0.09999999999999964,12.166666666666671,12.2
NH17 Crossing Boko,Kamrup Metropolitan,25.9775,91.23416667,2025-03-29 17:45:00,3,88,50.2,50.2,150.60000000000002,301.20000000000005,12.1,0.0,12.133333333333338,12.2
NH17 Crossing Boko,Kamrup Metropolitan,25.9775,91.23416667,2025-03-29 18:00:00,3,88,50.2,50.2,150.60000000000002,301.20000000000005,12.1,0.0,12.1,12.2
NH17 Crossing Boko,Kamrup Metropolitan,25.9775,91.23416667,2025-03-29 18:15:00,3,88,50.2,50.2,150.60000000000002,301.20000000000005,12.1,0.0,12.1,12.2
NH17 Crossing Boko,Kamrup Metropolitan,25.9775,91.23416667,2025-03-29 18:30:00,3,88,50.2,50.2,150.60000000000002,301.20000000000005,12.1,0.0,12.1,12.2
NH17 Crossing Boko,Kamrup Metropolitan,25.9775,91.23416667,2025-03-29 18:45:00,3,88,50.2,50.2,150.60000000000002,301.20000000000005,12.1,0.0,12.1,12.1
NH17 Crossing Boko,Kamrup Metropolitan,25.9775,91.23416667,2025-03-29 19:00:00,3,88,50.2,50.2,150.60000000000002,301.20000000000005,12.1,0.0,12.1,12.1
NH17 Crossing Boko,Kamrup Metropolitan,25.9775,91.23416667,2025-03-29 19:15:00,3,88,50.2,50.2,150.60000000000002,301.20000000000005,12.1,0.0,12.1,12.1
NH17 Crossing Boko,Kamrup Metropolitan,25.9775,91.23416667,2025-03-29 19:30:00,3,88,50.2,50.2,150.60000000000002,301.20000000000005,12.1,0.0,12.1,12.1
NH17 Crossing Boko,Kamrup Metropolitan,25.9775,91.23416667,2025-03-29 19:45:00,3,88,50.2,50.2,150.60000000000002,301.20000000000005,12.1,0.0,12.1,12.1
NH17 Crossing Boko,Kamrup Metropolitan,25.9775,91.23416667,2025-03-29 20:00:00,3,88,50.2,50.2,150.60000000000002,301.20000000000005,12.1,0.0,12.1,12.1
NH17 Crossing Boko,Kamrup Metropolitan,25.9775,91.23416667,2025-03-29 20:15:00,3,88,50.2,50.2,150.60000000000002,301.20000000000005,12.1,0.0,12.1,12.1
NH17 Crossing Boko,Kamrup Metropolitan,25.9775,91.23416667,2025-03-29 20:30:00,3,88,50.2,50.2,150.60000000000002,301.20000000000005,12.0,-0.09999999999999964,12.06666666666667,12.1
NH17 Crossing Boko,Kamrup Metropolitan,25.9775,91.23416667,2025-03-29 20:45:00,3,88,50.2,50.2,150.60000000000002,301.20000000000005,12.0,0.0,12.033333333333339,12.1
NH17 Crossing Boko,Kamrup Metropolitan,25.9775,91.23416667,2025-03-29 21:00:00,3,88,50.2,50.2,150.60000000000002,301.20000000000005,12.0,0.0,12.0,12.1
NH17 Crossing Boko,Kamrup Metropolitan,25.9775,91.23416667,2025-03-29 21:15:00,3,88,50.2,50.2,150.60000000000002,301.20000000000005,12.0,0.0,12.0,12.1
NH17 Crossing Boko,Kamrup Metropolitan,25.9775,91.23416667,2025-03-29 21:30:00,3,88,50.2,50.2,150.60000000000002,301.20000000000005,12.0,0.0,12.0,12.1
NH17 Crossing Boko,Kamrup Metropolitan,25.9775,91.23416667,2025-03-29 21:45:00,3,88,50.2,50.2,150.60000000000002,301.20000000000005,12.0,0.0,12.0,12.0
NH17 Crossing Boko,Kamrup Metropolitan,25.9775,91.23416667,2025-03-29 22:00:00,3,88,50.2,50.2,150.60000000000002,301.20000000000005,12.0,0.0,12.0,12.0
NH17 Crossing Boko,Kamrup Metropolitan,25.9775,91.23416667,2025-03-29 22:15:00,3,88,50.2,50.2,150.60000000000002,301.20000000000005,12.0,0.0,12.0,12.0
NH17 Crossing Boko,Kamrup Metropolitan,25.9775,91.23416667,2025-03-29 22:30:00,3,88,50.2,50.2,150.60000000000002,301.20000000000005,12.0,0.0,12.0,12.0
NH17 Crossing Boko,Kamrup Metropolitan,25.9775,91.23416667,2025-03-29 22:45:00,3,88,50.2,50.2,150.60000000000002,301.20000000000005,12.0,0.0,12.0,12.0
NH17 Crossing Boko,Kamrup Metropolitan,25.9775,91.23416667,2025-03-29 23:00:00,3,88,50.2,50.2,150.60000000000002,301.20000000000005,12.0,0.0,12.0,12.0
NH17 Crossing Boko,Kamrup Metropolitan,25.9775,91.23416667,2025-03-29 23:15:00,3,88,50.2,50.2,150.60000000000002,301.20000000000005,12.0,0.0,12.0,12.0
NH17 Crossing Boko,Kamrup Metropolitan,25.9775,91.23416667,2025-03-29 23:30:00,3,88,50.2,50.2,150.60000000000002,301.20000000000005,12.0,0.0,12.0,12.0
NH17 Crossing Boko,Kamrup Metropolitan,25.9775,91.23416667,2025-03-29 23:45:00,3,88,50.2,50.2,150.60000000000002,301.20000000000005,12.0,0.0,12.0,12.0
NH17 Crossing Boko,Kamrup Metropolitan,25.9775,91.23416667,2025-03-30 00:00:00,3,89,50.2,50.2,150.60000000000002,301.20000000000005,12.0,0.0,12.0,12.0
NH17 Crossing Boko,Kamrup Metropolitan,25.9775,91.23416667,2025-03-30 00:15:00,3,89,50.2,50.2,150.60000000000002,301.20000000000005,12.0,0.0,12.0,12.0
NH17 Crossing Boko,Kamrup Metropolitan,25.9775,91.23416667,2025-03-30 00:30:00,3,89,50.2,50.2,150.60000000000002,301.20000000000005,12.0,0.0,12.0,12.0
NH17 Crossing Boko,Kamrup Metropolitan,25.9775,91.23416667,2025-03-30 00:45:00,3,89,50.2,50.2,150.60000000000002,301.20000000000005,12.0,0.0,12.0,12.0
NH17 Crossing Boko,Kamrup Metropolitan,25.9775,91.23416667,2025-03-30 01:00:00,3,89,50.2,50.2,150.60000000000002,301.20000000000005,12.0,0.0,12.0,12.0
NH17 Crossing Boko,Kamrup Metropolitan,25.9775,91.23416667,2025-03-30 01:15:00,3,89,50.2,50.2,150.60000000000002,301.20000000000005,12.0,0.0,12.0,12.0
NH17 Crossing Boko,Kamrup Metropolitan,25.9775,91.23416667,2025-03-30 01:30:00,3,89,50.2,50.2,150.60000000000002,301.20000000000005,12.0,0.0,12.0,12.0
NH17 Crossing Boko,Kamrup Metropolitan,25.9775,91.23416667,2025-03-30 01:45:00,3,89,50.2,50.2,150.60000000000002,301.20000000000005,12.0,0.0,12.0,12.0
NH17 Crossing Boko,Kamrup Metropolitan,25.9775,91.23416667,2025-03-30 02:00:00,3,89,50.2,50.2,150.60000000000002,301.20000000000005,11.9,-0.09999999999999964,11.96666666666667,12.0
NH17 Crossing Boko,Kamrup Metropolitan,25.9775,91.23416667,2025-03-30 02:15:00,3,89,50.2,50.2,150.60000000000002,301.20000000000005,11.9,0.0,11.933333333333337,12.0
NH17 Crossing Boko,Kamrup Metropolitan,25.9775,91.23416667,2025-03-30 02:30:00,3,89,50.2,50.2,150.60000000000002,301.20000000000005,12.0,0.09999999999999964,11.933333333333337,12.0
NH17 Crossing Boko,Kamrup Metropolitan,25.9775,91.23416667,2025-03-30 02:45:00,3,89,50.2,50.2,150.60000000000002,301.20000000000005,12.0,0.0,11.96666666666667,12.0
NH17 Crossing Boko,Kamrup Metropolitan,25.9775,91.23416667,2025-03-30 03:00:00,3,89,50.2,50.2,150.60000000000002,301.20000000000005,12.0,0.0,12.0,12.0
NH17 Crossing Boko,Kamrup Metropolitan,25.9775,91.23416667,2025-03-30 03:15:00,3,89,50.2,50.2,150.60000000000002,301.20000000000005,12.0,0.0,12.0,12.0
NH17 Crossing Boko,Kamrup Metropolitan,25.9775,91.23416667,2025-03-30 03:30:00,3,89,50.2,50.2,150.60000000000002,301.20000000000005,11.9,-0.09999999999999964,11.966666666666674,12.0
NH17 Crossing Boko,Kamrup Metropolitan,25.9775,91.23416667,2025-03-30 03:45:00,3,89,50.2,50.2,150.60000000000002,301.20000000000005,12.0,0.09999999999999964,11.966666666666674,12.0
NH17 Crossing Boko,Kamrup Metropolitan,25.9775,91.23416667,2025-03-30 04:00:00,3,89,50.2,50.2,150.60000000000002,301.20000000000005,12.0,0.0,11.966666666666674,12.0
NH17 Crossing Boko,Kamrup Metropolitan,25.9775,91.23416667,2025-03-30 04:15:00,3,89,50.2,50.2,150.60000000000002,301.20000000000005,11.9,-0.09999999999999964,11.96666666666667,12.0
NH17 Crossing Boko,Kamrup Metropolitan,25.9775,91.23416667,2025-03-30 04:30:00,3,89,50.2,50.2,150.60000000000002,301.20000000000005,11.9,0.0,11.933333333333337,12.0
NH17 Crossing Boko,Kamrup Metropolitan,25.9775,91.23416667,2025-03-30 04:45:00,3,89,50.2,50.2,150.60000000000002,301.20000000000005,12.0,0.09999999999999964,11.933333333333337,12.0
NH17 Crossing Boko,Kamrup Metropolitan,25.9775,91.23416667,2025-03-30 05:00:00,3,89,50.2,50.2,150.60000000000002,301.20000000000005,12.0,0.0,11.966666666666674,12.0
NH17 Crossing Boko,Kamrup Metropolitan,25.9775,91.23416667,2025-03-30 05:15:00,3,89,50.2,50.2,150.60000000000002,301.20000000000005,11.9,-0.09999999999999964,11.96666666666667,12.0
NH17 Crossing Boko,Kamrup Metropolitan,25.9775,91.23416667,2025-03-30 05:30:00,3,89,50.2,50.2,150.60000000000002,301.20000000000005,11.9,0.0,11.933333333333337,12.0
NH17 Crossing Boko,Kamrup Metropolitan,25.9775,91.23416667,2025-03-30 05:45:00,3,89,50.2,50.2,150.60000000000002,301.20000000000005,11.9,0.0,11.9,12.0
NH17 Crossing Boko,Kamrup Metropolitan,25.9775,91.23416667,2025-03-30 06:00:00,3,89,50.2,50.2,150.60000000000002,301.20000000000005,12.0,0.09999999999999964,11.933333333333339,12.0
NH17 Crossing Boko,Kamrup Metropolitan,25.9775,91.23416667,2025-03-30 06:15:00,3,89,50.2,50.2,150.60000000000002,301.20000000000005,12.0,0.0,11.96666666666667,12.0
NH17 Crossing Boko,Kamrup Metropolitan,25.9775,91.23416667,2025-03-30 06:45:00,3,89,50.2,50.2,150.60000000000002,301.20000000000005,11.9,-0.09999999999999964,11.966666666666674,12.0
NH17 Crossing Boko,Kamrup Metropolitan,25.9775,91.23416667,2025-03-30 07:00:00,3,89,50.2,50.2,150.60000000000002,301.20000000000005,11.9,0.0,11.933333333333339,12.0
NH17 Crossing Boko,Kamrup Metropolitan,25.9775,91.23416667,2025-03-30 07:15:00,3,89,50.2,50.2,150.60000000000002,301.20000000000005,11.9,0.0,11.9,12.0
NH17 Crossing Boko,Kamrup Metropolitan,25.9775,91.23416667,2025-03-30 07:30:00,3,89,50.2,50.2,150.60000000000002,301.20000000000005,12.0,0.09999999999999964,11.933333333333337,12.0
NH17 Crossing Boko,Kamrup Metropolitan,25.9775,91.23416667,2025-03-30 07:45:00,3,89,50.2,50.2,150.60000000000002,301.20000000000005,12.0,0.0,11.966666666666674,12.0
NH17 Crossing Boko,Kamrup Metropolitan,25.9775,91.23416667,2025-03-30 08:00:00,3,89,50.2,50.2,150.60000000000002,301.20000000000005,12.0,0.0,12.0,12.0
NH17 Crossing Boko,Kamrup Metropolitan,25.9775,91.23416667,2025-03-30 08:15:00,3,89,50.2,50.2,150.60000000000002,301.20000000000005,12.0,0.0,12.0,12.0
NH17 Crossing Boko,Kamrup Metropolitan,25.9775,91.23416667,2025-03-30 08:45:00,3,89,50.2,50.2,150.60000000000002,301.20000000000005,12.1,0.09999999999999964,12.033333333333339,12.1
NH17 Crossing Boko,Kamrup Metropolitan,25.9775,91.23416667,2025-03-30 09:00:00,3,89,50.2,50.2,150.60000000000002,301.20000000000005,12.1,0.0,12.066666666666672,12.1
NH17 Crossing Boko,Kamrup Metropolitan,25.9775,91.23416667,2025-03-30 09:15:00,3,89,50.2,50.2,150.60000000000002,301.20000000000005,12.1,0.0,12.1,12.1
NH17 Crossing Boko,Kamrup Metropolitan,25.9775,91.23416667,2025-03-30 09:30:00,3,89,50.2,50.2,150.60000000000002,301.20000000000005,12.1,0.0,12.1,12.1
NH17 Crossing Boko,Kamrup Metropolitan,25.9775,91.23416667,2025-03-30 09:45:00,3,89,50.2,50.2,150.60000000000002,301.20000000000005,12.1,0.0,12.1,12.1
NH17 Crossing Boko,Kamrup Metropolitan,25.9775,91.23416667,2025-03-30 10:00:00,3,89,50.2,50.2,150.60000000000002,301.20000000000005,12.2,0.09999999999999964,12.133333333333338,12.2
NH17 Crossing Boko,Kamrup Metropolitan,25.9775,91.23416667,2025-03-30 10:15:00,3,89,50.2,50.2,150.60000000000002,301.20000000000005,12.2,0.0,12.166666666666671,12.2
NH17 Crossing Boko,Kamrup Metropolitan,25.9775,91.23416667,2025-03-30 10:30:00,3,89,50.2,50.2,150.60000000000002,301.20000000000005,12.2,0.0,12.2,12.2
NH17 Crossing Boko,Kamrup Metropolitan,25.9775,91.23416667,2025-03-30 10:45:00,3,89,50.2,50.2,150.60000000000002,301.20000000000005,12.2,0.0,12.2,12.2
NH17 Crossing Boko,Kamrup Metropolitan,25.9775,91.23416667,2025-03-30 11:00:00,3,89,50.2,50.2,150.60000000000002,301.20000000000005,12.2,0.0,12.2,12.2
NH17 Crossing Boko,Kamrup Metropolitan,25.9775,91.23416667,2025-03-30 11:15:00,3,89,50.2,50.2,150.60000000000002,301.20000000000005,12.2,0.0,12.2,12.2
NH17 Crossing Boko,Kamrup Metropolitan,25.9775,91.23416667,2025-03-30 11:30:00,3,89,50.2,50.2,150.60000000000002,301.20000000000005,12.2,0.0,12.2,12.2
NH17 Crossing Boko,Kamrup Metropolitan,25.9775,91.23416667,2025-03-30 11:45:00,3,89,50.2,50.2,150.60000000000002,301.20000000000005,12.2,0.0,12.2,12.2
NH17 Crossing Boko,Kamrup Metropolitan,25.9775,91.23416667,2025-03-30 12:00:00,3,89,50.2,50.2,150.60000000000002,301.20000000000005,12.3,0.10000000000000142,12.233333333333336,12.3
NH17 Crossing Boko,Kamrup Metropolitan,25.9775,91.23416667,2025-03-30 12:15:00,3,89,50.2,50.2,150.60000000000002,301.20000000000005,12.4,0.09999999999999964,12.300000000000006,12.4
NH17 Crossing Boko,Kamrup Metropolitan,25.9775,91.23416667,2025-03-30 12:30:00,3,89,50.2,50.2,150.60000000000002,301.20000000000005,12.4,0.0,12.366666666666672,12.4
NH17 Crossing Boko,Kamrup Metropolitan,25.9775,91.23416667,2025-03-30 12:45:00,3,89,50.2,50.2,150.60000000000002,301.20000000000005,12.4,0.0,12.4,12.4
NH17 Crossing Boko,Kamrup Metropolitan,25.9775,91.23416667,2025-03-30 13:00:00,3,89,50.2,50.2,150.60000000000002,301.20000000000005,12.4,0.0,12.4,12.4
NH17 Crossing Boko,Kamrup Metropolitan,25.9775,91.23416667,2025-03-30 13:15:00,3,89,50.2,50.2,150.60000000000002,301.20000000000005,12.4,0.0,12.4,12.4
NH17 Crossing Boko,Kamrup Metropolitan,25.9775,91.23416667,2025-03-30 13:30:00,3,89,50.2,50.2,150.60000000000002,301.20000000000005,12.5,0.09999999999999964,12.433333333333337,12.5
NH17 Crossing Boko,Kamrup Metropolitan,25.9775,91.23416667,2025-03-30 13:45:00,3,89,50.2,50.2,150.60000000000002,301.20000000000005,12.4,-0.09999999999999964,12.433333333333339,12.5
NH17 Crossing Boko,Kamrup Metropolitan,25.9775,91.23416667,2025-03-30 14:15:00,3,89,50.2,50.2,150.60000000000002,301.20000000000005,12.5,0.09999999999999964,12.46666666666667,12.5
NH17 Crossing Boko,Kamrup Metropolitan,25.9775,91.23416667,2025-03-30 14:30:00,3,89,50.2,50.2,150.60000000000002,301.20000000000005,12.4,-0.09999999999999964,12.433333333333337,12.5
NH17 Crossing Boko,Kamrup Metropolitan,25.9775,91.23416667,2025-03-30 14:45:00,3,89,50.2,50.2,150.60000000000002,301.20000000000005,12.4,0.0,12.433333333333339,12.5
NH17 Crossing Boko,Kamrup Metropolitan,25.9775,91.23416667,2025-03-30 15:15:00,3,89,50.2,50.2,150.60000000000002,301.20000000000005,12.4,0.0,12.4,12.5
NH17 Crossing Boko,Kamrup Metropolitan,25.9775,91.23416667,2025-03-30 15:30:00,3,89,50.2,50.2,150.60000000000002,301.20000000000005,12.4,0.0,12.4,12.5
NH17 Crossing Boko,Kamrup Metropolitan,25.9775,91.23416667,2025-03-30 15:45:00,3,89,50.2,50.2,150.60000000000002,301.20000000000005,12.3,-0.09999999999999964,12.366666666666672,12.5
NH17 Crossing Boko,Kamrup Metropolitan,25.9775,91.23416667,2025-03-30 16:00:00,3,89,50.2,50.2,150.60000000000002,301.20000000000005,12.2,-0.10000000000000142,12.300000000000004,12.4
NH17 Crossing Boko,Kamrup Metropolitan,25.9775,91.23416667,2025-03-30 16:15:00,3,89,50.2,50.2,150.60000000000002,301.20000000000005,12.2,0.0,12.23333333333334,12.4
NH17 Crossing Boko,Kamrup Metropolitan,25.9775,91.23416667,2025-03-30 16:30:00,3,89,50.2,50.2,150.60000000000002,301.20000000000005,12.2,0.0,12.2,12.4
NH17 Crossing Boko,Kamrup Metropolitan,25.9775,91.23416667,2025-03-30 16:45:00,3,89,50.2,50.2,150.60000000000002,301.20000000000005,12.2,0.0,12.2,12.4
NH17 Crossing Boko,Kamrup Metropolitan,25.9775,91.23416667,2025-03-30 17:00:00,3,89,50.2,50.2,150.60000000000002,301.20000000000005,12.1,-0.09999999999999964,12.166666666666671,12.3
NH17 Crossing Boko,Kamrup Metropolitan,25.9775,91.23416667,2025-03-30 17:15:00,3,89,50.2,50.2,150.60000000000002,301.20000000000005,12.1,0.0,12.133333333333338,12.2
NH17 Crossing Boko,Kamrup Metropolitan,25.9775,91.23416667,2025-03-30 17:30:00,3,89,50.2,50.2,150.60000000000002,301.20000000000005,12.1,0.0,12.1,12.2
NH17 Crossing Boko,Kamrup Metropolitan,25.9775,91.23416667,2025-03-30 17:45:00,3,89,50.2,50.2,150.60000000000002,301.20000000000005,12.1,0.0,12.1,12.2
NH17 Crossing Boko,Kamrup Metropolitan,25.9775,91.23416667,2025-03-30 18:00:00,3,89,50.2,50.2,150.60000000000002,301.20000000000005,12.1,0.0,12.1,12.2
NH17 Crossing Boko,Kamrup Metropolitan,25.9775,91.23416667,2025-03-30 18:15:00,3,89,50.2,50.2,150.60000000000002,301.20000000000005,12.1,0.0,12.1,12.1
NH17 Crossing Boko,Kamrup Metropolitan,25.9775,91.23416667,2025-03-30 18:30:00,3,89,50.2,50.2,150.60000000000002,301.20000000000005,12.1,0.0,12.1,12.1
NH17 Crossing Boko,Kamrup Metropolitan,25.9775,91.23416667,2025-03-30 18:45:00,3,89,50.2,50.2,150.60000000000002,301.20000000000005,12.0,-0.09999999999999964,12.066666666666672,12.1
NH17 Crossing Boko,Kamrup Metropolitan,25.9775,91.23416667,2025-03-30 19:00:00,3,89,50.2,50.2,150.60000000000002,301.20000000000005,12.0,0.0,12.033333333333337,12.1
NH17 Crossing Boko,Kamrup Metropolitan,25.9775,91.23416667,2025-03-30 19:15:00,3,89,50.2,50.2,150.60000000000002,301.20000000000005,12.0,0.0,12.0,12.1
NH17 Crossing Boko,Kamrup Metropolitan,25.9775,91.23416667,2025-03-30 19:30:00,3,89,50.2,50.2,150.60000000000002,301.20000000000005,12.0,0.0,12.0,12.1
NH17 Crossing Boko,Kamrup Metropolitan,25.9775,91.23416667,2025-03-30 19:45:00,3,89,50.2,50.2,150.60000000000002,301.20000000000005,12.0,0.0,12.0,12.1
NH17 Crossing Boko,Kamrup Metropolitan,25.9775,91.23416667,2025-03-30 20:00:00,3,89,50.2,50.2,150.60000000000002,301.20000000000005,12.0,0.0,12.0,12.0
NH17 Crossing Boko,Kamrup Metropolitan,25.9775,91.23416667,2025-03-30 20:15:00,3,89,50.2,50.2,150.60000000000002,301.20000000000005,12.0,0.0,12.0,12.0
NH17 Crossing Boko,Kamrup Metropolitan,25.9775,91.23416667,2025-03-30 20:30:00,3,89,50.2,50.2,150.60000000000002,301.20000000000005,12.0,0.0,12.0,12.0
NH17 Crossing Boko,Kamrup Metropolitan,25.9775,91.23416667,2025-03-30 20:45:00,3,89,50.2,50.2,150.60000000000002,301.20000000000005,12.0,0.0,12.0,12.0
NH17 Crossing Boko,Kamrup Metropolitan,25.9775,91.23416667,2025-03-30 21:00:00,3,89,50.2,50.2,150.60000000000002,301.20000000000005,12.0,0.0,12.0,12.0
NH17 Crossing Boko,Kamrup Metropolitan,25.9775,91.23416667,2025-03-30 21:15:00,3,89,50.2,50.2,150.60000000000002,301.20000000000005,12.0,0.0,12.0,12.0
NH17 Crossing Boko,Kamrup Metropolitan,25.9775,91.23416667,2025-03-30 21:30:00,3,89,50.2,50.2,150.60000000000002,301.20000000000005,12.0,0.0,12.0,12.0
NH17 Crossing Boko,Kamrup Metropolitan,25.9775,91.23416667,2025-03-30 21:45:00,3,89,50.2,50.2,150.60000000000002,301.20000000000005,12.0,0.0,12.0,12.0
NH17 Crossing Boko,Kamrup Metropolitan,25.9775,91.23416667,2025-03-30 22:00:00,3,89,50.2,50.2,150.60000000000002,301.20000000000005,12.0,0.0,12.0,12.0
NH17 Crossing Boko,Kamrup Metropolitan,25.9775,91.23416667,2025-03-30 22:15:00,3,89,50.2,50.2,150.60000000000002,301.20000000000005,12.0,0.0,12.0,12.0
NH17 Crossing Boko,Kamrup Metropolitan,25.9775,91.23416667,2025-03-30 22:30:00,3,89,50.2,50.2,150.60000000000002,301.20000000000005,12.0,0.0,12.0,12.0
NH17 Crossing Boko,Kamrup Metropolitan,25.9775,91.23416667,2025-03-30 22:45:00,3,89,50.2,50.2,150.60000000000002,301.20000000000005,12.0,0.0,12.0,12.0
NH17 Crossing Boko,Kamrup Metropolitan,25.9775,91.23416667,2025-03-30 23:00:00,3,89,50.2,50.2,150.60000000000002,301.20000000000005,12.0,0.0,12.0,12.0
NH17 Crossing Boko,Kamrup Metropolitan,25.9775,91.23416667,2025-03-30 23:15:00,3,89,50.2,50.2,150.60000000000002,301.20000000000005,11.9,-0.09999999999999964,11.96666666666667,12.0
NH17 Crossing Boko,Kamrup Metropolitan,25.9775,91.23416667,2025-03-30 23:30:00,3,89,50.2,50.2,150.60000000000002,301.20000000000005,11.9,0.0,11.933333333333337,12.0
NH17 Crossing Boko,Kamrup Metropolitan,25.9775,91.23416667,2025-03-30 23:45:00,3,89,50.2,50.2,150.60000000000002,301.20000000000005,12.0,0.09999999999999964,11.933333333333337,12.0
NH17 Crossing Boko,Kamrup Metropolitan,25.9775,91.23416667,2025-03-31 00:00:00,3,90,50.2,50.2,150.60000000000002,301.20000000000005,11.9,-0.09999999999999964,11.933333333333339,12.0
NH17 Crossing Boko,Kamrup Metropolitan,25.9775,91.23416667,2025-03-31 00:15:00,3,90,50.2,50.2,150.60000000000002,301.20000000000005,11.9,0.0,11.933333333333337,12.0
NH17 Crossing Boko,Kamrup Metropolitan,25.9775,91.23416667,2025-03-31 00:30:00,3,90,50.2,50.2,150.60000000000002,301.20000000000005,12.0,0.09999999999999964,11.933333333333337,12.0
NH17 Crossing Boko,Kamrup Metropolitan,25.9775,91.23416667,2025-03-31 00:45:00,3,90,50.2,50.2,150.60000000000002,301.20000000000005,11.9,-0.09999999999999964,11.933333333333339,12.0
NH17 Crossing Boko,Kamrup Metropolitan,25.9775,91.23416667,2025-03-31 01:00:00,3,90,50.2,50.2,150.60000000000002,301.20000000000005,11.9,0.0,11.933333333333337,12.0
NH17 Crossing Boko,Kamrup Metropolitan,25.9775,91.23416667,2025-03-31 01:15:00,3,90,50.2,50.2,150.60000000000002,301.20000000000005,11.9,0.0,11.9,12.0
NH17 Crossing Boko,Kamrup Metropolitan,25.9775,91.23416667,2025-03-31 01:30:00,3,90,50.2,50.2,150.60000000000002,301.20000000000005,11.9,0.0,11.9,12.0
NH17 Crossing Boko,Kamrup Metropolitan,25.9775,91.23416667,2025-03-31 01:45:00,3,90,50.2,50.2,150.60000000000002,301.20000000000005,11.9,0.0,11.9,12.0
NH17 Crossing Boko,Kamrup Metropolitan,25.9775,91.23416667,2025-03-31 02:00:00,3,90,50.2,50.2,150.60000000000002,301.20000000000005,11.9,0.0,11.9,11.9
NH17 Crossing Boko,Kamrup Metropolitan,25.9775,91.23416667,2025-03-31 02:15:00,3,90,50.2,50.2,150.60000000000002,301.20000000000005,11.9,0.0,11.9,11.9
NH17 Crossing Boko,Kamrup Metropolitan,25.9775,91.23416667,2025-03-31 02:30:00,3,90,50.2,50.2,150.60000000000002,301.20000000000005,11.9,0.0,11.9,11.9
NH17 Crossing Boko,Kamrup Metropolitan,25.9775,91.23416667,2025-03-31 02:45:00,3,90,50.2,50.2,150.60000000000002,301.20000000000005,11.9,0.0,11.9,11.9
NH17 Crossing Boko,Kamrup Metropolitan,25.9775,91.23416667,2025-03-31 03:00:00,3,90,50.2,50.2,150.60000000000002,301.20000000000005,11.9,0.0,11.9,11.9
NH17 Crossing Boko,Kamrup Metropolitan,25.9775,91.23416667,2025-03-31 03:15:00,3,90,50.2,50.2,150.60000000000002,301.20000000000005,11.9,0.0,11.9,11.9
NH17 Crossing Boko,Kamrup Metropolitan,25.9775,91.23416667,2025-03-31 03:30:00,3,90,50.2,50.2,150.60000000000002,301.20000000000005,11.9,0.0,11.9,11.9
NH17 Crossing Boko,Kamrup Metropolitan,25.9775,91.23416667,2025-03-31 03:45:00,3,90,50.2,50.2,150.60000000000002,301.20000000000005,11.9,0.0,11.9,11.9
NH17 Crossing Boko,Kamrup Metropolitan,25.9775,91.23416667,2025-03-31 04:00:00,3,90,50.2,50.2,150.60000000000002,301.20000000000005,11.9,0.0,11.9,11.9
NH17 Crossing Boko,Kamrup Metropolitan,25.9775,91.23416667,2025-03-31 04:15:00,3,90,50.2,50.2,150.60000000000002,301.20000000000005,11.9,0.0,11.9,11.9
NH17 Crossing Boko,Kamrup Metropolitan,25.9775,91.23416667,2025-03-31 04:30:00,3,90,50.2,50.2,150.60000000000002,301.20000000000005,11.9,0.0,11.9,11.9
NH17 Crossing Boko,Kamrup Metropolitan,25.9775,91.23416667,2025-03-31 04:45:00,3,90,50.2,50.2,150.60000000000002,301.20000000000005,11.9,0.0,11.9,11.9
NH17 Crossing Boko,Kamrup Metropolitan,25.9775,91.23416667,2025-03-31 05:00:00,3,90,50.2,50.2,150.60000000000002,301.20000000000005,11.9,0.0,11.9,11.9
NH17 Crossing Boko,Kamrup Metropolitan,25.9775,91.23416667,2025-03-31 05:15:00,3,90,50.2,50.2,150.60000000000002,301.20000000000005,11.9,0.0,11.9,11.9
NH17 Crossing Boko,Kamrup Metropolitan,25.9775,91.23416667,2025-03-31 05:30:00,3,90,50.2,50.2,150.60000000000002,301.20000000000005,11.9,0.0,11.9,11.9
NH17 Crossing Boko,Kamrup Metropolitan,25.9775,91.23416667,2025-03-31 05:45:00,3,90,50.2,50.2,150.60000000000002,301.20000000000005,11.9,0.0,11.9,11.9
NH17 Crossing Boko,Kamrup Metropolitan,25.9775,91.23416667,2025-03-31 06:00:00,3,90,50.2,50.2,150.60000000000002,301.20000000000005,11.9,0.0,11.9,11.9
NH17 Crossing Boko,Kamrup Metropolitan,25.9775,91.23416667,2025-03-31 06:15:00,3,90,50.2,50.2,150.60000000000002,301.20000000000005,11.9,0.0,11.9,11.9
NH17 Crossing Boko,Kamrup Metropolitan,25.9775,91.23416667,2025-03-31 06:30:00,3,90,50.2,50.2,150.60000000000002,301.20000000000005,11.9,0.0,11.9,11.9
NH17 Crossing Boko,Kamrup Metropolitan,25.9775,91.23416667,2025-03-31 06:45:00,3,90,50.2,50.2,150.60000000000002,301.20000000000005,11.9,0.0,11.9,11.9
NH17 Crossing Boko,Kamrup Metropolitan,25.9775,91.23416667,2025-03-31 07:00:00,3,90,50.2,50.2,150.60000000000002,301.20000000000005,11.9,0.0,11.9,11.9
NH17 Crossing Boko,Kamrup Metropolitan,25.9775,91.23416667,2025-03-31 07:15:00,3,90,50.2,50.2,150.60000000000002,301.20000000000005,11.9,0.0,11.9,11.9
NH17 Crossing Boko,Kamrup Metropolitan,25.9775,91.23416667,2025-03-31 07:30:00,3,90,50.2,50.2,150.60000000000002,301.20000000000005,11.9,0.0,11.9,11.9
NH17 Crossing Boko,Kamrup Metropolitan,25.9775,91.23416667,2025-03-31 07:45:00,3,90,50.2,50.2,150.60000000000002,301.20000000000005,11.9,0.0,11.9,11.9
NH17 Crossing Boko,Kamrup Metropolitan,25.9775,91.23416667,2025-03-31 08:00:00,3,90,50.2,50.2,150.60000000000002,301.20000000000005,11.9,0.0,11.9,11.9
NH17 Crossing Boko,Kamrup Metropolitan,25.9775,91.23416667,2025-03-31 08:15:00,3,90,50.2,50.2,150.60000000000002,301.20000000000005,11.9,0.0,11.9,11.9
NH17 Crossing Boko,Kamrup Metropolitan,25.9775,91.23416667,2025-03-31 08:30:00,3,90,50.2,50.2,150.60000000000002,301.20000000000005,12.0,0.09999999999999964,11.933333333333339,12.0
NH17 Crossing Boko,Kamrup Metropolitan,25.9775,91.23416667,2025-03-31 08:45:00,3,90,50.2,50.2,150.60000000000002,301.20000000000005,12.0,0.0,11.96666666666667,12.0
NH17 Crossing Boko,Kamrup Metropolitan,25.9775,91.23416667,2025-03-31 09:00:00,3,90,50.2,50.2,150.60000000000002,301.20000000000005,12.0,0.0,12.0,12.0
NH17 Crossing Boko,Kamrup Metropolitan,25.9775,91.23416667,2025-03-31 09:15:00,3,90,50.2,50.2,150.60000000000002,301.20000000000005,12.0,0.0,12.0,12.0
NH17 Crossing Boko,Kamrup Metropolitan,25.9775,91.23416667,2025-03-31 09:30:00,3,90,50.2,50.2,150.60000000000002,301.20000000000005,12.1,0.09999999999999964,12.033333333333339,12.1
NH17 Crossing Boko,Kamrup Metropolitan,25.9775,91.23416667,2025-03-31 09:45:00,3,90,50.2,50.2,150.60000000000002,301.20000000000005,12.1,0.0,12.066666666666672,12.1
NH17 Crossing Boko,Kamrup Metropolitan,25.9775,91.23416667,2025-03-31 10:00:00,3,90,50.2,50.2,150.60000000000002,301.20000000000005,12.1,0.0,12.1,12.1
NH17 Crossing Boko,Kamrup Metropolitan,25.9775,91.23416667,2025-03-31 10:15:00,3,90,50.2,50.2,150.60000000000002,301.20000000000005,12.1,0.0,12.1,12.1
NH17 Crossing Boko,Kamrup Metropolitan,25.9775,91.23416667,2025-03-31 10:30:00,3,90,50.2,50.2,150.60000000000002,301.20000000000005,12.1,0.0,12.1,12.1
NH17 Crossing Boko,Kamrup Metropolitan,25.9775,91.23416667,2025-03-31 10:45:00,3,90,50.2,50.2,150.60000000000002,301.20000000000005,12.1,0.0,12.1,12.1
NH17 Crossing Boko,Kamrup Metropolitan,25.9775,91.23416667,2025-03-31 11:00:00,3,90,50.2,50.2,150.60000000000002,301.20000000000005,12.1,0.0,12.1,12.1
NH17 Crossing Boko,Kamrup Metropolitan,25.9775,91.23416667,2025-03-31 11:15:00,3,90,50.2,50.2,150.60000000000002,301.20000000000005,12.1,0.0,12.1,12.1
NH17 Crossing Boko,Kamrup Metropolitan,25.9775,91.23416667,2025-03-31 11:30:00,3,90,50.2,50.2,150.60000000000002,301.20000000000005,12.1,0.0,12.1,12.1
NH17 Crossing Boko,Kamrup Metropolitan,25.9775,91.23416667,2025-03-31 11:45:00,3,90,50.2,50.2,150.60000000000002,301.20000000000005,12.1,0.0,12.1,12.1
NH17 Crossing Boko,Kamrup Metropolitan,25.9775,91.23416667,2025-03-31 12:00:00,3,90,50.2,50.2,150.60000000000002,301.20000000000005,12.2,0.09999999999999964,12.133333333333338,12.2
NH17 Crossing Boko,Kamrup Metropolitan,25.9775,91.23416667,2025-03-31 12:15:00,3,90,50.2,50.2,150.60000000000002,301.20000000000005,12.2,0.0,12.166666666666671,12.2
NH17 Crossing Boko,Kamrup Metropolitan,25.9775,91.23416667,2025-03-31 12:30:00,3,90,50.2,50.2,150.60000000000002,301.20000000000005,12.2,0.0,12.2,12.2
NH17 Crossing Boko,Kamrup Metropolitan,25.9775,91.23416667,2025-03-31 12:45:00,3,90,50.2,50.2,150.60000000000002,301.20000000000005,12.3,0.10000000000000142,12.23333333333334,12.3
NH17 Crossing Boko,Kamrup Metropolitan,25.9775,91.23416667,2025-03-31 13:00:00,3,90,50.2,50.2,150.60000000000002,301.20000000000005,12.3,0.0,12.266666666666671,12.3
NH17 Crossing Boko,Kamrup Metropolitan,25.9775,91.23416667,2025-03-31 13:15:00,3,90,50.2,50.2,150.60000000000002,301.20000000000005,12.4,0.09999999999999964,12.333333333333337,12.4
NH17 Crossing Boko,Kamrup Metropolitan,25.9775,91.23416667,2025-03-31 13:30:00,3,90,50.2,50.2,150.60000000000002,301.20000000000005,12.4,0.0,12.366666666666672,12.4
NH17 Crossing Boko,Kamrup Metropolitan,25.9775,91.23416667,2025-03-31 13:45:00,3,90,50.2,50.2,150.60000000000002,301.20000000000005,12.4,0.0,12.4,12.4
NH17 Crossing Boko,Kamrup Metropolitan,25.9775,91.23416667,2025-03-31 14:00:00,3,90,50.2,50.2,150.60000000000002,301.20000000000005,12.4,0.0,12.4,12.4
NH17 Crossing Boko,Kamrup Metropolitan,25.9775,91.23416667,2025-03-31 14:15:00,3,90,50.2,50.2,150.60000000000002,301.20000000000005,12.4,0.0,12.4,12.4
NH17 Crossing Boko,Kamrup Metropolitan,25.9775,91.23416667,2025-03-31 14:30:00,3,90,50.2,50.2,150.60000000000002,301.20000000000005,12.4,0.0,12.4,12.4
NH17 Crossing Boko,Kamrup Metropolitan,25.9775,91.23416667,2025-03-31 14:45:00,3,90,50.2,50.2,150.60000000000002,301.20000000000005,12.3,-0.09999999999999964,12.366666666666672,12.4
NH17 Crossing Boko,Kamrup Metropolitan,25.9775,91.23416667,2025-03-31 15:00:00,3,90,50.2,50.2,150.60000000000002,301.20000000000005,12.2,-0.10000000000000142,12.300000000000004,12.4
NH17 Crossing Boko,Kamrup Metropolitan,25.9775,91.23416667,2025-03-31 15:15:00,3,90,50.2,50.2,150.60000000000002,301.20000000000005,12.2,0.0,12.23333333333334,12.4
NH17 Crossing Boko,Kamrup Metropolitan,25.9775,91.23416667,2025-03-31 15:30:00,3,90,50.2,50.2,150.60000000000002,301.20000000000005,12.2,0.0,12.2,12.4
NH17 Crossing Boko,Kamrup Metropolitan,25.9775,91.23416667,2025-03-31 15:45:00,3,90,50.2,50.2,150.60000000000002,301.20000000000005,12.1,-0.09999999999999964,12.166666666666671,12.4
NH17 Crossing Boko,Kamrup Metropolitan,25.9775,91.23416667,2025-03-31 16:00:00,3,90,50.2,50.2,150.60000000000002,301.20000000000005,12.2,0.09999999999999964,12.166666666666671,12.3
NH17 Crossing Boko,Kamrup Metropolitan,25.9775,91.23416667,2025-03-31 16:15:00,3,90,50.2,50.2,150.60000000000002,301.20000000000005,12.1,-0.09999999999999964,12.133333333333338,12.2
NH17 Crossing Boko,Kamrup Metropolitan,25.9775,91.23416667,2025-03-31 16:30:00,3,90,50.2,50.2,150.60000000000002,301.20000000000005,12.1,0.0,12.133333333333338,12.2
NH17 Crossing Boko,Kamrup Metropolitan,25.9775,91.23416667,2025-03-31 16:45:00,3,90,50.2,50.2,150.60000000000002,301.20000000000005,12.1,0.0,12.1,12.2
NH17 Crossing Boko,Kamrup Metropolitan,25.9775,91.23416667,2025-03-31 17:00:00,3,90,50.2,50.2,150.60000000000002,301.20000000000005,12.1,0.0,12.1,12.2
NH17 Crossing Boko,Kamrup Metropolitan,25.9775,91.23416667,2025-03-31 17:15:00,3,90,50.2,50.2,150.60000000000002,301.20000000000005,12.1,0.0,12.1,12.2
NH17 Crossing Boko,Kamrup Metropolitan,25.9775,91.23416667,2025-03-31 17:30:00,3,90,50.2,50.2,150.60000000000002,301.20000000000005,12.1,0.0,12.1,12.1
NH17 Crossing Boko,Kamrup Metropolitan,25.9775,91.23416667,2025-03-31 17:45:00,3,90,50.2,50.2,150.60000000000002,301.20000000000005,12.0,-0.09999999999999964,12.066666666666672,12.1
NH17 Crossing Boko,Kamrup Metropolitan,25.9775,91.23416667,2025-03-31 18:00:00,3,90,50.2,50.2,150.60000000000002,301.20000000000005,12.1,0.09999999999999964,12.06666666666667,12.1
NH17 Crossing Boko,Kamrup Metropolitan,25.9775,91.23416667,2025-03-31 18:15:00,3,90,50.2,50.2,150.60000000000002,301.20000000000005,12.0,-0.09999999999999964,12.033333333333339,12.1
NH17 Crossing Boko,Kamrup Metropolitan,25.9775,91.23416667,2025-03-31 18:30:00,3,90,50.2,50.2,150.60000000000002,301.20000000000005,12.0,0.0,12.033333333333339,12.1
NH17 Crossing Boko,Kamrup Metropolitan,25.9775,91.23416667,2025-03-31 18:45:00,3,90,50.2,50.2,150.60000000000002,301.20000000000005,12.0,0.0,12.0,12.1
NH17 Crossing Boko,Kamrup Metropolitan,25.9775,91.23416667,2025-03-31 19:00:00,3,90,50.2,50.2,150.60000000000002,301.20000000000005,12.0,0.0,12.0,12.1
NH17 Crossing Boko,Kamrup Metropolitan,25.9775,91.23416667,2025-03-31 19:15:00,3,90,50.2,50.2,150.60000000000002,301.20000000000005,12.0,0.0,12.0,12.1
NH17 Crossing Boko,Kamrup Metropolitan,25.9775,91.23416667,2025-03-31 19:30:00,3,90,50.2,50.2,150.60000000000002,301.20000000000005,12.0,0.0,12.0,12.0
NH17 Crossing Boko,Kamrup Metropolitan,25.9775,91.23416667,2025-03-31 19:45:00,3,90,50.2,50.2,150.60000000000002,301.20000000000005,12.0,0.0,12.0,12.0
NH17 Crossing Boko,Kamrup Metropolitan,25.9775,91.23416667,2025-03-31 20:00:00,3,90,50.2,50.2,150.60000000000002,301.20000000000005,12.0,0.0,12.0,12.0
NH17 Crossing Boko,Kamrup Metropolitan,25.9775,91.23416667,2025-03-31 20:15:00,3,90,50.2,50.2,150.60000000000002,301.20000000000005,12.0,0.0,12.0,12.0
NH17 Crossing Boko,Kamrup Metropolitan,25.9775,91.23416667,2025-03-31 20:30:00,3,90,50.2,50.2,150.60000000000002,301.20000000000005,12.0,0.0,12.0,12.0
NH17 Crossing Boko,Kamrup Metropolitan,25.9775,91.23416667,2025-03-31 20:45:00,3,90,50.2,50.2,150.60000000000002,301.20000000000005,12.0,0.0,12.0,12.0
NH17 Crossing Boko,Kamrup Metropolitan,25.9775,91.23416667,2025-03-31 21:00:00,3,90,50.2,50.2,150.60000000000002,301.20000000000005,12.0,0.0,12.0,12.0
NH17 Crossing Boko,Kamrup Metropolitan,25.9775,91.23416667,2025-03-31 21:15:00,3,90,50.2,50.2,150.60000000000002,301.20000000000005,12.0,0.0,12.0,12.0
NH17 Crossing Boko,Kamrup Metropolitan,25.9775,91.23416667,2025-03-31 21:30:00,3,90,50.2,50.2,150.60000000000002,301.20000000000005,12.0,0.0,12.0,12.0
NH17 Crossing Boko,Kamrup Metropolitan,25.9775,91.23416667,2025-03-31 21:45:00,3,90,50.2,50.2,150.60000000000002,301.20000000000005,12.0,0.0,12.0,12.0
NH17 Crossing Boko,Kamrup Metropolitan,25.9775,91.23416667,2025-03-31 22:00:00,3,90,50.2,50.2,150.60000000000002,301.20000000000005,12.0,0.0,12.0,12.0
NH17 Crossing Boko,Kamrup Metropolitan,25.9775,91.23416667,2025-03-31 22:15:00,3,90,50.2,50.2,150.60000000000002,301.20000000000005,11.9,-0.09999999999999964,11.96666666666667,12.0
NH17 Crossing Boko,Kamrup Metropolitan,25.9775,91.23416667,2025-03-31 22:30:00,3,90,50.2,50.2,150.60000000000002,301.20000000000005,11.9,0.0,11.933333333333337,12.0
NH17 Crossing Boko,Kamrup Metropolitan,25.9775,91.23416667,2025-03-31 22:45:00,3,90,50.2,50.2,150.60000000000002,301.20000000000005,11.9,0.0,11.9,12.0
NH17 Crossing Boko,Kamrup Metropolitan,25.9775,91.23416667,2025-03-31 23:00:00,3,90,50.2,50.2,150.60000000000002,301.20000000000005,11.9,0.0,11.9,12.0
NH17 Crossing Boko,Kamrup Metropolitan,25.9775,91.23416667,2025-03-31 23:15:00,3,90,50.2,50.2,150.60000000000002,301.20000000000005,11.9,0.0,11.9,12.0
NH17 Crossing Boko,Kamrup Metropolitan,25.9775,91.23416667,2025-03-31 23:30:00,3,90,50.2,50.2,150.60000000000002,301.20000000000005,11.9,0.0,11.9,11.9
NH17 Crossing Boko,Kamrup Metropolitan,25.9775,91.23416667,2025-03-31 23:45:00,3,90,50.2,50.2,150.60000000000002,301.20000000000005,11.9,0.0,11.9,11.9
NH17 Crossing Boko,Kamrup Metropolitan,25.9775,91.23416667,2025-04-01 00:00:00,4,91,50.2,50.2,150.60000000000002,301.20000000000005,11.9,0.0,11.9,11.9
NH17 Crossing Boko,Kamrup Metropolitan,25.9775,91.23416667,2025-04-01 00:15:00,4,91,50.2,50.2,150.60000000000002,301.20000000000005,11.9,0.0,11.9,11.9
NH17 Crossing Boko,Kamrup Metropolitan,25.9775,91.23416667,2025-04-01 00:30:00,4,91,50.2,50.2,150.60000000000002,301.20000000000005,11.9,0.0,11.9,11.9
NH17 Crossing Boko,Kamrup Metropolitan,25.9775,91.23416667,2025-04-01 00:45:00,4,91,50.2,50.2,150.60000000000002,301.20000000000005,11.9,0.0,11.9,11.9
NH17 Crossing Boko,Kamrup Metropolitan,25.9775,91.23416667,2025-04-01 01:00:00,4,91,50.2,50.2,150.60000000000002,301.20000000000005,11.9,0.0,11.9,11.9
NH17 Crossing Boko,Kamrup Metropolitan,25.9775,91.23416667,2025-04-01 01:15:00,4,91,50.2,50.2,150.60000000000002,301.20000000000005,11.9,0.0,11.9,11.9
NH17 Crossing Boko,Kamrup Metropolitan,25.9775,91.23416667,2025-04-01 01:30:00,4,91,50.2,50.2,150.60000000000002,301.20000000000005,11.9,0.0,11.9,11.9
NH17 Crossing Boko,Kamrup Metropolitan,25.9775,91.23416667,2025-04-01 01:45:00,4,91,50.2,50.2,150.60000000000002,301.20000000000005,11.9,0.0,11.9,11.9
NH17 Crossing Boko,Kamrup Metropolitan,25.9775,91.23416667,2025-04-01 02:00:00,4,91,50.2,50.2,150.60000000000002,301.20000000000005,11.9,0.0,11.9,11.9
NH17 Crossing Boko,Kamrup Metropolitan,25.9775,91.23416667,2025-04-01 02:15:00,4,91,50.2,50.2,150.60000000000002,301.20000000000005,11.9,0.0,11.9,11.9
NH17 Crossing Boko,Kamrup Metropolitan,25.9775,91.23416667,2025-04-01 02:30:00,4,91,50.2,50.2,150.60000000000002,301.20000000000005,11.9,0.0,11.9,11.9
NH17 Crossing Boko,Kamrup Metropolitan,25.9775,91.23416667,2025-04-01 02:45:00,4,91,50.2,50.2,150.60000000000002,301.20000000000005,11.9,0.0,11.9,11.9
NH17 Crossing Boko,Kamrup Metropolitan,25.9775,91.23416667,2025-04-01 03:15:00,4,91,50.2,50.2,150.60000000000002,301.20000000000005,11.9,0.0,11.9,11.9
NH17 Crossing Boko,Kamrup Metropolitan,25.9775,91.23416667,2025-04-01 03:30:00,4,91,50.2,50.2,150.60000000000002,301.20000000000005,11.9,0.0,11.9,11.9
NH17 Crossing Boko,Kamrup Metropolitan,25.9775,91.23416667,2025-04-01 03:45:00,4,91,50.2,50.2,150.60000000000002,301.20000000000005,11.9,0.0,11.9,11.9
NH17 Crossing Boko,Kamrup Metropolitan,25.9775,91.23416667,2025-04-01 04:00:00,4,91,50.2,50.2,150.60000000000002,301.20000000000005,11.9,0.0,11.9,11.9
NH17 Crossing Boko,Kamrup Metropolitan,25.9775,91.23416667,2025-04-01 04:15:00,4,91,50.2,50.2,150.60000000000002,301.20000000000005,11.9,0.0,11.9,11.9
NH17 Crossing Boko,Kamrup Metropolitan,25.9775,91.23416667,2025-04-01 04:30:00,4,91,50.2,50.2,150.60000000000002,301.20000000000005,11.9,0.0,11.9,11.9
NH17 Crossing Boko,Kamrup Metropolitan,25.9775,91.23416667,2025-04-01 04:45:00,4,91,50.2,50.2,150.60000000000002,301.20000000000005,11.9,0.0,11.9,11.9
NH17 Crossing Boko,Kamrup Metropolitan,25.9775,91.23416667,2025-04-01 05:00:00,4,91,50.2,50.2,150.60000000000002,301.20000000000005,11.9,0.0,11.9,11.9
NH17 Crossing Boko,Kamrup Metropolitan,25.9775,91.23416667,2025-04-01 05:15:00,4,91,50.2,50.2,150.60000000000002,301.20000000000005,11.9,0.0,11.9,11.9
NH17 Crossing Boko,Kamrup Metropolitan,25.9775,91.23416667,2025-04-01 05:30:00,4,91,50.2,50.2,150.60000000000002,301.20000000000005,11.9,0.0,11.9,11.9
NH17 Crossing Boko,Kamrup Metropolitan,25.9775,91.23416667,2025-04-01 05:45:00,4,91,50.2,50.2,150.60000000000002,301.20000000000005,11.9,0.0,11.9,11.9
NH17 Crossing Boko,Kamrup Metropolitan,25.9775,91.23416667,2025-04-01 06:00:00,4,91,50.2,50.2,150.60000000000002,301.20000000000005,11.9,0.0,11.9,11.9
NH17 Crossing Boko,Kamrup Metropolitan,25.9775,91.23416667,2025-04-01 06:15:00,4,91,50.2,50.2,150.60000000000002,301.20000000000005,11.9,0.0,11.9,11.9
NH17 Crossing Boko,Kamrup Metropolitan,25.9775,91.23416667,2025-04-01 06:30:00,4,91,50.2,50.2,150.60000000000002,301.20000000000005,11.9,0.0,11.9,11.9
NH17 Crossing Boko,Kamrup Metropolitan,25.9775,91.23416667,2025-04-01 06:45:00,4,91,50.2,50.2,150.60000000000002,301.20000000000005,11.9,0.0,11.9,11.9
NH17 Crossing Boko,Kamrup Metropolitan,25.9775,91.23416667,2025-04-01 07:00:00,4,91,50.2,50.2,150.60000000000002,301.20000000000005,11.9,0.0,11.9,11.9
NH17 Crossing Boko,Kamrup Metropolitan,25.9775,91.23416667,2025-04-01 07:15:00,4,91,50.2,50.2,150.60000000000002,301.20000000000005,11.9,0.0,11.9,11.9
NH17 Crossing Boko,Kamrup Metropolitan,25.9775,91.23416667,2025-04-01 07:30:00,4,91,50.2,50.2,150.60000000000002,301.20000000000005,11.9,0.0,11.9,11.9
NH17 Crossing Boko,Kamrup Metropolitan,25.9775,91.23416667,2025-04-01 07:45:00,4,91,50.2,50.2,150.60000000000002,301.20000000000005,12.0,0.09999999999999964,11.933333333333337,12.0
NH17 Crossing Boko,Kamrup Metropolitan,25.9775,91.23416667,2025-04-01 08:00:00,4,91,50.2,50.2,150.60000000000002,301.20000000000005,11.9,-0.09999999999999964,11.933333333333339,12.0
NH17 Crossing Boko,Kamrup Metropolitan,25.9775,91.23416667,2025-04-01 08:15:00,4,91,50.2,50.2,150.60000000000002,301.20000000000005,12.0,0.09999999999999964,11.96666666666667,12.0
NH17 Crossing Boko,Kamrup Metropolitan,25.9775,91.23416667,2025-04-01 08:30:00,4,91,50.2,50.2,150.60000000000002,301.20000000000005,12.0,0.0,11.96666666666667,12.0
NH17 Crossing Boko,Kamrup Metropolitan,25.9775,91.23416667,2025-04-01 08:45:00,4,91,50.2,50.2,150.60000000000002,301.20000000000005,12.0,0.0,12.0,12.0
NH17 Crossing Boko,Kamrup Metropolitan,25.9775,91.23416667,2025-04-01 09:00:00,4,91,50.2,50.2,150.60000000000002,301.20000000000005,12.1,0.09999999999999964,12.033333333333339,12.1
NH17 Crossing Boko,Kamrup Metropolitan,25.9775,91.23416667,2025-04-01 09:15:00,4,91,50.2,50.2,150.60000000000002,301.20000000000005,12.1,0.0,12.066666666666672,12.1
NH17 Crossing Boko,Kamrup Metropolitan,25.9775,91.23416667,2025-04-01 09:30:00,4,91,50.2,50.2,150.60000000000002,301.20000000000005,12.1,0.0,12.1,12.1
NH17 Crossing Boko,Kamrup Metropolitan,25.9775,91.23416667,2025-04-01 09:45:00,4,91,50.2,50.2,150.60000000000002,301.20000000000005,12.1,0.0,12.1,12.1
NH17 Crossing Boko,Kamrup Metropolitan,25.9775,91.23416667,2025-04-01 10:00:00,4,91,50.2,50.2,150.60000000000002,301.20000000000005,12.1,0.0,12.1,12.1
NH17 Crossing Boko,Kamrup Metropolitan,25.9775,91.23416667,2025-04-01 10:15:00,4,91,50.2,50.2,150.60000000000002,301.20000000000005,12.1,0.0,12.1,12.1
NH17 Crossing Boko,Kamrup Metropolitan,25.9775,91.23416667,2025-04-01 10:30:00,4,91,50.2,50.2,150.60000000000002,301.20000000000005,12.1,0.0,12.1,12.1
NH17 Crossing Boko,Kamrup Metropolitan,25.9775,91.23416667,2025-04-01 10:45:00,4,91,50.2,50.2,150.60000000000002,301.20000000000005,12.1,0.0,12.1,12.1
NH17 Crossing Boko,Kamrup Metropolitan,25.9775,91.23416667,2025-04-01 11:00:00,4,91,50.2,50.2,150.60000000000002,301.20000000000005,12.1,0.0,12.1,12.1
NH17 Crossing Boko,Kamrup Metropolitan,25.9775,91.23416667,2025-04-01 11:15:00,4,91,50.2,50.2,150.60000000000002,301.20000000000005,12.1,0.0,12.1,12.1
NH17 Crossing Boko,Kamrup Metropolitan,25.9775,91.23416667,2025-04-01 11:30:00,4,91,50.2,50.2,150.60000000000002,301.20000000000005,12.1,0.0,12.1,12.1
NH17 Crossing Boko,Kamrup Metropolitan,25.9775,91.23416667,2025-04-01 11:45:00,4,91,50.2,50.2,150.60000000000002,301.20000000000005,12.1,0.0,12.1,12.1
NH17 Crossing Boko,Kamrup Metropolitan,25.9775,91.23416667,2025-04-01 12:00:00,4,91,50.2,50.2,150.60000000000002,301.20000000000005,12.1,0.0,12.1,12.1
NH17 Crossing Boko,Kamrup Metropolitan,25.9775,91.23416667,2025-04-01 12:15:00,4,91,50.2,50.2,150.60000000000002,301.20000000000005,12.2,0.09999999999999964,12.133333333333338,12.2
NH17 Crossing Boko,Kamrup Metropolitan,25.9775,91.23416667,2025-04-01 12:30:00,4,91,50.2,50.2,150.60000000000002,301.20000000000005,12.2,0.0,12.166666666666671,12.2
NH17 Crossing Boko,Kamrup Metropolitan,25.9775,91.23416667,2025-04-01 12:45:00,4,91,50.2,50.2,150.60000000000002,301.20000000000005,12.2,0.0,12.2,12.2
NH17 Crossing Boko,Kamrup Metropolitan,25.9775,91.23416667,2025-04-01 13:00:00,4,91,50.2,50.2,150.60000000000002,301.20000000000005,12.4,0.20000000000000107,12.266666666666671,12.4
NH17 Crossing Boko,Kamrup Metropolitan,25.9775,91.23416667,2025-04-01 13:15:00,4,91,50.2,50.2,150.60000000000002,301.20000000000005,12.4,0.0,12.333333333333337,12.4
NH17 Crossing Boko,Kamrup Metropolitan,25.9775,91.23416667,2025-04-01 13:30:00,4,91,50.2,50.2,150.60000000000002,301.20000000000005,12.4,0.0,12.4,12.4
NH17 Crossing Boko,Kamrup Metropolitan,25.9775,91.23416667,2025-04-01 13:45:00,4,91,50.2,50.2,150.60000000000002,301.20000000000005,12.4,0.0,12.4,12.4
NH17 Crossing Boko,Kamrup Metropolitan,25.9775,91.23416667,2025-04-01 14:00:00,4,91,50.2,50.2,150.60000000000002,301.20000000000005,12.4,0.0,12.4,12.4
NH17 Crossing Boko,Kamrup Metropolitan,25.9775,91.23416667,2025-04-01 14:15:00,4,91,50.2,50.2,150.60000000000002,301.20000000000005,12.4,0.0,12.4,12.4
NH17 Crossing Boko,Kamrup Metropolitan,25.9775,91.23416667,2025-04-01 14:30:00,4,91,50.2,50.2,150.60000000000002,301.20000000000005,12.4,0.0,12.4,12.4
NH17 Crossing Boko,Kamrup Metropolitan,25.9775,91.23416667,2025-04-01 14:45:00,4,91,50.2,50.2,150.60000000000002,301.20000000000005,12.2,-0.20000000000000107,12.333333333333337,12.4
NH17 Crossing Boko,Kamrup Metropolitan,25.9775,91.23416667,2025-04-01 15:00:00,4,91,50.2,50.2,150.60000000000002,301.20000000000005,12.2,0.0,12.266666666666671,12.4
NH17 Crossing Boko,Kamrup Metropolitan,25.9775,91.23416667,2025-04-01 15:15:00,4,91,50.2,50.2,150.60000000000002,301.20000000000005,12.2,0.0,12.2,12.4
NH17 Crossing Boko,Kamrup Metropolitan,25.9775,91.23416667,2025-04-01 15:30:00,4,91,50.2,50.2,150.60000000000002,301.20000000000005,12.2,0.0,12.2,12.4
NH17 Crossing Boko,Kamrup Metropolitan,25.9775,91.23416667,2025-04-01 15:45:00,4,91,50.2,50.2,150.60000000000002,301.20000000000005,12.2,0.0,12.2,12.4
NH17 Crossing Boko,Kamrup Metropolitan,25.9775,91.23416667,2025-04-01 16:00:00,4,91,50.2,50.2,150.60000000000002,301.20000000000005,12.1,-0.09999999999999964,12.166666666666671,12.2
NH17 Crossing Boko,Kamrup Metropolitan,25.9775,91.23416667,2025-04-01 16:15:00,4,91,50.2,50.2,150.60000000000002,301.20000000000005,12.1,0.0,12.133333333333338,12.2
NH17 Crossing Boko,Kamrup Metropolitan,25.9775,91.23416667,2025-04-01 16:30:00,4,91,50.2,50.2,150.60000000000002,301.20000000000005,12.1,0.0,12.1,12.2
NH17 Crossing Boko,Kamrup Metropolitan,25.9775,91.23416667,2025-04-01 16:45:00,4,91,50.2,50.2,150.60000000000002,301.20000000000005,12.1,0.0,12.1,12.2
NH17 Crossing Boko,Kamrup Metropolitan,25.9775,91.23416667,2025-04-01 17:00:00,4,91,50.2,50.2,150.60000000000002,301.20000000000005,12.1,0.0,12.1,12.2
NH17 Crossing Boko,Kamrup Metropolitan,25.9775,91.23416667,2025-04-01 17:15:00,4,91,50.2,50.2,150.60000000000002,301.20000000000005,12.1,0.0,12.1,12.1
NH17 Crossing Boko,Kamrup Metropolitan,25.9775,91.23416667,2025-04-01 17:30:00,4,91,50.2,50.2,150.60000000000002,301.20000000000005,12.0,-0.09999999999999964,12.06666666666667,12.1
NH17 Crossing Boko,Kamrup Metropolitan,25.9775,91.23416667,2025-04-01 17:45:00,4,91,50.2,50.2,150.60000000000002,301.20000000000005,12.0,0.0,12.033333333333339,12.1
NH17 Crossing Boko,Kamrup Metropolitan,25.9775,91.23416667,2025-04-01 18:00:00,4,91,50.2,50.2,150.60000000000002,301.20000000000005,12.0,0.0,12.0,12.1
NH17 Crossing Boko,Kamrup Metropolitan,25.9775,91.23416667,2025-04-01 18:15:00,4,91,50.2,50.2,150.60000000000002,301.20000000000005,12.0,0.0,12.0,12.1
NH17 Crossing Boko,Kamrup Metropolitan,25.9775,91.23416667,2025-04-01 18:30:00,4,91,50.2,50.2,150.60000000000002,301.20000000000005,12.0,0.0,12.0,12.1
NH17 Crossing Boko,Kamrup Metropolitan,25.9775,91.23416667,2025-04-01 18:45:00,4,91,50.2,50.2,150.60000000000002,301.20000000000005,12.0,0.0,12.0,12.0
NH17 Crossing Boko,Kamrup Metropolitan,25.9775,91.23416667,2025-04-01 19:00:00,4,91,50.2,50.2,150.60000000000002,301.20000000000005,12.0,0.0,12.0,12.0
NH17 Crossing Boko,Kamrup Metropolitan,25.9775,91.23416667,2025-04-01 19:15:00,4,91,50.2,50.2,150.60000000000002,301.20000000000005,12.0,0.0,12.0,12.0
NH17 Crossing Boko,Kamrup Metropolitan,25.9775,91.23416667,2025-04-01 19:30:00,4,91,50.2,50.2,150.60000000000002,301.20000000000005,11.9,-0.09999999999999964,11.96666666666667,12.0
NH17 Crossing Boko,Kamrup Metropolitan,25.9775,91.23416667,2025-04-01 19:45:00,4,91,50.2,50.2,150.60000000000002,301.20000000000005,11.9,0.0,11.933333333333337,12.0
NH17 Crossing Boko,Kamrup Metropolitan,25.9775,91.23416667,2025-04-01 20:15:00,4,91,50.2,50.2,150.60000000000002,301.20000000000005,12.0,0.09999999999999964,11.933333333333337,12.0
NH17 Crossing Boko,Kamrup Metropolitan,25.9775,91.23416667,2025-04-01 20:30:00,4,91,50.2,50.2,150.60000000000002,301.20000000000005,11.9,-0.09999999999999964,11.933333333333337,12.0
NH17 Crossing Boko,Kamrup Metropolitan,25.9775,91.23416667,2025-04-01 20:45:00,4,91,50.2,50.2,150.60000000000002,301.20000000000005,11.9,0.0,11.933333333333339,12.0
NH17 Crossing Boko,Kamrup Metropolitan,25.9775,91.23416667,2025-04-01 21:00:00,4,91,50.2,50.2,150.60000000000002,301.20000000000005,11.9,0.0,11.9,12.0
NH17 Crossing Boko,Kamrup Metropolitan,25.9775,91.23416667,2025-04-01 21:15:00,4,91,50.2,50.2,150.60000000000002,301.20000000000005,11.9,0.0,11.9,12.0
NH17 Crossing Boko,Kamrup Metropolitan,25.9775,91.23416667,2025-04-01 21:30:00,4,91,50.2,50.2,150.60000000000002,301.20000000000005,11.9,0.0,11.9,12.0
NH17 Crossing Boko,Kamrup Metropolitan,25.9775,91.23416667,2025-04-01 21:45:00,4,91,50.2,50.2,150.60000000000002,301.20000000000005,11.9,0.0,11.9,11.9
NH17 Crossing Boko,Kamrup Metropolitan,25.9775,91.23416667,2025-04-01 22:00:00,4,91,50.2,50.2,150.60000000000002,301.20000000000005,11.9,0.0,11.9,11.9
NH17 Crossing Boko,Kamrup Metropolitan,25.9775,91.23416667,2025-04-01 22:15:00,4,91,50.2,50.2,150.60000000000002,301.20000000000005,11.9,0.0,11.9,11.9
NH17 Crossing Boko,Kamrup Metropolitan,25.9775,91.23416667,2025-04-01 22:30:00,4,91,50.2,50.2,150.60000000000002,301.20000000000005,11.9,0.0,11.9,11.9
NH17 Crossing Boko,Kamrup Metropolitan,25.9775,91.23416667,2025-04-01 22:45:00,4,91,50.2,50.2,150.60000000000002,301.20000000000005,11.9,0.0,11.9,11.9
NH17 Crossing Boko,Kamrup Metropolitan,25.9775,91.23416667,2025-04-01 23:00:00,4,91,50.2,50.2,150.60000000000002,301.20000000000005,11.9,0.0,11.9,11.9
NH17 Crossing Boko,Kamrup Metropolitan,25.9775,91.23416667,2025-04-01 23:15:00,4,91,50.2,50.2,150.60000000000002,301.20000000000005,11.9,0.0,11.9,11.9
NH17 Crossing Boko,Kamrup Metropolitan,25.9775,91.23416667,2025-04-01 23:30:00,4,91,50.2,50.2,150.60000000000002,301.20000000000005,11.9,0.0,11.9,11.9
NH17 Crossing Boko,Kamrup Metropolitan,25.9775,91.23416667,2025-04-01 23:45:00,4,91,50.2,50.2,150.60000000000002,301.20000000000005,11.9,0.0,11.9,11.9
NH17 Crossing Boko,Kamrup Metropolitan,25.9775,91.23416667,2025-04-02 00:00:00,4,92,50.2,50.2,150.60000000000002,301.20000000000005,11.9,0.0,11.9,11.9
NH17 Crossing Boko,Kamrup Metropolitan,25.9775,91.23416667,2025-04-02 00:15:00,4,92,50.2,50.2,150.60000000000002,301.20000000000005,11.9,0.0,11.9,11.9
NH17 Crossing Boko,Kamrup Metropolitan,25.9775,91.23416667,2025-04-02 00:30:00,4,92,50.2,50.2,150.60000000000002,301.20000000000005,11.9,0.0,11.9,11.9
NH17 Crossing Boko,Kamrup Metropolitan,25.9775,91.23416667,2025-04-02 00:45:00,4,92,50.2,50.2,150.60000000000002,301.20000000000005,11.9,0.0,11.9,11.9
NH17 Crossing Boko,Kamrup Metropolitan,25.9775,91.23416667,2025-04-02 01:00:00,4,92,50.2,50.2,150.60000000000002,301.20000000000005,11.9,0.0,11.9,11.9
NH17 Crossing Boko,Kamrup Metropolitan,25.9775,91.23416667,2025-04-02 01:15:00,4,92,50.2,50.2,150.60000000000002,301.20000000000005,11.9,0.0,11.9,11.9
NH17 Crossing Boko,Kamrup Metropolitan,25.9775,91.23416667,2025-04-02 01:30:00,4,92,50.2,50.2,150.60000000000002,301.20000000000005,11.9,0.0,11.9,11.9
NH17 Crossing Boko,Kamrup Metropolitan,25.9775,91.23416667,2025-04-02 01:45:00,4,92,50.2,50.2,150.60000000000002,301.20000000000005,11.9,0.0,11.9,11.9
NH17 Crossing Boko,Kamrup Metropolitan,25.9775,91.23416667,2025-04-02 02:00:00,4,92,50.2,50.2,150.60000000000002,301.20000000000005,11.9,0.0,11.9,11.9
NH17 Crossing Boko,Kamrup Metropolitan,25.9775,91.23416667,2025-04-02 02:15:00,4,92,50.2,50.2,150.60000000000002,301.20000000000005,11.9,0.0,11.9,11.9
NH17 Crossing Boko,Kamrup Metropolitan,25.9775,91.23416667,2025-04-02 02:30:00,4,92,50.2,50.2,150.60000000000002,301.20000000000005,11.8,-0.09999999999999964,11.866666666666672,11.9
NH17 Crossing Boko,Kamrup Metropolitan,25.9775,91.23416667,2025-04-02 02:45:00,4,92,50.2,50.2,150.60000000000002,301.20000000000005,11.9,0.09999999999999964,11.866666666666672,11.9
NH17 Crossing Boko,Kamrup Metropolitan,25.9775,91.23416667,2025-04-02 03:00:00,4,92,50.2,50.2,150.60000000000002,301.20000000000005,11.9,0.0,11.866666666666672,11.9
NH17 Crossing Boko,Kamrup Metropolitan,25.9775,91.23416667,2025-04-02 03:15:00,4,92,50.2,50.2,150.60000000000002,301.20000000000005,11.8,-0.09999999999999964,11.866666666666672,11.9
NH17 Crossing Boko,Kamrup Metropolitan,25.9775,91.23416667,2025-04-02 03:30:00,4,92,50.2,50.2,150.60000000000002,301.20000000000005,11.9,0.09999999999999964,11.866666666666672,11.9
NH17 Crossing Boko,Kamrup Metropolitan,25.9775,91.23416667,2025-04-02 03:45:00,4,92,50.2,50.2,150.60000000000002,301.20000000000005,11.9,0.0,11.866666666666672,11.9
NH17 Crossing Boko,Kamrup Metropolitan,25.9775,91.23416667,2025-04-02 04:00:00,4,92,50.2,50.2,150.60000000000002,301.20000000000005,11.9,0.0,11.9,11.9
NH17 Crossing Boko,Kamrup Metropolitan,25.9775,91.23416667,2025-04-02 04:15:00,4,92,50.2,50.2,150.60000000000002,301.20000000000005,11.8,-0.09999999999999964,11.866666666666672,11.9
NH17 Crossing Boko,Kamrup Metropolitan,25.9775,91.23416667,2025-04-02 04:30:00,4,92,50.2,50.2,150.60000000000002,301.20000000000005,11.9,0.09999999999999964,11.866666666666672,11.9
NH17 Crossing Boko,Kamrup Metropolitan,25.9775,91.23416667,2025-04-02 04:45:00,4,92,50.2,50.2,150.60000000000002,301.20000000000005,11.9,0.0,11.866666666666672,11.9
NH17 Crossing Boko,Kamrup Metropolitan,25.9775,91.23416667,2025-04-02 05:00:00,4,92,50.2,50.2,150.60000000000002,301.20000000000005,11.8,-0.09999999999999964,11.866666666666672,11.9
NH17 Crossing Boko,Kamrup Metropolitan,25.9775,91.23416667,2025-04-02 05:15:00,4,92,50.2,50.2,150.60000000000002,301.20000000000005,11.8,0.0,11.833333333333337,11.9
NH17 Crossing Boko,Kamrup Metropolitan,25.9775,91.23416667,2025-04-02 05:30:00,4,92,50.2,50.2,150.60000000000002,301.20000000000005,11.9,0.09999999999999964,11.833333333333337,11.9
NH17 Crossing Boko,Kamrup Metropolitan,25.9775,91.23416667,2025-04-02 05:45:00,4,92,50.2,50.2,150.60000000000002,301.20000000000005,11.8,-0.09999999999999964,11.833333333333337,11.9
NH17 Crossing Boko,Kamrup Metropolitan,25.9775,91.23416667,2025-04-02 06:00:00,4,92,50.2,50.2,150.60000000000002,301.20000000000005,11.8,0.0,11.833333333333337,11.9
NH17 Crossing Boko,Kamrup Metropolitan,25.9775,91.23416667,2025-04-02 06:15:00,4,92,50.2,50.2,150.60000000000002,301.20000000000005,11.8,0.0,11.8,11.9
NH17 Crossing Boko,Kamrup Metropolitan,25.9775,91.23416667,2025-04-02 06:30:00,4,92,50.2,50.2,150.60000000000002,301.20000000000005,11.8,0.0,11.8,11.9
NH17 Crossing Boko,Kamrup Metropolitan,25.9775,91.23416667,2025-04-02 06:45:00,4,92,50.2,50.2,150.60000000000002,301.20000000000005,11.9,0.09999999999999964,11.833333333333337,11.9
NH17 Crossing Boko,Kamrup Metropolitan,25.9775,91.23416667,2025-04-02 07:00:00,4,92,50.2,50.2,150.60000000000002,301.20000000000005,11.9,0.0,11.866666666666672,11.9
NH17 Crossing Boko,Kamrup Metropolitan,25.9775,91.23416667,2025-04-02 07:15:00,4,92,50.2,50.2,150.60000000000002,301.20000000000005,11.9,0.0,11.9,11.9
NH17 Crossing Boko,Kamrup Metropolitan,25.9775,91.23416667,2025-04-02 07:30:00,4,92,50.2,50.2,150.60000000000002,301.20000000000005,11.9,0.0,11.9,11.9
NH17 Crossing Boko,Kamrup Metropolitan,25.9775,91.23416667,2025-04-02 07:45:00,4,92,50.2,50.2,150.60000000000002,301.20000000000005,11.9,0.0,11.9,11.9
NH17 Crossing Boko,Kamrup Metropolitan,25.9775,91.23416667,2025-04-02 08:00:00,4,92,50.2,50.2,150.60000000000002,301.20000000000005,11.9,0.0,11.9,11.9
NH17 Crossing Boko,Kamrup Metropolitan,25.9775,91.23416667,2025-04-02 08:15:00,4,92,50.2,50.2,150.60000000000002,301.20000000000005,11.9,0.0,11.9,11.9
NH17 Crossing Boko,Kamrup Metropolitan,25.9775,91.23416667,2025-04-02 08:30:00,4,92,50.2,50.2,150.60000000000002,301.20000000000005,12.0,0.09999999999999964,11.933333333333337,12.0
NH17 Crossing Boko,Kamrup Metropolitan,25.9775,91.23416667,2025-04-02 08:45:00,4,92,50.2,50.2,150.60000000000002,301.20000000000005,12.0,0.0,11.966666666666674,12.0
NH17 Crossing Boko,Kamrup Metropolitan,25.9775,91.23416667,2025-04-02 09:00:00,4,92,50.2,50.2,150.60000000000002,301.20000000000005,12.0,0.0,12.0,12.0
NH17 Crossing Boko,Kamrup Metropolitan,25.9775,91.23416667,2025-04-02 09:15:00,4,92,50.2,50.2,150.60000000000002,301.20000000000005,12.1,0.09999999999999964,12.033333333333339,12.1
NH17 Crossing Boko,Kamrup Metropolitan,25.9775,91.23416667,2025-04-02 09:30:00,4,92,50.2,50.2,150.60000000000002,301.20000000000005,12.1,0.0,12.066666666666672,12.1
NH17 Crossing Boko,Kamrup Metropolitan,25.9775,91.23416667,2025-04-02 09:45:00,4,92,50.2,50.2,150.60000000000002,301.20000000000005,12.1,0.0,12.1,12.1
NH17 Crossing Boko,Kamrup Metropolitan,25.9775,91.23416667,2025-04-02 10:00:00,4,92,50.2,50.2,150.60000000000002,301.20000000000005,12.1,0.0,12.1,12.1
NH17 Crossing Boko,Kamrup Metropolitan,25.9775,91.23416667,2025-04-02 10:15:00,4,92,50.2,50.2,150.60000000000002,301.20000000000005,12.1,0.0,12.1,12.1
NH17 Crossing Boko,Kamrup Metropolitan,25.9775,91.23416667,2025-04-02 10:30:00,4,92,50.2,50.2,150.60000000000002,301.20000000000005,12.1,0.0,12.1,12.1
NH17 Crossing Boko,Kamrup Metropolitan,25.9775,91.23416667,2025-04-02 10:45:00,4,92,50.2,50.2,150.60000000000002,301.20000000000005,12.1,0.0,12.1,12.1
NH17 Crossing Boko,Kamrup Metropolitan,25.9775,91.23416667,2025-04-02 11:00:00,4,92,50.2,50.2,150.60000000000002,301.20000000000005,12.1,0.0,12.1,12.1
NH17 Crossing Boko,Kamrup Metropolitan,25.9775,91.23416667,2025-04-02 11:15:00,4,92,50.2,50.2,150.60000000000002,301.20000000000005,12.1,0.0,12.1,12.1
NH17 Crossing Boko,Kamrup Metropolitan,25.9775,91.23416667,2025-04-02 11:30:00,4,92,50.2,50.2,150.60000000000002,301.20000000000005,12.2,0.09999999999999964,12.133333333333338,12.2
NH17 Crossing Boko,Kamrup Metropolitan,25.9775,91.23416667,2025-04-02 11:45:00,4,92,50.2,50.2,150.60000000000002,301.20000000000005,12.2,0.0,12.166666666666671,12.2
NH17 Crossing Boko,Kamrup Metropolitan,25.9775,91.23416667,2025-04-02 12:00:00,4,92,50.2,50.2,150.60000000000002,301.20000000000005,12.1,-0.09999999999999964,12.166666666666671,12.2
NH17 Crossing Boko,Kamrup Metropolitan,25.9775,91.23416667,2025-04-02 12:15:00,4,92,50.2,50.2,150.60000000000002,301.20000000000005,12.2,0.09999999999999964,12.166666666666671,12.2
NH17 Crossing Boko,Kamrup Metropolitan,25.9775,91.23416667,2025-04-02 12:30:00,4,92,50.2,50.2,150.60000000000002,301.20000000000005,12.2,0.0,12.166666666666671,12.2
NH17 Crossing Boko,Kamrup Metropolitan,25.9775,91.23416667,2025-04-02 12:45:00,4,92,50.2,50.2,150.60000000000002,301.20000000000005,12.2,0.0,12.2,12.2
NH17 Crossing Boko,Kamrup Metropolitan,25.9775,91.23416667,2025-04-02 13:00:00,4,92,50.2,50.2,150.60000000000002,301.20000000000005,12.2,0.0,12.2,12.2
NH17 Crossing Boko,Kamrup Metropolitan,25.9775,91.23416667,2025-04-02 13:15:00,4,92,50.2,50.2,150.60000000000002,301.20000000000005,12.2,0.0,12.2,12.2
NH17 Crossing Boko,Kamrup Metropolitan,25.9775,91.23416667,2025-04-02 13:30:00,4,92,50.2,50.2,150.60000000000002,301.20000000000005,12.2,0.0,12.2,12.2
NH17 Crossing Boko,Kamrup Metropolitan,25.9775,91.23416667,2025-04-02 13:45:00,4,92,50.2,50.2,150.60000000000002,301.20000000000005,12.3,0.10000000000000142,12.23333333333334,12.3
NH17 Crossing Boko,Kamrup Metropolitan,25.9775,91.23416667,2025-04-02 14:00:00,4,92,50.2,50.2,150.60000000000002,301.20000000000005,12.4,0.09999999999999964,12.300000000000004,12.4
NH17 Crossing Boko,Kamrup Metropolitan,25.9775,91.23416667,2025-04-02 14:15:00,4,92,50.2,50.2,150.60000000000002,301.20000000000005,12.3,-0.09999999999999964,12.333333333333337,12.4
NH17 Crossing Boko,Kamrup Metropolitan,25.9775,91.23416667,2025-04-02 14:30:00,4,92,50.2,50.2,150.60000000000002,301.20000000000005,12.2,-0.10000000000000142,12.300000000000004,12.4
NH17 Crossing Boko,Kamrup Metropolitan,25.9775,91.23416667,2025-04-02 14:45:00,4,92,50.2,50.2,150.60000000000002,301.20000000000005,12.2,0.0,12.23333333333334,12.4
NH17 Crossing Boko,Kamrup Metropolitan,25.9775,91.23416667,2025-04-02 15:00:00,4,92,50.2,50.2,150.60000000000002,301.20000000000005,12.2,0.0,12.2,12.4
NH17 Crossing Boko,Kamrup Metropolitan,25.9775,91.23416667,2025-04-02 15:15:00,4,92,50.2,50.2,150.60000000000002,301.20000000000005,12.2,0.0,12.2,12.4
NH17 Crossing Boko,Kamrup Metropolitan,25.9775,91.23416667,2025-04-02 15:30:00,4,92,50.2,50.2,150.60000000000002,301.20000000000005,12.1,-0.09999999999999964,12.166666666666671,12.3
NH17 Crossing Boko,Kamrup Metropolitan,25.9775,91.23416667,2025-04-02 15:45:00,4,92,50.2,50.2,150.60000000000002,301.20000000000005,12.1,0.0,12.133333333333338,12.2
NH17 Crossing Boko,Kamrup Metropolitan,25.9775,91.23416667,2025-04-02 16:00:00,4,92,50.2,50.2,150.60000000000002,301.20000000000005,12.1,0.0,12.1,12.2
NH17 Crossing Boko,Kamrup Metropolitan,25.9775,91.23416667,2025-04-02 16:15:00,4,92,50.2,50.2,150.60000000000002,301.20000000000005,12.1,0.0,12.1,12.2
NH17 Crossing Boko,Kamrup Metropolitan,25.9775,91.23416667,2025-04-02 16:30:00,4,92,50.2,50.2,150.60000000000002,301.20000000000005,12.1,0.0,12.1,12.2
NH17 Crossing Boko,Kamrup Metropolitan,25.9775,91.23416667,2025-04-02 16:45:00,4,92,50.2,50.2,150.60000000000002,301.20000000000005,12.0,-0.09999999999999964,12.066666666666672,12.1
NH17 Crossing Boko,Kamrup Metropolitan,25.9775,91.23416667,2025-04-02 17:00:00,4,92,50.2,50.2,150.60000000000002,301.20000000000005,11.9,-0.09999999999999964,12.000000000000005,12.1
NH17 Crossing Boko,Kamrup Metropolitan,25.9775,91.23416667,2025-04-02 17:15:00,4,92,50.2,50.2,150.60000000000002,301.20000000000005,11.9,0.0,11.933333333333337,12.1
NH17 Crossing Boko,Kamrup Metropolitan,25.9775,91.23416667,2025-04-02 17:30:00,4,92,50.2,50.2,150.60000000000002,301.20000000000005,11.9,0.0,11.9,12.1
NH17 Crossing Boko,Kamrup Metropolitan,25.9775,91.23416667,2025-04-02 17:45:00,4,92,50.2,50.2,150.60000000000002,301.20000000000005,11.9,0.0,11.9,12.1
NH17 Crossing Boko,Kamrup Metropolitan,25.9775,91.23416667,2025-04-02 18:00:00,4,92,50.2,50.2,150.60000000000002,301.20000000000005,11.9,0.0,11.9,12.0
NH17 Crossing Boko,Kamrup Metropolitan,25.9775,91.23416667,2025-04-02 18:15:00,4,92,50.2,50.2,150.60000000000002,301.20000000000005,11.9,0.0,11.9,11.9
NH17 Crossing Boko,Kamrup Metropolitan,25.9775,91.23416667,2025-04-02 18:30:00,4,92,50.2,50.2,150.60000000000002,301.20000000000005,11.8,-0.09999999999999964,11.866666666666672,11.9
NH17 Crossing Boko,Kamrup Metropolitan,25.9775,91.23416667,2025-04-02 18:45:00,4,92,50.2,50.2,150.60000000000002,301.20000000000005,11.9,0.09999999999999964,11.866666666666672,11.9
NH17 Crossing Boko,Kamrup Metropolitan,25.9775,91.23416667,2025-04-02 19:00:00,4,92,50.2,50.2,150.60000000000002,301.20000000000005,11.9,0.0,11.866666666666672,11.9
NH17 Crossing Boko,Kamrup Metropolitan,25.9775,91.23416667,2025-04-02 19:15:00,4,92,50.2,50.2,150.60000000000002,301.20000000000005,11.8,-0.09999999999999964,11.866666666666672,11.9
NH17 Crossing Boko,Kamrup Metropolitan,25.9775,91.23416667,2025-04-02 19:30:00,4,92,50.2,50.2,150.60000000000002,301.20000000000005,11.9,0.09999999999999964,11.866666666666672,11.9
NH17 Crossing Boko,Kamrup Metropolitan,25.9775,91.23416667,2025-04-02 19:45:00,4,92,50.2,50.2,150.60000000000002,301.20000000000005,11.9,0.0,11.866666666666672,11.9
NH17 Crossing Boko,Kamrup Metropolitan,25.9775,91.23416667,2025-04-02 20:00:00,4,92,50.2,50.2,150.60000000000002,301.20000000000005,11.8,-0.09999999999999964,11.866666666666672,11.9
NH17 Crossing Boko,Kamrup Metropolitan,25.9775,91.23416667,2025-04-02 20:30:00,4,92,50.2,50.2,150.60000000000002,301.20000000000005,11.8,0.0,11.833333333333337,11.9
NH17 Crossing Boko,Kamrup Metropolitan,25.9775,91.23416667,2025-04-02 20:45:00,4,92,50.2,50.2,150.60000000000002,301.20000000000005,11.8,0.0,11.8,11.9
NH17 Crossing Boko,Kamrup Metropolitan,25.9775,91.23416667,2025-04-02 21:00:00,4,92,50.2,50.2,150.60000000000002,301.20000000000005,11.8,0.0,11.8,11.9
NH17 Crossing Boko,Kamrup Metropolitan,25.9775,91.23416667,2025-04-02 21:15:00,4,92,50.2,50.2,150.60000000000002,301.20000000000005,11.8,0.0,11.8,11.9
NH17 Crossing Boko,Kamrup Metropolitan,25.9775,91.23416667,2025-04-02 21:30:00,4,92,50.2,50.2,150.60000000000002,301.20000000000005,11.8,0.0,11.8,11.8
NH17 Crossing Boko,Kamrup Metropolitan,25.9775,91.23416667,2025-04-02 21:45:00,4,92,50.2,50.2,150.60000000000002,301.20000000000005,11.8,0.0,11.8,11.8
NH17 Crossing Boko,Kamrup Metropolitan,25.9775,91.23416667,2025-04-02 22:00:00,4,92,50.2,50.2,150.60000000000002,301.20000000000005,11.8,0.0,11.8,11.8
NH17 Crossing Boko,Kamrup Metropolitan,25.9775,91.23416667,2025-04-02 22:15:00,4,92,50.2,50.2,150.60000000000002,301.20000000000005,11.8,0.0,11.8,11.8
NH17 Crossing Boko,Kamrup Metropolitan,25.9775,91.23416667,2025-04-02 22:30:00,4,92,50.2,50.2,150.60000000000002,301.20000000000005,11.8,0.0,11.8,11.8
NH17 Crossing Boko,Kamrup Metropolitan,25.9775,91.23416667,2025-04-02 22:45:00,4,92,50.2,50.2,150.60000000000002,301.20000000000005,11.8,0.0,11.8,11.8
NH17 Crossing Boko,Kamrup Metropolitan,25.9775,91.23416667,2025-04-02 23:00:00,4,92,50.2,50.2,150.60000000000002,301.20000000000005,11.8,0.0,11.8,11.8
NH17 Crossing Boko,Kamrup Metropolitan,25.9775,91.23416667,2025-04-02 23:15:00,4,92,50.2,50.2,150.60000000000002,301.20000000000005,11.8,0.0,11.8,11.8
NH17 Crossing Boko,Kamrup Metropolitan,25.9775,91.23416667,2025-04-02 23:30:00,4,92,50.2,50.2,150.60000000000002,301.20000000000005,11.8,0.0,11.8,11.8
NH17 Crossing Boko,Kamrup Metropolitan,25.9775,91.23416667,2025-04-02 23:45:00,4,92,50.2,50.2,150.60000000000002,301.20000000000005,11.8,0.0,11.8,11.8
NH17 Crossing Boko,Kamrup Metropolitan,25.9775,91.23416667,2025-04-03 00:00:00,4,93,50.2,50.2,150.60000000000002,301.20000000000005,11.8,0.0,11.8,11.8
NH17 Crossing Boko,Kamrup Metropolitan,25.9775,91.23416667,2025-04-03 00:15:00,4,93,50.2,50.2,150.60000000000002,301.20000000000005,11.8,0.0,11.8,11.8
NH17 Crossing Boko,Kamrup Metropolitan,25.9775,91.23416667,2025-04-03 00:30:00,4,93,50.2,50.2,150.60000000000002,301.20000000000005,11.8,0.0,11.8,11.8
NH17 Crossing Boko,Kamrup Metropolitan,25.9775,91.23416667,2025-04-03 00:45:00,4,93,50.2,50.2,150.60000000000002,301.20000000000005,11.8,0.0,11.8,11.8
NH17 Crossing Boko,Kamrup Metropolitan,25.9775,91.23416667,2025-04-03 01:00:00,4,93,50.2,50.2,150.60000000000002,301.20000000000005,11.8,0.0,11.8,11.8
NH17 Crossing Boko,Kamrup Metropolitan,25.9775,91.23416667,2025-04-03 01:15:00,4,93,50.2,50.2,150.60000000000002,301.20000000000005,11.8,0.0,11.8,11.8
NH17 Crossing Boko,Kamrup Metropolitan,25.9775,91.23416667,2025-04-03 01:30:00,4,93,50.2,50.2,150.60000000000002,301.20000000000005,11.8,0.0,11.8,11.8
NH17 Crossing Boko,Kamrup Metropolitan,25.9775,91.23416667,2025-04-03 01:45:00,4,93,50.2,50.2,150.60000000000002,301.20000000000005,11.8,0.0,11.8,11.8
NH17 Crossing Boko,Kamrup Metropolitan,25.9775,91.23416667,2025-04-03 02:00:00,4,93,50.2,50.2,150.60000000000002,301.20000000000005,11.8,0.0,11.8,11.8
NH17 Crossing Boko,Kamrup Metropolitan,25.9775,91.23416667,2025-04-03 02:15:00,4,93,50.2,50.2,150.60000000000002,301.20000000000005,11.8,0.0,11.8,11.8
NH17 Crossing Boko,Kamrup Metropolitan,25.9775,91.23416667,2025-04-03 02:30:00,4,93,50.2,50.2,150.60000000000002,301.20000000000005,11.8,0.0,11.8,11.8
NH17 Crossing Boko,Kamrup Metropolitan,25.9775,91.23416667,2025-04-03 02:45:00,4,93,50.2,50.2,150.60000000000002,301.20000000000005,11.8,0.0,11.8,11.8
NH17 Crossing Boko,Kamrup Metropolitan,25.9775,91.23416667,2025-04-03 03:00:00,4,93,50.2,50.2,150.60000000000002,301.20000000000005,11.8,0.0,11.8,11.8
NH17 Crossing Boko,Kamrup Metropolitan,25.9775,91.23416667,2025-04-03 03:15:00,4,93,50.2,50.2,150.60000000000002,301.20000000000005,11.8,0.0,11.8,11.8
NH17 Crossing Boko,Kamrup Metropolitan,25.9775,91.23416667,2025-04-03 03:30:00,4,93,50.2,50.2,150.60000000000002,301.20000000000005,11.8,0.0,11.8,11.8
NH17 Crossing Boko,Kamrup Metropolitan,25.9775,91.23416667,2025-04-03 03:45:00,4,93,50.2,50.2,150.60000000000002,301.20000000000005,11.8,0.0,11.8,11.8
NH17 Crossing Boko,Kamrup Metropolitan,25.9775,91.23416667,2025-04-03 04:00:00,4,93,50.2,50.2,150.60000000000002,301.20000000000005,11.8,0.0,11.8,11.8
NH17 Crossing Boko,Kamrup Metropolitan,25.9775,91.23416667,2025-04-03 04:15:00,4,93,50.2,50.2,150.60000000000002,301.20000000000005,11.8,0.0,11.8,11.8
NH17 Crossing Boko,Kamrup Metropolitan,25.9775,91.23416667,2025-04-03 04:30:00,4,93,50.2,50.2,150.60000000000002,301.20000000000005,11.8,0.0,11.8,11.8
NH17 Crossing Boko,Kamrup Metropolitan,25.9775,91.23416667,2025-04-03 04:45:00,4,93,50.2,50.2,150.60000000000002,301.20000000000005,11.8,0.0,11.8,11.8
NH17 Crossing Boko,Kamrup Metropolitan,25.9775,91.23416667,2025-04-03 05:00:00,4,93,50.2,50.2,150.60000000000002,301.20000000000005,11.8,0.0,11.8,11.8
NH17 Crossing Boko,Kamrup Metropolitan,25.9775,91.23416667,2025-04-03 05:15:00,4,93,50.2,50.2,150.60000000000002,301.20000000000005,11.8,0.0,11.8,11.8
NH17 Crossing Boko,Kamrup Metropolitan,25.9775,91.23416667,2025-04-03 05:30:00,4,93,50.2,50.2,150.60000000000002,301.20000000000005,11.8,0.0,11.8,11.8
NH17 Crossing Boko,Kamrup Metropolitan,25.9775,91.23416667,2025-04-03 05:45:00,4,93,50.2,50.2,150.60000000000002,301.20000000000005,11.8,0.0,11.8,11.8
NH17 Crossing Boko,Kamrup Metropolitan,25.9775,91.23416667,2025-04-03 06:00:00,4,93,50.2,50.2,150.60000000000002,301.20000000000005,11.8,0.0,11.8,11.8
NH17 Crossing Boko,Kamrup Metropolitan,25.9775,91.23416667,2025-04-03 06:15:00,4,93,50.2,50.2,150.60000000000002,301.20000000000005,11.8,0.0,11.8,11.8
NH17 Crossing Boko,Kamrup Metropolitan,25.9775,91.23416667,2025-04-03 06:30:00,4,93,50.2,50.2,150.60000000000002,301.20000000000005,11.8,0.0,11.8,11.8
NH17 Crossing Boko,Kamrup Metropolitan,25.9775,91.23416667,2025-04-03 06:45:00,4,93,50.2,50.2,150.60000000000002,301.20000000000005,11.8,0.0,11.8,11.8
NH17 Crossing Boko,Kamrup Metropolitan,25.9775,91.23416667,2025-04-03 07:00:00,4,93,50.2,50.2,150.60000000000002,301.20000000000005,11.8,0.0,11.8,11.8
NH17 Crossing Boko,Kamrup Metropolitan,25.9775,91.23416667,2025-04-03 07:15:00,4,93,50.2,50.2,150.60000000000002,301.20000000000005,11.8,0.0,11.8,11.8
NH17 Crossing Boko,Kamrup Metropolitan,25.9775,91.23416667,2025-04-03 07:30:00,4,93,50.2,50.2,150.60000000000002,301.20000000000005,11.8,0.0,11.8,11.8
NH17 Crossing Boko,Kamrup Metropolitan,25.9775,91.23416667,2025-04-03 07:45:00,4,93,50.2,50.2,150.60000000000002,301.20000000000005,11.8,0.0,11.8,11.8
NH17 Crossing Boko,Kamrup Metropolitan,25.9775,91.23416667,2025-04-03 08:00:00,4,93,50.2,50.2,150.60000000000002,301.20000000000005,11.8,0.0,11.8,11.8
NH17 Crossing Boko,Kamrup Metropolitan,25.9775,91.23416667,2025-04-03 08:15:00,4,93,50.2,50.2,150.60000000000002,301.20000000000005,11.8,0.0,11.8,11.8
NH17 Crossing Boko,Kamrup Metropolitan,25.9775,91.23416667,2025-04-03 08:30:00,4,93,50.2,50.2,150.60000000000002,301.20000000000005,11.9,0.09999999999999964,11.833333333333337,11.9
NH17 Crossing Boko,Kamrup Metropolitan,25.9775,91.23416667,2025-04-03 08:45:00,4,93,50.2,50.2,150.60000000000002,301.20000000000005,11.9,0.0,11.866666666666672,11.9
NH17 Crossing Boko,Kamrup Metropolitan,25.9775,91.23416667,2025-04-03 09:00:00,4,93,50.2,50.2,150.60000000000002,301.20000000000005,11.9,0.0,11.9,11.9
NH17 Crossing Boko,Kamrup Metropolitan,25.9775,91.23416667,2025-04-03 09:15:00,4,93,50.2,50.2,150.60000000000002,301.20000000000005,11.9,0.0,11.9,11.9
NH17 Crossing Boko,Kamrup Metropolitan,25.9775,91.23416667,2025-04-03 09:30:00,4,93,50.2,50.2,150.60000000000002,301.20000000000005,12.0,0.09999999999999964,11.933333333333337,12.0
NH17 Crossing Boko,Kamrup Metropolitan,25.9775,91.23416667,2025-04-03 09:45:00,4,93,50.2,50.2,150.60000000000002,301.20000000000005,12.0,0.0,11.966666666666674,12.0
NH17 Crossing Boko,Kamrup Metropolitan,25.9775,91.23416667,2025-04-03 10:00:00,4,93,50.2,50.2,150.60000000000002,301.20000000000005,12.0,0.0,12.0,12.0
NH17 Crossing Boko,Kamrup Metropolitan,25.9775,91.23416667,2025-04-03 10:15:00,4,93,50.2,50.2,150.60000000000002,301.20000000000005,12.0,0.0,12.0,12.0
NH17 Crossing Boko,Kamrup Metropolitan,25.9775,91.23416667,2025-04-03 10:30:00,4,93,50.2,50.2,150.60000000000002,301.20000000000005,12.0,0.0,12.0,12.0
NH17 Crossing Boko,Kamrup Metropolitan,25.9775,91.23416667,2025-04-03 10:45:00,4,93,50.2,50.2,150.60000000000002,301.20000000000005,12.0,0.0,12.0,12.0
NH17 Crossing Boko,Kamrup Metropolitan,25.9775,91.23416667,2025-04-03 11:00:00,4,93,50.2,50.2,150.60000000000002,301.20000000000005,12.0,0.0,12.0,12.0
NH17 Crossing Boko,Kamrup Metropolitan,25.9775,91.23416667,2025-04-03 11:15:00,4,93,50.2,50.2,150.60000000000002,301.20000000000005,12.0,0.0,12.0,12.0
NH17 Crossing Boko,Kamrup Metropolitan,25.9775,91.23416667,2025-04-03 11:30:00,4,93,50.2,50.2,150.60000000000002,301.20000000000005,12.0,0.0,12.0,12.0
NH17 Crossing Boko,Kamrup Metropolitan,25.9775,91.23416667,2025-04-03 11:45:00,4,93,50.2,50.2,150.60000000000002,301.20000000000005,12.0,0.0,12.0,12.0
NH17 Crossing Boko,Kamrup Metropolitan,25.9775,91.23416667,2025-04-03 12:00:00,4,93,50.2,50.2,150.60000000000002,301.20000000000005,12.1,0.09999999999999964,12.033333333333339,12.1
NH17 Crossing Boko,Kamrup Metropolitan,25.9775,91.23416667,2025-04-03 12:15:00,4,93,50.2,50.2,150.60000000000002,301.20000000000005,12.1,0.0,12.066666666666672,12.1
NH17 Crossing Boko,Kamrup Metropolitan,25.9775,91.23416667,2025-04-03 12:30:00,4,93,50.2,50.2,150.60000000000002,301.20000000000005,12.1,0.0,12.1,12.1
NH17 Crossing Boko,Kamrup Metropolitan,25.9775,91.23416667,2025-04-03 12:45:00,4,93,50.2,50.2,150.60000000000002,301.20000000000005,12.1,0.0,12.1,12.1
NH17 Crossing Boko,Kamrup Metropolitan,25.9775,91.23416667,2025-04-03 13:00:00,4,93,50.2,50.2,150.60000000000002,301.20000000000005,12.2,0.09999999999999964,12.133333333333338,12.2
NH17 Crossing Boko,Kamrup Metropolitan,25.9775,91.23416667,2025-04-03 13:15:00,4,93,50.2,50.2,150.60000000000002,301.20000000000005,12.2,0.0,12.166666666666671,12.2
NH17 Crossing Boko,Kamrup Metropolitan,25.9775,91.23416667,2025-04-03 13:30:00,4,93,50.2,50.2,150.60000000000002,301.20000000000005,12.1,-0.09999999999999964,12.166666666666671,12.2
NH17 Crossing Boko,Kamrup Metropolitan,25.9775,91.23416667,2025-04-03 13:45:00,4,93,50.2,50.2,150.60000000000002,301.20000000000005,12.1,0.0,12.133333333333338,12.2
NH17 Crossing Boko,Kamrup Metropolitan,25.9775,91.23416667,2025-04-03 14:00:00,4,93,50.2,50.2,150.60000000000002,301.20000000000005,12.1,0.0,12.1,12.2
NH17 Crossing Boko,Kamrup Metropolitan,25.9775,91.23416667,2025-04-03 14:15:00,4,93,50.2,50.2,150.60000000000002,301.20000000000005,12.1,0.0,12.1,12.2
NH17 Crossing Boko,Kamrup Metropolitan,25.9775,91.23416667,2025-04-03 14:30:00,4,93,50.2,50.2,150.60000000000002,301.20000000000005,12.1,0.0,12.1,12.2
NH17 Crossing Boko,Kamrup Metropolitan,25.9775,91.23416667,2025-04-03 14:45:00,4,93,50.2,50.2,150.60000000000002,301.20000000000005,12.1,0.0,12.1,12.1
NH17 Crossing Boko,Kamrup Metropolitan,25.9775,91.23416667,2025-04-03 15:00:00,4,93,50.2,50.2,150.60000000000002,301.20000000000005,12.1,0.0,12.1,12.1
NH17 Crossing Boko,Kamrup Metropolitan,25.9775,91.23416667,2025-04-03 15:15:00,4,93,50.2,50.2,150.60000000000002,301.20000000000005,12.1,0.0,12.1,12.1
NH17 Crossing Boko,Kamrup Metropolitan,25.9775,91.23416667,2025-04-03 15:30:00,4,93,50.2,50.2,150.60000000000002,301.20000000000005,12.1,0.0,12.1,12.1
NH17 Crossing Boko,Kamrup Metropolitan,25.9775,91.23416667,2025-04-03 15:45:00,4,93,50.2,50.2,150.60000000000002,301.20000000000005,12.1,0.0,12.1,12.1
NH17 Crossing Boko,Kamrup Metropolitan,25.9775,91.23416667,2025-04-03 16:00:00,4,93,50.2,50.2,150.60000000000002,301.20000000000005,12.1,0.0,12.1,12.1
NH17 Crossing Boko,Kamrup Metropolitan,25.9775,91.23416667,2025-04-03 16:15:00,4,93,50.2,50.2,150.60000000000002,301.20000000000005,12.0,-0.09999999999999964,12.06666666666667,12.1
NH17 Crossing Boko,Kamrup Metropolitan,25.9775,91.23416667,2025-04-03 16:30:00,4,93,50.2,50.2,150.60000000000002,301.20000000000005,12.0,0.0,12.033333333333339,12.1
NH17 Crossing Boko,Kamrup Metropolitan,25.9775,91.23416667,2025-04-03 16:45:00,4,93,50.2,50.2,150.60000000000002,301.20000000000005,12.0,0.0,12.0,12.1
NH17 Crossing Boko,Kamrup Metropolitan,25.9775,91.23416667,2025-04-03 17:00:00,4,93,50.2,50.2,150.60000000000002,301.20000000000005,12.0,0.0,12.0,12.1
NH17 Crossing Boko,Kamrup Metropolitan,25.9775,91.23416667,2025-04-03 17:15:00,4,93,50.2,50.2,150.60000000000002,301.20000000000005,12.0,0.0,12.0,12.1
NH17 Crossing Boko,Kamrup Metropolitan,25.9775,91.23416667,2025-04-03 17:30:00,4,93,50.2,50.2,150.60000000000002,301.20000000000005,11.9,-0.09999999999999964,11.96666666666667,12.0
NH17 Crossing Boko,Kamrup Metropolitan,25.9775,91.23416667,2025-04-03 17:45:00,4,93,50.2,50.2,150.60000000000002,301.20000000000005,11.9,0.0,11.933333333333337,12.0
NH17 Crossing Boko,Kamrup Metropolitan,25.9775,91.23416667,2025-04-03 18:00:00,4,93,50.2,50.2,150.60000000000002,301.20000000000005,11.9,0.0,11.9,12.0
NH17 Crossing Boko,Kamrup Metropolitan,25.9775,91.23416667,2025-04-03 18:15:00,4,93,50.2,50.2,150.60000000000002,301.20000000000005,11.9,0.0,11.9,12.0
NH17 Crossing Boko,Kamrup Metropolitan,25.9775,91.23416667,2025-04-03 18:30:00,4,93,50.2,50.2,150.60000000000002,301.20000000000005,11.9,0.0,11.9,12.0
NH17 Crossing Boko,Kamrup Metropolitan,25.9775,91.23416667,2025-04-03 18:45:00,4,93,50.2,50.2,150.60000000000002,301.20000000000005,11.9,0.0,11.9,11.9
NH17 Crossing Boko,Kamrup Metropolitan,25.9775,91.23416667,2025-04-03 19:00:00,4,93,50.2,50.2,150.60000000000002,301.20000000000005,11.9,0.0,11.9,11.9
NH17 Crossing Boko,Kamrup Metropolitan,25.9775,91.23416667,2025-04-03 19:15:00,4,93,50.2,50.2,150.60000000000002,301.20000000000005,11.9,0.0,11.9,11.9
NH17 Crossing Boko,Kamrup Metropolitan,25.9775,91.23416667,2025-04-03 19:30:00,4,93,50.2,50.2,150.60000000000002,301.20000000000005,11.9,0.0,11.9,11.9
NH17 Crossing Boko,Kamrup Metropolitan,25.9775,91.23416667,2025-04-03 19:45:00,4,93,50.2,50.2,150.60000000000002,301.20000000000005,11.9,0.0,11.9,11.9
NH17 Crossing Boko,Kamrup Metropolitan,25.9775,91.23416667,2025-04-03 20:00:00,4,93,50.2,50.2,150.60000000000002,301.20000000000005,11.8,-0.09999999999999964,11.866666666666672,11.9
NH17 Crossing Boko,Kamrup Metropolitan,25.9775,91.23416667,2025-04-03 20:15:00,4,93,50.2,50.2,150.60000000000002,301.20000000000005,11.8,0.0,11.833333333333337,11.9
NH17 Crossing Boko,Kamrup Metropolitan,25.9775,91.23416667,2025-04-03 20:30:00,4,93,50.2,50.2,150.60000000000002,301.20000000000005,11.8,0.0,11.8,11.9
NH17 Crossing Boko,Kamrup Metropolitan,25.9775,91.23416667,2025-04-03 20:45:00,4,93,50.2,50.2,150.60000000000002,301.20000000000005,11.8,0.0,11.8,11.9
NH17 Crossing Boko,Kamrup Metropolitan,25.9775,91.23416667,2025-04-03 21:00:00,4,93,50.2,50.2,150.60000000000002,301.20000000000005,11.8,0.0,11.8,11.9
NH17 Crossing Boko,Kamrup Metropolitan,25.9775,91.23416667,2025-04-03 21:15:00,4,93,50.2,50.2,150.60000000000002,301.20000000000005,11.8,0.0,11.8,11.8
NH17 Crossing Boko,Kamrup Metropolitan,25.9775,91.23416667,2025-04-03 21:30:00,4,93,50.2,50.2,150.60000000000002,301.20000000000005,11.8,0.0,11.8,11.8
NH17 Crossing Boko,Kamrup Metropolitan,25.9775,91.23416667,2025-04-03 21:45:00,4,93,50.2,50.2,150.60000000000002,301.20000000000005,11.8,0.0,11.8,11.8
NH17 Crossing Boko,Kamrup Metropolitan,25.9775,91.23416667,2025-04-03 22:00:00,4,93,50.2,50.2,150.60000000000002,301.20000000000005,11.8,0.0,11.8,11.8
NH17 Crossing Boko,Kamrup Metropolitan,25.9775,91.23416667,2025-04-03 22:15:00,4,93,50.2,50.2,150.60000000000002,301.20000000000005,11.8,0.0,11.8,11.8
NH17 Crossing Boko,Kamrup Metropolitan,25.9775,91.23416667,2025-04-03 22:30:00,4,93,50.2,50.2,150.60000000000002,301.20000000000005,11.8,0.0,11.8,11.8
NH17 Crossing Boko,Kamrup Metropolitan,25.9775,91.23416667,2025-04-03 22:45:00,4,93,50.2,50.2,150.60000000000002,301.20000000000005,11.8,0.0,11.8,11.8
NH17 Crossing Boko,Kamrup Metropolitan,25.9775,91.23416667,2025-04-03 23:00:00,4,93,50.2,50.2,150.60000000000002,301.20000000000005,11.8,0.0,11.8,11.8
NH17 Crossing Boko,Kamrup Metropolitan,25.9775,91.23416667,2025-04-03 23:15:00,4,93,50.2,50.2,150.60000000000002,301.20000000000005,11.8,0.0,11.8,11.8
NH17 Crossing Boko,Kamrup Metropolitan,25.9775,91.23416667,2025-04-03 23:30:00,4,93,50.2,50.2,150.60000000000002,301.20000000000005,11.8,0.0,11.8,11.8
NH17 Crossing Boko,Kamrup Metropolitan,25.9775,91.23416667,2025-04-03 23:45:00,4,93,50.2,50.2,150.60000000000002,301.20000000000005,11.8,0.0,11.8,11.8
NH17 Crossing Boko,Kamrup Metropolitan,25.9775,91.23416667,2025-04-04 00:00:00,4,94,50.2,50.2,150.60000000000002,301.20000000000005,11.8,0.0,11.8,11.8
NH17 Crossing Boko,Kamrup Metropolitan,25.9775,91.23416667,2025-04-04 00:15:00,4,94,50.2,50.2,150.60000000000002,301.20000000000005,11.8,0.0,11.8,11.8
NH17 Crossing Boko,Kamrup Metropolitan,25.9775,91.23416667,2025-04-04 00:30:00,4,94,50.2,50.2,150.60000000000002,301.20000000000005,11.8,0.0,11.8,11.8
NH17 Crossing Boko,Kamrup Metropolitan,25.9775,91.23416667,2025-04-04 00:45:00,4,94,50.2,50.2,150.60000000000002,301.20000000000005,11.8,0.0,11.8,11.8
NH17 Crossing Boko,Kamrup Metropolitan,25.9775,91.23416667,2025-04-04 01:00:00,4,94,50.2,50.2,150.60000000000002,301.20000000000005,11.8,0.0,11.8,11.8
NH17 Crossing Boko,Kamrup Metropolitan,25.9775,91.23416667,2025-04-04 01:15:00,4,94,50.2,50.2,150.60000000000002,301.20000000000005,11.8,0.0,11.8,11.8
NH17 Crossing Boko,Kamrup Metropolitan,25.9775,91.23416667,2025-04-04 01:30:00,4,94,50.2,50.2,150.60000000000002,301.20000000000005,11.8,0.0,11.8,11.8
NH17 Crossing Boko,Kamrup Metropolitan,25.9775,91.23416667,2025-04-04 01:45:00,4,94,50.2,50.2,150.60000000000002,301.20000000000005,11.8,0.0,11.8,11.8
NH17 Crossing Boko,Kamrup Metropolitan,25.9775,91.23416667,2025-04-04 02:00:00,4,94,50.2,50.2,150.60000000000002,301.20000000000005,11.7,-0.10000000000000142,11.766666666666673,11.8
NH17 Crossing Boko,Kamrup Metropolitan,25.9775,91.23416667,2025-04-04 02:15:00,4,94,50.2,50.2,150.60000000000002,301.20000000000005,11.8,0.10000000000000142,11.766666666666671,11.8
NH17 Crossing Boko,Kamrup Metropolitan,25.9775,91.23416667,2025-04-04 02:30:00,4,94,50.2,50.2,150.60000000000002,301.20000000000005,11.8,0.0,11.766666666666673,11.8
NH17 Crossing Boko,Kamrup Metropolitan,25.9775,91.23416667,2025-04-04 02:45:00,4,94,50.2,50.2,150.60000000000002,301.20000000000005,11.8,0.0,11.8,11.8
NH17 Crossing Boko,Kamrup Metropolitan,25.9775,91.23416667,2025-04-04 03:00:00,4,94,50.2,50.2,150.60000000000002,301.20000000000005,11.7,-0.10000000000000142,11.766666666666673,11.8
NH17 Crossing Boko,Kamrup Metropolitan,25.9775,91.23416667,2025-04-04 03:15:00,4,94,50.2,50.2,150.60000000000002,301.20000000000005,11.7,0.0,11.733333333333336,11.8
NH17 Crossing Boko,Kamrup Metropolitan,25.9775,91.23416667,2025-04-04 03:30:00,4,94,50.2,50.2,150.60000000000002,301.20000000000005,11.7,0.0,11.7,11.8
NH17 Crossing Boko,Kamrup Metropolitan,25.9775,91.23416667,2025-04-04 03:45:00,4,94,50.2,50.2,150.60000000000002,301.20000000000005,11.6,-0.09999999999999964,11.666666666666671,11.8
NH17 Crossing Boko,Kamrup Metropolitan,25.9775,91.23416667,2025-04-04 04:00:00,4,94,50.2,50.2,150.60000000000002,301.20000000000005,11.7,0.09999999999999964,11.666666666666671,11.8
NH17 Crossing Boko,Kamrup Metropolitan,25.9775,91.23416667,2025-04-04 04:15:00,4,94,50.2,50.2,150.60000000000002,301.20000000000005,11.6,-0.09999999999999964,11.633333333333338,11.7
NH17 Crossing Boko,Kamrup Metropolitan,25.9775,91.23416667,2025-04-04 04:30:00,4,94,50.2,50.2,150.60000000000002,301.20000000000005,11.6,0.0,11.633333333333338,11.7
NH17 Crossing Boko,Kamrup Metropolitan,25.9775,91.23416667,2025-04-04 04:45:00,4,94,50.2,50.2,150.60000000000002,301.20000000000005,11.6,0.0,11.6,11.7
NH17 Crossing Boko,Kamrup Metropolitan,25.9775,91.23416667,2025-04-04 05:00:00,4,94,50.2,50.2,150.60000000000002,301.20000000000005,11.6,0.0,11.6,11.7
NH17 Crossing Boko,Kamrup Metropolitan,25.9775,91.23416667,2025-04-04 05:15:00,4,94,50.2,50.2,150.60000000000002,301.20000000000005,11.7,0.09999999999999964,11.633333333333338,11.7
NH17 Crossing Boko,Kamrup Metropolitan,25.9775,91.23416667,2025-04-04 05:30:00,4,94,50.2,50.2,150.60000000000002,301.20000000000005,11.7,0.0,11.666666666666671,11.7
NH17 Crossing Boko,Kamrup Metropolitan,25.9775,91.23416667,2025-04-04 05:45:00,4,94,50.2,50.2,150.60000000000002,301.20000000000005,11.6,-0.09999999999999964,11.666666666666671,11.7
NH17 Crossing Boko,Kamrup Metropolitan,25.9775,91.23416667,2025-04-04 06:00:00,4,94,50.2,50.2,150.60000000000002,301.20000000000005,11.6,0.0,11.633333333333338,11.7
NH17 Crossing Boko,Kamrup Metropolitan,25.9775,91.23416667,2025-04-04 06:15:00,4,94,50.2,50.2,150.60000000000002,301.20000000000005,11.7,0.09999999999999964,11.633333333333338,11.7
NH17 Crossing Boko,Kamrup Metropolitan,25.9775,91.23416667,2025-04-04 06:30:00,4,94,50.2,50.2,150.60000000000002,301.20000000000005,11.7,0.0,11.666666666666671,11.7
NH17 Crossing Boko,Kamrup Metropolitan,25.9775,91.23416667,2025-04-04 06:45:00,4,94,50.2,50.2,150.60000000000002,301.20000000000005,11.6,-0.09999999999999964,11.666666666666671,11.7
NH17 Crossing Boko,Kamrup Metropolitan,25.9775,91.23416667,2025-04-04 07:00:00,4,94,50.2,50.2,150.60000000000002,301.20000000000005,11.7,0.09999999999999964,11.666666666666671,11.7
NH17 Crossing Boko,Kamrup Metropolitan,25.9775,91.23416667,2025-04-04 07:15:00,4,94,50.2,50.2,150.60000000000002,301.20000000000005,11.6,-0.09999999999999964,11.633333333333338,11.7
NH17 Crossing Boko,Kamrup Metropolitan,25.9775,91.23416667,2025-04-04 07:30:00,4,94,50.2,50.2,150.60000000000002,301.20000000000005,11.7,0.09999999999999964,11.666666666666671,11.7
NH17 Crossing Boko,Kamrup Metropolitan,25.9775,91.23416667,2025-04-04 07:45:00,4,94,50.2,50.2,150.60000000000002,301.20000000000005,11.8,0.10000000000000142,11.700000000000005,11.8
NH17 Crossing Boko,Kamrup Metropolitan,25.9775,91.23416667,2025-04-04 08:00:00,4,94,50.2,50.2,150.60000000000002,301.20000000000005,11.8,0.0,11.766666666666671,11.8
NH17 Crossing Boko,Kamrup Metropolitan,25.9775,91.23416667,2025-04-04 08:15:00,4,94,50.2,50.2,150.60000000000002,301.20000000000005,11.8,0.0,11.8,11.8
NH17 Crossing Boko,Kamrup Metropolitan,25.9775,91.23416667,2025-04-04 08:30:00,4,94,50.2,50.2,150.60000000000002,301.20000000000005,11.8,0.0,11.8,11.8
NH17 Crossing Boko,Kamrup Metropolitan,25.9775,91.23416667,2025-04-04 08:45:00,4,94,50.2,50.2,150.60000000000002,301.20000000000005,11.9,0.09999999999999964,11.833333333333337,11.9
NH17 Crossing Boko,Kamrup Metropolitan,25.9775,91.23416667,2025-04-04 09:00:00,4,94,50.2,50.2,150.60000000000002,301.20000000000005,11.9,0.0,11.866666666666672,11.9
NH17 Crossing Boko,Kamrup Metropolitan,25.9775,91.23416667,2025-04-04 09:15:00,4,94,50.2,50.2,150.60000000000002,301.20000000000005,11.9,0.0,11.9,11.9
NH17 Crossing Boko,Kamrup Metropolitan,25.9775,91.23416667,2025-04-04 09:30:00,4,94,50.2,50.2,150.60000000000002,301.20000000000005,11.9,0.0,11.9,11.9
NH17 Crossing Boko,Kamrup Metropolitan,25.9775,91.23416667,2025-04-04 09:45:00,4,94,50.2,50.2,150.60000000000002,301.20000000000005,11.9,0.0,11.9,11.9
NH17 Crossing Boko,Kamrup Metropolitan,25.9775,91.23416667,2025-04-04 10:00:00,4,94,50.2,50.2,150.60000000000002,301.20000000000005,11.9,0.0,11.9,11.9
NH17 Crossing Boko,Kamrup Metropolitan,25.9775,91.23416667,2025-04-04 10:15:00,4,94,50.2,50.2,150.60000000000002,301.20000000000005,11.9,0.0,11.9,11.9
NH17 Crossing Boko,Kamrup Metropolitan,25.9775,91.23416667,2025-04-04 10:30:00,4,94,50.2,50.2,150.60000000000002,301.20000000000005,11.9,0.0,11.9,11.9
NH17 Crossing Boko,Kamrup Metropolitan,25.9775,91.23416667,2025-04-04 10:45:00,4,94,50.2,50.2,150.60000000000002,301.20000000000005,12.0,0.09999999999999964,11.933333333333337,12.0
NH17 Crossing Boko,Kamrup Metropolitan,25.9775,91.23416667,2025-04-04 11:00:00,4,94,50.2,50.2,150.60000000000002,301.20000000000005,12.0,0.0,11.966666666666674,12.0
NH17 Crossing Boko,Kamrup Metropolitan,25.9775,91.23416667,2025-04-04 11:15:00,4,94,50.2,50.2,150.60000000000002,301.20000000000005,12.0,0.0,12.0,12.0
NH17 Crossing Boko,Kamrup Metropolitan,25.9775,91.23416667,2025-04-04 11:30:00,4,94,50.2,50.2,150.60000000000002,301.20000000000005,12.0,0.0,12.0,12.0
NH17 Crossing Boko,Kamrup Metropolitan,25.9775,91.23416667,2025-04-04 11:45:00,4,94,50.2,50.2,150.60000000000002,301.20000000000005,12.0,0.0,12.0,12.0
NH17 Crossing Boko,Kamrup Metropolitan,25.9775,91.23416667,2025-04-04 12:00:00,4,94,50.2,50.2,150.60000000000002,301.20000000000005,12.0,0.0,12.0,12.0
NH17 Crossing Boko,Kamrup Metropolitan,25.9775,91.23416667,2025-04-04 12:15:00,4,94,50.2,50.2,150.60000000000002,301.20000000000005,12.0,0.0,12.0,12.0
NH17 Crossing Boko,Kamrup Metropolitan,25.9775,91.23416667,2025-04-04 12:30:00,4,94,50.2,50.2,150.60000000000002,301.20000000000005,12.0,0.0,12.0,12.0
NH17 Crossing Boko,Kamrup Metropolitan,25.9775,91.23416667,2025-04-09 10:30:00,4,99,0.5,50.2,100.9,251.5,50.238,38.238,24.746000000000006,50.238
NH17 Crossing Boko,Kamrup Metropolitan,25.9775,91.23416667,2025-04-09 10:45:00,4,99,0.5,0.5,51.199999999999996,201.8,50.238,0.0,37.492000000000004,50.238
NH17 Crossing Boko,Kamrup Metropolitan,25.9775,91.23416667,2025-04-09 11:00:00,4,99,0.5,0.5,1.5,152.10000000000002,50.238,0.0,50.238,50.238
