Station,District,Latitude,Longitude,timestamp,month,day_of_year,rainfall_mm,rainfall_previous,rainfall_3_obs,rainfall_6_obs,river_level,river_level_change,river_level_rolling_mean_3,river_level_rolling_max_6,time_gap_hours,sequence_id,target_timestamp,future_timestamp,future_river_level,actual_forecast_gap_hours,future_river_level_change
NH15 Crossing Dhansirighat,Udalguri,26.69583333,92.25777778,2022-03-25 03:00:00,3,84,3.0,18.0,28.0,28.0,0.508,-0.043,0.4526666666666667,0.551,13.0,3,2022-03-25 09:00:00,2022-03-25 10:00:00,0.426,7.0,-0.08200000000000002
NH15 Crossing Dhansirighat,Udalguri,26.69583333,92.25777778,2022-03-25 04:00:00,3,84,1.0,3.0,22.0,29.0,0.44,-0.068,0.4996666666666667,0.551,1.0,3,2022-03-25 10:00:00,2022-03-25 10:00:00,0.426,6.0,-0.014000000000000012
NH15 Crossing Dhansirighat,Udalguri,26.69583333,92.25777778,2022-03-25 05:00:00,3,84,1.0,1.0,5.0,30.0,0.42,-0.02,0.4559999999999999,0.551,1.0,3,2022-03-25 11:00:00,2022-03-25 10:00:00,0.426,5.0,0.006000000000000005
NH15 Crossing Dhansirighat,Udalguri,26.69583333,92.25777778,2022-03-25 06:00:00,3,84,1.0,1.0,3.0,31.0,0.371,-0.0489999999999999,0.4103333333333332,0.551,1.0,3,2022-03-25 12:00:00,2022-03-25 10:00:00,0.426,4.0,0.05499999999999999
NH15 Crossing Dhansirighat,Udalguri,26.69583333,92.25777778,2022-03-25 10:00:00,3,84,1.0,1.0,3.0,25.0,0.426,0.0549999999999999,0.4056666666666666,0.551,4.0,3,2022-03-25 16:00:00,2022-03-25 15:00:00,0.494,5.0,0.068
NH15 Crossing Dhansirighat,Udalguri,26.69583333,92.25777778,2022-03-25 15:00:00,3,84,1.0,1.0,3.0,8.0,0.494,0.068,0.4303333333333333,0.508,5.0,3,2022-03-25 21:00:00,2022-03-25 21:00:00,0.363,6.0,-0.131
NH15 Crossing Dhansirighat,Udalguri,26.69583333,92.25777778,2022-07-17 11:00:00,7,198,1.0,2.0,4.0,8.0,2.621,0.4199999999999999,1.6833333333333336,2.621,263.0,10,2022-07-17 17:00:00,2022-07-17 19:00:00,2.55,8.0,-0.07100000000000017
NH15 Crossing Dhansirighat,Udalguri,26.69583333,92.25777778,2022-07-30 17:00:00,7,211,1.0,1.0,3.0,6.0,1.995,0.8980000000000001,1.588,2.492,30.0,18,2022-07-30 23:00:00,2022-07-30 23:00:00,2.032,6.0,0.03699999999999992
NH15 Crossing Dhansirighat,Udalguri,26.69583333,92.25777778,2022-07-30 21:00:00,7,211,1.0,1.0,3.0,6.0,2.057,0.0619999999999998,1.7163333333333333,2.219,4.0,18,2022-07-31 03:00:00,2022-07-31 02:00:00,1.956,5.0,-0.10099999999999998
NH15 Crossing Dhansirighat,Udalguri,26.69583333,92.25777778,2022-07-31 11:00:00,7,212,1.0,1.0,3.0,6.0,2.019,0.0630000000000001,2.002333333333333,2.057,9.0,18,2022-07-31 17:00:00,2022-07-31 16:00:00,1.029,5.0,-0.9900000000000002
NH15 Crossing Dhansirighat,Udalguri,26.69583333,92.25777778,2022-07-31 16:00:00,7,212,1.0,1.0,3.0,6.0,1.029,-0.9900000000000002,1.668,2.057,5.0,18,2022-07-31 22:00:00,2022-07-31 20:00:00,1.468,4.0,0.43900000000000006
NH15 Crossing Dhansirighat,Udalguri,26.69583333,92.25777778,2022-07-31 20:00:00,7,212,1.0,1.0,3.0,6.0,1.468,0.439,1.5053333333333334,2.057,4.0,18,2022-08-01 02:00:00,2022-08-01 00:00:00,1.594,4.0,0.1260000000000001
NH15 Crossing Dhansirighat,Udalguri,26.69583333,92.25777778,2022-08-01 00:00:00,8,213,1.0,1.0,3.0,6.0,1.594,0.1260000000000001,1.3636666666666668,2.032,4.0,18,2022-08-01 06:00:00,2022-08-01 06:00:00,0.929,6.0,-0.665
NH15 Crossing Dhansirighat,Udalguri,26.69583333,92.25777778,2022-08-01 04:00:00,8,213,1.0,1.0,3.0,6.0,1.272,-0.322,1.4446666666666663,2.019,4.0,18,2022-08-01 10:00:00,2022-08-01 11:00:00,1.024,7.0,-0.248
NH15 Crossing Dhansirighat,Udalguri,26.69583333,92.25777778,2022-08-01 06:00:00,8,213,1.0,1.0,3.0,6.0,0.929,-0.3429999999999999,1.265,2.019,2.0,18,2022-08-01 12:00:00,2022-08-01 11:00:00,1.024,5.0,0.09499999999999997
NH15 Crossing Dhansirighat,Udalguri,26.69583333,92.25777778,2022-08-01 08:00:00,8,213,1.0,1.0,3.0,6.0,0.859,-0.07,1.0199999999999998,1.594,2.0,18,2022-08-01 14:00:00,2022-08-01 13:00:00,0.84,5.0,-0.019000000000000017
NH15 Crossing Dhansirighat,Udalguri,26.69583333,92.25777778,2022-08-01 11:00:00,8,213,1.0,1.0,3.0,6.0,1.024,0.165,0.9373333333333336,1.594,3.0,18,2022-08-01 17:00:00,2022-08-01 17:00:00,0.848,6.0,-0.17600000000000005
NH15 Crossing Dhansirighat,Udalguri,26.69583333,92.25777778,2022-08-01 13:00:00,8,213,1.0,1.0,3.0,6.0,0.84,-0.184,0.9076666666666666,1.594,2.0,18,2022-08-01 19:00:00,2022-08-01 20:00:00,0.997,7.0,0.15700000000000003
NH15 Crossing Dhansirighat,Udalguri,26.69583333,92.25777778,2022-08-01 15:00:00,8,213,1.0,1.0,3.0,6.0,0.872,0.032,0.912,1.272,2.0,18,2022-08-01 21:00:00,2022-08-01 20:00:00,0.997,5.0,0.125
NH15 Crossing Dhansirighat,Udalguri,26.69583333,92.25777778,2022-08-01 17:00:00,8,213,1.0,1.0,3.0,6.0,0.848,-0.024,0.8533333333333334,1.024,2.0,18,2022-08-01 23:00:00,2022-08-02 00:00:00,1.114,7.0,0.2660000000000001
NH15 Crossing Dhansirighat,Udalguri,26.69583333,92.25777778,2022-08-01 20:00:00,8,213,1.0,1.0,3.0,6.0,0.997,0.149,0.9056666666666668,1.024,3.0,18,2022-08-02 02:00:00,2022-08-02 03:00:00,1.147,7.0,0.15000000000000002
NH15 Crossing Dhansirighat,Udalguri,26.69583333,92.25777778,2022-08-02 00:00:00,8,214,1.0,1.0,3.0,6.0,1.114,0.1170000000000001,0.9863333333333334,1.114,4.0,18,2022-08-02 06:00:00,2022-08-02 07:00:00,1.363,7.0,0.2489999999999999
NH15 Crossing Dhansirighat,Udalguri,26.69583333,92.25777778,2022-08-02 03:00:00,8,214,1.0,1.0,3.0,6.0,1.147,0.0329999999999999,1.086,1.147,3.0,18,2022-08-02 09:00:00,2022-08-02 10:00:00,1.323,7.0,0.17599999999999993
NH15 Crossing Dhansirighat,Udalguri,26.69583333,92.25777778,2022-08-02 07:00:00,8,214,1.0,1.0,3.0,6.0,1.363,0.2159999999999999,1.2080000000000002,1.363,4.0,18,2022-08-02 13:00:00,2022-08-02 13:00:00,1.487,6.0,0.12400000000000011
NH15 Crossing Dhansirighat,Udalguri,26.69583333,92.25777778,2022-08-02 10:00:00,8,214,1.0,1.0,3.0,6.0,1.323,-0.04,1.2776666666666667,1.363,3.0,18,2022-08-02 16:00:00,2022-08-02 16:00:00,1.408,6.0,0.08499999999999996
NH15 Crossing Dhansirighat,Udalguri,26.69583333,92.25777778,2022-08-02 13:00:00,8,214,1.0,1.0,3.0,6.0,1.487,0.1640000000000001,1.391,1.487,3.0,18,2022-08-02 19:00:00,2022-08-02 21:00:00,1.358,8.0,-0.129
NH15 Crossing Dhansirighat,Udalguri,26.69583333,92.25777778,2022-08-02 16:00:00,8,214,1.0,1.0,3.0,6.0,1.408,-0.0790000000000001,1.406,1.487,3.0,18,2022-08-02 22:00:00,2022-08-02 21:00:00,1.358,5.0,-0.04999999999999982
NH15 Crossing Dhansirighat,Udalguri,26.69583333,92.25777778,2022-08-02 21:00:00,8,214,1.0,1.0,3.0,6.0,1.358,-0.0499999999999998,1.4176666666666666,1.487,5.0,18,2022-08-03 03:00:00,2022-08-03 02:00:00,1.281,5.0,-0.07700000000000018
NH15 Crossing Dhansirighat,Udalguri,26.69583333,92.25777778,2022-08-02 23:00:00,8,214,1.0,1.0,3.0,6.0,1.34,-0.018,1.3686666666666667,1.487,2.0,18,2022-08-03 05:00:00,2022-08-03 05:00:00,1.362,6.0,0.02200000000000002
NH15 Crossing Dhansirighat,Udalguri,26.69583333,92.25777778,2022-08-03 05:00:00,8,215,1.0,1.0,3.0,6.0,1.362,0.0810000000000001,1.3276666666666666,1.487,3.0,18,2022-08-03 11:00:00,2022-08-03 12:00:00,1.462,7.0,0.09999999999999987
NH15 Crossing Dhansirighat,Udalguri,26.69583333,92.25777778,2022-08-03 12:00:00,8,215,1.0,1.0,3.0,6.0,1.462,0.0999999999999998,1.3683333333333334,1.462,7.0,18,2022-08-03 18:00:00,2022-08-03 17:00:00,1.557,5.0,0.09499999999999997
NH15 Crossing Dhansirighat,Udalguri,26.69583333,92.25777778,2022-08-03 15:00:00,8,215,1.0,1.0,3.0,6.0,1.533,0.0709999999999999,1.4523333333333337,1.533,3.0,18,2022-08-03 21:00:00,2022-08-03 22:00:00,1.531,7.0,-0.0020000000000000018
NH15 Crossing Dhansirighat,Udalguri,26.69583333,92.25777778,2022-08-03 17:00:00,8,215,1.0,1.0,3.0,6.0,1.557,0.024,1.5173333333333332,1.557,2.0,18,2022-08-03 23:00:00,2022-08-03 22:00:00,1.531,5.0,-0.026000000000000023
NH15 Crossing Dhansirighat,Udalguri,26.69583333,92.25777778,2022-08-03 22:00:00,8,215,1.0,1.0,3.0,6.0,1.531,-0.026,1.540333333333333,1.557,5.0,18,2022-08-04 04:00:00,2022-08-04 05:00:00,1.573,7.0,0.04200000000000004
NH15 Crossing Dhansirighat,Udalguri,26.69583333,92.25777778,2022-08-04 02:00:00,8,216,1.0,1.0,3.0,6.0,1.616,0.0850000000000001,1.5679999999999998,1.616,4.0,18,2022-08-04 08:00:00,2022-08-04 10:00:00,1.663,8.0,0.04699999999999993
NH15 Crossing Dhansirighat,Udalguri,26.69583333,92.25777778,2022-08-04 05:00:00,8,216,1.0,1.0,3.0,6.0,1.573,-0.0430000000000001,1.5733333333333333,1.616,3.0,18,2022-08-04 11:00:00,2022-08-04 10:00:00,1.663,5.0,0.09000000000000008
NH15 Crossing Dhansirighat,Udalguri,26.69583333,92.25777778,2022-08-04 10:00:00,8,216,1.0,1.0,3.0,6.0,1.663,0.09,1.6173333333333335,1.663,5.0,18,2022-08-04 16:00:00,2022-08-04 15:00:00,1.706,5.0,0.04299999999999993
NH15 Crossing Dhansirighat,Udalguri,26.69583333,92.25777778,2022-08-04 13:00:00,8,216,1.0,1.0,3.0,6.0,1.689,0.026,1.6416666666666666,1.689,3.0,18,2022-08-04 19:00:00,2022-08-04 19:00:00,1.62,6.0,-0.06899999999999995
NH15 Crossing Dhansirighat,Udalguri,26.69583333,92.25777778,2022-08-04 15:00:00,8,216,1.0,1.0,3.0,6.0,1.706,0.0169999999999999,1.686,1.706,2.0,18,2022-08-04 21:00:00,2022-08-04 19:00:00,1.62,4.0,-0.08599999999999985
NH15 Crossing Dhansirighat,Udalguri,26.69583333,92.25777778,2022-08-04 19:00:00,8,216,1.0,1.0,3.0,6.0,1.62,-0.0859999999999998,1.6716666666666669,1.706,4.0,18,2022-08-05 01:00:00,2022-08-04 23:00:00,1.695,4.0,0.07499999999999996
NH15 Crossing Dhansirighat,Udalguri,26.69583333,92.25777778,2022-08-04 23:00:00,8,216,1.0,1.0,3.0,6.0,1.695,0.0749999999999999,1.6736666666666666,1.706,4.0,18,2022-08-05 05:00:00,2022-08-05 04:00:00,1.802,5.0,0.10699999999999998
NH15 Crossing Dhansirighat,Udalguri,26.69583333,92.25777778,2022-08-05 04:00:00,8,217,1.0,1.0,3.0,6.0,1.802,0.1069999999999999,1.7056666666666669,1.802,5.0,18,2022-08-05 10:00:00,2022-08-05 09:00:00,1.77,5.0,-0.03200000000000003
NH15 Crossing Dhansirighat,Udalguri,26.69583333,92.25777778,2022-08-10 11:00:00,8,222,1.0,1.0,3.0,6.0,1.623,-0.147,1.731666666666667,1.802,122.0,19,2022-08-10 17:00:00,2022-08-10 18:00:00,1.797,7.0,0.17399999999999993
NH15 Crossing Dhansirighat,Udalguri,26.69583333,92.25777778,2022-08-10 13:00:00,8,222,1.0,1.0,3.0,6.0,1.647,0.024,1.68,1.802,2.0,19,2022-08-10 19:00:00,2022-08-10 18:00:00,1.797,5.0,0.1499999999999999
NH15 Crossing Dhansirighat,Udalguri,26.69583333,92.25777778,2022-08-10 18:00:00,8,222,1.0,1.0,3.0,6.0,1.797,0.1499999999999999,1.689,1.802,5.0,19,2022-08-11 00:00:00,2022-08-11 01:00:00,1.849,7.0,0.052000000000000046
NH15 Crossing Dhansirighat,Udalguri,26.69583333,92.25777778,2022-08-11 01:00:00,8,223,1.0,1.0,3.0,6.0,1.849,0.052,1.7643333333333333,1.849,7.0,19,2022-08-11 07:00:00,2022-08-11 08:00:00,1.87,7.0,0.02100000000000013
NH15 Crossing Dhansirighat,Udalguri,26.69583333,92.25777778,2023-06-28 06:00:00,6,179,1.0,1.0,3.0,6.0,2.365,0.3560000000000003,2.219,2.365,23.0,39,2023-06-28 12:00:00,2023-06-28 12:00:00,2.57,6.0,0.20499999999999963
NH15 Crossing Dhansirighat,Udalguri,26.69583333,92.25777778,2023-06-28 11:00:00,6,179,1.0,1.0,3.0,6.0,2.502,0.1369999999999995,2.292,2.502,5.0,39,2023-06-28 17:00:00,2023-06-28 16:00:00,2.651,5.0,0.14900000000000002
NH15 Crossing Dhansirighat,Udalguri,26.69583333,92.25777778,2023-06-28 12:00:00,6,179,1.0,1.0,3.0,6.0,2.57,0.068,2.4789999999999996,2.57,1.0,39,2023-06-28 18:00:00,2023-06-28 16:00:00,2.651,4.0,0.08099999999999996
NH15 Crossing Dhansirighat,Udalguri,26.69583333,92.25777778,2023-07-01 20:00:00,7,182,1.0,1.0,3.0,6.0,2.197,-0.399,2.4346666666666663,2.698,12.0,42,2023-07-02 02:00:00,2023-07-02 02:00:00,2.265,6.0,0.06800000000000006
NH15 Crossing Dhansirighat,Udalguri,26.69583333,92.25777778,2023-07-02 02:00:00,7,183,1.0,1.0,3.0,6.0,2.265,0.068,2.3526666666666665,2.698,6.0,42,2023-07-02 08:00:00,2023-07-02 08:00:00,2.386,6.0,0.121
NH15 Crossing Dhansirighat,Udalguri,26.69583333,92.25777778,2023-07-02 04:00:00,7,183,1.0,1.0,3.0,6.0,2.344,0.0789999999999997,2.2686666666666664,2.698,2.0,42,2023-07-02 10:00:00,2023-07-02 10:00:00,2.369,6.0,0.025000000000000355
NH15 Crossing Dhansirighat,Udalguri,26.69583333,92.25777778,2023-07-02 05:00:00,7,183,3.0,1.0,5.0,8.0,2.358,0.0140000000000002,2.322333333333333,2.596,1.0,42,2023-07-02 11:00:00,2023-07-02 11:00:00,2.361,6.0,0.0030000000000001137
NH15 Crossing Dhansirighat,Udalguri,26.69583333,92.25777778,2023-07-02 06:00:00,7,183,2.0,3.0,6.0,9.0,2.362,0.004,2.3546666666666662,2.596,1.0,42,2023-07-02 12:00:00,2023-07-02 12:00:00,2.331,6.0,-0.03100000000000014
NH15 Crossing Dhansirighat,Udalguri,26.69583333,92.25777778,2023-07-02 07:00:00,7,183,2.0,2.0,7.0,10.0,2.377,0.0149999999999996,2.3656666666666664,2.377,1.0,42,2023-07-02 13:00:00,2023-07-02 13:00:00,2.342,6.0,-0.0349999999999997
NH15 Crossing Dhansirighat,Udalguri,26.69583333,92.25777778,2023-07-02 08:00:00,7,183,1.0,2.0,5.0,10.0,2.386,0.0090000000000003,2.3749999999999996,2.386,1.0,42,2023-07-02 14:00:00,2023-07-02 14:00:00,2.358,6.0,-0.028000000000000025
NH15 Crossing Dhansirighat,Udalguri,26.69583333,92.25777778,2023-07-02 09:00:00,7,183,1.0,1.0,4.0,10.0,2.374,-0.012,2.3789999999999996,2.386,1.0,42,2023-07-02 15:00:00,2023-07-02 15:00:00,2.334,6.0,-0.040000000000000036
NH15 Crossing Dhansirighat,Udalguri,26.69583333,92.25777778,2023-07-02 10:00:00,7,183,2.0,1.0,4.0,11.0,2.369,-0.0049999999999998,2.376333333333333,2.386,1.0,42,2023-07-02 16:00:00,2023-07-02 16:00:00,2.34,6.0,-0.02900000000000036
NH15 Crossing Dhansirighat,Udalguri,26.69583333,92.25777778,2023-07-02 11:00:00,7,183,2.0,2.0,5.0,10.0,2.361,-0.008,2.368,2.386,1.0,42,2023-07-02 17:00:00,2023-07-02 17:00:00,2.336,6.0,-0.025000000000000355
NH15 Crossing Dhansirighat,Udalguri,26.69583333,92.25777778,2023-07-02 12:00:00,7,183,3.0,2.0,7.0,11.0,2.331,-0.0300000000000002,2.3536666666666664,2.386,1.0,42,2023-07-02 18:00:00,2023-07-02 18:00:00,2.241,6.0,-0.08999999999999986
NH15 Crossing Dhansirighat,Udalguri,26.69583333,92.25777778,2023-07-02 13:00:00,7,183,2.0,3.0,7.0,11.0,2.342,0.0110000000000001,2.3446666666666665,2.386,1.0,42,2023-07-02 19:00:00,2023-07-02 19:00:00,2.187,6.0,-0.15500000000000025
NH15 Crossing Dhansirighat,Udalguri,26.69583333,92.25777778,2023-07-02 14:00:00,7,183,3.0,2.0,8.0,13.0,2.358,0.016,2.343666666666666,2.374,1.0,42,2023-07-02 20:00:00,2023-07-02 20:00:00,2.202,6.0,-0.15600000000000014
NH15 Crossing Dhansirighat,Udalguri,26.69583333,92.25777778,2023-07-02 15:00:00,7,183,2.0,3.0,7.0,14.0,2.334,-0.024,2.3446666666666665,2.369,1.0,42,2023-07-02 21:00:00,2023-07-02 21:00:00,2.272,6.0,-0.06200000000000028
NH15 Crossing Dhansirighat,Udalguri,26.69583333,92.25777778,2023-07-02 16:00:00,7,183,2.0,2.0,7.0,14.0,2.34,0.0059999999999997,2.3439999999999994,2.361,1.0,42,2023-07-02 22:00:00,2023-07-02 21:00:00,2.272,5.0,-0.06800000000000006
NH15 Crossing Dhansirighat,Udalguri,26.69583333,92.25777778,2023-07-02 17:00:00,7,183,1.0,2.0,5.0,13.0,2.336,-0.004,2.3366666666666664,2.358,1.0,42,2023-07-02 23:00:00,2023-07-02 21:00:00,2.272,4.0,-0.06400000000000006
NH15 Crossing Dhansirighat,Udalguri,26.69583333,92.25777778,2023-07-02 18:00:00,7,183,2.0,1.0,5.0,12.0,2.241,-0.0949999999999997,2.305666666666666,2.358,1.0,42,2023-07-03 00:00:00,2023-07-03 01:00:00,2.037,7.0,-0.20400000000000018
NH15 Crossing Dhansirighat,Udalguri,26.69583333,92.25777778,2023-07-02 19:00:00,7,183,1.0,2.0,4.0,11.0,2.187,-0.0540000000000002,2.254666666666666,2.358,1.0,42,2023-07-03 01:00:00,2023-07-03 01:00:00,2.037,6.0,-0.1499999999999999
NH15 Crossing Dhansirighat,Udalguri,26.69583333,92.25777778,2023-07-02 20:00:00,7,183,1.0,1.0,4.0,9.0,2.202,0.0150000000000001,2.2099999999999995,2.34,1.0,42,2023-07-03 02:00:00,2023-07-03 01:00:00,2.037,5.0,-0.16500000000000004
NH15 Crossing Dhansirighat,Udalguri,26.69583333,92.25777778,2023-07-02 21:00:00,7,183,1.0,1.0,3.0,8.0,2.272,0.0699999999999998,2.220333333333333,2.34,1.0,42,2023-07-03 03:00:00,2023-07-03 01:00:00,2.037,4.0,-0.23499999999999988
NH15 Crossing Dhansirighat,Udalguri,26.69583333,92.25777778,2023-07-03 01:00:00,7,184,1.0,1.0,3.0,7.0,2.037,-0.2349999999999998,2.1703333333333332,2.336,4.0,42,2023-07-03 07:00:00,2023-07-03 07:00:00,2.311,6.0,0.274
NH15 Crossing Dhansirighat,Udalguri,26.69583333,92.25777778,2023-07-03 07:00:00,7,184,1.0,1.0,3.0,7.0,2.311,0.274,2.2066666666666666,2.311,6.0,42,2023-07-03 13:00:00,2023-07-03 12:00:00,2.104,5.0,-0.20699999999999985
NH15 Crossing Dhansirighat,Udalguri,26.69583333,92.25777778,2023-07-03 10:00:00,7,184,1.0,1.0,3.0,6.0,2.217,-0.0939999999999998,2.188333333333333,2.311,3.0,42,2023-07-03 16:00:00,2023-07-03 14:00:00,2.03,4.0,-0.18700000000000028
NH15 Crossing Dhansirighat,Udalguri,26.69583333,92.25777778,2023-07-05 22:00:00,7,186,1.0,1.0,3.0,11.0,2.543,-0.0379999999999998,2.557333333333333,2.581,14.0,45,2023-07-06 04:00:00,2023-07-06 03:00:00,2.65,5.0,0.10699999999999976
NH15 Crossing Dhansirighat,Udalguri,26.69583333,92.25777778,2023-07-06 03:00:00,7,187,1.0,1.0,3.0,7.0,2.65,0.1069999999999997,2.591333333333333,2.65,5.0,45,2023-07-06 09:00:00,2023-07-06 09:00:00,2.555,6.0,-0.09499999999999975
NH15 Crossing Dhansirighat,Udalguri,26.69583333,92.25777778,2023-07-06 05:00:00,7,187,1.0,1.0,3.0,6.0,2.631,-0.0190000000000001,2.608,2.65,2.0,45,2023-07-06 11:00:00,2023-07-06 12:00:00,2.616,7.0,-0.01499999999999968
NH15 Crossing Dhansirighat,Udalguri,26.69583333,92.25777778,2023-07-06 06:00:00,7,187,1.0,1.0,3.0,6.0,2.581,-0.0499999999999998,2.6206666666666663,2.65,1.0,45,2023-07-06 12:00:00,2023-07-06 12:00:00,2.616,6.0,0.03500000000000014
NH15 Crossing Dhansirighat,Udalguri,26.69583333,92.25777778,2023-07-06 09:00:00,7,187,1.0,1.0,3.0,6.0,2.555,-0.0259999999999998,2.589,2.65,3.0,45,2023-07-06 15:00:00,2023-07-06 15:00:00,2.629,6.0,0.07399999999999984
NH15 Crossing Dhansirighat,Udalguri,26.69583333,92.25777778,2023-07-06 12:00:00,7,187,1.0,1.0,3.0,6.0,2.616,0.0609999999999999,2.5839999999999996,2.65,3.0,45,2023-07-06 18:00:00,2023-07-06 18:00:00,2.618,6.0,0.0019999999999997797
NH15 Crossing Dhansirighat,Udalguri,26.69583333,92.25777778,2023-07-06 15:00:00,7,187,1.0,1.0,3.0,6.0,2.629,0.0129999999999999,2.5999999999999996,2.65,3.0,45,2023-07-06 21:00:00,2023-07-06 21:00:00,2.537,6.0,-0.09200000000000008
NH15 Crossing Dhansirighat,Udalguri,26.69583333,92.25777778,2023-07-06 16:00:00,7,187,1.0,1.0,3.0,6.0,2.67,0.0409999999999999,2.638333333333333,2.67,1.0,45,2023-07-06 22:00:00,2023-07-06 21:00:00,2.537,5.0,-0.133
NH15 Crossing Dhansirighat,Udalguri,26.69583333,92.25777778,2023-07-06 18:00:00,7,187,2.0,1.0,4.0,7.0,2.618,-0.052,2.639,2.67,2.0,45,2023-07-07 00:00:00,2023-07-07 00:00:00,2.573,6.0,-0.04499999999999993
NH15 Crossing Dhansirighat,Udalguri,26.69583333,92.25777778,2023-07-06 19:00:00,7,187,1.0,2.0,4.0,7.0,2.59,-0.028,2.625999999999999,2.67,1.0,45,2023-07-07 01:00:00,2023-07-07 00:00:00,2.573,5.0,-0.016999999999999904
NH15 Crossing Dhansirighat,Udalguri,26.69583333,92.25777778,2023-07-06 20:00:00,7,187,1.0,1.0,4.0,7.0,2.552,-0.0379999999999998,2.586666666666666,2.67,1.0,45,2023-07-07 02:00:00,2023-07-07 02:00:00,2.569,6.0,0.016999999999999904
NH15 Crossing Dhansirighat,Udalguri,26.69583333,92.25777778,2023-07-06 21:00:00,7,187,1.0,1.0,3.0,7.0,2.537,-0.0150000000000001,2.5596666666666663,2.67,1.0,45,2023-07-07 03:00:00,2023-07-07 03:00:00,2.609,6.0,0.07200000000000006
NH15 Crossing Dhansirighat,Udalguri,26.69583333,92.25777778,2023-07-07 00:00:00,7,188,1.0,1.0,3.0,7.0,2.573,0.036,2.554,2.67,3.0,45,2023-07-07 06:00:00,2023-07-07 08:00:00,2.697,8.0,0.12400000000000011
NH15 Crossing Dhansirighat,Udalguri,26.69583333,92.25777778,2023-07-07 02:00:00,7,188,1.0,1.0,3.0,7.0,2.569,-0.004,2.5596666666666663,2.618,2.0,45,2023-07-07 08:00:00,2023-07-07 08:00:00,2.697,6.0,0.1280000000000001
NH15 Crossing Dhansirighat,Udalguri,26.69583333,92.25777778,2023-07-07 03:00:00,7,188,1.0,1.0,3.0,6.0,2.609,0.04,2.5836666666666663,2.609,1.0,45,2023-07-07 09:00:00,2023-07-07 09:00:00,2.694,6.0,0.08499999999999996
NH15 Crossing Fakirpara Tangni,DARRANG,26.50833333,92.11638889,2022-04-04 02:00:00,4,94,0.5,1.0,2.0,4.0,0.428,0.016,0.454,0.522,20.0,10,2022-04-04 08:00:00,2022-04-04 10:00:00,0.435,8.0,0.007000000000000006
NH15 Crossing Fakirpara Tangni,DARRANG,26.50833333,92.11638889,2022-04-04 23:00:00,4,94,1.0,0.5,2.0,4.0,0.722,0.287,0.5283333333333333,0.722,13.0,11,2022-04-05 05:00:00,2022-04-05 06:00:00,0.811,7.0,0.08900000000000008
NH15 Crossing Fakirpara Tangni,DARRANG,26.50833333,92.11638889,2022-04-05 06:00:00,4,95,0.5,1.0,2.0,4.0,0.811,0.089,0.656,0.811,7.0,11,2022-04-05 12:00:00,2022-04-05 13:00:00,0.771,7.0,-0.040000000000000036
NH15 Crossing Fakirpara Tangni,DARRANG,26.50833333,92.11638889,2022-04-06 02:00:00,4,96,0.5,0.5,1.5,3.5,0.738,-0.033,0.7733333333333334,0.811,13.0,12,2022-04-06 08:00:00,2022-04-06 09:00:00,0.86,7.0,0.122
NH15 Crossing Fakirpara Tangni,DARRANG,26.50833333,92.11638889,2022-04-07 08:00:00,4,97,1.0,0.5,2.0,3.5,0.672,-0.003,0.7356666666666666,0.86,12.0,12,2022-04-07 14:00:00,2022-04-07 14:00:00,0.748,6.0,0.07599999999999996
NH15 Crossing Fakirpara Tangni,DARRANG,26.50833333,92.11638889,2022-05-15 02:00:00,5,135,1.0,1.0,3.0,4.5,0.811,0.063,0.7436666666666666,0.86,900.0,13,2022-05-15 08:00:00,2022-05-15 06:00:00,1.156,4.0,0.34499999999999986
NH15 Crossing Fakirpara Tangni,DARRANG,26.50833333,92.11638889,2022-05-15 05:00:00,5,135,5.5,8.0,14.5,17.0,1.016,0.0,0.9476666666666668,1.016,1.0,13,2022-05-15 11:00:00,2022-05-15 13:00:00,1.147,8.0,0.131
NH15 Crossing Fakirpara Tangni,DARRANG,26.50833333,92.11638889,2022-05-15 06:00:00,5,135,26.0,5.5,39.5,42.5,1.156,0.1399999999999999,1.0626666666666666,1.156,1.0,13,2022-05-15 12:00:00,2022-05-15 13:00:00,1.147,7.0,-0.008999999999999897
NH15 Crossing Fakirpara Tangni,DARRANG,26.50833333,92.11638889,2022-05-19 21:00:00,5,139,0.5,1.0,3.5,6.5,1.228,-0.2159999999999999,1.3706666666666667,1.444,37.0,16,2022-05-20 03:00:00,2022-05-20 04:30:00,1.199,7.5,-0.028999999999999915
NH15 Crossing Fakirpara Tangni,DARRANG,26.50833333,92.11638889,2022-06-06 05:00:00,6,157,1.5,130.5,132.5,136.5,0.773,-0.426,1.0666666666666669,1.444,408.5,17,2022-06-06 11:00:00,2022-06-06 11:00:00,0.885,6.0,0.11199999999999999
NH15 Crossing Fakirpara Tangni,DARRANG,26.50833333,92.11638889,2022-06-06 06:00:00,6,157,0.5,1.5,132.5,136.0,0.787,0.014,0.9196666666666669,1.444,1.0,17,2022-06-06 12:00:00,2022-06-06 11:00:00,0.885,5.0,0.09799999999999998
NH15 Crossing Fakirpara Tangni,DARRANG,26.50833333,92.11638889,2022-06-15 00:00:00,6,166,3.0,0.5,4.0,19.5,1.12,0.3840000000000001,0.902,1.12,67.0,20,2022-06-15 06:00:00,2022-06-15 05:00:00,1.185,5.0,0.06499999999999995
NH15 Crossing Fakirpara Tangni,DARRANG,26.50833333,92.11638889,2022-06-15 02:00:00,6,166,2.5,3.0,6.0,18.5,1.154,0.0339999999999998,1.0033333333333332,1.154,2.0,20,2022-06-15 08:00:00,2022-06-15 08:00:00,1.247,6.0,0.0930000000000002
NH15 Crossing Fakirpara Tangni,DARRANG,26.50833333,92.11638889,2022-06-15 04:00:00,6,166,1.0,2.5,6.5,10.5,1.166,0.012,1.1466666666666667,1.166,2.0,20,2022-06-15 10:00:00,2022-06-15 10:00:00,1.247,6.0,0.08100000000000018
NH15 Crossing Fakirpara Tangni,DARRANG,26.50833333,92.11638889,2022-06-15 05:00:00,6,166,0.5,1.0,4.0,8.0,1.185,0.0190000000000001,1.1683333333333332,1.185,1.0,20,2022-06-15 11:00:00,2022-06-15 10:00:00,1.247,5.0,0.062000000000000055
NH15 Crossing Fakirpara Tangni,DARRANG,26.50833333,92.11638889,2022-07-06 08:00:00,7,187,1.0,5.5,7.5,12.0,0.234,-1.013,0.9093333333333335,1.247,502.0,21,2022-07-06 14:00:00,2022-07-06 14:00:00,0.26,6.0,0.025999999999999995
NH15 Crossing Fakirpara Tangni,DARRANG,26.50833333,92.11638889,2022-07-06 09:00:00,7,187,1.0,1.0,7.5,12.0,0.234,0.0,0.5716666666666668,1.247,1.0,21,2022-07-06 15:00:00,2022-07-06 15:00:00,0.255,6.0,0.02099999999999999
NH15 Crossing Fakirpara Tangni,DARRANG,26.50833333,92.11638889,2022-07-06 10:00:00,7,187,2.0,1.0,4.0,13.5,0.242,0.0079999999999999,0.2366666666666667,1.247,1.0,21,2022-07-06 16:00:00,2022-07-06 16:00:00,0.25,6.0,0.008000000000000007
NH15 Crossing Fakirpara Tangni,DARRANG,26.50833333,92.11638889,2022-07-06 11:00:00,7,187,3.0,2.0,6.0,13.5,0.245,0.003,0.2403333333333334,1.247,1.0,21,2022-07-06 17:00:00,2022-07-06 17:00:00,0.25,6.0,0.0050000000000000044
NH15 Crossing Fakirpara Tangni,DARRANG,26.50833333,92.11638889,2022-07-06 12:00:00,7,187,3.0,3.0,8.0,15.5,0.253,0.008,0.2466666666666667,1.247,1.0,21,2022-07-06 18:00:00,2022-07-06 17:00:00,0.25,5.0,-0.0030000000000000027
NH15 Crossing Fakirpara Tangni,DARRANG,26.50833333,92.11638889,2022-07-06 13:00:00,7,187,2.0,3.0,8.0,12.0,0.258,0.005,0.252,0.258,1.0,21,2022-07-06 19:00:00,2022-07-06 19:00:00,0.266,6.0,0.008000000000000007
NH15 Crossing Fakirpara Tangni,DARRANG,26.50833333,92.11638889,2022-07-06 14:00:00,7,187,2.0,2.0,7.0,13.0,0.26,0.002,0.257,0.26,1.0,21,2022-07-06 20:00:00,2022-07-06 19:00:00,0.266,5.0,0.006000000000000005
NH15 Crossing Fakirpara Tangni,DARRANG,26.50833333,92.11638889,2022-07-06 15:00:00,7,187,1.0,2.0,5.0,13.0,0.255,-0.005,0.2576666666666667,0.26,1.0,21,2022-07-06 21:00:00,2022-07-06 19:00:00,0.266,4.0,0.01100000000000001
NH15 Crossing Fakirpara Tangni,DARRANG,26.50833333,92.11638889,2022-07-06 16:00:00,7,187,1.0,1.0,4.0,12.0,0.25,-0.005,0.255,0.26,1.0,21,2022-07-06 22:00:00,2022-07-06 23:00:00,0.262,7.0,0.01200000000000001
NH15 Crossing Fakirpara Tangni,DARRANG,26.50833333,92.11638889,2022-07-06 17:00:00,7,187,1.0,1.0,3.0,10.0,0.25,0.0,0.2516666666666667,0.26,1.0,21,2022-07-06 23:00:00,2022-07-06 23:00:00,0.262,6.0,0.01200000000000001
NH15 Crossing Fakirpara Tangni,DARRANG,26.50833333,92.11638889,2022-07-06 19:00:00,7,187,1.0,1.0,3.0,8.0,0.266,0.016,0.2553333333333334,0.266,2.0,21,2022-07-07 01:00:00,2022-07-06 23:00:00,0.262,4.0,-0.0040000000000000036
NH15 Crossing Fakirpara Tangni,DARRANG,26.50833333,92.11638889,2022-07-12 06:00:00,7,193,1.0,1.0,3.0,6.0,0.256,-0.006,0.2613333333333334,0.266,127.0,22,2022-07-12 12:00:00,2022-07-12 12:00:00,0.359,6.0,0.10299999999999998
NH15 Crossing Fakirpara Tangni,DARRANG,26.50833333,92.11638889,2022-07-12 07:00:00,7,193,1.0,1.0,3.0,6.0,0.256,0.0,0.258,0.266,1.0,22,2022-07-12 13:00:00,2022-07-12 12:00:00,0.359,5.0,0.10299999999999998
NH15 Crossing Fakirpara Tangni,DARRANG,26.50833333,92.11638889,2022-07-17 06:00:00,7,198,1.0,1.0,3.0,7.0,0.119,-0.126,0.2036666666666667,0.359,76.0,24,2022-07-17 12:00:00,2022-07-17 12:00:00,0.375,6.0,0.256
NH15 Crossing Fakirpara Tangni,DARRANG,26.50833333,92.11638889,2022-07-17 07:00:00,7,198,1.0,1.0,3.0,7.0,0.127,0.008,0.1636666666666667,0.359,1.0,24,2022-07-17 13:00:00,2022-07-17 13:00:00,0.366,6.0,0.239
NH15 Crossing Fakirpara Tangni,DARRANG,26.50833333,92.11638889,2022-07-17 08:00:00,7,198,3.0,1.0,5.0,9.0,0.191,0.064,0.1456666666666667,0.252,1.0,24,2022-07-17 14:00:00,2022-07-17 14:00:00,0.35,6.0,0.15899999999999997
NH15 Crossing Fakirpara Tangni,DARRANG,26.50833333,92.11638889,2022-07-17 09:00:00,7,198,7.0,3.0,11.0,14.0,0.33,0.139,0.216,0.33,1.0,24,2022-07-17 15:00:00,2022-07-17 15:00:00,0.388,6.0,0.057999999999999996
NH15 Crossing Fakirpara Tangni,DARRANG,26.50833333,92.11638889,2022-07-17 10:00:00,7,198,6.0,7.0,16.0,19.0,0.322,-0.008,0.2810000000000001,0.33,1.0,24,2022-07-17 16:00:00,2022-07-17 16:00:00,0.381,6.0,0.059
NH15 Crossing Fakirpara Tangni,DARRANG,26.50833333,92.11638889,2022-07-17 11:00:00,7,198,5.0,6.0,18.0,23.0,0.364,0.0419999999999999,0.3386666666666667,0.364,1.0,24,2022-07-17 17:00:00,2022-07-17 17:00:00,0.377,6.0,0.013000000000000012
NH15 Crossing Fakirpara Tangni,DARRANG,26.50833333,92.11638889,2022-07-17 12:00:00,7,198,4.0,5.0,15.0,26.0,0.375,0.011,0.3536666666666667,0.375,1.0,24,2022-07-17 18:00:00,2022-07-17 18:00:00,0.368,6.0,-0.007000000000000006
NH15 Crossing Fakirpara Tangni,DARRANG,26.50833333,92.11638889,2022-07-17 13:00:00,7,198,3.0,4.0,12.0,28.0,0.366,-0.009,0.3683333333333334,0.375,1.0,24,2022-07-17 19:00:00,2022-07-17 19:00:00,0.348,6.0,-0.018000000000000016
NH15 Crossing Fakirpara Tangni,DARRANG,26.50833333,92.11638889,2022-07-17 14:00:00,7,198,2.0,3.0,9.0,27.0,0.35,-0.016,0.3636666666666667,0.375,1.0,24,2022-07-17 20:00:00,2022-07-17 20:00:00,0.33,6.0,-0.019999999999999962
NH15 Crossing Fakirpara Tangni,DARRANG,26.50833333,92.11638889,2022-07-17 15:00:00,7,198,2.0,2.0,7.0,22.0,0.388,0.038,0.3680000000000001,0.388,1.0,24,2022-07-17 21:00:00,2022-07-17 21:00:00,0.311,6.0,-0.07700000000000001
NH15 Crossing Fakirpara Tangni,DARRANG,26.50833333,92.11638889,2022-07-17 16:00:00,7,198,2.0,2.0,6.0,18.0,0.381,-0.007,0.373,0.388,1.0,24,2022-07-17 22:00:00,2022-07-17 22:00:00,0.322,6.0,-0.059
NH15 Crossing Fakirpara Tangni,DARRANG,26.50833333,92.11638889,2022-07-17 17:00:00,7,198,2.0,2.0,6.0,15.0,0.377,-0.004,0.3820000000000001,0.388,1.0,24,2022-07-17 23:00:00,2022-07-17 23:00:00,0.296,6.0,-0.08100000000000002
NH15 Crossing Fakirpara Tangni,DARRANG,26.50833333,92.11638889,2022-07-17 18:00:00,7,198,2.0,2.0,6.0,13.0,0.368,-0.009,0.3753333333333333,0.388,1.0,24,2022-07-18 00:00:00,2022-07-18 00:00:00,0.291,6.0,-0.07700000000000001
NH15 Crossing Fakirpara Tangni,DARRANG,26.50833333,92.11638889,2022-07-17 19:00:00,7,198,4.0,2.0,8.0,14.0,0.348,-0.02,0.3643333333333334,0.388,1.0,24,2022-07-18 01:00:00,2022-07-18 01:00:00,0.302,6.0,-0.045999999999999985
NH15 Crossing Fakirpara Tangni,DARRANG,26.50833333,92.11638889,2022-07-17 20:00:00,7,198,5.0,4.0,11.0,17.0,0.33,-0.0179999999999999,0.3486666666666667,0.388,1.0,24,2022-07-18 02:00:00,2022-07-18 02:00:00,0.307,6.0,-0.02300000000000002
NH15 Crossing Fakirpara Tangni,DARRANG,26.50833333,92.11638889,2022-07-17 21:00:00,7,198,5.0,5.0,14.0,20.0,0.311,-0.019,0.3296666666666668,0.381,1.0,24,2022-07-18 03:00:00,2022-07-18 03:00:00,0.297,6.0,-0.014000000000000012
NH15 Crossing Fakirpara Tangni,DARRANG,26.50833333,92.11638889,2022-07-17 22:00:00,7,198,4.0,5.0,14.0,22.0,0.322,0.011,0.321,0.377,1.0,24,2022-07-18 04:00:00,2022-07-18 04:00:00,0.306,6.0,-0.016000000000000014
NH15 Crossing Fakirpara Tangni,DARRANG,26.50833333,92.11638889,2022-07-17 23:00:00,7,198,3.0,4.0,12.0,23.0,0.296,-0.026,0.3096666666666667,0.368,1.0,24,2022-07-18 05:00:00,2022-07-18 05:00:00,0.29,6.0,-0.006000000000000005
NH15 Crossing Fakirpara Tangni,DARRANG,26.50833333,92.11638889,2022-07-18 00:00:00,7,199,2.0,3.0,9.0,23.0,0.291,-0.005,0.3030000000000001,0.348,1.0,24,2022-07-18 06:00:00,2022-07-18 06:00:00,0.292,6.0,0.0010000000000000009
NH15 Crossing Fakirpara Tangni,DARRANG,26.50833333,92.11638889,2022-07-18 01:00:00,7,199,2.0,2.0,7.0,21.0,0.302,0.011,0.2963333333333334,0.33,1.0,24,2022-07-18 07:00:00,2022-07-18 07:00:00,0.278,6.0,-0.023999999999999966
NH15 Crossing Fakirpara Tangni,DARRANG,26.50833333,92.11638889,2022-07-18 02:00:00,7,199,2.0,2.0,6.0,18.0,0.307,0.005,0.3,0.322,1.0,24,2022-07-18 08:00:00,2022-07-18 08:00:00,0.276,6.0,-0.030999999999999972
NH15 Crossing Fakirpara Tangni,DARRANG,26.50833333,92.11638889,2022-07-18 03:00:00,7,199,2.0,2.0,6.0,15.0,0.297,-0.01,0.302,0.322,1.0,24,2022-07-18 09:00:00,2022-07-18 09:00:00,0.268,6.0,-0.02899999999999997
NH15 Crossing Fakirpara Tangni,DARRANG,26.50833333,92.11638889,2022-07-18 04:00:00,7,199,1.0,2.0,5.0,12.0,0.306,0.009,0.3033333333333334,0.307,1.0,24,2022-07-18 10:00:00,2022-07-18 10:00:00,0.266,6.0,-0.03999999999999998
NH15 Crossing Fakirpara Tangni,DARRANG,26.50833333,92.11638889,2022-07-18 05:00:00,7,199,1.0,1.0,4.0,10.0,0.29,-0.016,0.2976666666666667,0.307,1.0,24,2022-07-18 11:00:00,2022-07-18 11:00:00,0.256,6.0,-0.033999999999999975
NH15 Crossing Fakirpara Tangni,DARRANG,26.50833333,92.11638889,2022-07-18 06:00:00,7,199,1.0,1.0,3.0,9.0,0.292,0.002,0.2960000000000001,0.307,1.0,24,2022-07-18 12:00:00,2022-07-18 12:00:00,0.254,6.0,-0.03799999999999998
NH15 Crossing Fakirpara Tangni,DARRANG,26.50833333,92.11638889,2022-07-18 07:00:00,7,199,1.0,1.0,3.0,8.0,0.278,-0.0139999999999999,0.2866666666666667,0.307,1.0,24,2022-07-18 13:00:00,2022-07-18 13:00:00,0.25,6.0,-0.028000000000000025
NH15 Crossing Fakirpara Tangni,DARRANG,26.50833333,92.11638889,2022-07-18 08:00:00,7,199,1.0,1.0,3.0,7.0,0.276,-0.002,0.2820000000000001,0.306,1.0,24,2022-07-18 14:00:00,2022-07-18 14:00:00,0.266,6.0,-0.010000000000000009
NH15 Crossing Fakirpara Tangni,DARRANG,26.50833333,92.11638889,2022-07-18 09:00:00,7,199,1.0,1.0,3.0,6.0,0.268,-0.008,0.2740000000000001,0.306,1.0,24,2022-07-18 15:00:00,2022-07-18 15:00:00,0.263,6.0,-0.0050000000000000044
NH15 Crossing Fakirpara Tangni,DARRANG,26.50833333,92.11638889,2022-07-18 10:00:00,7,199,1.0,1.0,3.0,6.0,0.266,-0.002,0.2700000000000001,0.292,1.0,24,2022-07-18 16:00:00,2022-07-18 16:00:00,0.257,6.0,-0.009000000000000008
NH15 Crossing Fakirpara Tangni,DARRANG,26.50833333,92.11638889,2022-07-18 11:00:00,7,199,1.0,1.0,3.0,6.0,0.256,-0.01,0.2633333333333334,0.292,1.0,24,2022-07-18 17:00:00,2022-07-18 17:00:00,0.245,6.0,-0.01100000000000001
NH15 Crossing Fakirpara Tangni,DARRANG,26.50833333,92.11638889,2022-07-18 12:00:00,7,199,1.0,1.0,3.0,6.0,0.254,-0.002,0.2586666666666667,0.278,1.0,24,2022-07-18 18:00:00,2022-07-18 18:00:00,0.251,6.0,-0.0030000000000000027
NH15 Crossing Fakirpara Tangni,DARRANG,26.50833333,92.11638889,2022-07-18 13:00:00,7,199,1.0,1.0,3.0,6.0,0.25,-0.004,0.2533333333333334,0.276,1.0,24,2022-07-18 19:00:00,2022-07-18 19:00:00,0.251,6.0,0.0010000000000000009
NH15 Crossing Fakirpara Tangni,DARRANG,26.50833333,92.11638889,2022-07-18 14:00:00,7,199,1.0,1.0,3.0,6.0,0.266,0.016,0.2566666666666667,0.268,1.0,24,2022-07-18 20:00:00,2022-07-18 19:00:00,0.251,5.0,-0.015000000000000013
NH15 Crossing Fakirpara Tangni,DARRANG,26.50833333,92.11638889,2022-07-18 15:00:00,7,199,1.0,1.0,3.0,6.0,0.263,-0.003,0.2596666666666667,0.266,1.0,24,2022-07-18 21:00:00,2022-07-18 21:00:00,0.266,6.0,0.0030000000000000027
NH15 Crossing Fakirpara Tangni,DARRANG,26.50833333,92.11638889,2022-07-18 16:00:00,7,199,1.0,1.0,3.0,6.0,0.257,-0.006,0.262,0.266,1.0,24,2022-07-18 22:00:00,2022-07-18 22:00:00,0.255,6.0,-0.0020000000000000018
NH15 Crossing Fakirpara Tangni,DARRANG,26.50833333,92.11638889,2022-07-18 17:00:00,7,199,1.0,1.0,3.0,6.0,0.245,-0.012,0.255,0.266,1.0,24,2022-07-18 23:00:00,2022-07-18 23:00:00,0.251,6.0,0.006000000000000005
NH15 Crossing Fakirpara Tangni,DARRANG,26.50833333,92.11638889,2022-07-18 18:00:00,7,199,1.0,1.0,3.0,6.0,0.251,0.006,0.251,0.266,1.0,24,2022-07-19 00:00:00,2022-07-18 23:00:00,0.251,5.0,0.0
NH15 Crossing Fakirpara Tangni,DARRANG,26.50833333,92.11638889,2022-07-18 19:00:00,7,199,1.0,1.0,3.0,6.0,0.251,0.0,0.249,0.266,1.0,24,2022-07-19 01:00:00,2022-07-19 01:00:00,0.26,6.0,0.009000000000000008
NH15 Crossing Fakirpara Tangni,DARRANG,26.50833333,92.11638889,2022-07-18 21:00:00,7,199,1.0,1.0,3.0,6.0,0.266,0.015,0.256,0.266,2.0,24,2022-07-19 03:00:00,2022-07-19 02:00:00,0.261,5.0,-0.0050000000000000044
NH15 Crossing Fakirpara Tangni,DARRANG,26.50833333,92.11638889,2022-07-18 22:00:00,7,199,1.0,1.0,3.0,6.0,0.255,-0.011,0.2573333333333334,0.266,1.0,24,2022-07-19 04:00:00,2022-07-19 04:00:00,0.26,6.0,0.0050000000000000044
NH15 Crossing Fakirpara Tangni,DARRANG,26.50833333,92.11638889,2022-07-18 23:00:00,7,199,1.0,1.0,3.0,6.0,0.251,-0.004,0.2573333333333334,0.266,1.0,24,2022-07-19 05:00:00,2022-07-19 05:00:00,0.237,6.0,-0.014000000000000012
NH15 Crossing Fakirpara Tangni,DARRANG,26.50833333,92.11638889,2022-07-19 01:00:00,7,200,1.0,1.0,3.0,6.0,0.26,0.009,0.2553333333333334,0.266,2.0,24,2022-07-19 07:00:00,2022-07-19 07:00:00,0.232,6.0,-0.027999999999999997
NH15 Crossing Fakirpara Tangni,DARRANG,26.50833333,92.11638889,2022-07-19 02:00:00,7,200,1.0,1.0,3.0,6.0,0.261,0.001,0.2573333333333334,0.266,1.0,24,2022-07-19 08:00:00,2022-07-19 07:00:00,0.232,5.0,-0.028999999999999998
NH15 Crossing Fakirpara Tangni,DARRANG,26.50833333,92.11638889,2022-07-19 04:00:00,7,200,1.0,1.0,3.0,6.0,0.26,-0.001,0.2603333333333334,0.266,2.0,24,2022-07-19 10:00:00,2022-07-19 10:00:00,0.233,6.0,-0.026999999999999996
NH15 Crossing Fakirpara Tangni,DARRANG,26.50833333,92.11638889,2022-07-19 05:00:00,7,200,1.0,1.0,3.0,6.0,0.237,-0.023,0.2526666666666667,0.261,1.0,24,2022-07-19 11:00:00,2022-07-19 10:00:00,0.233,5.0,-0.003999999999999976
NH15 Crossing Fakirpara Tangni,DARRANG,26.50833333,92.11638889,2022-07-19 07:00:00,7,200,1.0,1.0,3.0,6.0,0.232,-0.0049999999999999,0.243,0.261,2.0,24,2022-07-19 13:00:00,2022-07-19 12:00:00,0.227,5.0,-0.0050000000000000044
NH15 Crossing Fakirpara Tangni,DARRANG,26.50833333,92.11638889,2022-07-19 09:00:00,7,200,1.0,1.0,3.0,6.0,0.236,0.0039999999999999,0.235,0.261,2.0,24,2022-07-19 15:00:00,2022-07-19 14:00:00,0.242,5.0,0.006000000000000005
NH15 Crossing Fakirpara Tangni,DARRANG,26.50833333,92.11638889,2022-07-19 10:00:00,7,200,1.0,1.0,3.0,6.0,0.233,-0.0029999999999999,0.2336666666666667,0.261,1.0,24,2022-07-19 16:00:00,2022-07-19 14:00:00,0.242,4.0,0.00899999999999998
NH15 Crossing Fakirpara Tangni,DARRANG,26.50833333,92.11638889,2022-07-20 10:00:00,7,201,1.0,1.0,3.0,6.0,0.239,-0.003,0.236,0.242,20.0,25,2022-07-20 16:00:00,2022-07-20 15:00:00,0.206,5.0,-0.033
NH15 Crossing Fakirpara Tangni,DARRANG,26.50833333,92.11638889,2022-07-20 15:00:00,7,201,1.0,1.0,3.0,6.0,0.206,-0.033,0.2290000000000001,0.242,5.0,25,2022-07-20 21:00:00,2022-07-20 19:00:00,0.21,4.0,0.0040000000000000036
NH15 Crossing Fakirpara Tangni,DARRANG,26.50833333,92.11638889,2022-07-20 19:00:00,7,201,1.0,1.0,3.0,6.0,0.21,0.004,0.2183333333333334,0.242,4.0,25,2022-07-21 01:00:00,2022-07-21 01:00:00,0.195,6.0,-0.014999999999999986
NH15 Crossing Fakirpara Tangni,DARRANG,26.50833333,92.11638889,2022-07-21 01:00:00,7,202,1.0,1.0,3.0,6.0,0.195,-0.0149999999999999,0.2036666666666667,0.242,6.0,25,2022-07-21 07:00:00,2022-07-21 07:00:00,0.212,6.0,0.016999999999999987
NH15 Crossing Fakirpara Tangni,DARRANG,26.50833333,92.11638889,2022-07-21 07:00:00,7,202,1.0,1.0,3.0,6.0,0.212,0.0169999999999999,0.2056666666666667,0.242,6.0,25,2022-07-21 13:00:00,2022-07-21 13:00:00,0.304,6.0,0.092
NH15 Crossing Fakirpara Tangni,DARRANG,26.50833333,92.11638889,2022-07-21 13:00:00,7,202,1.0,1.0,3.0,6.0,0.304,0.092,0.2370000000000001,0.304,6.0,25,2022-07-21 19:00:00,2022-07-21 18:00:00,0.326,5.0,0.02200000000000002
NH15 Crossing Fakirpara Tangni,DARRANG,26.50833333,92.11638889,2022-07-21 18:00:00,7,202,1.0,1.0,3.0,6.0,0.326,0.022,0.2806666666666667,0.326,5.0,25,2022-07-22 00:00:00,2022-07-21 23:00:00,0.298,5.0,-0.028000000000000025
NH15 Crossing Fakirpara Tangni,DARRANG,26.50833333,92.11638889,2022-07-21 23:00:00,7,202,1.0,1.0,3.0,6.0,0.298,-0.028,0.3093333333333334,0.326,5.0,25,2022-07-22 05:00:00,2022-07-22 07:00:00,0.377,8.0,0.07900000000000001
NH15 Crossing Fakirpara Tangni,DARRANG,26.50833333,92.11638889,2022-09-12 08:00:00,9,255,2.0,1.0,4.0,7.0,0.462,-0.091,0.5206666666666667,0.553,1082.0,30,2022-09-12 14:00:00,2022-09-12 13:00:00,0.46,5.0,-0.0020000000000000018
NH15 Crossing Fakirpara Tangni,DARRANG,26.50833333,92.11638889,2022-09-12 09:00:00,9,255,1.0,2.0,4.0,7.0,0.468,0.006,0.4943333333333333,0.553,1.0,30,2022-09-12 15:00:00,2022-09-12 13:00:00,0.46,4.0,-0.008000000000000007
NH15 Crossing Fakirpara Tangni,DARRANG,26.50833333,92.11638889,2022-09-13 00:00:00,9,256,1.0,64.0,65.5,67.5,0.437,-0.023,0.4460000000000001,0.468,11.0,30,2022-09-13 06:00:00,2022-09-13 06:00:00,0.514,6.0,0.07700000000000001
NH15 Crossing Fakirpara Tangni,DARRANG,26.50833333,92.11638889,2022-09-20 04:00:00,9,263,1.0,1.0,2.5,68.0,0.546,-0.0909999999999999,0.5656666666666668,0.637,151.0,32,2022-09-20 10:00:00,2022-09-20 10:00:00,0.544,6.0,-0.0020000000000000018
NH15 Crossing Fakirpara Tangni,DARRANG,26.50833333,92.11638889,2022-09-20 06:00:00,9,263,1.0,1.0,3.0,68.5,0.54,-0.006,0.5743333333333335,0.637,2.0,32,2022-09-20 12:00:00,2022-09-20 11:00:00,0.543,5.0,0.0030000000000000027
NH15 Crossing Fakirpara Tangni,DARRANG,26.50833333,92.11638889,2022-10-03 06:00:00,10,276,1.0,1.0,3.0,5.5,1.224,0.705,0.762,1.224,292.0,34,2022-10-03 12:00:00,2022-10-03 12:00:00,1.232,6.0,0.008000000000000007
NH15 Crossing Fakirpara Tangni,DARRANG,26.50833333,92.11638889,2022-10-03 07:00:00,10,276,30.0,1.0,32.0,34.5,1.21,-0.014,0.9843333333333334,1.224,1.0,34,2022-10-03 13:00:00,2022-10-03 13:00:00,1.236,6.0,0.026000000000000023
NH15 Crossing Fakirpara Tangni,DARRANG,26.50833333,92.11638889,2022-10-03 08:00:00,10,276,6.0,30.0,37.0,39.5,1.221,0.0110000000000001,1.2183333333333335,1.224,1.0,34,2022-10-03 14:00:00,2022-10-03 13:00:00,1.236,5.0,0.014999999999999902
NH15 Crossing Fakirpara Tangni,DARRANG,26.50833333,92.11638889,2022-10-03 09:00:00,10,276,0.5,6.0,36.5,39.5,1.234,0.0129999999999999,1.221666666666667,1.234,1.0,34,2022-10-03 15:00:00,2022-10-03 13:00:00,1.236,4.0,0.0020000000000000018
NH15 Crossing Fakirpara Tangni,DARRANG,26.50833333,92.11638889,2022-10-03 10:00:00,10,276,22.0,0.5,28.5,60.5,1.23,-0.004,1.2283333333333335,1.234,1.0,34,2022-10-03 16:00:00,2022-10-03 18:00:00,1.264,8.0,0.03400000000000003
NH15 Crossing Fakirpara Tangni,DARRANG,26.50833333,92.11638889,2022-10-03 11:00:00,10,276,7.0,22.0,29.5,66.5,1.229,-0.0009999999999998,1.231,1.234,1.0,34,2022-10-03 17:00:00,2022-10-03 18:00:00,1.264,7.0,0.03499999999999992
NH15 Crossing Fakirpara Tangni,DARRANG,26.50833333,92.11638889,2022-10-03 12:00:00,10,276,1.0,7.0,30.0,66.5,1.232,0.0029999999999998,1.2303333333333335,1.234,1.0,34,2022-10-03 18:00:00,2022-10-03 18:00:00,1.264,6.0,0.03200000000000003
NH15 Crossing Fakirpara Tangni,DARRANG,26.50833333,92.11638889,2022-10-03 13:00:00,10,276,2.5,1.0,10.5,39.0,1.236,0.004,1.2323333333333333,1.236,1.0,34,2022-10-03 19:00:00,2022-10-03 18:00:00,1.264,5.0,0.028000000000000025
NH15 Crossing Fakirpara Tangni,DARRANG,26.50833333,92.11638889,2022-10-03 18:00:00,10,276,0.5,2.5,4.0,33.5,1.264,0.028,1.244,1.264,5.0,34,2022-10-04 00:00:00,2022-10-04 00:00:00,1.302,6.0,0.038000000000000034
NH15 Crossing Fakirpara Tangni,DARRANG,26.50833333,92.11638889,2022-10-04 00:00:00,10,277,0.5,0.5,3.5,33.5,1.302,0.038,1.2673333333333334,1.302,6.0,34,2022-10-04 06:00:00,2022-10-04 06:00:00,1.292,6.0,-0.010000000000000009
NH15 Crossing Fakirpara Tangni,DARRANG,26.50833333,92.11638889,2022-10-08 12:00:00,10,281,9.0,1.0,12.0,14.0,1.241,-0.0459999999999998,1.2733333333333334,1.302,47.0,36,2022-10-08 18:00:00,2022-10-08 19:00:00,1.344,7.0,0.10299999999999998
NH15 Crossing Fakirpara Tangni,DARRANG,26.50833333,92.11638889,2022-10-08 19:00:00,10,281,12.0,9.0,22.0,25.5,1.344,0.1029999999999999,1.2906666666666669,1.344,7.0,36,2022-10-09 01:00:00,2022-10-09 01:00:00,1.312,6.0,-0.03200000000000003
NH15 Crossing Fakirpara Tangni,DARRANG,26.50833333,92.11638889,2022-10-09 01:00:00,10,282,1.0,12.0,22.0,26.0,1.312,-0.032,1.2990000000000002,1.344,6.0,36,2022-10-09 07:00:00,2022-10-09 07:00:00,1.292,6.0,-0.020000000000000018
NH15 Crossing Fakirpara Tangni,DARRANG,26.50833333,92.11638889,2022-10-09 02:00:00,10,282,1.0,1.0,14.0,26.0,1.309,-0.0030000000000001,1.3216666666666668,1.344,1.0,36,2022-10-09 08:00:00,2022-10-09 07:00:00,1.292,5.0,-0.016999999999999904
NH15 Crossing Fakirpara Tangni,DARRANG,26.50833333,92.11638889,2022-10-09 03:00:00,10,282,1.0,1.0,3.0,25.0,1.305,-0.004,1.3086666666666666,1.344,1.0,36,2022-10-09 09:00:00,2022-10-09 07:00:00,1.292,4.0,-0.0129999999999999
NH15 Crossing Fakirpara Tangni,DARRANG,26.50833333,92.11638889,2022-10-10 09:00:00,10,283,1.0,1.0,13.0,16.0,1.251,-0.0410000000000001,1.276333333333333,1.312,26.0,37,2022-10-10 15:00:00,2022-10-10 16:00:00,1.329,7.0,0.07800000000000007
NH15 Crossing Fakirpara Tangni,DARRANG,26.50833333,92.11638889,2022-10-12 00:00:00,10,285,3.0,1.0,5.0,8.0,1.283,-0.07,1.3313333333333337,1.358,17.0,39,2022-10-12 06:00:00,2022-10-12 06:00:00,1.343,6.0,0.06000000000000005
NH15 Crossing Fakirpara Tangni,DARRANG,26.50833333,92.11638889,2022-10-12 01:00:00,10,285,1.0,3.0,5.0,8.0,1.324,0.0410000000000001,1.32,1.358,1.0,39,2022-10-12 07:00:00,2022-10-12 06:00:00,1.343,5.0,0.018999999999999906
NH15 Crossing Fakirpara Tangni,DARRANG,26.50833333,92.11638889,2022-10-12 05:00:00,10,285,37.0,1.0,41.0,44.0,1.319,-0.0050000000000001,1.3086666666666666,1.358,4.0,39,2022-10-12 11:00:00,2022-10-12 09:00:00,1.338,4.0,0.019000000000000128
NH15 Crossing Fakirpara Tangni,DARRANG,26.50833333,92.11638889,2022-10-12 06:00:00,10,285,2.0,37.0,40.0,45.0,1.343,0.024,1.3286666666666669,1.358,1.0,39,2022-10-12 12:00:00,2022-10-12 13:00:00,1.334,7.0,-0.008999999999999897
NH15 Crossing Fakirpara Tangni,DARRANG,26.50833333,92.11638889,2022-10-12 08:00:00,10,285,5.0,2.0,44.0,49.0,1.327,-0.016,1.3296666666666666,1.353,2.0,39,2022-10-12 14:00:00,2022-10-12 14:00:00,1.338,6.0,0.01100000000000012
NH15 Crossing Fakirpara Tangni,DARRANG,26.50833333,92.11638889,2022-10-12 09:00:00,10,285,3.0,5.0,10.0,51.0,1.338,0.0110000000000001,1.336,1.343,1.0,39,2022-10-12 15:00:00,2022-10-12 14:00:00,1.338,5.0,0.0
NH15 Crossing Fakirpara Tangni,DARRANG,26.50833333,92.11638889,2022-10-13 08:00:00,10,286,3.0,2.0,7.0,17.0,1.339,0.0009999999999998,1.337,1.343,18.0,40,2022-10-13 14:00:00,2022-10-13 12:00:00,1.351,4.0,0.01200000000000001
NH15 Crossing Fakirpara Tangni,DARRANG,26.50833333,92.11638889,2022-10-24 10:00:00,10,297,1.0,1.0,4.0,9.0,1.218,-0.133,1.3036666666666668,1.353,262.0,41,2022-10-24 16:00:00,2022-10-24 16:00:00,1.218,6.0,0.0
NH15 Crossing Fakirpara Tangni,DARRANG,26.50833333,92.11638889,2022-10-24 11:00:00,10,297,1.0,1.0,3.0,7.0,1.217,-0.0009999999999998,1.262,1.353,1.0,41,2022-10-24 17:00:00,2022-10-24 17:00:00,1.216,6.0,-0.001000000000000112
NH15 Crossing Fakirpara Tangni,DARRANG,26.50833333,92.11638889,2022-10-24 12:00:00,10,297,2.0,1.0,4.0,8.0,1.216,-0.0010000000000001,1.2170000000000003,1.351,1.0,41,2022-10-24 18:00:00,2022-10-24 18:00:00,1.216,6.0,0.0
NH15 Crossing Fakirpara Tangni,DARRANG,26.50833333,92.11638889,2022-10-24 13:00:00,10,297,3.0,2.0,6.0,10.0,1.209,-0.0069999999999998,1.2140000000000002,1.351,1.0,41,2022-10-24 19:00:00,2022-10-24 19:00:00,1.212,6.0,0.0029999999999998916
NH15 Crossing Fakirpara Tangni,DARRANG,26.50833333,92.11638889,2022-10-24 14:00:00,10,297,2.0,3.0,7.0,10.0,1.218,0.0089999999999998,1.2143333333333333,1.351,1.0,41,2022-10-24 20:00:00,2022-10-24 20:00:00,1.215,6.0,-0.0029999999999998916
NH15 Crossing Fakirpara Tangni,DARRANG,26.50833333,92.11638889,2022-10-24 15:00:00,10,297,1.0,2.0,6.0,10.0,1.214,-0.004,1.213666666666667,1.218,1.0,41,2022-10-24 21:00:00,2022-10-24 20:00:00,1.215,5.0,0.001000000000000112
NH15 Crossing Fakirpara Tangni,DARRANG,26.50833333,92.11638889,2022-10-24 16:00:00,10,297,1.0,1.0,4.0,10.0,1.218,0.004,1.2166666666666668,1.218,1.0,41,2022-10-24 22:00:00,2022-10-24 22:00:00,1.218,6.0,0.0
NH15 Crossing Fakirpara Tangni,DARRANG,26.50833333,92.11638889,2022-10-24 17:00:00,10,297,2.0,1.0,4.0,11.0,1.216,-0.002,1.216,1.218,1.0,41,2022-10-24 23:00:00,2022-10-24 23:00:00,1.214,6.0,-0.0020000000000000018
NH15 Crossing Fakirpara Tangni,DARRANG,26.50833333,92.11638889,2022-10-24 18:00:00,10,297,6.0,2.0,9.0,15.0,1.216,0.0,1.2166666666666668,1.218,1.0,41,2022-10-25 00:00:00,2022-10-25 00:00:00,1.228,6.0,0.01200000000000001
NH15 Crossing Fakirpara Tangni,DARRANG,26.50833333,92.11638889,2022-10-24 19:00:00,10,297,6.0,6.0,14.0,18.0,1.212,-0.004,1.2146666666666668,1.218,1.0,41,2022-10-25 01:00:00,2022-10-25 01:00:00,1.226,6.0,0.014000000000000012
NH15 Crossing Fakirpara Tangni,DARRANG,26.50833333,92.11638889,2022-10-24 20:00:00,10,297,2.0,6.0,14.0,18.0,1.215,0.0030000000000001,1.2143333333333333,1.218,1.0,41,2022-10-25 02:00:00,2022-10-25 02:00:00,1.237,6.0,0.02200000000000002
NH15 Crossing Fakirpara Tangni,DARRANG,26.50833333,92.11638889,2022-10-24 22:00:00,10,297,8.0,2.0,16.0,25.0,1.218,0.0029999999999998,1.215,1.218,2.0,41,2022-10-25 04:00:00,2022-10-25 04:00:00,1.245,6.0,0.027000000000000135
NH15 Crossing Fakirpara Tangni,DARRANG,26.50833333,92.11638889,2022-10-24 23:00:00,10,297,10.0,8.0,20.0,34.0,1.214,-0.004,1.215666666666667,1.218,1.0,41,2022-10-25 05:00:00,2022-10-25 05:00:00,1.263,6.0,0.04899999999999993
NH15 Crossing Fakirpara Tangni,DARRANG,26.50833333,92.11638889,2022-10-25 00:00:00,10,298,8.0,10.0,26.0,40.0,1.228,0.014,1.22,1.228,1.0,41,2022-10-25 06:00:00,2022-10-25 06:00:00,1.295,6.0,0.06699999999999995
NH15 Crossing Fakirpara Tangni,DARRANG,26.50833333,92.11638889,2022-10-25 01:00:00,10,298,17.0,8.0,35.0,51.0,1.226,-0.002,1.2226666666666668,1.228,1.0,41,2022-10-25 07:00:00,2022-10-25 07:00:00,1.339,6.0,0.11299999999999999
NH15 Crossing Fakirpara Tangni,DARRANG,26.50833333,92.11638889,2022-10-25 02:00:00,10,298,8.0,17.0,33.0,53.0,1.237,0.0110000000000001,1.2303333333333335,1.237,1.0,41,2022-10-25 08:00:00,2022-10-25 08:00:00,1.349,6.0,0.11199999999999988
NH15 Crossing Fakirpara Tangni,DARRANG,26.50833333,92.11638889,2022-10-25 03:00:00,10,298,11.0,8.0,36.0,62.0,1.237,0.0,1.2333333333333334,1.237,1.0,41,2022-10-25 09:00:00,2022-10-25 09:00:00,1.36,6.0,0.123
NH15 Crossing Fakirpara Tangni,DARRANG,26.50833333,92.11638889,2022-10-25 04:00:00,10,298,11.0,11.0,30.0,65.0,1.245,0.008,1.2396666666666667,1.245,1.0,41,2022-10-25 10:00:00,2022-10-25 10:00:00,1.372,6.0,0.127
NH15 Crossing Fakirpara Tangni,DARRANG,26.50833333,92.11638889,2022-10-25 05:00:00,10,298,18.0,11.0,40.0,73.0,1.263,0.0179999999999997,1.2483333333333333,1.263,1.0,41,2022-10-25 11:00:00,2022-10-25 10:00:00,1.372,5.0,0.10900000000000021
NH15 Crossing Fakirpara Tangni,DARRANG,26.50833333,92.11638889,2022-10-25 06:00:00,10,298,33.0,18.0,62.0,98.0,1.295,0.032,1.2676666666666667,1.295,1.0,41,2022-10-25 12:00:00,2022-10-25 10:00:00,1.372,4.0,0.07700000000000018
NH15 Crossing Fakirpara Tangni,DARRANG,26.50833333,92.11638889,2022-10-25 07:00:00,10,298,27.0,33.0,78.0,108.0,1.339,0.044,1.299,1.339,1.0,41,2022-10-25 13:00:00,2022-10-25 14:00:00,1.468,7.0,0.129
NH15 Crossing Fakirpara Tangni,DARRANG,26.50833333,92.11638889,2022-10-25 08:00:00,10,298,6.0,27.0,66.0,106.0,1.349,0.01,1.3276666666666668,1.349,1.0,41,2022-10-25 14:00:00,2022-10-25 14:00:00,1.468,6.0,0.119
NH15 Crossing Fakirpara Tangni,DARRANG,26.50833333,92.11638889,2022-10-25 09:00:00,10,298,1.0,6.0,34.0,96.0,1.36,0.0110000000000001,1.3493333333333333,1.36,1.0,41,2022-10-25 15:00:00,2022-10-25 15:00:00,1.503,6.0,0.1429999999999998
NH15 Crossing Fakirpara Tangni,DARRANG,26.50833333,92.11638889,2022-10-25 10:00:00,10,298,1.0,1.0,8.0,86.0,1.372,0.012,1.3603333333333334,1.372,1.0,41,2022-10-25 16:00:00,2022-10-25 16:00:00,1.537,6.0,0.1649999999999998
NH15 Crossing Fakirpara Tangni,DARRANG,26.50833333,92.11638889,2022-10-25 14:00:00,10,298,2.0,1.0,4.0,70.0,1.468,0.0959999999999998,1.4,1.468,4.0,41,2022-10-25 20:00:00,2022-10-25 20:00:00,1.571,6.0,0.10299999999999998
NH15 Crossing Fakirpara Tangni,DARRANG,26.50833333,92.11638889,2022-10-25 15:00:00,10,298,1.0,2.0,4.0,38.0,1.503,0.0349999999999999,1.4476666666666669,1.503,1.0,41,2022-10-25 21:00:00,2022-10-25 20:00:00,1.571,5.0,0.06800000000000006
NH15 Crossing Fakirpara Tangni,DARRANG,26.50833333,92.11638889,2022-10-25 16:00:00,10,298,1.0,1.0,4.0,12.0,1.537,0.034,1.5026666666666666,1.537,1.0,41,2022-10-25 22:00:00,2022-10-25 20:00:00,1.571,4.0,0.03400000000000003
NH15 Crossing Fakirpara Tangni,DARRANG,26.50833333,92.11638889,2022-10-25 19:00:00,10,298,1.0,1.0,3.0,7.0,1.532,0.004,1.533,1.539,1.0,41,2022-10-26 01:00:00,2022-10-26 03:00:00,1.553,8.0,0.020999999999999908
NH15 Crossing Fakirpara Tangni,DARRANG,26.50833333,92.11638889,2022-10-25 20:00:00,10,298,1.0,1.0,3.0,6.0,1.571,0.0389999999999999,1.5436666666666667,1.571,1.0,41,2022-10-26 02:00:00,2022-10-26 03:00:00,1.553,7.0,-0.018000000000000016
NH15 Crossing Fakirpara Tangni,DARRANG,26.50833333,92.11638889,2022-10-26 03:00:00,10,299,1.0,1.0,3.0,6.0,1.553,-0.018,1.5520000000000005,1.571,7.0,41,2022-10-26 09:00:00,2022-10-26 07:00:00,1.496,4.0,-0.05699999999999994
NH15 Crossing Fakirpara Tangni,DARRANG,26.50833333,92.11638889,2023-03-15 13:00:00,3,74,0.5,8.0,9.5,18.0,1.278,0.0270000000000001,1.2623333333333333,1.283,207.0,46,2023-03-15 19:00:00,2023-03-15 17:00:00,1.278,4.0,0.0
NH15 Crossing Fakirpara Tangni,DARRANG,26.50833333,92.11638889,2023-03-15 14:00:00,3,74,0.5,0.5,9.0,18.0,1.272,-0.006,1.267,1.283,1.0,46,2023-03-15 20:00:00,2023-03-15 22:00:00,1.275,8.0,0.0029999999999998916
NH15 Crossing Fakirpara Tangni,DARRANG,26.50833333,92.11638889,2023-03-15 17:00:00,3,74,0.5,0.5,1.5,17.5,1.278,0.006,1.276,1.278,3.0,46,2023-03-15 23:00:00,2023-03-15 23:00:00,1.28,6.0,0.0020000000000000018
NH15 Crossing Fakirpara Tangni,DARRANG,26.50833333,92.11638889,2023-03-18 08:00:00,3,77,1.0,0.5,2.5,5.5,1.295,0.0089999999999998,1.286333333333333,1.295,22.0,48,2023-03-18 14:00:00,2023-03-18 14:00:00,1.295,6.0,0.0
NH15 Crossing Fakirpara Tangni,DARRANG,26.50833333,92.11638889,2023-03-18 09:00:00,3,77,1.0,1.0,2.5,5.5,1.309,0.014,1.2966666666666669,1.309,1.0,48,2023-03-18 15:00:00,2023-03-18 15:00:00,1.288,6.0,-0.020999999999999908
NH15 Crossing Fakirpara Tangni,DARRANG,26.50833333,92.11638889,2023-03-18 10:00:00,3,77,1.0,1.0,3.0,5.5,1.291,-0.018,1.2983333333333331,1.309,1.0,48,2023-03-18 16:00:00,2023-03-18 16:00:00,1.287,6.0,-0.0040000000000000036
NH15 Crossing Fakirpara Tangni,DARRANG,26.50833333,92.11638889,2023-03-18 11:00:00,3,77,1.0,1.0,3.0,5.5,1.296,0.0050000000000001,1.2986666666666666,1.309,1.0,48,2023-03-18 17:00:00,2023-03-18 16:00:00,1.287,5.0,-0.009000000000000119
NH15 Crossing Fakirpara Tangni,DARRANG,26.50833333,92.11638889,2023-03-18 12:00:00,3,77,2.0,1.0,4.0,6.5,1.299,0.0029999999999998,1.2953333333333334,1.309,1.0,48,2023-03-18 18:00:00,2023-03-18 16:00:00,1.287,4.0,-0.01200000000000001
NH15 Crossing Fakirpara Tangni,DARRANG,26.50833333,92.11638889,2023-03-18 14:00:00,3,77,1.0,1.0,4.0,7.0,1.295,-0.002,1.297,1.309,1.0,48,2023-03-18 20:00:00,2023-03-18 22:00:00,1.296,8.0,0.001000000000000112
NH15 Crossing Fakirpara Tangni,DARRANG,26.50833333,92.11638889,2023-03-18 15:00:00,3,77,0.5,1.0,2.5,6.5,1.288,-0.0069999999999998,1.2933333333333334,1.299,1.0,48,2023-03-18 21:00:00,2023-03-18 22:00:00,1.296,7.0,0.008000000000000007
NH15 Crossing Fakirpara Tangni,DARRANG,26.50833333,92.11638889,2023-03-18 16:00:00,3,77,0.5,0.5,2.0,6.0,1.287,-0.0010000000000001,1.29,1.299,1.0,48,2023-03-18 22:00:00,2023-03-18 22:00:00,1.296,6.0,0.009000000000000119
NH15 Crossing Fakirpara Tangni,DARRANG,26.50833333,92.11638889,2023-03-20 01:00:00,3,79,1.0,1.0,3.0,6.0,1.27,0.0,1.268,1.296,12.0,48,2023-03-20 07:00:00,2023-03-20 07:00:00,1.265,6.0,-0.0050000000000001155
NH15 Crossing Fakirpara Tangni,DARRANG,26.50833333,92.11638889,2023-03-20 04:00:00,3,79,5.0,1.0,7.0,10.0,1.287,0.0169999999999999,1.2756666666666667,1.287,3.0,48,2023-03-20 10:00:00,2023-03-20 10:00:00,1.273,6.0,-0.014000000000000012
NH15 Crossing Fakirpara Tangni,DARRANG,26.50833333,92.11638889,2023-03-20 05:00:00,3,79,3.0,5.0,9.0,12.0,1.279,-0.008,1.2786666666666668,1.287,1.0,48,2023-03-20 11:00:00,2023-03-20 11:00:00,1.274,6.0,-0.004999999999999893
NH15 Crossing Fakirpara Tangni,DARRANG,26.50833333,92.11638889,2023-03-20 06:00:00,3,79,1.0,3.0,9.0,12.0,1.27,-0.0089999999999998,1.2786666666666668,1.287,1.0,48,2023-03-20 12:00:00,2023-03-20 11:00:00,1.274,5.0,0.0040000000000000036
NH15 Crossing Fakirpara Tangni,DARRANG,26.50833333,92.11638889,2023-03-20 07:00:00,3,79,0.5,1.0,4.5,11.5,1.265,-0.0050000000000001,1.2713333333333334,1.287,1.0,48,2023-03-20 13:00:00,2023-03-20 11:00:00,1.274,4.0,0.009000000000000119
NH15 Crossing Fakirpara Tangni,DARRANG,26.50833333,92.11638889,2023-03-21 03:00:00,3,80,14.0,1.0,16.0,20.5,1.284,0.01,1.277,1.284,16.0,49,2023-03-21 09:00:00,2023-03-21 09:00:00,1.277,6.0,-0.007000000000000117
NH15 Crossing Fakirpara Tangni,DARRANG,26.50833333,92.11638889,2023-03-21 04:00:00,3,80,2.0,14.0,17.0,19.5,1.293,0.0089999999999998,1.2836666666666667,1.293,1.0,49,2023-03-21 10:00:00,2023-03-21 09:00:00,1.277,5.0,-0.016000000000000014
NH15 Crossing Fakirpara Tangni,DARRANG,26.50833333,92.11638889,2023-03-21 05:00:00,3,80,1.0,2.0,17.0,19.5,1.279,-0.014,1.2853333333333332,1.293,1.0,49,2023-03-21 11:00:00,2023-03-21 11:00:00,1.272,6.0,-0.006999999999999895
NH15 Crossing Fakirpara Tangni,DARRANG,26.50833333,92.11638889,2023-03-21 07:00:00,3,80,1.0,1.0,4.0,20.0,1.279,0.0,1.2836666666666667,1.293,2.0,49,2023-03-21 13:00:00,2023-03-21 11:00:00,1.272,4.0,-0.006999999999999895
NH15 Crossing Fakirpara Tangni,DARRANG,26.50833333,92.11638889,2023-03-21 23:00:00,3,80,3.0,1.0,6.0,11.5,1.282,0.01,1.277,1.282,12.0,49,2023-03-22 05:00:00,2023-03-22 04:00:00,1.269,5.0,-0.013000000000000123
NH15 Crossing Fakirpara Tangni,DARRANG,26.50833333,92.11638889,2023-03-22 00:00:00,3,81,0.5,3.0,4.5,11.0,1.272,-0.01,1.2753333333333334,1.282,1.0,49,2023-03-22 06:00:00,2023-03-22 06:00:00,1.269,6.0,-0.0030000000000001137
NH15 Crossing Fakirpara Tangni,DARRANG,26.50833333,92.11638889,2023-03-22 01:00:00,3,81,1.0,0.5,4.5,11.0,1.285,0.0129999999999999,1.2796666666666667,1.285,1.0,49,2023-03-22 07:00:00,2023-03-22 07:00:00,1.267,6.0,-0.018000000000000016
NH15 Crossing Fakirpara Tangni,DARRANG,26.50833333,92.11638889,2023-03-22 02:00:00,3,81,5.0,1.0,6.5,12.5,1.263,-0.022,1.2733333333333334,1.285,1.0,49,2023-03-22 08:00:00,2023-03-22 08:00:00,1.266,6.0,0.0030000000000001137
NH15 Crossing Fakirpara Tangni,DARRANG,26.50833333,92.11638889,2023-03-22 04:00:00,3,81,1.0,5.0,7.0,11.5,1.269,0.006,1.272333333333333,1.285,2.0,49,2023-03-22 10:00:00,2023-03-22 09:00:00,1.268,5.0,-0.0009999999999998899
NH15 Crossing Fakirpara Tangni,DARRANG,26.50833333,92.11638889,2023-03-22 22:00:00,3,81,0.5,0.5,1.5,5.0,1.266,-0.002,1.2666666666666668,1.269,13.0,50,2023-03-23 04:00:00,2023-03-23 04:00:00,1.263,6.0,-0.0030000000000001137
NH15 Crossing Fakirpara Tangni,DARRANG,26.50833333,92.11638889,2023-03-23 01:00:00,3,82,0.5,0.5,1.5,4.5,1.263,-0.0030000000000001,1.2656666666666667,1.269,3.0,50,2023-03-23 07:00:00,2023-03-23 08:00:00,1.289,7.0,0.026000000000000023
NH15 Crossing Fakirpara Tangni,DARRANG,26.50833333,92.11638889,2023-03-23 02:00:00,3,82,0.5,0.5,1.5,3.0,1.251,-0.012,1.26,1.268,1.0,50,2023-03-23 08:00:00,2023-03-23 08:00:00,1.289,6.0,0.038000000000000034
NH15 Crossing Fakirpara Tangni,DARRANG,26.50833333,92.11638889,2023-03-23 04:00:00,3,82,1.0,0.5,2.0,3.5,1.263,0.012,1.259,1.268,2.0,50,2023-03-23 10:00:00,2023-03-23 08:00:00,1.289,4.0,0.026000000000000023
NH15 Crossing Fakirpara Tangni,DARRANG,26.50833333,92.11638889,2023-04-01 11:00:00,4,91,1.0,0.5,2.0,6.5,1.196,-0.084,1.25,1.28,97.0,54,2023-04-01 17:00:00,2023-04-01 16:00:00,1.176,5.0,-0.020000000000000018
NH15 Crossing Fakirpara Tangni,DARRANG,26.50833333,92.11638889,2023-04-01 12:00:00,4,91,1.0,1.0,2.5,7.0,1.194,-0.002,1.2233333333333334,1.28,1.0,54,2023-04-01 18:00:00,2023-04-01 16:00:00,1.176,4.0,-0.018000000000000016
NH15 Crossing Fakirpara Tangni,DARRANG,26.50833333,92.11638889,2023-04-02 05:00:00,4,92,1.0,1.0,2.5,4.5,5.763,4.587,2.714,5.763,13.0,55,2023-04-02 11:00:00,2023-04-02 09:00:00,5.763,4.0,0.0
NH15 Crossing Fakirpara Tangni,DARRANG,26.50833333,92.11638889,2023-04-03 23:00:00,4,93,0.5,0.5,1.5,4.0,5.763,0.0,5.763,5.763,10.0,56,2023-04-04 05:00:00,2023-04-04 06:00:00,5.763,7.0,0.0
NH15 Crossing Fakirpara Tangni,DARRANG,26.50833333,92.11638889,2023-04-04 02:00:00,4,94,0.5,0.5,1.5,3.5,5.763,0.0,5.763,5.763,3.0,56,2023-04-04 08:00:00,2023-04-04 06:00:00,5.763,4.0,0.0
NH15 Crossing Fakirpara Tangni,DARRANG,26.50833333,92.11638889,2023-04-04 06:00:00,4,94,1.0,0.5,2.0,3.5,5.763,0.0,5.763,5.763,4.0,56,2023-04-04 12:00:00,2023-04-04 12:00:00,5.763,6.0,0.0
NH15 Crossing Fakirpara Tangni,DARRANG,26.50833333,92.11638889,2023-04-12 22:00:00,4,102,0.5,0.5,2.0,5.5,5.763,0.0,5.763,5.763,163.0,59,2023-04-13 04:00:00,2023-04-13 02:00:00,5.763,4.0,0.0
NH15 Crossing Fakirpara Tangni,DARRANG,26.50833333,92.11638889,2023-04-13 02:00:00,4,103,1.0,0.5,2.0,4.5,5.763,0.0,5.763,5.763,4.0,59,2023-04-13 08:00:00,2023-04-13 07:00:00,5.763,5.0,0.0
NH15 Crossing Fakirpara Tangni,DARRANG,26.50833333,92.11638889,2023-04-13 07:00:00,4,103,0.5,1.0,2.0,4.5,5.763,0.0,5.763,5.763,5.0,59,2023-04-13 13:00:00,2023-04-13 14:00:00,5.763,7.0,0.0
NH15 Crossing Fakirpara Tangni,DARRANG,26.50833333,92.11638889,2023-04-13 10:00:00,4,103,1.0,0.5,2.5,4.5,5.763,0.0,5.763,5.763,3.0,59,2023-04-13 16:00:00,2023-04-13 14:00:00,5.763,4.0,0.0
NH15 Crossing Fakirpara Tangni,DARRANG,26.50833333,92.11638889,2023-04-13 14:00:00,4,103,0.5,1.0,2.0,4.0,5.763,0.0,5.763,5.763,4.0,59,2023-04-13 20:00:00,2023-04-13 18:00:00,5.763,4.0,0.0
NH15 Crossing Fakirpara Tangni,DARRANG,26.50833333,92.11638889,2023-04-13 18:00:00,4,103,1.0,0.5,2.5,4.5,5.763,0.0,5.763,5.763,4.0,59,2023-04-14 00:00:00,2023-04-14 00:00:00,5.763,6.0,0.0
NH15 Crossing Fakirpara Tangni,DARRANG,26.50833333,92.11638889,2023-04-13 22:00:00,4,103,1.0,1.0,2.5,5.0,5.763,0.0,5.763,5.763,4.0,59,2023-04-14 04:00:00,2023-04-14 04:00:00,5.763,6.0,0.0
NH15 Crossing Fakirpara Tangni,DARRANG,26.50833333,92.11638889,2023-04-14 00:00:00,4,104,1.0,1.0,3.0,5.0,5.763,0.0,5.763,5.763,2.0,59,2023-04-14 06:00:00,2023-04-14 07:00:00,5.763,7.0,0.0
NH15 Crossing Fakirpara Tangni,DARRANG,26.50833333,92.11638889,2023-04-14 01:00:00,4,104,1.0,1.0,3.0,5.5,5.763,0.0,5.763,5.763,1.0,59,2023-04-14 07:00:00,2023-04-14 07:00:00,5.763,6.0,0.0
NH15 Crossing Fakirpara Tangni,DARRANG,26.50833333,92.11638889,2023-04-19 21:00:00,4,109,1.0,323.0,325.0,328.0,5.763,0.0,5.763,5.763,90.0,61,2023-04-20 03:00:00,2023-04-20 03:00:00,5.763,6.0,0.0
NH15 Crossing Fakirpara Tangni,DARRANG,26.50833333,92.11638889,2023-04-19 22:00:00,4,109,0.5,1.0,324.5,327.5,5.763,0.0,5.763,5.763,1.0,61,2023-04-20 04:00:00,2023-04-20 03:00:00,5.763,5.0,0.0
NH15 Crossing Fakirpara Tangni,DARRANG,26.50833333,92.11638889,2023-04-21 02:00:00,4,111,1.0,0.5,2.0,327.0,5.763,0.0,5.763,5.763,23.0,62,2023-04-21 08:00:00,2023-04-21 06:00:00,5.763,4.0,0.0
NH15 Crossing Fakirpara Tangni,DARRANG,26.50833333,92.11638889,2023-04-21 22:00:00,4,111,1.0,0.5,3.5,5.5,5.763,0.0,5.763,5.763,16.0,63,2023-04-22 04:00:00,2023-04-22 03:00:00,5.763,5.0,0.0
NH15 Crossing Fakirpara Tangni,DARRANG,26.50833333,92.11638889,2023-04-21 23:00:00,4,111,1.0,1.0,2.5,6.0,5.763,0.0,5.763,5.763,1.0,63,2023-04-22 05:00:00,2023-04-22 05:00:00,5.763,6.0,0.0
NH15 Crossing Fakirpara Tangni,DARRANG,26.50833333,92.11638889,2023-04-22 01:00:00,4,112,0.5,1.0,2.5,6.0,5.763,0.0,5.763,5.763,2.0,63,2023-04-22 07:00:00,2023-04-22 08:00:00,5.763,7.0,0.0
NH15 Crossing Fakirpara Tangni,DARRANG,26.50833333,92.11638889,2023-04-22 03:00:00,4,112,1.5,0.5,3.0,6.5,5.763,0.0,5.763,5.763,2.0,63,2023-04-22 09:00:00,2023-04-22 09:00:00,5.763,6.0,0.0
NH15 Crossing Fakirpara Tangni,DARRANG,26.50833333,92.11638889,2023-04-22 05:00:00,4,112,0.5,1.5,2.5,5.0,5.763,0.0,5.763,5.763,2.0,63,2023-04-22 11:00:00,2023-04-22 09:00:00,5.763,4.0,0.0
NH15 Crossing Fakirpara Tangni,DARRANG,26.50833333,92.11638889,2023-04-23 11:00:00,4,113,13.0,1.0,14.5,17.0,5.763,0.0,5.763,5.763,26.0,64,2023-04-23 17:00:00,2023-04-23 17:00:00,5.763,6.0,0.0
NH15 Crossing Fakirpara Tangni,DARRANG,26.50833333,92.11638889,2023-04-23 12:00:00,4,113,12.0,13.0,26.0,28.5,5.763,0.0,5.763,5.763,1.0,64,2023-04-23 18:00:00,2023-04-23 17:00:00,5.763,5.0,0.0
NH15 Crossing Fakirpara Tangni,DARRANG,26.50833333,92.11638889,2023-04-23 13:00:00,4,113,3.5,12.0,28.5,30.5,5.763,0.0,5.763,5.763,1.0,64,2023-04-23 19:00:00,2023-04-23 17:00:00,5.763,4.0,0.0
NH15 Crossing Fakirpara Tangni,DARRANG,26.50833333,92.11638889,2023-04-29 02:00:00,4,119,37.0,3.5,46.5,49.5,5.763,0.0,5.763,5.763,20.0,66,2023-04-29 08:00:00,2023-04-29 08:00:00,5.763,6.0,0.0
NH15 Crossing Fakirpara Tangni,DARRANG,26.50833333,92.11638889,2023-04-29 03:00:00,4,119,1.0,37.0,41.5,49.5,5.763,0.0,5.763,5.763,1.0,66,2023-04-29 09:00:00,2023-04-29 08:00:00,5.763,5.0,0.0
NH15 Crossing Fakirpara Tangni,DARRANG,26.50833333,92.11638889,2023-04-29 06:00:00,4,119,0.5,1.0,38.5,49.0,5.763,0.0,5.763,5.763,3.0,66,2023-04-29 12:00:00,2023-04-29 10:00:00,5.763,4.0,0.0
NH15 Crossing Fakirpara Tangni,DARRANG,26.50833333,92.11638889,2023-04-30 00:00:00,4,120,1.0,1.0,3.0,5.5,5.763,0.0,5.763,5.763,1.0,67,2023-04-30 06:00:00,2023-04-30 08:00:00,5.763,8.0,0.0
NH15 Crossing Fakirpara Tangni,DARRANG,26.50833333,92.11638889,2023-05-08 01:00:00,5,128,12.0,1.0,13.5,16.0,5.763,0.0,5.763,5.763,36.0,70,2023-05-08 07:00:00,2023-05-08 07:00:00,5.763,6.0,0.0
NH15 Crossing Fakirpara Tangni,DARRANG,26.50833333,92.11638889,2023-05-08 02:00:00,5,128,6.0,12.0,19.0,21.5,5.763,0.0,5.763,5.763,1.0,70,2023-05-08 08:00:00,2023-05-08 07:00:00,5.763,5.0,0.0
NH15 Crossing Fakirpara Tangni,DARRANG,26.50833333,92.11638889,2023-05-08 03:00:00,5,128,1.0,6.0,19.0,21.5,5.763,0.0,5.763,5.763,1.0,70,2023-05-08 09:00:00,2023-05-08 07:00:00,5.763,4.0,0.0
NH15 Crossing Fakirpara Tangni,DARRANG,26.50833333,92.11638889,2023-05-15 19:00:00,5,135,1.0,1.0,3.0,5.0,1.134,-4.629,4.22,5.763,180.0,71,2023-05-16 01:00:00,2023-05-16 00:00:00,1.126,5.0,-0.008000000000000007
NH15 Crossing Fakirpara Tangni,DARRANG,26.50833333,92.11638889,2023-05-15 20:00:00,5,135,2.0,1.0,4.0,6.0,1.134,0.0,2.6769999999999996,5.763,1.0,71,2023-05-16 02:00:00,2023-05-16 02:00:00,1.125,6.0,-0.008999999999999897
NH15 Crossing Fakirpara Tangni,DARRANG,26.50833333,92.11638889,2023-05-15 21:00:00,5,135,1.0,2.0,4.0,6.5,1.133,-0.0009999999999998,1.1336666666666666,5.763,1.0,71,2023-05-16 03:00:00,2023-05-16 02:00:00,1.125,5.0,-0.008000000000000007
NH15 Crossing Fakirpara Tangni,DARRANG,26.50833333,92.11638889,2023-05-15 22:00:00,5,135,12.0,1.0,15.0,18.0,1.127,-0.006,1.1313333333333333,5.763,1.0,71,2023-05-16 04:00:00,2023-05-16 04:00:00,1.115,6.0,-0.01200000000000001
NH15 Crossing Fakirpara Tangni,DARRANG,26.50833333,92.11638889,2023-05-15 23:00:00,5,135,1.0,12.0,14.0,18.0,1.127,0.0,1.129,5.763,1.0,71,2023-05-16 05:00:00,2023-05-16 04:00:00,1.115,5.0,-0.01200000000000001
NH15 Crossing Fakirpara Tangni,DARRANG,26.50833333,92.11638889,2023-05-16 00:00:00,5,136,1.0,1.0,14.0,18.0,1.126,-0.0010000000000001,1.1266666666666667,1.134,1.0,71,2023-05-16 06:00:00,2023-05-16 07:00:00,1.128,7.0,0.0020000000000000018
NH15 Crossing Fakirpara Tangni,DARRANG,26.50833333,92.11638889,2023-05-16 02:00:00,5,136,1.0,1.0,3.0,18.0,1.125,-0.0009999999999998,1.126,1.134,2.0,71,2023-05-16 08:00:00,2023-05-16 07:00:00,1.128,5.0,0.0029999999999998916
NH15 Crossing Fakirpara Tangni,DARRANG,26.50833333,92.11638889,2023-05-16 22:00:00,5,136,0.5,0.5,1.5,4.5,1.133,0.0050000000000001,1.1253333333333333,1.133,15.0,72,2023-05-17 04:00:00,2023-05-17 04:00:00,1.065,6.0,-0.06800000000000006
NH15 Crossing Fakirpara Tangni,DARRANG,26.50833333,92.11638889,2023-05-27 07:00:00,5,147,0.5,0.5,1.5,3.0,5.763,4.698,2.6333333333333333,5.763,243.0,73,2023-05-27 13:00:00,2023-05-27 12:00:00,5.763,5.0,0.0
NH15 Crossing Fakirpara Tangni,DARRANG,26.50833333,92.11638889,2023-05-27 10:00:00,5,147,6.0,0.5,7.0,8.5,5.763,0.0,4.197,5.763,3.0,73,2023-05-27 16:00:00,2023-05-27 14:00:00,5.763,4.0,0.0
NH15 Crossing Fakirpara Tangni,DARRANG,26.50833333,92.11638889,2023-06-10 12:00:00,6,161,0.5,0.5,2.0,9.0,5.763,0.0,5.763,5.763,334.0,74,2023-06-10 18:00:00,2023-06-10 19:00:00,5.763,7.0,0.0
NH15 Crossing Fakirpara Tangni,DARRANG,26.50833333,92.11638889,2023-06-17 07:00:00,6,168,51.5,1.0,53.5,55.5,5.763,0.0,5.763,5.763,153.0,75,2023-06-17 13:00:00,2023-06-17 14:00:00,5.763,7.0,0.0
NH15 Crossing Fakirpara Tangni,DARRANG,26.50833333,92.11638889,2023-06-17 08:00:00,6,168,1.5,51.5,54.0,56.0,5.763,0.0,5.763,5.763,1.0,75,2023-06-17 14:00:00,2023-06-17 14:00:00,5.763,6.0,0.0
NH15 Crossing Fakirpara Tangni,DARRANG,26.50833333,92.11638889,2023-06-17 09:00:00,6,168,0.5,1.5,53.5,56.0,5.763,0.0,5.763,5.763,1.0,75,2023-06-17 15:00:00,2023-06-17 15:00:00,5.763,6.0,0.0
NH15 Crossing Fakirpara Tangni,DARRANG,26.50833333,92.11638889,2023-06-17 11:00:00,6,168,2.0,0.5,4.0,57.5,5.763,0.0,5.763,5.763,2.0,75,2023-06-17 17:00:00,2023-06-17 17:00:00,5.763,6.0,0.0
NH15 Crossing Fakirpara Tangni,DARRANG,26.50833333,92.11638889,2023-06-17 14:00:00,6,168,0.5,2.0,3.0,57.0,5.763,0.0,5.763,5.763,3.0,75,2023-06-17 20:00:00,2023-06-17 19:00:00,5.763,5.0,0.0
NH15 Crossing Fakirpara Tangni,DARRANG,26.50833333,92.11638889,2023-06-17 15:00:00,6,168,0.5,0.5,3.0,56.5,5.763,0.0,5.763,5.763,1.0,75,2023-06-17 21:00:00,2023-06-17 21:00:00,5.763,6.0,0.0
NH15 Crossing Fakirpara Tangni,DARRANG,26.50833333,92.11638889,2023-06-17 17:00:00,6,168,0.5,0.5,1.5,5.5,5.763,0.0,5.763,5.763,2.0,75,2023-06-17 23:00:00,2023-06-17 23:00:00,5.763,6.0,0.0
NH15 Crossing Fakirpara Tangni,DARRANG,26.50833333,92.11638889,2023-06-17 19:00:00,6,168,2.0,0.5,3.0,6.0,5.763,0.0,5.763,5.763,2.0,75,2023-06-18 01:00:00,2023-06-18 00:00:00,5.763,5.0,0.0
NH15 Crossing Fakirpara Tangni,DARRANG,26.50833333,92.11638889,2023-06-17 21:00:00,6,168,1.0,2.0,3.5,6.5,5.763,0.0,5.763,5.763,2.0,75,2023-06-18 03:00:00,2023-06-18 03:00:00,5.763,6.0,0.0
NH15 Crossing Fakirpara Tangni,DARRANG,26.50833333,92.11638889,2023-06-17 22:00:00,6,168,1.0,1.0,4.0,5.5,5.763,0.0,5.763,5.763,1.0,75,2023-06-18 04:00:00,2023-06-18 04:00:00,5.763,6.0,0.0
NH15 Crossing Fakirpara Tangni,DARRANG,26.50833333,92.11638889,2023-06-17 23:00:00,6,168,1.0,1.0,3.0,6.0,5.763,0.0,5.763,5.763,1.0,75,2023-06-18 05:00:00,2023-06-18 04:00:00,5.763,5.0,0.0
NH15 Crossing Fakirpara Tangni,DARRANG,26.50833333,92.11638889,2023-06-18 00:00:00,6,169,1.0,1.0,3.0,6.5,5.763,0.0,5.763,5.763,1.0,75,2023-06-18 06:00:00,2023-06-18 04:00:00,5.763,4.0,0.0
NH15 Crossing Fakirpara Tangni,DARRANG,26.50833333,92.11638889,2023-06-18 03:00:00,6,169,1.0,1.0,3.0,7.0,5.763,0.0,5.763,5.763,3.0,75,2023-06-18 09:00:00,2023-06-18 09:00:00,5.763,6.0,0.0
NH15 Crossing Fakirpara Tangni,DARRANG,26.50833333,92.11638889,2023-06-18 04:00:00,6,169,2.0,1.0,4.0,7.0,5.763,0.0,5.763,5.763,1.0,75,2023-06-18 10:00:00,2023-06-18 09:00:00,5.763,5.0,0.0
NH15 Crossing Fakirpara Tangni,DARRANG,26.50833333,92.11638889,2023-06-18 09:00:00,6,169,9.0,2.0,12.0,15.0,5.763,0.0,5.763,5.763,5.0,75,2023-06-18 15:00:00,2023-06-18 17:00:00,5.763,8.0,0.0
NH15 Crossing Fakirpara Tangni,DARRANG,26.50833333,92.11638889,2023-06-18 17:00:00,6,169,2.0,9.0,13.0,16.0,5.763,0.0,5.763,5.763,8.0,75,2023-06-18 23:00:00,2023-06-19 01:00:00,5.763,8.0,0.0
NH15 Crossing Fakirpara Tangni,DARRANG,26.50833333,92.11638889,2023-06-18 18:00:00,6,169,1.0,2.0,12.0,16.0,5.763,0.0,5.763,5.763,1.0,75,2023-06-19 00:00:00,2023-06-19 01:00:00,5.763,7.0,0.0
NH15 Crossing Fakirpara Tangni,DARRANG,26.50833333,92.11638889,2023-06-19 01:00:00,6,170,3.0,1.0,6.0,18.0,5.763,0.0,5.763,5.763,7.0,75,2023-06-19 07:00:00,2023-06-19 07:00:00,5.763,6.0,0.0
NH15 Crossing Fakirpara Tangni,DARRANG,26.50833333,92.11638889,2023-06-19 07:00:00,6,170,0.5,3.0,4.5,17.5,5.763,0.0,5.763,5.763,6.0,75,2023-06-19 13:00:00,2023-06-19 11:00:00,5.763,4.0,0.0
NH15 Crossing Fakirpara Tangni,DARRANG,26.50833333,92.11638889,2023-06-21 00:00:00,6,172,2.0,1.5,5.0,16.5,5.763,0.0,5.763,5.763,37.0,76,2023-06-21 06:00:00,2023-06-21 05:00:00,5.763,5.0,0.0
NH15 Crossing Fakirpara Tangni,DARRANG,26.50833333,92.11638889,2023-06-21 01:00:00,6,172,13.0,2.0,16.5,29.0,5.763,0.0,5.763,5.763,1.0,76,2023-06-21 07:00:00,2023-06-21 05:00:00,5.763,4.0,0.0
NH15 Crossing Fakirpara Tangni,DARRANG,26.50833333,92.11638889,2024-02-02 15:00:00,2,33,0.5,120.0,121.0,123.0,0.92,-4.843,4.148666666666667,5.763,1144.0,91,2024-02-02 21:00:00,2024-02-02 21:00:00,0.966,6.0,0.04599999999999993
NH15 Crossing Fakirpara Tangni,DARRANG,26.50833333,92.11638889,2024-02-02 18:00:00,2,33,1.0,0.5,121.5,123.5,0.942,0.0219999999999999,2.541666666666667,5.763,3.0,91,2024-02-03 00:00:00,2024-02-03 01:00:00,0.964,7.0,0.02200000000000002
NH15 Crossing Fakirpara Tangni,DARRANG,26.50833333,92.11638889,2024-02-02 19:00:00,2,33,1.0,1.0,2.5,123.5,0.952,0.01,0.9380000000000004,5.763,1.0,91,2024-02-03 01:00:00,2024-02-03 01:00:00,0.964,6.0,0.01200000000000001
NH15 Crossing Fakirpara Tangni,DARRANG,26.50833333,92.11638889,2024-02-02 21:00:00,2,33,1.0,1.0,3.0,124.0,0.966,0.014,0.9533333333333336,5.763,2.0,91,2024-02-03 03:00:00,2024-02-03 04:00:00,0.959,7.0,-0.007000000000000006
NH15 Crossing Fakirpara Tangni,DARRANG,26.50833333,92.11638889,2024-05-31 06:00:00,5,152,1.0,0.5,258.5,937.0,1.281,-4.482,2.713333333333334,5.763,23.0,103,2024-05-31 12:00:00,2024-05-31 13:00:00,1.243,7.0,-0.03799999999999981
NH15 Crossing Fakirpara Tangni,DARRANG,26.50833333,92.11638889,2024-05-31 10:00:00,5,152,1.0,1.0,2.5,690.0,1.256,-0.0249999999999999,2.766666666666667,5.763,4.0,103,2024-05-31 16:00:00,2024-05-31 16:00:00,1.231,6.0,-0.02499999999999991
NH15 Crossing Fakirpara Tangni,DARRANG,26.50833333,92.11638889,2024-05-31 16:00:00,5,152,1.0,1.0,3.0,261.5,1.231,-0.012,1.2433333333333338,5.763,3.0,103,2024-05-31 22:00:00,2024-05-31 23:00:00,5.763,7.0,4.532
NH15 Crossing Fakirpara Tangni,DARRANG,26.50833333,92.11638889,2024-05-31 23:00:00,5,152,1.0,1.0,3.0,5.5,5.763,4.532,2.745666666666667,5.763,7.0,103,2024-06-01 05:00:00,2024-06-01 07:00:00,5.763,8.0,0.0
NH15 Crossing Fakirpara Tangni,DARRANG,26.50833333,92.11638889,2024-06-01 02:00:00,6,153,1.0,1.0,3.0,6.0,5.763,0.0,4.2523333333333335,5.763,3.0,103,2024-06-01 08:00:00,2024-06-01 07:00:00,5.763,5.0,0.0
NH15 Crossing Fakirpara Tangni,DARRANG,26.50833333,92.11638889,2024-06-01 07:00:00,6,153,0.5,1.0,2.5,5.5,5.763,0.0,5.763,5.763,5.0,103,2024-06-01 13:00:00,2024-06-01 13:00:00,1.19,6.0,-4.573
NH15 Crossing Fakirpara Tangni,DARRANG,26.50833333,92.11638889,2024-06-01 10:00:00,6,153,1.0,0.5,2.5,5.5,1.209,-4.554,4.245,5.763,3.0,103,2024-06-01 16:00:00,2024-06-01 16:00:00,32.7,6.0,31.491000000000003
NH15 Crossing Fakirpara Tangni,DARRANG,26.50833333,92.11638889,2024-06-07 14:00:00,6,159,0.5,0.5,1.5,130.5,32.7,0.0,32.7,32.7,10.0,106,2024-06-07 20:00:00,2024-06-07 20:00:00,32.7,6.0,0.0
NH15 Crossing Fakirpara Tangni,DARRANG,26.50833333,92.11638889,2024-06-07 20:00:00,6,159,0.5,0.5,1.5,74.0,32.7,0.0,32.7,32.7,6.0,106,2024-06-08 02:00:00,2024-06-08 02:00:00,32.7,6.0,0.0
NH15 Crossing Fakirpara Tangni,DARRANG,26.50833333,92.11638889,2025-03-02 13:00:00,3,61,94.5,39.0,397.5,654.5,14.3,-18.4,26.566666666666663,32.7,453.0,112,2025-03-02 19:00:00,2025-03-02 19:00:00,12.4,6.0,-1.9000000000000004
NH15 Crossing Fakirpara Tangni,DARRANG,26.50833333,92.11638889,2025-03-02 14:00:00,3,61,61.3,94.5,194.8,689.8,14.2,-0.1000000000000014,20.4,32.7,1.0,112,2025-03-02 20:00:00,2025-03-02 20:00:00,12.7,6.0,-1.5
NH15 Crossing Fakirpara Tangni,DARRANG,26.50833333,92.11638889,2025-03-02 15:00:00,3,61,61.3,61.3,217.1,712.1,13.9,-0.2999999999999989,14.133333333333333,32.7,1.0,112,2025-03-02 21:00:00,2025-03-02 21:00:00,12.7,6.0,-1.200000000000001
NH15 Crossing Fakirpara Tangni,DARRANG,26.50833333,92.11638889,2025-03-02 16:00:00,3,61,66.8,61.3,189.4,586.9,13.9,0.0,14.0,32.7,1.0,112,2025-03-02 22:00:00,2025-03-02 22:00:00,12.7,6.0,-1.200000000000001
NH15 Crossing Fakirpara Tangni,DARRANG,26.50833333,92.11638889,2025-03-02 17:00:00,3,61,66.8,66.8,194.9,389.7,13.3,-0.5999999999999996,13.7,32.7,1.0,112,2025-03-02 23:00:00,2025-03-02 23:00:00,12.5,6.0,-0.8000000000000007
NH15 Crossing Fakirpara Tangni,DARRANG,26.50833333,92.11638889,2025-03-02 18:00:00,3,61,66.8,66.8,200.4,417.5,12.5,-0.8000000000000007,13.233333333333334,14.3,1.0,112,2025-03-03 00:00:00,2025-03-03 00:00:00,12.6,6.0,0.09999999999999964
NH15 Crossing Fakirpara Tangni,DARRANG,26.50833333,92.11638889,2025-03-02 19:00:00,3,61,66.8,66.8,200.4,389.7999999999999,12.4,-0.0999999999999996,12.733333333333334,14.2,1.0,112,2025-03-03 01:00:00,2025-03-03 01:00:00,12.5,6.0,0.09999999999999964
NH15 Crossing Fakirpara Tangni,DARRANG,26.50833333,92.11638889,2025-03-02 20:00:00,3,61,66.8,66.8,200.4,395.2999999999999,12.7,0.2999999999999989,12.533333333333331,13.9,1.0,112,2025-03-03 02:00:00,2025-03-03 02:00:00,12.2,6.0,-0.5
NH15 Crossing Fakirpara Tangni,DARRANG,26.50833333,92.11638889,2025-03-02 21:00:00,3,61,66.8,66.8,200.4,400.7999999999999,12.7,0.0,12.6,13.9,1.0,112,2025-03-03 03:00:00,2025-03-03 03:00:00,12.6,6.0,-0.09999999999999964
NH15 Crossing Fakirpara Tangni,DARRANG,26.50833333,92.11638889,2025-03-02 22:00:00,3,61,66.8,66.8,200.4,400.7999999999999,12.7,0.0,12.7,13.3,1.0,112,2025-03-03 04:00:00,2025-03-03 04:00:00,12.5,6.0,-0.1999999999999993
NH15 Crossing Fakirpara Tangni,DARRANG,26.50833333,92.11638889,2025-03-02 23:00:00,3,61,66.8,66.8,200.4,400.7999999999999,12.5,-0.1999999999999993,12.633333333333333,12.7,1.0,112,2025-03-03 05:00:00,2025-03-03 04:00:00,12.5,5.0,0.0
NH15 Crossing Fakirpara Tangni,DARRANG,26.50833333,92.11638889,2025-03-03 00:00:00,3,62,66.8,66.8,200.4,400.7999999999999,12.6,0.0999999999999996,12.6,12.7,1.0,112,2025-03-03 06:00:00,2025-03-03 06:00:00,12.5,6.0,-0.09999999999999964
NH15 Crossing Fakirpara Tangni,DARRANG,26.50833333,92.11638889,2025-03-03 01:00:00,3,62,66.8,66.8,200.4,400.7999999999999,12.5,-0.0999999999999996,12.533333333333331,12.7,1.0,112,2025-03-03 07:00:00,2025-03-03 07:00:00,13.0,6.0,0.5
NH15 Crossing Fakirpara Tangni,DARRANG,26.50833333,92.11638889,2025-03-03 02:00:00,3,62,66.8,66.8,200.4,400.7999999999999,12.2,-0.3000000000000007,12.433333333333332,12.7,1.0,112,2025-03-03 08:00:00,2025-03-03 08:00:00,13.8,6.0,1.6000000000000014
NH15 Crossing Fakirpara Tangni,DARRANG,26.50833333,92.11638889,2025-03-03 03:00:00,3,62,66.8,66.8,200.4,400.7999999999999,12.6,0.4000000000000003,12.433333333333332,12.7,1.0,112,2025-03-03 09:00:00,2025-03-03 09:00:00,14.5,6.0,1.9000000000000004
NH15 Crossing Fakirpara Tangni,DARRANG,26.50833333,92.11638889,2025-03-03 04:00:00,3,62,66.8,66.8,200.4,400.7999999999999,12.5,-0.0999999999999996,12.433333333333332,12.6,1.0,112,2025-03-03 10:00:00,2025-03-03 10:00:00,14.3,6.0,1.8000000000000007
NH15 Crossing Fakirpara Tangni,DARRANG,26.50833333,92.11638889,2025-03-03 06:00:00,3,62,66.8,66.8,200.4,400.7999999999999,12.5,0.0,12.533333333333331,12.6,2.0,112,2025-03-03 12:00:00,2025-03-03 12:00:00,14.4,6.0,1.9000000000000004
NH15 Crossing Fakirpara Tangni,DARRANG,26.50833333,92.11638889,2025-03-03 07:00:00,3,62,66.8,66.8,200.4,400.7999999999999,13.0,0.5,12.666666666666666,13.0,1.0,112,2025-03-03 13:00:00,2025-03-03 13:00:00,13.4,6.0,0.40000000000000036
NH15 Crossing Fakirpara Tangni,DARRANG,26.50833333,92.11638889,2025-03-03 08:00:00,3,62,66.8,66.8,200.4,400.7999999999999,13.8,0.8000000000000007,13.1,13.8,1.0,112,2025-03-03 14:00:00,2025-03-03 14:00:00,14.0,6.0,0.1999999999999993
NH15 Crossing Fakirpara Tangni,DARRANG,26.50833333,92.11638889,2025-03-03 09:00:00,3,62,66.8,66.8,200.4,400.7999999999999,14.5,0.6999999999999993,13.766666666666666,14.5,1.0,112,2025-03-03 15:00:00,2025-03-03 14:00:00,14.0,5.0,-0.5
NH15 Crossing Fakirpara Tangni,DARRANG,26.50833333,92.11638889,2025-03-03 10:00:00,3,62,66.8,66.8,200.4,400.7999999999999,14.3,-0.1999999999999993,14.2,14.5,1.0,112,2025-03-03 16:00:00,2025-03-03 16:00:00,14.0,6.0,-0.3000000000000007
NH15 Crossing Fakirpara Tangni,DARRANG,26.50833333,92.11638889,2025-03-03 11:00:00,3,62,66.8,66.8,200.4,400.7999999999999,14.2,-0.1000000000000014,14.333333333333334,14.5,1.0,112,2025-03-03 17:00:00,2025-03-03 17:00:00,13.6,6.0,-0.5999999999999996
NH15 Crossing Fakirpara Tangni,DARRANG,26.50833333,92.11638889,2025-03-03 12:00:00,3,62,66.8,66.8,200.4,400.7999999999999,14.4,0.200000000000001,14.300000000000002,14.5,1.0,112,2025-03-03 18:00:00,2025-03-03 18:00:00,12.8,6.0,-1.5999999999999996
NH15 Crossing Fakirpara Tangni,DARRANG,26.50833333,92.11638889,2025-03-03 13:00:00,3,62,66.8,66.8,200.4,400.7999999999999,13.4,-1.0,14.0,14.5,1.0,112,2025-03-03 19:00:00,2025-03-03 19:00:00,12.8,6.0,-0.5999999999999996
NH15 Crossing Fakirpara Tangni,DARRANG,26.50833333,92.11638889,2025-03-03 14:00:00,3,62,66.8,66.8,200.4,400.7999999999999,14.0,0.5999999999999996,13.933333333333335,14.5,1.0,112,2025-03-03 20:00:00,2025-03-03 20:00:00,12.7,6.0,-1.3000000000000007
NH15 Crossing Fakirpara Tangni,DARRANG,26.50833333,92.11638889,2025-03-03 16:00:00,3,62,66.8,66.8,200.4,400.7999999999999,14.0,0.0,13.8,14.4,2.0,112,2025-03-03 22:00:00,2025-03-03 22:00:00,12.7,6.0,-1.3000000000000007
NH15 Crossing Fakirpara Tangni,DARRANG,26.50833333,92.11638889,2025-03-03 17:00:00,3,62,66.8,66.8,200.4,400.7999999999999,13.6,-0.4000000000000003,13.866666666666667,14.4,1.0,112,2025-03-03 23:00:00,2025-03-03 23:00:00,12.7,6.0,-0.9000000000000004
NH15 Crossing Fakirpara Tangni,DARRANG,26.50833333,92.11638889,2025-03-03 18:00:00,3,62,66.8,66.8,200.4,400.7999999999999,12.8,-0.7999999999999989,13.466666666666669,14.4,1.0,112,2025-03-04 00:00:00,2025-03-03 23:00:00,12.7,5.0,-0.10000000000000142
NH15 Crossing Fakirpara Tangni,DARRANG,26.50833333,92.11638889,2025-03-03 19:00:00,3,62,66.8,66.8,200.4,400.7999999999999,12.8,0.0,13.066666666666668,14.0,1.0,112,2025-03-04 01:00:00,2025-03-04 01:00:00,12.6,6.0,-0.20000000000000107
NH15 Crossing Fakirpara Tangni,DARRANG,26.50833333,92.11638889,2025-03-03 20:00:00,3,62,66.8,66.8,200.4,400.7999999999999,12.7,-0.1000000000000014,12.766666666666666,14.0,1.0,112,2025-03-04 02:00:00,2025-03-04 02:00:00,12.6,6.0,-0.09999999999999964
NH15 Crossing Fakirpara Tangni,DARRANG,26.50833333,92.11638889,2025-03-03 21:00:00,3,62,66.8,66.8,200.4,400.7999999999999,12.7,0.0,12.733333333333334,14.0,1.0,112,2025-03-04 03:00:00,2025-03-04 02:00:00,12.6,5.0,-0.09999999999999964
NH15 Crossing Fakirpara Tangni,DARRANG,26.50833333,92.11638889,2025-03-03 22:00:00,3,62,66.8,66.8,200.4,400.7999999999999,12.7,0.0,12.7,13.6,1.0,112,2025-03-04 04:00:00,2025-03-04 04:00:00,12.5,6.0,-0.1999999999999993
NH15 Crossing Fakirpara Tangni,DARRANG,26.50833333,92.11638889,2025-03-03 23:00:00,3,62,66.8,66.8,200.4,400.7999999999999,12.7,0.0,12.7,12.8,1.0,112,2025-03-04 05:00:00,2025-03-04 05:00:00,12.5,6.0,-0.1999999999999993
NH15 Crossing Fakirpara Tangni,DARRANG,26.50833333,92.11638889,2025-03-04 01:00:00,3,63,66.8,66.8,200.4,400.7999999999999,12.6,-0.0999999999999996,12.666666666666666,12.8,2.0,112,2025-03-04 07:00:00,2025-03-04 07:00:00,12.8,6.0,0.20000000000000107
NH15 Crossing Fakirpara Tangni,DARRANG,26.50833333,92.11638889,2025-03-04 02:00:00,3,63,66.8,66.8,200.4,400.7999999999999,12.6,0.0,12.633333333333333,12.7,1.0,112,2025-03-04 08:00:00,2025-03-04 08:00:00,13.7,6.0,1.0999999999999996
NH15 Crossing Fakirpara Tangni,DARRANG,26.50833333,92.11638889,2025-03-04 04:00:00,3,63,66.8,66.8,200.4,400.7999999999999,12.5,-0.0999999999999996,12.566666666666668,12.7,2.0,112,2025-03-04 10:00:00,2025-03-04 10:00:00,14.3,6.0,1.8000000000000007
NH15 Crossing Fakirpara Tangni,DARRANG,26.50833333,92.11638889,2025-03-04 05:00:00,3,63,66.8,66.8,200.4,400.7999999999999,12.5,0.0,12.533333333333331,12.7,1.0,112,2025-03-04 11:00:00,2025-03-04 11:00:00,14.3,6.0,1.8000000000000007
NH15 Crossing Fakirpara Tangni,DARRANG,26.50833333,92.11638889,2025-03-04 06:00:00,3,63,66.8,66.8,200.4,400.7999999999999,12.5,0.0,12.5,12.7,1.0,112,2025-03-04 12:00:00,2025-03-04 12:00:00,14.3,6.0,1.8000000000000007
NH15 Crossing Fakirpara Tangni,DARRANG,26.50833333,92.11638889,2025-03-04 07:00:00,3,63,66.8,66.8,200.4,400.7999999999999,12.8,0.3000000000000007,12.6,12.8,1.0,112,2025-03-04 13:00:00,2025-03-04 12:00:00,14.3,5.0,1.5
NH15 Crossing Fakirpara Tangni,DARRANG,26.50833333,92.11638889,2025-03-04 08:00:00,3,63,66.8,66.8,200.4,400.7999999999999,13.7,0.8999999999999986,13.0,13.7,1.0,112,2025-03-04 14:00:00,2025-03-04 12:00:00,14.3,4.0,0.6000000000000014
NH15 Crossing Fakirpara Tangni,DARRANG,26.50833333,92.11638889,2025-03-04 09:00:00,3,63,61.3,66.8,194.9,395.3,14.4,0.7000000000000011,13.633333333333333,14.4,1.0,112,2025-03-04 15:00:00,2025-03-04 17:00:00,13.2,8.0,-1.200000000000001
NH15 Crossing Fakirpara Tangni,DARRANG,26.50833333,92.11638889,2025-03-04 10:00:00,3,63,61.3,61.3,189.4,389.8,14.3,-0.0999999999999996,14.133333333333333,14.4,1.0,112,2025-03-04 16:00:00,2025-03-04 17:00:00,13.2,7.0,-1.1000000000000014
NH15 Crossing Fakirpara Tangni,DARRANG,26.50833333,92.11638889,2025-03-04 11:00:00,3,63,61.3,61.3,183.9,384.2999999999999,14.3,0.0,14.333333333333334,14.4,1.0,112,2025-03-04 17:00:00,2025-03-04 17:00:00,13.2,6.0,-1.1000000000000014
NH15 Crossing Fakirpara Tangni,DARRANG,26.50833333,92.11638889,2025-03-04 12:00:00,3,63,61.3,61.3,183.9,378.7999999999999,14.3,0.0,14.3,14.4,1.0,112,2025-03-04 18:00:00,2025-03-04 18:00:00,12.4,6.0,-1.9000000000000004
NH15 Crossing Fakirpara Tangni,DARRANG,26.50833333,92.11638889,2025-03-04 17:00:00,3,63,66.8,61.3,189.4,378.8,13.2,-1.1000000000000014,13.933333333333332,14.4,5.0,112,2025-03-04 23:00:00,2025-03-04 23:00:00,12.7,6.0,-0.5
NH15 Crossing Fakirpara Tangni,DARRANG,26.50833333,92.11638889,2025-03-04 18:00:00,3,63,66.8,66.8,194.9,378.8,12.4,-0.7999999999999989,13.300000000000002,14.4,1.0,112,2025-03-05 00:00:00,2025-03-05 00:00:00,12.6,6.0,0.1999999999999993
NH15 Crossing Fakirpara Tangni,DARRANG,26.50833333,92.11638889,2025-03-04 19:00:00,3,63,66.8,66.8,200.4,384.2999999999999,12.2,-0.200000000000001,12.6,14.3,1.0,112,2025-03-05 01:00:00,2025-03-05 01:00:00,12.6,6.0,0.40000000000000036
NH15 Crossing Fakirpara Tangni,DARRANG,26.50833333,92.11638889,2025-03-04 20:00:00,3,63,66.8,66.8,200.4,389.7999999999999,12.5,0.3000000000000007,12.366666666666667,14.3,1.0,112,2025-03-05 02:00:00,2025-03-05 02:00:00,12.6,6.0,0.09999999999999964
NH15 Crossing Fakirpara Tangni,DARRANG,26.50833333,92.11638889,2025-03-04 21:00:00,3,63,66.8,66.8,200.4,395.3,12.7,0.1999999999999993,12.466666666666669,14.3,1.0,112,2025-03-05 03:00:00,2025-03-05 03:00:00,12.6,6.0,-0.09999999999999964
NH15 Crossing Fakirpara Tangni,DARRANG,26.50833333,92.11638889,2025-03-04 22:00:00,3,63,66.8,66.8,200.4,400.7999999999999,12.7,0.0,12.633333333333333,13.2,1.0,112,2025-03-05 04:00:00,2025-03-05 04:00:00,12.5,6.0,-0.1999999999999993
NH15 Crossing Fakirpara Tangni,DARRANG,26.50833333,92.11638889,2025-03-04 23:00:00,3,63,66.8,66.8,200.4,400.7999999999999,12.7,0.0,12.7,12.7,1.0,112,2025-03-05 05:00:00,2025-03-05 05:00:00,12.4,6.0,-0.29999999999999893
NH15 Crossing Fakirpara Tangni,DARRANG,26.50833333,92.11638889,2025-03-05 00:00:00,3,64,66.8,66.8,200.4,400.7999999999999,12.6,-0.0999999999999996,12.666666666666666,12.7,1.0,112,2025-03-05 06:00:00,2025-03-05 06:00:00,12.5,6.0,-0.09999999999999964
NH15 Crossing Fakirpara Tangni,DARRANG,26.50833333,92.11638889,2025-03-05 01:00:00,3,64,66.8,66.8,200.4,400.7999999999999,12.6,0.0,12.633333333333333,12.7,1.0,112,2025-03-05 07:00:00,2025-03-05 07:00:00,12.8,6.0,0.20000000000000107
NH15 Crossing Fakirpara Tangni,DARRANG,26.50833333,92.11638889,2025-03-05 02:00:00,3,64,66.8,66.8,200.4,400.7999999999999,12.6,0.0,12.6,12.7,1.0,112,2025-03-05 08:00:00,2025-03-05 08:00:00,13.1,6.0,0.5
NH15 Crossing Fakirpara Tangni,DARRANG,26.50833333,92.11638889,2025-03-05 03:00:00,3,64,66.8,66.8,200.4,400.7999999999999,12.6,0.0,12.6,12.7,1.0,112,2025-03-05 09:00:00,2025-03-05 09:00:00,14.3,6.0,1.700000000000001
NH15 Crossing Fakirpara Tangni,DARRANG,26.50833333,92.11638889,2025-03-05 04:00:00,3,64,66.8,66.8,200.4,400.7999999999999,12.5,-0.0999999999999996,12.566666666666668,12.7,1.0,112,2025-03-05 10:00:00,2025-03-05 10:00:00,14.2,6.0,1.6999999999999993
NH15 Crossing Fakirpara Tangni,DARRANG,26.50833333,92.11638889,2025-03-05 05:00:00,3,64,66.8,66.8,200.4,400.7999999999999,12.4,-0.0999999999999996,12.5,12.6,1.0,112,2025-03-05 11:00:00,2025-03-05 11:00:00,14.1,6.0,1.6999999999999993
NH15 Crossing Fakirpara Tangni,DARRANG,26.50833333,92.11638889,2025-03-05 06:00:00,3,64,66.8,66.8,200.4,400.7999999999999,12.5,0.0999999999999996,12.466666666666669,12.6,1.0,112,2025-03-05 12:00:00,2025-03-05 12:00:00,14.2,6.0,1.6999999999999993
NH15 Crossing Fakirpara Tangni,DARRANG,26.50833333,92.11638889,2025-03-05 07:00:00,3,64,66.8,66.8,200.4,400.7999999999999,12.8,0.3000000000000007,12.566666666666668,12.8,1.0,112,2025-03-05 13:00:00,2025-03-05 13:00:00,14.2,6.0,1.3999999999999986
NH15 Crossing Fakirpara Tangni,DARRANG,26.50833333,92.11638889,2025-03-05 08:00:00,3,64,61.3,66.8,194.9,395.2999999999999,13.1,0.2999999999999989,12.800000000000002,13.1,1.0,112,2025-03-05 14:00:00,2025-03-05 13:00:00,14.2,5.0,1.0999999999999996
NH15 Crossing Fakirpara Tangni,DARRANG,26.50833333,92.11638889,2025-03-05 09:00:00,3,64,61.3,61.3,189.4,389.8,14.3,1.200000000000001,13.4,14.3,1.0,112,2025-03-05 15:00:00,2025-03-05 15:00:00,14.1,6.0,-0.20000000000000107
NH15 Crossing Fakirpara Tangni,DARRANG,26.50833333,92.11638889,2025-03-05 10:00:00,3,64,61.3,61.3,183.9,384.3,14.2,-0.1000000000000014,13.866666666666664,14.3,1.0,112,2025-03-05 16:00:00,2025-03-05 16:00:00,13.9,6.0,-0.29999999999999893
NH15 Crossing Fakirpara Tangni,DARRANG,26.50833333,92.11638889,2025-03-05 11:00:00,3,64,61.3,61.3,183.9,378.7999999999999,14.1,-0.0999999999999996,14.2,14.3,1.0,112,2025-03-05 17:00:00,2025-03-05 17:00:00,12.7,6.0,-1.4000000000000004
NH15 Crossing Fakirpara Tangni,DARRANG,26.50833333,92.11638889,2025-03-05 12:00:00,3,64,61.3,61.3,183.9,373.2999999999999,14.2,0.0999999999999996,14.166666666666666,14.3,1.0,112,2025-03-05 18:00:00,2025-03-05 18:00:00,12.6,6.0,-1.5999999999999996
NH15 Crossing Fakirpara Tangni,DARRANG,26.50833333,92.11638889,2025-03-05 13:00:00,3,64,61.3,61.3,183.9,367.7999999999999,14.2,0.0,14.166666666666666,14.3,1.0,112,2025-03-05 19:00:00,2025-03-05 19:00:00,12.7,6.0,-1.5
NH15 Crossing Fakirpara Tangni,DARRANG,26.50833333,92.11638889,2025-03-05 15:00:00,3,64,61.3,61.3,183.9,367.7999999999999,14.1,-0.0999999999999996,14.166666666666666,14.3,2.0,112,2025-03-05 21:00:00,2025-03-05 21:00:00,12.7,6.0,-1.4000000000000004
NH15 Crossing Fakirpara Tangni,DARRANG,26.50833333,92.11638889,2025-03-05 16:00:00,3,64,66.8,61.3,189.4,373.2999999999999,13.9,-0.1999999999999993,14.066666666666668,14.2,1.0,112,2025-03-05 22:00:00,2025-03-05 22:00:00,12.7,6.0,-1.200000000000001
NH15 Crossing Fakirpara Tangni,DARRANG,26.50833333,92.11638889,2025-03-05 17:00:00,3,64,66.8,66.8,194.9,378.7999999999999,12.7,-1.200000000000001,13.566666666666665,14.2,1.0,112,2025-03-05 23:00:00,2025-03-05 23:00:00,12.7,6.0,0.0
NH15 Crossing Fakirpara Tangni,DARRANG,26.50833333,92.11638889,2025-03-05 18:00:00,3,64,66.8,66.8,200.4,384.3,12.6,-0.0999999999999996,13.066666666666668,14.2,1.0,112,2025-03-06 00:00:00,2025-03-06 00:00:00,12.6,6.0,0.0
NH15 Crossing Fakirpara Tangni,DARRANG,26.50833333,92.11638889,2025-03-05 19:00:00,3,64,66.8,66.8,200.4,389.8,12.7,0.0999999999999996,12.666666666666666,14.2,1.0,112,2025-03-06 01:00:00,2025-03-06 01:00:00,12.6,6.0,-0.09999999999999964
NH15 Crossing Fakirpara Tangni,DARRANG,26.50833333,92.11638889,2025-03-05 21:00:00,3,64,66.8,66.8,200.4,395.2999999999999,12.7,0.0,12.666666666666666,14.1,2.0,112,2025-03-06 03:00:00,2025-03-06 03:00:00,12.6,6.0,-0.09999999999999964
NH15 Crossing Fakirpara Tangni,DARRANG,26.50833333,92.11638889,2025-03-05 22:00:00,3,64,66.8,66.8,200.4,400.7999999999999,12.7,0.0,12.7,13.9,1.0,112,2025-03-06 04:00:00,2025-03-06 04:00:00,12.5,6.0,-0.1999999999999993
NH15 Crossing Fakirpara Tangni,DARRANG,26.50833333,92.11638889,2025-03-05 23:00:00,3,64,66.8,66.8,200.4,400.7999999999999,12.7,0.0,12.7,12.7,1.0,112,2025-03-06 05:00:00,2025-03-06 05:00:00,12.5,6.0,-0.1999999999999993
NH15 Crossing Fakirpara Tangni,DARRANG,26.50833333,92.11638889,2025-03-06 00:00:00,3,65,66.8,66.8,200.4,400.7999999999999,12.6,-0.0999999999999996,12.666666666666666,12.7,1.0,112,2025-03-06 06:00:00,2025-03-06 06:00:00,12.5,6.0,-0.09999999999999964
NH15 Crossing Fakirpara Tangni,DARRANG,26.50833333,92.11638889,2025-03-06 01:00:00,3,65,66.8,66.8,200.4,400.7999999999999,12.6,0.0,12.633333333333333,12.7,1.0,112,2025-03-06 07:00:00,2025-03-06 07:00:00,12.8,6.0,0.20000000000000107
NH15 Crossing Fakirpara Tangni,DARRANG,26.50833333,92.11638889,2025-03-06 02:00:00,3,65,66.8,66.8,200.4,400.7999999999999,12.6,0.0,12.6,12.7,1.0,112,2025-03-06 08:00:00,2025-03-06 08:00:00,13.6,6.0,1.0
NH15 Crossing Fakirpara Tangni,DARRANG,26.50833333,92.11638889,2025-03-06 03:00:00,3,65,66.8,66.8,200.4,400.7999999999999,12.6,0.0,12.6,12.7,1.0,112,2025-03-06 09:00:00,2025-03-06 09:00:00,14.4,6.0,1.8000000000000007
NH15 Crossing Fakirpara Tangni,DARRANG,26.50833333,92.11638889,2025-03-06 04:00:00,3,65,66.8,66.8,200.4,400.7999999999999,12.5,-0.0999999999999996,12.566666666666668,12.7,1.0,112,2025-03-06 10:00:00,2025-03-06 10:00:00,14.4,6.0,1.9000000000000004
NH15 Crossing Fakirpara Tangni,DARRANG,26.50833333,92.11638889,2025-03-06 05:00:00,3,65,66.8,66.8,200.4,400.7999999999999,12.5,0.0,12.533333333333331,12.6,1.0,112,2025-03-06 11:00:00,2025-03-06 10:00:00,14.4,5.0,1.9000000000000004
NH15 Crossing Fakirpara Tangni,DARRANG,26.50833333,92.11638889,2025-03-06 06:00:00,3,65,66.8,66.8,200.4,400.7999999999999,12.5,0.0,12.5,12.6,1.0,112,2025-03-06 12:00:00,2025-03-06 13:00:00,14.3,7.0,1.8000000000000007
NH15 Crossing Fakirpara Tangni,DARRANG,26.50833333,92.11638889,2025-03-06 07:00:00,3,65,66.8,66.8,200.4,400.7999999999999,12.8,0.3000000000000007,12.6,12.8,1.0,112,2025-03-06 13:00:00,2025-03-06 13:00:00,14.3,6.0,1.5
NH15 Crossing Fakirpara Tangni,DARRANG,26.50833333,92.11638889,2025-03-06 08:00:00,3,65,66.8,66.8,200.4,400.7999999999999,13.6,0.7999999999999989,12.966666666666669,13.6,1.0,112,2025-03-06 14:00:00,2025-03-06 14:00:00,14.2,6.0,0.5999999999999996
NH15 Crossing Fakirpara Tangni,DARRANG,26.50833333,92.11638889,2025-03-06 09:00:00,3,65,61.3,66.8,194.9,395.2999999999999,14.4,0.8000000000000007,13.6,14.4,1.0,112,2025-03-06 15:00:00,2025-03-06 15:00:00,14.1,6.0,-0.3000000000000007
NH15 Crossing Fakirpara Tangni,DARRANG,26.50833333,92.11638889,2025-03-06 10:00:00,3,65,61.2,61.3,189.3,389.7,14.4,0.0,14.133333333333333,14.4,1.0,112,2025-03-06 16:00:00,2025-03-06 16:00:00,13.9,6.0,-0.5
NH15 Crossing Fakirpara Tangni,DARRANG,26.50833333,92.11638889,2025-03-06 13:00:00,3,65,66.8,61.2,189.3,389.69999999999993,14.3,-0.0999999999999996,14.366666666666667,14.4,3.0,112,2025-03-06 19:00:00,2025-03-06 19:00:00,12.8,6.0,-1.5
NH15 Crossing Fakirpara Tangni,DARRANG,26.50833333,92.11638889,2025-03-06 14:00:00,3,65,66.8,66.8,194.8,389.7,14.2,-0.1000000000000014,14.3,14.4,1.0,112,2025-03-06 20:00:00,2025-03-06 20:00:00,12.7,6.0,-1.5
NH15 Crossing Fakirpara Tangni,DARRANG,26.50833333,92.11638889,2025-03-06 15:00:00,3,65,66.8,66.8,200.4,389.7,14.1,-0.0999999999999996,14.2,14.4,1.0,112,2025-03-06 21:00:00,2025-03-06 21:00:00,12.7,6.0,-1.4000000000000004
NH15 Crossing Fakirpara Tangni,DARRANG,26.50833333,92.11638889,2025-03-06 16:00:00,3,65,66.8,66.8,200.4,389.7,13.9,-0.1999999999999993,14.066666666666665,14.4,1.0,112,2025-03-06 22:00:00,2025-03-06 22:00:00,12.7,6.0,-1.200000000000001
NH15 Crossing Fakirpara Tangni,DARRANG,26.50833333,92.11638889,2025-03-06 17:00:00,3,65,66.8,66.8,200.4,395.19999999999993,13.0,-0.9000000000000004,13.666666666666666,14.4,1.0,112,2025-03-06 23:00:00,2025-03-06 23:00:00,12.5,6.0,-0.5
NH15 Crossing Fakirpara Tangni,DARRANG,26.50833333,92.11638889,2025-03-06 18:00:00,3,65,66.8,66.8,200.4,400.7999999999999,12.8,-0.1999999999999993,13.233333333333334,14.3,1.0,112,2025-03-07 00:00:00,2025-03-07 00:00:00,12.7,6.0,-0.10000000000000142
NH15 Crossing Fakirpara Tangni,DARRANG,26.50833333,92.11638889,2025-03-06 19:00:00,3,65,66.8,66.8,200.4,400.7999999999999,12.8,0.0,12.866666666666667,14.2,1.0,112,2025-03-07 01:00:00,2025-03-07 00:00:00,12.7,5.0,-0.10000000000000142
NH15 Crossing Fakirpara Tangni,DARRANG,26.50833333,92.11638889,2025-03-06 20:00:00,3,65,66.8,66.8,200.4,400.7999999999999,12.7,-0.1000000000000014,12.766666666666667,14.1,1.0,112,2025-03-07 02:00:00,2025-03-07 02:00:00,12.6,6.0,-0.09999999999999964
NH15 Crossing Fakirpara Tangni,DARRANG,26.50833333,92.11638889,2025-03-06 21:00:00,3,65,66.8,66.8,200.4,400.7999999999999,12.7,0.0,12.733333333333333,13.9,1.0,112,2025-03-07 03:00:00,2025-03-07 02:00:00,12.6,5.0,-0.09999999999999964
NH15 Crossing Fakirpara Tangni,DARRANG,26.50833333,92.11638889,2025-03-06 22:00:00,3,65,66.8,66.8,200.4,400.7999999999999,12.7,0.0,12.7,13.0,1.0,112,2025-03-07 04:00:00,2025-03-07 04:00:00,12.6,6.0,-0.09999999999999964
NH15 Crossing Fakirpara Tangni,DARRANG,26.50833333,92.11638889,2025-03-06 23:00:00,3,65,66.8,66.8,200.4,400.7999999999999,12.5,-0.1999999999999993,12.633333333333333,12.8,1.0,112,2025-03-07 05:00:00,2025-03-07 04:00:00,12.6,5.0,0.09999999999999964
NH15 Crossing Fakirpara Tangni,DARRANG,26.50833333,92.11638889,2025-03-07 00:00:00,3,66,66.8,66.8,200.4,400.7999999999999,12.7,0.1999999999999993,12.633333333333333,12.8,1.0,112,2025-03-07 06:00:00,2025-03-07 06:00:00,12.5,6.0,-0.1999999999999993
NH15 Crossing Fakirpara Tangni,DARRANG,26.50833333,92.11638889,2025-03-07 02:00:00,3,66,66.8,66.8,200.4,400.7999999999999,12.6,-0.0999999999999996,12.6,12.7,2.0,112,2025-03-07 08:00:00,2025-03-07 08:00:00,14.3,6.0,1.700000000000001
NH15 Crossing Fakirpara Tangni,DARRANG,26.50833333,92.11638889,2025-03-07 04:00:00,3,66,66.8,66.8,200.4,400.7999999999999,12.6,0.0,12.633333333333333,12.7,2.0,112,2025-03-07 10:00:00,2025-03-07 10:00:00,14.2,6.0,1.5999999999999996
NH15 Crossing Fakirpara Tangni,DARRANG,26.50833333,92.11638889,2025-03-07 06:00:00,3,66,66.8,66.8,200.4,400.7999999999999,12.5,-0.0999999999999996,12.566666666666668,12.7,2.0,112,2025-03-07 12:00:00,2025-03-07 12:00:00,14.3,6.0,1.8000000000000007
NH15 Crossing Fakirpara Tangni,DARRANG,26.50833333,92.11638889,2025-03-07 07:00:00,3,66,66.8,66.8,200.4,400.7999999999999,12.8,0.3000000000000007,12.633333333333333,12.8,1.0,112,2025-03-07 13:00:00,2025-03-07 13:00:00,14.1,6.0,1.299999999999999
NH15 Crossing Fakirpara Tangni,DARRANG,26.50833333,92.11638889,2025-03-07 08:00:00,3,66,66.8,66.8,200.4,400.7999999999999,14.3,1.5,13.2,14.3,1.0,112,2025-03-07 14:00:00,2025-03-07 14:00:00,13.9,6.0,-0.40000000000000036
NH15 Crossing Fakirpara Tangni,DARRANG,26.50833333,92.11638889,2025-03-07 09:00:00,3,66,66.8,66.8,200.4,400.7999999999999,14.4,0.0999999999999996,13.833333333333334,14.4,1.0,112,2025-03-07 15:00:00,2025-03-07 15:00:00,14.0,6.0,-0.40000000000000036
NH15 Crossing Fakirpara Tangni,DARRANG,26.50833333,92.11638889,2025-03-07 10:00:00,3,66,61.3,66.8,194.9,395.3,14.2,-0.200000000000001,14.300000000000002,14.4,1.0,112,2025-03-07 16:00:00,2025-03-07 16:00:00,14.0,6.0,-0.1999999999999993
NH15 Crossing Fakirpara Tangni,DARRANG,26.50833333,92.11638889,2025-03-07 11:00:00,3,66,61.3,61.3,189.4,389.8,14.2,0.0,14.266666666666666,14.4,1.0,112,2025-03-07 17:00:00,2025-03-07 17:00:00,13.0,6.0,-1.1999999999999993
NH15 Crossing Fakirpara Tangni,DARRANG,26.50833333,92.11638889,2025-03-07 12:00:00,3,66,61.3,61.3,183.9,384.2999999999999,14.3,0.1000000000000014,14.233333333333334,14.4,1.0,112,2025-03-07 18:00:00,2025-03-07 18:00:00,12.8,6.0,-1.5
NH15 Crossing Fakirpara Tangni,DARRANG,26.50833333,92.11638889,2025-03-07 13:00:00,3,66,61.3,61.3,183.9,378.7999999999999,14.1,-0.200000000000001,14.2,14.4,1.0,112,2025-03-07 19:00:00,2025-03-07 19:00:00,12.7,6.0,-1.4000000000000004
NH15 Crossing Fakirpara Tangni,DARRANG,26.50833333,92.11638889,2025-03-07 14:00:00,3,66,61.3,61.3,183.9,373.3,13.9,-0.1999999999999993,14.1,14.4,1.0,112,2025-03-07 20:00:00,2025-03-07 20:00:00,12.7,6.0,-1.200000000000001
NH15 Crossing Fakirpara Tangni,DARRANG,26.50833333,92.11638889,2025-03-07 15:00:00,3,66,61.3,61.3,183.9,367.7999999999999,14.0,0.0999999999999996,14.0,14.3,1.0,112,2025-03-07 21:00:00,2025-03-07 21:00:00,12.3,6.0,-1.6999999999999993
NH15 Crossing Fakirpara Tangni,DARRANG,26.50833333,92.11638889,2025-03-07 16:00:00,3,66,66.8,61.3,189.4,373.2999999999999,14.0,0.0,13.966666666666669,14.3,1.0,112,2025-03-07 22:00:00,2025-03-07 22:00:00,12.7,6.0,-1.3000000000000007
NH15 Crossing Fakirpara Tangni,DARRANG,26.50833333,92.11638889,2025-03-07 17:00:00,3,66,66.8,66.8,194.9,378.7999999999999,13.0,-1.0,13.666666666666666,14.3,1.0,112,2025-03-07 23:00:00,2025-03-07 23:00:00,12.7,6.0,-0.3000000000000007
NH15 Crossing Fakirpara Tangni,DARRANG,26.50833333,92.11638889,2025-03-07 18:00:00,3,66,66.8,66.8,200.4,384.3,12.8,-0.1999999999999993,13.266666666666666,14.1,1.0,112,2025-03-08 00:00:00,2025-03-08 00:00:00,12.7,6.0,-0.10000000000000142
NH15 Crossing Fakirpara Tangni,DARRANG,26.50833333,92.11638889,2025-03-07 19:00:00,3,66,66.8,66.8,200.4,389.8,12.7,-0.1000000000000014,12.833333333333334,14.0,1.0,112,2025-03-08 01:00:00,2025-03-08 01:00:00,12.6,6.0,-0.09999999999999964
NH15 Crossing Fakirpara Tangni,DARRANG,26.50833333,92.11638889,2025-03-07 20:00:00,3,66,66.8,66.8,200.4,395.2999999999999,12.7,0.0,12.733333333333334,14.0,1.0,112,2025-03-08 02:00:00,2025-03-08 02:00:00,12.6,6.0,-0.09999999999999964
NH15 Crossing Fakirpara Tangni,DARRANG,26.50833333,92.11638889,2025-03-07 21:00:00,3,66,66.8,66.8,200.4,400.7999999999999,12.3,-0.3999999999999986,12.566666666666668,14.0,1.0,112,2025-03-08 03:00:00,2025-03-08 03:00:00,12.6,6.0,0.29999999999999893
NH15 Crossing Fakirpara Tangni,DARRANG,26.50833333,92.11638889,2025-03-07 22:00:00,3,66,66.8,66.8,200.4,400.7999999999999,12.7,0.3999999999999986,12.566666666666668,13.0,1.0,112,2025-03-08 04:00:00,2025-03-08 04:00:00,12.6,6.0,-0.09999999999999964
NH15 Crossing Fakirpara Tangni,DARRANG,26.50833333,92.11638889,2025-03-07 23:00:00,3,66,66.8,66.8,200.4,400.7999999999999,12.7,0.0,12.566666666666668,12.8,1.0,112,2025-03-08 05:00:00,2025-03-08 05:00:00,12.6,6.0,-0.09999999999999964
NH15 Crossing Fakirpara Tangni,DARRANG,26.50833333,92.11638889,2025-03-08 00:00:00,3,67,66.8,66.8,200.4,400.7999999999999,12.7,0.0,12.7,12.7,1.0,112,2025-03-08 06:00:00,2025-03-08 06:00:00,12.5,6.0,-0.1999999999999993
NH15 Crossing Fakirpara Tangni,DARRANG,26.50833333,92.11638889,2025-03-08 01:00:00,3,67,66.8,66.8,200.4,400.7999999999999,12.6,-0.0999999999999996,12.666666666666666,12.7,1.0,112,2025-03-08 07:00:00,2025-03-08 07:00:00,13.0,6.0,0.40000000000000036
NH15 Crossing Fakirpara Tangni,DARRANG,26.50833333,92.11638889,2025-03-08 02:00:00,3,67,66.8,66.8,200.4,400.7999999999999,12.6,0.0,12.633333333333333,12.7,1.0,112,2025-03-08 08:00:00,2025-03-08 08:00:00,13.6,6.0,1.0
NH15 Crossing Fakirpara Tangni,DARRANG,26.50833333,92.11638889,2025-03-08 03:00:00,3,67,66.8,66.8,200.4,400.7999999999999,12.6,0.0,12.6,12.7,1.0,112,2025-03-08 09:00:00,2025-03-08 09:00:00,14.2,6.0,1.5999999999999996
NH15 Crossing Fakirpara Tangni,DARRANG,26.50833333,92.11638889,2025-03-08 04:00:00,3,67,66.8,66.8,200.4,400.7999999999999,12.6,0.0,12.6,12.7,1.0,112,2025-03-08 10:00:00,2025-03-08 10:00:00,14.4,6.0,1.8000000000000007
NH15 Crossing Fakirpara Tangni,DARRANG,26.50833333,92.11638889,2025-03-08 05:00:00,3,67,66.8,66.8,200.4,400.7999999999999,12.6,0.0,12.6,12.7,1.0,112,2025-03-08 11:00:00,2025-03-08 11:00:00,14.3,6.0,1.700000000000001
NH15 Crossing Fakirpara Tangni,DARRANG,26.50833333,92.11638889,2025-03-08 06:00:00,3,67,66.8,66.8,200.4,400.7999999999999,12.5,-0.0999999999999996,12.566666666666665,12.6,1.0,112,2025-03-08 12:00:00,2025-03-08 12:00:00,14.3,6.0,1.8000000000000007
NH15 Crossing Fakirpara Tangni,DARRANG,26.50833333,92.11638889,2025-03-08 07:00:00,3,67,66.8,66.8,200.4,400.7999999999999,13.0,0.5,12.7,13.0,1.0,112,2025-03-08 13:00:00,2025-03-08 13:00:00,14.3,6.0,1.3000000000000007
NH15 Crossing Fakirpara Tangni,DARRANG,26.50833333,92.11638889,2025-03-08 08:00:00,3,67,66.8,66.8,200.4,400.7999999999999,13.6,0.5999999999999996,13.033333333333331,13.6,1.0,112,2025-03-08 14:00:00,2025-03-08 14:00:00,14.4,6.0,0.8000000000000007
NH15 Crossing Fakirpara Tangni,DARRANG,26.50833333,92.11638889,2025-03-08 09:00:00,3,67,66.8,66.8,200.4,400.7999999999999,14.2,0.5999999999999996,13.6,14.2,1.0,112,2025-03-08 15:00:00,2025-03-08 15:00:00,14.3,6.0,0.10000000000000142
NH15 Crossing Fakirpara Tangni,DARRANG,26.50833333,92.11638889,2025-03-08 10:00:00,3,67,66.8,66.8,200.4,400.7999999999999,14.4,0.200000000000001,14.066666666666665,14.4,1.0,112,2025-03-08 16:00:00,2025-03-08 16:00:00,13.9,6.0,-0.5
NH15 Crossing Fakirpara Tangni,DARRANG,26.50833333,92.11638889,2025-03-08 11:00:00,3,67,66.8,66.8,200.4,400.7999999999999,14.3,-0.0999999999999996,14.3,14.4,1.0,112,2025-03-08 17:00:00,2025-03-08 17:00:00,13.3,6.0,-1.0
NH15 Crossing Fakirpara Tangni,DARRANG,26.50833333,92.11638889,2025-03-08 12:00:00,3,67,66.8,66.8,200.4,400.7999999999999,14.3,0.0,14.333333333333334,14.4,1.0,112,2025-03-08 18:00:00,2025-03-08 18:00:00,12.8,6.0,-1.5
NH15 Crossing Fakirpara Tangni,DARRANG,26.50833333,92.11638889,2025-03-08 13:00:00,3,67,66.8,66.8,200.4,400.7999999999999,14.3,0.0,14.3,14.4,1.0,112,2025-03-08 19:00:00,2025-03-08 19:00:00,12.7,6.0,-1.6000000000000014
NH15 Crossing Fakirpara Tangni,DARRANG,26.50833333,92.11638889,2025-03-08 14:00:00,3,67,66.8,66.8,200.4,400.7999999999999,14.4,0.0999999999999996,14.333333333333334,14.4,1.0,112,2025-03-08 20:00:00,2025-03-08 20:00:00,12.7,6.0,-1.700000000000001
NH15 Crossing Fakirpara Tangni,DARRANG,26.50833333,92.11638889,2025-03-08 15:00:00,3,67,66.8,66.8,200.4,400.7999999999999,14.3,-0.0999999999999996,14.333333333333334,14.4,1.0,112,2025-03-08 21:00:00,2025-03-08 21:00:00,12.7,6.0,-1.6000000000000014
NH15 Crossing Fakirpara Tangni,DARRANG,26.50833333,92.11638889,2025-03-08 16:00:00,3,67,66.8,66.8,200.4,400.7999999999999,13.9,-0.4000000000000003,14.2,14.4,1.0,112,2025-03-08 22:00:00,2025-03-08 22:00:00,12.7,6.0,-1.200000000000001
NH15 Crossing Fakirpara Tangni,DARRANG,26.50833333,92.11638889,2025-03-08 17:00:00,3,67,66.8,66.8,200.4,400.7999999999999,13.3,-0.5999999999999996,13.833333333333334,14.4,1.0,112,2025-03-08 23:00:00,2025-03-08 23:00:00,12.6,6.0,-0.7000000000000011
NH15 Crossing Fakirpara Tangni,DARRANG,26.50833333,92.11638889,2025-03-08 18:00:00,3,67,66.8,66.8,200.4,400.7999999999999,12.8,-0.5,13.333333333333334,14.4,1.0,112,2025-03-09 00:00:00,2025-03-09 00:00:00,12.6,6.0,-0.20000000000000107
NH15 Crossing Fakirpara Tangni,DARRANG,26.50833333,92.11638889,2025-03-08 19:00:00,3,67,66.8,66.8,200.4,400.7999999999999,12.7,-0.1000000000000014,12.933333333333335,14.4,1.0,112,2025-03-09 01:00:00,2025-03-09 01:00:00,12.6,6.0,-0.09999999999999964
NH15 Crossing Fakirpara Tangni,DARRANG,26.50833333,92.11638889,2025-03-08 20:00:00,3,67,66.8,66.8,200.4,400.7999999999999,12.7,0.0,12.733333333333333,14.3,1.0,112,2025-03-09 02:00:00,2025-03-09 02:00:00,12.6,6.0,-0.09999999999999964
NH15 Crossing Fakirpara Tangni,DARRANG,26.50833333,92.11638889,2025-03-08 21:00:00,3,67,66.8,66.8,200.4,400.7999999999999,12.7,0.0,12.7,13.9,1.0,112,2025-03-09 03:00:00,2025-03-09 03:00:00,12.6,6.0,-0.09999999999999964
NH15 Crossing Fakirpara Tangni,DARRANG,26.50833333,92.11638889,2025-03-08 22:00:00,3,67,66.8,66.8,200.4,400.7999999999999,12.7,0.0,12.7,13.3,1.0,112,2025-03-09 04:00:00,2025-03-09 04:00:00,12.6,6.0,-0.09999999999999964
NH15 Crossing Fakirpara Tangni,DARRANG,26.50833333,92.11638889,2025-03-08 23:00:00,3,67,66.8,66.8,200.4,400.7999999999999,12.6,-0.0999999999999996,12.666666666666666,12.8,1.0,112,2025-03-09 05:00:00,2025-03-09 05:00:00,12.5,6.0,-0.09999999999999964
NH15 Crossing Fakirpara Tangni,DARRANG,26.50833333,92.11638889,2025-03-09 00:00:00,3,68,66.8,66.8,200.4,400.7999999999999,12.6,0.0,12.633333333333333,12.7,1.0,112,2025-03-09 06:00:00,2025-03-09 06:00:00,12.6,6.0,0.0
NH15 Crossing Fakirpara Tangni,DARRANG,26.50833333,92.11638889,2025-03-09 01:00:00,3,68,66.8,66.8,200.4,400.7999999999999,12.6,0.0,12.6,12.7,1.0,112,2025-03-09 07:00:00,2025-03-09 07:00:00,12.8,6.0,0.20000000000000107
NH15 Crossing Fakirpara Tangni,DARRANG,26.50833333,92.11638889,2025-03-09 02:00:00,3,68,66.8,66.8,200.4,400.7999999999999,12.6,0.0,12.6,12.7,1.0,112,2025-03-09 08:00:00,2025-03-09 08:00:00,13.6,6.0,1.0
NH15 Crossing Fakirpara Tangni,DARRANG,26.50833333,92.11638889,2025-03-09 03:00:00,3,68,66.8,66.8,200.4,400.7999999999999,12.6,0.0,12.6,12.7,1.0,112,2025-03-09 09:00:00,2025-03-09 09:00:00,14.1,6.0,1.5
NH15 Crossing Fakirpara Tangni,DARRANG,26.50833333,92.11638889,2025-03-09 04:00:00,3,68,66.8,66.8,200.4,400.7999999999999,12.6,0.0,12.6,12.6,1.0,112,2025-03-09 10:00:00,2025-03-09 10:00:00,14.1,6.0,1.5
NH15 Crossing Fakirpara Tangni,DARRANG,26.50833333,92.11638889,2025-03-09 05:00:00,3,68,66.8,66.8,200.4,400.7999999999999,12.5,-0.0999999999999996,12.566666666666665,12.6,1.0,112,2025-03-09 11:00:00,2025-03-09 10:00:00,14.1,5.0,1.5999999999999996
NH15 Crossing Fakirpara Tangni,DARRANG,26.50833333,92.11638889,2025-03-09 06:00:00,3,68,66.8,66.8,200.4,400.7999999999999,12.6,0.0999999999999996,12.566666666666668,12.6,1.0,112,2025-03-09 12:00:00,2025-03-09 13:00:00,14.2,7.0,1.5999999999999996
NH15 Crossing Fakirpara Tangni,DARRANG,26.50833333,92.11638889,2025-03-09 07:00:00,3,68,66.8,66.8,200.4,400.7999999999999,12.8,0.200000000000001,12.633333333333333,12.8,1.0,112,2025-03-09 13:00:00,2025-03-09 13:00:00,14.2,6.0,1.3999999999999986
NH15 Crossing Fakirpara Tangni,DARRANG,26.50833333,92.11638889,2025-03-09 08:00:00,3,68,66.8,66.8,200.4,400.7999999999999,13.6,0.7999999999999989,13.0,13.6,1.0,112,2025-03-09 14:00:00,2025-03-09 13:00:00,14.2,5.0,0.5999999999999996
NH15 Crossing Fakirpara Tangni,DARRANG,26.50833333,92.11638889,2025-03-09 09:00:00,3,68,66.8,66.8,200.4,400.7999999999999,14.1,0.5,13.5,14.1,1.0,112,2025-03-09 15:00:00,2025-03-09 15:00:00,13.9,6.0,-0.1999999999999993
NH15 Crossing Fakirpara Tangni,DARRANG,26.50833333,92.11638889,2025-03-09 10:00:00,3,68,66.8,66.8,200.4,400.7999999999999,14.1,0.0,13.933333333333332,14.1,1.0,112,2025-03-09 16:00:00,2025-03-09 16:00:00,13.4,6.0,-0.6999999999999993
NH15 Crossing Fakirpara Tangni,DARRANG,26.50833333,92.11638889,2025-03-09 13:00:00,3,68,66.8,66.8,200.4,400.7999999999999,14.2,0.0999999999999996,14.133333333333333,14.2,3.0,112,2025-03-09 19:00:00,2025-03-09 19:00:00,12.5,6.0,-1.6999999999999993
NH15 Crossing Fakirpara Tangni,DARRANG,26.50833333,92.11638889,2025-03-09 15:00:00,3,68,66.8,66.8,200.4,400.7999999999999,13.9,-0.2999999999999989,14.066666666666668,14.2,2.0,112,2025-03-09 21:00:00,2025-03-09 21:00:00,12.5,6.0,-1.4000000000000004
NH15 Crossing Fakirpara Tangni,DARRANG,26.50833333,92.11638889,2025-03-09 16:00:00,3,68,66.8,66.8,200.4,400.7999999999999,13.4,-0.5,13.833333333333334,14.2,1.0,112,2025-03-09 22:00:00,2025-03-09 22:00:00,12.6,6.0,-0.8000000000000007
NH15 Crossing Fakirpara Tangni,DARRANG,26.50833333,92.11638889,2025-03-09 18:00:00,3,68,66.8,66.8,200.4,400.7999999999999,12.8,-0.5999999999999996,13.366666666666667,14.2,2.0,112,2025-03-10 00:00:00,2025-03-10 00:00:00,11.6,6.0,-1.200000000000001
NH15 Crossing Fakirpara Tangni,DARRANG,26.50833333,92.11638889,2025-03-09 19:00:00,3,68,66.8,66.8,200.4,400.7999999999999,12.5,-0.3000000000000007,12.9,14.2,1.0,112,2025-03-10 01:00:00,2025-03-10 01:00:00,11.8,6.0,-0.6999999999999993
NH15 Crossing Fakirpara Tangni,DARRANG,26.50833333,92.11638889,2025-03-09 21:00:00,3,68,66.8,66.8,200.4,400.7999999999999,12.5,0.0,12.6,14.2,2.0,112,2025-03-10 03:00:00,2025-03-10 03:00:00,12.6,6.0,0.09999999999999964
NH15 Crossing Fakirpara Tangni,DARRANG,26.50833333,92.11638889,2025-03-09 22:00:00,3,68,66.8,66.8,200.4,400.7999999999999,12.6,0.0999999999999996,12.533333333333331,13.9,1.0,112,2025-03-10 04:00:00,2025-03-10 04:00:00,12.6,6.0,0.0
NH15 Crossing Fakirpara Tangni,DARRANG,26.50833333,92.11638889,2025-03-09 23:00:00,3,68,66.8,66.8,200.4,400.7999999999999,12.5,-0.0999999999999996,12.533333333333331,13.4,1.0,112,2025-03-10 05:00:00,2025-03-10 04:00:00,12.6,5.0,0.09999999999999964
NH15 Crossing Fakirpara Tangni,DARRANG,26.50833333,92.11638889,2025-03-10 00:00:00,3,69,66.8,66.8,200.4,400.7999999999999,11.6,-0.9000000000000004,12.233333333333333,12.8,1.0,112,2025-03-10 06:00:00,2025-03-10 06:00:00,12.5,6.0,0.9000000000000004
NH15 Crossing Fakirpara Tangni,DARRANG,26.50833333,92.11638889,2025-03-10 01:00:00,3,69,66.8,66.8,200.4,400.7999999999999,11.8,0.200000000000001,11.966666666666669,12.6,1.0,112,2025-03-10 07:00:00,2025-03-10 07:00:00,12.2,6.0,0.3999999999999986
NH15 Crossing Fakirpara Tangni,DARRANG,26.50833333,92.11638889,2025-03-10 03:00:00,3,69,66.8,66.8,200.4,400.7999999999999,12.6,0.7999999999999989,12.0,12.6,2.0,112,2025-03-10 09:00:00,2025-03-10 09:00:00,14.0,6.0,1.4000000000000004
NH15 Crossing Fakirpara Tangni,DARRANG,26.50833333,92.11638889,2025-03-10 04:00:00,3,69,66.8,66.8,200.4,400.7999999999999,12.6,0.0,12.333333333333334,12.6,1.0,112,2025-03-10 10:00:00,2025-03-10 10:00:00,14.1,6.0,1.5
NH15 Crossing Fakirpara Tangni,DARRANG,26.50833333,92.11638889,2025-03-10 06:00:00,3,69,66.8,66.8,200.4,400.7999999999999,12.5,-0.0999999999999996,12.566666666666668,12.6,2.0,112,2025-03-10 12:00:00,2025-03-10 12:00:00,14.1,6.0,1.5999999999999996
NH15 Crossing Fakirpara Tangni,DARRANG,26.50833333,92.11638889,2025-03-10 07:00:00,3,69,66.8,66.8,200.4,400.7999999999999,12.2,-0.3000000000000007,12.433333333333332,12.6,1.0,112,2025-03-10 13:00:00,2025-03-10 12:00:00,14.1,5.0,1.9000000000000004
NH15 Crossing Fakirpara Tangni,DARRANG,26.50833333,92.11638889,2025-03-10 08:00:00,3,69,66.8,66.8,200.4,400.7999999999999,13.0,0.8000000000000007,12.566666666666665,13.0,1.0,112,2025-03-10 14:00:00,2025-03-10 14:00:00,13.9,6.0,0.9000000000000004
NH15 Crossing Fakirpara Tangni,DARRANG,26.50833333,92.11638889,2025-03-10 09:00:00,3,69,66.8,66.8,200.4,400.7999999999999,14.0,1.0,13.066666666666665,14.0,1.0,112,2025-03-10 15:00:00,2025-03-10 15:00:00,14.0,6.0,0.0
NH15 Crossing Fakirpara Tangni,DARRANG,26.50833333,92.11638889,2025-03-10 10:00:00,3,69,66.8,66.8,200.4,400.7999999999999,14.1,0.0999999999999996,13.7,14.1,1.0,112,2025-03-10 16:00:00,2025-03-10 15:00:00,14.0,5.0,-0.09999999999999964
NH15 Crossing Fakirpara Tangni,DARRANG,26.50833333,92.11638889,2025-03-10 11:00:00,3,69,66.8,66.8,200.4,400.7999999999999,14.1,0.0,14.066666666666668,14.1,1.0,112,2025-03-10 17:00:00,2025-03-10 17:00:00,12.0,6.0,-2.0999999999999996
NH15 Crossing Fakirpara Tangni,DARRANG,26.50833333,92.11638889,2025-03-10 12:00:00,3,69,66.8,66.8,200.4,400.7999999999999,14.1,0.0,14.1,14.1,1.0,112,2025-03-10 18:00:00,2025-03-10 18:00:00,12.8,6.0,-1.299999999999999
NH15 Crossing Fakirpara Tangni,DARRANG,26.50833333,92.11638889,2025-03-10 14:00:00,3,69,66.8,66.8,200.4,400.7999999999999,13.9,-0.1999999999999993,14.033333333333331,14.1,2.0,112,2025-03-10 20:00:00,2025-03-10 20:00:00,12.7,6.0,-1.200000000000001
NH15 Crossing Fakirpara Tangni,DARRANG,26.50833333,92.11638889,2025-03-10 15:00:00,3,69,66.8,66.8,200.4,400.7999999999999,14.0,0.0999999999999996,14.0,14.1,1.0,112,2025-03-10 21:00:00,2025-03-10 21:00:00,12.7,6.0,-1.3000000000000007
NH15 Crossing Fakirpara Tangni,DARRANG,26.50833333,92.11638889,2025-03-10 17:00:00,3,69,66.8,66.8,200.4,400.7999999999999,12.0,-2.0,13.3,14.1,2.0,112,2025-03-10 23:00:00,2025-03-10 23:00:00,12.6,6.0,0.5999999999999996
NH15 Crossing Fakirpara Tangni,DARRANG,26.50833333,92.11638889,2025-03-10 18:00:00,3,69,66.8,66.8,200.4,400.7999999999999,12.8,0.8000000000000007,12.933333333333335,14.1,1.0,112,2025-03-11 00:00:00,2025-03-11 00:00:00,12.6,6.0,-0.20000000000000107
NH15 Crossing Fakirpara Tangni,DARRANG,26.50833333,92.11638889,2025-03-10 19:00:00,3,69,66.8,66.8,200.4,400.7999999999999,12.6,-0.200000000000001,12.466666666666669,14.1,1.0,112,2025-03-11 01:00:00,2025-03-11 01:00:00,12.6,6.0,0.0
NH15 Crossing Fakirpara Tangni,DARRANG,26.50833333,92.11638889,2025-03-10 20:00:00,3,69,66.8,66.8,200.4,400.7999999999999,12.7,0.0999999999999996,12.7,14.0,1.0,112,2025-03-11 02:00:00,2025-03-11 02:00:00,12.6,6.0,-0.09999999999999964
NH15 Crossing Fakirpara Tangni,DARRANG,26.50833333,92.11638889,2025-03-10 21:00:00,3,69,66.8,66.8,200.4,400.7999999999999,12.7,0.0,12.666666666666666,14.0,1.0,112,2025-03-11 03:00:00,2025-03-11 03:00:00,12.5,6.0,-0.1999999999999993
NH15 Crossing Fakirpara Tangni,DARRANG,26.50833333,92.11638889,2025-03-10 22:00:00,3,69,66.8,66.8,200.4,400.7999999999999,12.7,0.0,12.7,12.8,1.0,112,2025-03-11 04:00:00,2025-03-11 04:00:00,12.5,6.0,-0.1999999999999993
NH15 Crossing Fakirpara Tangni,DARRANG,26.50833333,92.11638889,2025-03-10 23:00:00,3,69,66.8,66.8,200.4,400.7999999999999,12.6,-0.0999999999999996,12.666666666666666,12.8,1.0,112,2025-03-11 05:00:00,2025-03-11 05:00:00,12.5,6.0,-0.09999999999999964
NH15 Crossing Fakirpara Tangni,DARRANG,26.50833333,92.11638889,2025-03-11 00:00:00,3,70,66.8,66.8,200.4,400.7999999999999,12.6,0.0,12.633333333333333,12.7,1.0,112,2025-03-11 06:00:00,2025-03-11 06:00:00,12.3,6.0,-0.29999999999999893
NH15 Crossing Fakirpara Tangni,DARRANG,26.50833333,92.11638889,2025-03-11 01:00:00,3,70,66.8,66.8,200.4,400.7999999999999,12.6,0.0,12.6,12.7,1.0,112,2025-03-11 07:00:00,2025-03-11 07:00:00,12.8,6.0,0.20000000000000107
NH15 Crossing Fakirpara Tangni,DARRANG,26.50833333,92.11638889,2025-03-11 02:00:00,3,70,66.8,66.8,200.4,400.7999999999999,12.6,0.0,12.6,12.7,1.0,112,2025-03-11 08:00:00,2025-03-11 08:00:00,14.2,6.0,1.5999999999999996
NH15 Crossing Fakirpara Tangni,DARRANG,26.50833333,92.11638889,2025-03-11 03:00:00,3,70,66.8,66.8,200.4,400.7999999999999,12.5,-0.0999999999999996,12.566666666666668,12.7,1.0,112,2025-03-11 09:00:00,2025-03-11 09:00:00,14.2,6.0,1.6999999999999993
NH15 Crossing Fakirpara Tangni,DARRANG,26.50833333,92.11638889,2025-03-11 04:00:00,3,70,66.8,66.8,200.4,400.7999999999999,12.5,0.0,12.533333333333331,12.6,1.0,112,2025-03-11 10:00:00,2025-03-11 10:00:00,14.1,6.0,1.5999999999999996
NH15 Crossing Fakirpara Tangni,DARRANG,26.50833333,92.11638889,2025-03-11 05:00:00,3,70,66.8,66.8,200.4,400.7999999999999,12.5,0.0,12.5,12.6,1.0,112,2025-03-11 11:00:00,2025-03-11 11:00:00,14.3,6.0,1.8000000000000007
NH15 Crossing Fakirpara Tangni,DARRANG,26.50833333,92.11638889,2025-03-11 06:00:00,3,70,66.8,66.8,200.4,400.7999999999999,12.3,-0.1999999999999993,12.433333333333332,12.6,1.0,112,2025-03-11 12:00:00,2025-03-11 12:00:00,14.3,6.0,2.0
NH15 Crossing Fakirpara Tangni,DARRANG,26.50833333,92.11638889,2025-03-11 07:00:00,3,70,66.8,66.8,200.4,400.7999999999999,12.8,0.5,12.533333333333331,12.8,1.0,112,2025-03-11 13:00:00,2025-03-11 13:00:00,14.3,6.0,1.5
NH15 Crossing Fakirpara Tangni,DARRANG,26.50833333,92.11638889,2025-03-11 08:00:00,3,70,61.2,66.8,194.8,395.2,14.2,1.3999999999999986,13.1,14.2,1.0,112,2025-03-11 14:00:00,2025-03-11 14:00:00,14.0,6.0,-0.1999999999999993
NH15 Crossing Fakirpara Tangni,DARRANG,26.50833333,92.11638889,2025-03-11 09:00:00,3,70,61.3,61.2,189.3,389.7,14.2,0.0,13.733333333333334,14.2,1.0,112,2025-03-11 15:00:00,2025-03-11 15:00:00,13.8,6.0,-0.3999999999999986
NH15 Crossing Fakirpara Tangni,DARRANG,26.50833333,92.11638889,2025-03-11 10:00:00,3,70,61.3,61.3,183.8,384.2,14.1,-0.0999999999999996,14.166666666666666,14.2,1.0,112,2025-03-11 16:00:00,2025-03-11 16:00:00,13.3,6.0,-0.7999999999999989
NH15 Crossing Fakirpara Tangni,DARRANG,26.50833333,92.11638889,2025-03-11 11:00:00,3,70,61.3,61.3,183.9,378.69999999999993,14.3,0.200000000000001,14.2,14.3,1.0,112,2025-03-11 17:00:00,2025-03-11 17:00:00,13.0,6.0,-1.3000000000000007
NH15 Crossing Fakirpara Tangni,DARRANG,26.50833333,92.11638889,2025-03-11 12:00:00,3,70,66.8,61.3,189.4,378.7,14.3,0.0,14.233333333333334,14.3,1.0,112,2025-03-11 18:00:00,2025-03-11 18:00:00,12.8,6.0,-1.5
NH15 Crossing Fakirpara Tangni,DARRANG,26.50833333,92.11638889,2025-03-11 13:00:00,3,70,66.8,66.8,194.9,378.7,14.3,0.0,14.3,14.3,1.0,112,2025-03-11 19:00:00,2025-03-11 19:00:00,12.8,6.0,-1.5
NH15 Crossing Fakirpara Tangni,DARRANG,26.50833333,92.11638889,2025-03-11 14:00:00,3,70,66.8,66.8,200.4,384.3,14.0,-0.3000000000000007,14.2,14.3,1.0,112,2025-03-11 20:00:00,2025-03-11 20:00:00,12.7,6.0,-1.3000000000000007
NH15 Crossing Fakirpara Tangni,DARRANG,26.50833333,92.11638889,2025-03-11 15:00:00,3,70,66.8,66.8,200.4,389.7999999999999,13.8,-0.1999999999999993,14.033333333333331,14.3,1.0,112,2025-03-11 21:00:00,2025-03-11 21:00:00,12.7,6.0,-1.1000000000000014
NH15 Crossing Fakirpara Tangni,DARRANG,26.50833333,92.11638889,2025-03-11 16:00:00,3,70,66.8,66.8,200.4,395.2999999999999,13.3,-0.5,13.7,14.3,1.0,112,2025-03-11 22:00:00,2025-03-11 22:00:00,12.7,6.0,-0.6000000000000014
NH15 Crossing Fakirpara Tangni,DARRANG,26.50833333,92.11638889,2025-03-11 17:00:00,3,70,66.8,66.8,200.4,400.7999999999999,13.0,-0.3000000000000007,13.366666666666667,14.3,1.0,112,2025-03-11 23:00:00,2025-03-11 23:00:00,12.7,6.0,-0.3000000000000007
NH15 Crossing Fakirpara Tangni,DARRANG,26.50833333,92.11638889,2025-03-11 18:00:00,3,70,66.8,66.8,200.4,400.7999999999999,12.8,-0.1999999999999993,13.033333333333331,14.3,1.0,112,2025-03-12 00:00:00,2025-03-12 00:00:00,11.8,6.0,-1.0
NH15 Crossing Fakirpara Tangni,DARRANG,26.50833333,92.11638889,2025-03-11 19:00:00,3,70,66.8,66.8,200.4,400.7999999999999,12.8,0.0,12.866666666666667,14.0,1.0,112,2025-03-12 01:00:00,2025-03-12 01:00:00,12.6,6.0,-0.20000000000000107
NH15 Crossing Fakirpara Tangni,DARRANG,26.50833333,92.11638889,2025-03-11 20:00:00,3,70,66.8,66.8,200.4,400.7999999999999,12.7,-0.1000000000000014,12.766666666666667,13.8,1.0,112,2025-03-12 02:00:00,2025-03-12 02:00:00,12.6,6.0,-0.09999999999999964
NH15 Crossing Fakirpara Tangni,DARRANG,26.50833333,92.11638889,2025-03-11 21:00:00,3,70,66.8,66.8,200.4,400.7999999999999,12.7,0.0,12.733333333333333,13.3,1.0,112,2025-03-12 03:00:00,2025-03-12 03:00:00,12.6,6.0,-0.09999999999999964
NH15 Crossing Fakirpara Tangni,DARRANG,26.50833333,92.11638889,2025-03-11 22:00:00,3,70,66.8,66.8,200.4,400.7999999999999,12.7,0.0,12.7,13.0,1.0,112,2025-03-12 04:00:00,2025-03-12 03:00:00,12.6,5.0,-0.09999999999999964
NH15 Crossing Fakirpara Tangni,DARRANG,26.50833333,92.11638889,2025-03-11 23:00:00,3,70,66.8,66.8,200.4,400.7999999999999,12.7,0.0,12.7,12.8,1.0,112,2025-03-12 05:00:00,2025-03-12 05:00:00,12.5,6.0,-0.1999999999999993
NH15 Crossing Fakirpara Tangni,DARRANG,26.50833333,92.11638889,2025-03-12 00:00:00,3,71,66.8,66.8,200.4,400.7999999999999,11.8,-0.8999999999999986,12.4,12.8,1.0,112,2025-03-12 06:00:00,2025-03-12 06:00:00,12.6,6.0,0.7999999999999989
NH15 Crossing Fakirpara Tangni,DARRANG,26.50833333,92.11638889,2025-03-12 01:00:00,3,71,66.8,66.8,200.4,400.7999999999999,12.6,0.7999999999999989,12.366666666666664,12.7,1.0,112,2025-03-12 07:00:00,2025-03-12 07:00:00,12.8,6.0,0.20000000000000107
NH15 Crossing Fakirpara Tangni,DARRANG,26.50833333,92.11638889,2025-03-12 02:00:00,3,71,66.8,66.8,200.4,400.7999999999999,12.6,0.0,12.333333333333334,12.7,1.0,112,2025-03-12 08:00:00,2025-03-12 08:00:00,14.5,6.0,1.9000000000000004
NH15 Crossing Fakirpara Tangni,DARRANG,26.50833333,92.11638889,2025-03-12 03:00:00,3,71,66.8,66.8,200.4,400.7999999999999,12.6,0.0,12.6,12.7,1.0,112,2025-03-12 09:00:00,2025-03-12 09:00:00,13.7,6.0,1.0999999999999996
NH15 Crossing Fakirpara Tangni,DARRANG,26.50833333,92.11638889,2025-03-12 05:00:00,3,71,61.3,66.8,194.9,395.2999999999999,12.5,-0.0999999999999996,12.566666666666668,12.7,2.0,112,2025-03-12 11:00:00,2025-03-12 11:00:00,14.1,6.0,1.5999999999999996
NH15 Crossing Fakirpara Tangni,DARRANG,26.50833333,92.11638889,2025-03-12 06:00:00,3,71,61.3,61.3,189.4,389.8,12.6,0.0999999999999996,12.566666666666665,12.6,1.0,112,2025-03-12 12:00:00,2025-03-12 12:00:00,14.3,6.0,1.700000000000001
NH15 Crossing Fakirpara Tangni,DARRANG,26.50833333,92.11638889,2025-03-12 07:00:00,3,71,66.8,61.3,189.4,389.8,12.8,0.200000000000001,12.633333333333333,12.8,1.0,112,2025-03-12 13:00:00,2025-03-12 13:00:00,14.3,6.0,1.5
NH15 Crossing Fakirpara Tangni,DARRANG,26.50833333,92.11638889,2025-03-12 08:00:00,3,71,61.3,66.8,189.4,384.2999999999999,14.5,1.6999999999999993,13.3,14.5,1.0,112,2025-03-12 14:00:00,2025-03-12 13:00:00,14.3,5.0,-0.1999999999999993
NH15 Crossing Fakirpara Tangni,DARRANG,26.50833333,92.11638889,2025-03-12 09:00:00,3,71,66.8,61.3,194.9,384.2999999999999,13.7,-0.8000000000000007,13.666666666666666,14.5,1.0,112,2025-03-12 15:00:00,2025-03-12 15:00:00,13.6,6.0,-0.09999999999999964
NH15 Crossing Fakirpara Tangni,DARRANG,26.50833333,92.11638889,2025-03-12 10:00:00,3,71,66.8,66.8,194.9,384.3,13.8,0.1000000000000014,14.0,14.5,1.0,112,2025-03-12 16:00:00,2025-03-12 16:00:00,13.6,6.0,-0.20000000000000107
NH15 Crossing Fakirpara Tangni,DARRANG,26.50833333,92.11638889,2025-03-12 11:00:00,3,71,66.8,66.8,200.4,389.8,14.1,0.2999999999999989,13.866666666666667,14.5,1.0,112,2025-03-12 17:00:00,2025-03-12 17:00:00,13.2,6.0,-0.9000000000000004
NH15 Crossing Fakirpara Tangni,DARRANG,26.50833333,92.11638889,2025-03-12 12:00:00,3,71,66.8,66.8,200.4,395.2999999999999,14.3,0.200000000000001,14.066666666666668,14.5,1.0,112,2025-03-12 18:00:00,2025-03-12 18:00:00,12.8,6.0,-1.5
NH15 Crossing Fakirpara Tangni,DARRANG,26.50833333,92.11638889,2025-03-12 13:00:00,3,71,66.8,66.8,200.4,395.2999999999999,14.3,0.0,14.233333333333334,14.5,1.0,112,2025-03-12 19:00:00,2025-03-12 19:00:00,12.8,6.0,-1.5
NH15 Crossing Fakirpara Tangni,DARRANG,26.50833333,92.11638889,2025-03-12 15:00:00,3,71,66.8,66.8,200.4,400.7999999999999,13.6,-0.7000000000000011,14.066666666666668,14.3,2.0,112,2025-03-12 21:00:00,2025-03-12 21:00:00,12.7,6.0,-0.9000000000000004
NH15 Crossing Fakirpara Tangni,DARRANG,26.50833333,92.11638889,2025-03-12 16:00:00,3,71,66.8,66.8,200.4,400.7999999999999,13.6,0.0,13.833333333333334,14.3,1.0,112,2025-03-12 22:00:00,2025-03-12 22:00:00,12.7,6.0,-0.9000000000000004
NH15 Crossing Fakirpara Tangni,DARRANG,26.50833333,92.11638889,2025-03-12 17:00:00,3,71,66.8,66.8,200.4,400.7999999999999,13.2,-0.4000000000000003,13.466666666666669,14.3,1.0,112,2025-03-12 23:00:00,2025-03-12 23:00:00,12.7,6.0,-0.5
NH15 Crossing Fakirpara Tangni,DARRANG,26.50833333,92.11638889,2025-03-12 18:00:00,3,71,66.8,66.8,200.4,400.7999999999999,12.8,-0.3999999999999986,13.199999999999998,14.3,1.0,112,2025-03-13 00:00:00,2025-03-13 00:00:00,12.7,6.0,-0.10000000000000142
NH15 Crossing Fakirpara Tangni,DARRANG,26.50833333,92.11638889,2025-03-12 19:00:00,3,71,66.8,66.8,200.4,400.7999999999999,12.8,0.0,12.933333333333332,14.3,1.0,112,2025-03-13 01:00:00,2025-03-13 00:00:00,12.7,5.0,-0.10000000000000142
NH15 Crossing Fakirpara Tangni,DARRANG,26.50833333,92.11638889,2025-03-12 20:00:00,3,71,66.8,66.8,200.4,400.7999999999999,12.7,-0.1000000000000014,12.766666666666666,13.6,1.0,112,2025-03-13 02:00:00,2025-03-13 02:00:00,12.6,6.0,-0.09999999999999964
NH15 Crossing Fakirpara Tangni,DARRANG,26.50833333,92.11638889,2025-03-12 21:00:00,3,71,66.8,66.8,200.4,400.7999999999999,12.7,0.0,12.733333333333334,13.6,1.0,112,2025-03-13 03:00:00,2025-03-13 03:00:00,12.6,6.0,-0.09999999999999964
NH15 Crossing Fakirpara Tangni,DARRANG,26.50833333,92.11638889,2025-03-12 22:00:00,3,71,66.8,66.8,200.4,400.7999999999999,12.7,0.0,12.7,13.2,1.0,112,2025-03-13 04:00:00,2025-03-13 04:00:00,12.6,6.0,-0.09999999999999964
NH15 Crossing Fakirpara Tangni,DARRANG,26.50833333,92.11638889,2025-03-12 23:00:00,3,71,66.8,66.8,200.4,400.7999999999999,12.7,0.0,12.7,12.8,1.0,112,2025-03-13 05:00:00,2025-03-13 05:00:00,12.6,6.0,-0.09999999999999964
NH15 Crossing Fakirpara Tangni,DARRANG,26.50833333,92.11638889,2025-03-13 00:00:00,3,72,66.8,66.8,200.4,400.7999999999999,12.7,0.0,12.7,12.8,1.0,112,2025-03-13 06:00:00,2025-03-13 06:00:00,12.6,6.0,-0.09999999999999964
NH15 Crossing Fakirpara Tangni,DARRANG,26.50833333,92.11638889,2025-03-13 02:00:00,3,72,66.8,66.8,200.4,400.7999999999999,12.6,-0.0999999999999996,12.666666666666666,12.7,2.0,112,2025-03-13 08:00:00,2025-03-13 08:00:00,14.4,6.0,1.8000000000000007
NH15 Crossing Fakirpara Tangni,DARRANG,26.50833333,92.11638889,2025-03-13 03:00:00,3,72,66.8,66.8,200.4,400.7999999999999,12.6,0.0,12.633333333333333,12.7,1.0,112,2025-03-13 09:00:00,2025-03-13 09:00:00,13.9,6.0,1.3000000000000007
NH15 Crossing Fakirpara Tangni,DARRANG,26.50833333,92.11638889,2025-03-13 04:00:00,3,72,66.8,66.8,200.4,400.7999999999999,12.6,0.0,12.6,12.7,1.0,112,2025-03-13 10:00:00,2025-03-13 09:00:00,13.9,5.0,1.3000000000000007
NH15 Crossing Fakirpara Tangni,DARRANG,26.50833333,92.11638889,2025-03-13 05:00:00,3,72,66.8,66.8,200.4,400.7999999999999,12.6,0.0,12.6,12.7,1.0,112,2025-03-13 11:00:00,2025-03-13 11:00:00,14.5,6.0,1.9000000000000004
NH15 Crossing Fakirpara Tangni,DARRANG,26.50833333,92.11638889,2025-03-13 06:00:00,3,72,66.8,66.8,200.4,400.7999999999999,12.6,0.0,12.6,12.7,1.0,112,2025-03-13 12:00:00,2025-03-13 12:00:00,14.4,6.0,1.8000000000000007
NH15 Crossing Fakirpara Tangni,DARRANG,26.50833333,92.11638889,2025-03-13 08:00:00,3,72,66.8,66.8,200.4,400.7999999999999,14.4,1.8000000000000007,13.199999999999998,14.4,2.0,112,2025-03-13 14:00:00,2025-03-13 14:00:00,14.1,6.0,-0.3000000000000007
NH15 Crossing Fakirpara Tangni,DARRANG,26.50833333,92.11638889,2025-03-13 09:00:00,3,72,66.8,66.8,200.4,400.7999999999999,13.9,-0.5,13.633333333333333,14.4,1.0,112,2025-03-13 15:00:00,2025-03-13 15:00:00,14.2,6.0,0.29999999999999893
NH15 Crossing Fakirpara Tangni,DARRANG,26.50833333,92.11638889,2025-03-13 11:00:00,3,72,66.8,66.8,200.4,400.7999999999999,14.5,0.5999999999999996,14.266666666666666,14.5,2.0,112,2025-03-13 17:00:00,2025-03-13 17:00:00,13.2,6.0,-1.3000000000000007
NH15 Crossing Fakirpara Tangni,DARRANG,26.50833333,92.11638889,2025-03-13 12:00:00,3,72,66.8,66.8,200.4,400.7999999999999,14.4,-0.0999999999999996,14.266666666666666,14.5,1.0,112,2025-03-13 18:00:00,2025-03-13 18:00:00,12.7,6.0,-1.700000000000001
NH15 Crossing Fakirpara Tangni,DARRANG,26.50833333,92.11638889,2025-03-13 13:00:00,3,72,66.8,66.8,200.4,400.7999999999999,14.1,-0.3000000000000007,14.333333333333334,14.5,1.0,112,2025-03-13 19:00:00,2025-03-13 19:00:00,12.7,6.0,-1.4000000000000004
NH15 Crossing Fakirpara Tangni,DARRANG,26.50833333,92.11638889,2025-03-13 14:00:00,3,72,66.8,66.8,200.4,400.7999999999999,14.1,0.0,14.2,14.5,1.0,112,2025-03-13 20:00:00,2025-03-13 20:00:00,12.7,6.0,-1.4000000000000004
NH15 Crossing Fakirpara Tangni,DARRANG,26.50833333,92.11638889,2025-03-13 15:00:00,3,72,66.8,66.8,200.4,400.7999999999999,14.2,0.0999999999999996,14.133333333333333,14.5,1.0,112,2025-03-13 21:00:00,2025-03-13 21:00:00,12.7,6.0,-1.5
NH15 Crossing Fakirpara Tangni,DARRANG,26.50833333,92.11638889,2025-03-13 16:00:00,3,72,66.8,66.8,200.4,400.7999999999999,14.0,-0.1999999999999993,14.1,14.5,1.0,112,2025-03-13 22:00:00,2025-03-13 22:00:00,12.7,6.0,-1.3000000000000007
NH15 Crossing Fakirpara Tangni,DARRANG,26.50833333,92.11638889,2025-03-13 17:00:00,3,72,66.8,66.8,200.4,400.7999999999999,13.2,-0.8000000000000007,13.8,14.4,1.0,112,2025-03-13 23:00:00,2025-03-13 23:00:00,12.7,6.0,-0.5
NH15 Crossing Fakirpara Tangni,DARRANG,26.50833333,92.11638889,2025-03-13 18:00:00,3,72,66.8,66.8,200.4,400.7999999999999,12.7,-0.5,13.3,14.2,1.0,112,2025-03-14 00:00:00,2025-03-14 00:00:00,12.7,6.0,0.0
NH15 Crossing Fakirpara Tangni,DARRANG,26.50833333,92.11638889,2025-03-13 19:00:00,3,72,66.8,66.8,200.4,400.7999999999999,12.7,0.0,12.866666666666664,14.2,1.0,112,2025-03-14 01:00:00,2025-03-14 01:00:00,12.7,6.0,0.0
NH15 Crossing Fakirpara Tangni,DARRANG,26.50833333,92.11638889,2025-03-13 20:00:00,3,72,66.8,66.8,200.4,400.7999999999999,12.7,0.0,12.7,14.2,1.0,112,2025-03-14 02:00:00,2025-03-14 02:00:00,12.6,6.0,-0.09999999999999964
NH15 Crossing Fakirpara Tangni,DARRANG,26.50833333,92.11638889,2025-03-13 21:00:00,3,72,66.8,66.8,200.4,400.7999999999999,12.7,0.0,12.7,14.0,1.0,112,2025-03-14 03:00:00,2025-03-14 03:00:00,12.6,6.0,-0.09999999999999964
NH15 Crossing Fakirpara Tangni,DARRANG,26.50833333,92.11638889,2025-03-13 22:00:00,3,72,66.8,66.8,200.4,400.7999999999999,12.7,0.0,12.7,13.2,1.0,112,2025-03-14 04:00:00,2025-03-14 04:00:00,12.6,6.0,-0.09999999999999964
NH15 Crossing Fakirpara Tangni,DARRANG,26.50833333,92.11638889,2025-03-13 23:00:00,3,72,66.8,66.8,200.4,400.7999999999999,12.7,0.0,12.7,12.7,1.0,112,2025-03-14 05:00:00,2025-03-14 05:00:00,12.6,6.0,-0.09999999999999964
NH15 Crossing Fakirpara Tangni,DARRANG,26.50833333,92.11638889,2025-03-14 00:00:00,3,73,66.8,66.8,200.4,400.7999999999999,12.7,0.0,12.7,12.7,1.0,112,2025-03-14 06:00:00,2025-03-14 06:00:00,12.6,6.0,-0.09999999999999964
NH15 Crossing Fakirpara Tangni,DARRANG,26.50833333,92.11638889,2025-03-14 01:00:00,3,73,66.8,66.8,200.4,400.7999999999999,12.7,0.0,12.7,12.7,1.0,112,2025-03-14 07:00:00,2025-03-14 06:00:00,12.6,5.0,-0.09999999999999964
NH15 Crossing Fakirpara Tangni,DARRANG,26.50833333,92.11638889,2025-03-14 02:00:00,3,73,66.8,66.8,200.4,400.7999999999999,12.6,-0.0999999999999996,12.666666666666666,12.7,1.0,112,2025-03-14 08:00:00,2025-03-14 08:00:00,13.4,6.0,0.8000000000000007
NH15 Crossing Fakirpara Tangni,DARRANG,26.50833333,92.11638889,2025-03-14 03:00:00,3,73,66.8,66.8,200.4,400.7999999999999,12.6,0.0,12.633333333333333,12.7,1.0,112,2025-03-14 09:00:00,2025-03-14 09:00:00,14.6,6.0,2.0
NH15 Crossing Fakirpara Tangni,DARRANG,26.50833333,92.11638889,2025-03-14 04:00:00,3,73,66.8,66.8,200.4,400.7999999999999,12.6,0.0,12.6,12.7,1.0,112,2025-03-14 10:00:00,2025-03-14 10:00:00,14.5,6.0,1.9000000000000004
NH15 Crossing Fakirpara Tangni,DARRANG,26.50833333,92.11638889,2025-03-14 05:00:00,3,73,66.8,66.8,200.4,400.7999999999999,12.6,0.0,12.6,12.7,1.0,112,2025-03-14 11:00:00,2025-03-14 11:00:00,14.2,6.0,1.5999999999999996
NH15 Crossing Fakirpara Tangni,DARRANG,26.50833333,92.11638889,2025-03-14 06:00:00,3,73,66.8,66.8,200.4,400.7999999999999,12.6,0.0,12.6,12.7,1.0,112,2025-03-14 12:00:00,2025-03-14 12:00:00,14.2,6.0,1.5999999999999996
NH15 Crossing Fakirpara Tangni,DARRANG,26.50833333,92.11638889,2025-03-14 08:00:00,3,73,66.8,66.8,200.4,400.7999999999999,13.4,0.8000000000000007,12.866666666666664,13.4,2.0,112,2025-03-14 14:00:00,2025-03-14 12:00:00,14.2,4.0,0.7999999999999989
NH15 Crossing Fakirpara Tangni,DARRANG,26.50833333,92.11638889,2025-03-15 07:00:00,3,74,66.8,66.8,200.4,400.7999999999999,13.0,-1.1999999999999993,13.8,14.6,19.0,113,2025-03-15 13:00:00,2025-03-15 13:00:00,14.2,6.0,1.1999999999999993
NH15 Crossing Fakirpara Tangni,DARRANG,26.50833333,92.11638889,2025-03-15 08:00:00,3,74,66.8,66.8,200.4,400.7999999999999,14.0,1.0,13.733333333333334,14.6,1.0,113,2025-03-15 14:00:00,2025-03-15 13:00:00,14.2,5.0,0.1999999999999993
NH15 Crossing Fakirpara Tangni,DARRANG,26.50833333,92.11638889,2025-03-15 09:00:00,3,74,66.8,66.8,200.4,400.7999999999999,14.4,0.4000000000000003,13.8,14.5,1.0,113,2025-03-15 15:00:00,2025-03-15 15:00:00,14.0,6.0,-0.40000000000000036
NH15 Crossing Fakirpara Tangni,DARRANG,26.50833333,92.11638889,2025-03-15 10:00:00,3,74,66.8,66.8,200.4,400.7999999999999,14.4,0.0,14.266666666666666,14.4,1.0,113,2025-03-15 16:00:00,2025-03-15 16:00:00,14.1,6.0,-0.3000000000000007
NH15 Crossing Fakirpara Tangni,DARRANG,26.50833333,92.11638889,2025-03-15 11:00:00,3,74,66.8,66.8,200.4,400.7999999999999,14.3,-0.0999999999999996,14.366666666666667,14.4,1.0,113,2025-03-15 17:00:00,2025-03-15 17:00:00,13.5,6.0,-0.8000000000000007
NH15 Crossing Fakirpara Tangni,DARRANG,26.50833333,92.11638889,2025-03-15 12:00:00,3,74,66.8,66.8,200.4,400.7999999999999,14.2,-0.1000000000000014,14.3,14.4,1.0,113,2025-03-15 18:00:00,2025-03-15 18:00:00,12.7,6.0,-1.5
NH15 Crossing Fakirpara Tangni,DARRANG,26.50833333,92.11638889,2025-03-15 13:00:00,3,74,66.8,66.8,200.4,400.7999999999999,14.2,0.0,14.233333333333334,14.4,1.0,113,2025-03-15 19:00:00,2025-03-15 19:00:00,12.7,6.0,-1.5
NH15 Crossing Fakirpara Tangni,DARRANG,26.50833333,92.11638889,2025-03-15 15:00:00,3,74,66.8,66.8,200.4,400.7999999999999,14.0,-0.1999999999999993,14.133333333333333,14.4,2.0,113,2025-03-15 21:00:00,2025-03-15 21:00:00,12.7,6.0,-1.3000000000000007
NH15 Crossing Fakirpara Tangni,DARRANG,26.50833333,92.11638889,2025-03-15 16:00:00,3,74,66.8,66.8,200.4,400.7999999999999,14.1,0.0999999999999996,14.1,14.4,1.0,113,2025-03-15 22:00:00,2025-03-15 22:00:00,12.7,6.0,-1.4000000000000004
NH15 Crossing Fakirpara Tangni,DARRANG,26.50833333,92.11638889,2025-03-15 17:00:00,3,74,66.8,66.8,200.4,400.7999999999999,13.5,-0.5999999999999996,13.866666666666664,14.3,1.0,113,2025-03-15 23:00:00,2025-03-15 23:00:00,12.7,6.0,-0.8000000000000007
NH15 Crossing Fakirpara Tangni,DARRANG,26.50833333,92.11638889,2025-03-15 18:00:00,3,74,66.8,66.8,200.4,400.7999999999999,12.7,-0.8000000000000007,13.433333333333332,14.2,1.0,113,2025-03-16 00:00:00,2025-03-16 00:00:00,12.2,6.0,-0.5
NH15 Crossing Fakirpara Tangni,DARRANG,26.50833333,92.11638889,2025-03-15 19:00:00,3,74,66.8,66.8,200.4,400.7999999999999,12.7,0.0,12.966666666666669,14.2,1.0,113,2025-03-16 01:00:00,2025-03-16 01:00:00,12.6,6.0,-0.09999999999999964
NH15 Crossing Fakirpara Tangni,DARRANG,26.50833333,92.11638889,2025-03-15 20:00:00,3,74,66.8,66.8,200.4,400.7999999999999,12.7,0.0,12.7,14.1,1.0,113,2025-03-16 02:00:00,2025-03-16 02:00:00,12.6,6.0,-0.09999999999999964
NH15 Crossing Fakirpara Tangni,DARRANG,26.50833333,92.11638889,2025-03-15 21:00:00,3,74,66.8,66.8,200.4,400.7999999999999,12.7,0.0,12.7,14.1,1.0,113,2025-03-16 03:00:00,2025-03-16 03:00:00,12.6,6.0,-0.09999999999999964
NH15 Crossing Fakirpara Tangni,DARRANG,26.50833333,92.11638889,2025-03-15 22:00:00,3,74,66.8,66.8,200.4,400.7999999999999,12.7,0.0,12.7,13.5,1.0,113,2025-03-16 04:00:00,2025-03-16 04:00:00,12.6,6.0,-0.09999999999999964
NH15 Crossing Fakirpara Tangni,DARRANG,26.50833333,92.11638889,2025-03-15 23:00:00,3,74,66.8,66.8,200.4,400.7999999999999,12.7,0.0,12.7,12.7,1.0,113,2025-03-16 05:00:00,2025-03-16 05:00:00,12.2,6.0,-0.5
NH15 Crossing Fakirpara Tangni,DARRANG,26.50833333,92.11638889,2025-03-16 00:00:00,3,75,66.8,66.8,200.4,400.7999999999999,12.2,-0.5,12.533333333333331,12.7,1.0,113,2025-03-16 06:00:00,2025-03-16 06:00:00,12.6,6.0,0.40000000000000036
NH15 Crossing Fakirpara Tangni,DARRANG,26.50833333,92.11638889,2025-03-16 01:00:00,3,75,66.8,66.8,200.4,400.7999999999999,12.6,0.4000000000000003,12.5,12.7,1.0,113,2025-03-16 07:00:00,2025-03-16 07:00:00,13.5,6.0,0.9000000000000004
NH15 Crossing Fakirpara Tangni,DARRANG,26.50833333,92.11638889,2025-03-16 02:00:00,3,75,66.8,66.8,200.4,400.7999999999999,12.6,0.0,12.466666666666669,12.7,1.0,113,2025-03-16 08:00:00,2025-03-16 08:00:00,13.6,6.0,1.0
NH15 Crossing Fakirpara Tangni,DARRANG,26.50833333,92.11638889,2025-03-16 03:00:00,3,75,66.8,66.8,200.4,400.7999999999999,12.6,0.0,12.6,12.7,1.0,113,2025-03-16 09:00:00,2025-03-16 09:00:00,14.2,6.0,1.5999999999999996
NH15 Crossing Fakirpara Tangni,DARRANG,26.50833333,92.11638889,2025-03-16 04:00:00,3,75,66.8,66.8,200.4,400.7999999999999,12.6,0.0,12.6,12.7,1.0,113,2025-03-16 10:00:00,2025-03-16 10:00:00,14.2,6.0,1.5999999999999996
NH15 Crossing Fakirpara Tangni,DARRANG,26.50833333,92.11638889,2025-03-16 05:00:00,3,75,66.8,66.8,200.4,400.7999999999999,12.2,-0.4000000000000003,12.466666666666669,12.6,1.0,113,2025-03-16 11:00:00,2025-03-16 11:00:00,14.3,6.0,2.1000000000000014
NH15 Crossing Fakirpara Tangni,DARRANG,26.50833333,92.11638889,2025-03-16 06:00:00,3,75,66.8,66.8,200.4,400.7999999999999,12.6,0.4000000000000003,12.466666666666669,12.6,1.0,113,2025-03-16 12:00:00,2025-03-16 12:00:00,14.3,6.0,1.700000000000001
NH15 Crossing Fakirpara Tangni,DARRANG,26.50833333,92.11638889,2025-03-16 07:00:00,3,75,66.8,66.8,200.4,400.7999999999999,13.5,0.9000000000000004,12.766666666666666,13.5,1.0,113,2025-03-16 13:00:00,2025-03-16 13:00:00,14.2,6.0,0.6999999999999993
NH15 Crossing Fakirpara Tangni,DARRANG,26.50833333,92.11638889,2025-03-16 08:00:00,3,75,66.8,66.8,200.4,400.7999999999999,13.6,0.0999999999999996,13.233333333333334,13.6,1.0,113,2025-03-16 14:00:00,2025-03-16 14:00:00,14.1,6.0,0.5
NH15 Crossing Fakirpara Tangni,DARRANG,26.50833333,92.11638889,2025-03-16 09:00:00,3,75,66.8,66.8,200.4,400.7999999999999,14.2,0.5999999999999996,13.766666666666666,14.2,1.0,113,2025-03-16 15:00:00,2025-03-16 15:00:00,13.8,6.0,-0.3999999999999986
NH15 Crossing Fakirpara Tangni,DARRANG,26.50833333,92.11638889,2025-03-16 10:00:00,3,75,66.8,66.8,200.4,400.7999999999999,14.2,0.0,14.0,14.2,1.0,113,2025-03-16 16:00:00,2025-03-16 16:00:00,13.8,6.0,-0.3999999999999986
NH15 Crossing Fakirpara Tangni,DARRANG,26.50833333,92.11638889,2025-03-16 11:00:00,3,75,66.8,66.8,200.4,400.7999999999999,14.3,0.1000000000000014,14.233333333333334,14.3,1.0,113,2025-03-16 17:00:00,2025-03-16 17:00:00,13.3,6.0,-1.0
NH15 Crossing Fakirpara Tangni,DARRANG,26.50833333,92.11638889,2025-03-16 12:00:00,3,75,66.8,66.8,200.4,400.7999999999999,14.3,0.0,14.266666666666666,14.3,1.0,113,2025-03-16 18:00:00,2025-03-16 18:00:00,12.8,6.0,-1.5
NH15 Crossing Fakirpara Tangni,DARRANG,26.50833333,92.11638889,2025-03-16 13:00:00,3,75,66.8,66.8,200.4,400.7999999999999,14.2,-0.1000000000000014,14.266666666666666,14.3,1.0,113,2025-03-16 19:00:00,2025-03-16 19:00:00,12.7,6.0,-1.5
NH15 Crossing Fakirpara Tangni,DARRANG,26.50833333,92.11638889,2025-03-16 14:00:00,3,75,66.8,66.8,200.4,400.7999999999999,14.1,-0.0999999999999996,14.2,14.3,1.0,113,2025-03-16 20:00:00,2025-03-16 20:00:00,12.7,6.0,-1.4000000000000004
NH15 Crossing Fakirpara Tangni,DARRANG,26.50833333,92.11638889,2025-03-16 15:00:00,3,75,66.8,66.8,200.4,400.7999999999999,13.8,-0.2999999999999989,14.033333333333331,14.3,1.0,113,2025-03-16 21:00:00,2025-03-16 21:00:00,12.7,6.0,-1.1000000000000014
NH15 Crossing Fakirpara Tangni,DARRANG,26.50833333,92.11638889,2025-03-16 16:00:00,3,75,66.8,66.8,200.4,400.7999999999999,13.8,0.0,13.9,14.3,1.0,113,2025-03-16 22:00:00,2025-03-16 22:00:00,12.7,6.0,-1.1000000000000014
NH15 Crossing Fakirpara Tangni,DARRANG,26.50833333,92.11638889,2025-03-16 17:00:00,3,75,66.8,66.8,200.4,400.7999999999999,13.3,-0.5,13.633333333333333,14.3,1.0,113,2025-03-16 23:00:00,2025-03-16 23:00:00,12.7,6.0,-0.6000000000000014
NH15 Crossing Fakirpara Tangni,DARRANG,26.50833333,92.11638889,2025-03-16 18:00:00,3,75,66.8,66.8,200.4,400.7999999999999,12.8,-0.5,13.300000000000002,14.2,1.0,113,2025-03-17 00:00:00,2025-03-17 00:00:00,12.7,6.0,-0.10000000000000142
NH15 Crossing Fakirpara Tangni,DARRANG,26.50833333,92.11638889,2025-03-16 19:00:00,3,75,66.8,66.8,200.4,400.7999999999999,12.7,-0.1000000000000014,12.933333333333332,14.1,1.0,113,2025-03-17 01:00:00,2025-03-17 01:00:00,12.7,6.0,0.0
NH15 Crossing Fakirpara Tangni,DARRANG,26.50833333,92.11638889,2025-03-16 20:00:00,3,75,66.8,66.8,200.4,400.7999999999999,12.7,0.0,12.733333333333334,13.8,1.0,113,2025-03-17 02:00:00,2025-03-17 02:00:00,12.6,6.0,-0.09999999999999964
NH15 Crossing Fakirpara Tangni,DARRANG,26.50833333,92.11638889,2025-03-16 21:00:00,3,75,66.8,66.8,200.4,400.7999999999999,12.7,0.0,12.7,13.8,1.0,113,2025-03-17 03:00:00,2025-03-17 03:00:00,12.6,6.0,-0.09999999999999964
NH15 Crossing Fakirpara Tangni,DARRANG,26.50833333,92.11638889,2025-03-16 22:00:00,3,75,66.8,66.8,200.4,400.7999999999999,12.7,0.0,12.7,13.3,1.0,113,2025-03-17 04:00:00,2025-03-17 04:00:00,12.6,6.0,-0.09999999999999964
NH15 Crossing Fakirpara Tangni,DARRANG,26.50833333,92.11638889,2025-03-16 23:00:00,3,75,66.8,66.8,200.4,400.7999999999999,12.7,0.0,12.7,12.8,1.0,113,2025-03-17 05:00:00,2025-03-17 05:00:00,12.5,6.0,-0.1999999999999993
NH15 Crossing Fakirpara Tangni,DARRANG,26.50833333,92.11638889,2025-03-17 00:00:00,3,76,66.8,66.8,200.4,400.7999999999999,12.7,0.0,12.7,12.7,1.0,113,2025-03-17 06:00:00,2025-03-17 06:00:00,12.6,6.0,-0.09999999999999964
NH15 Crossing Fakirpara Tangni,DARRANG,26.50833333,92.11638889,2025-03-17 01:00:00,3,76,66.8,66.8,200.4,400.7999999999999,12.7,0.0,12.7,12.7,1.0,113,2025-03-17 07:00:00,2025-03-17 07:00:00,12.9,6.0,0.20000000000000107
NH15 Crossing Fakirpara Tangni,DARRANG,26.50833333,92.11638889,2025-03-17 02:00:00,3,76,66.8,66.8,200.4,400.7999999999999,12.6,-0.0999999999999996,12.666666666666666,12.7,1.0,113,2025-03-17 08:00:00,2025-03-17 08:00:00,13.7,6.0,1.0999999999999996
NH15 Crossing Fakirpara Tangni,DARRANG,26.50833333,92.11638889,2025-03-17 03:00:00,3,76,66.8,66.8,200.4,400.7999999999999,12.6,0.0,12.633333333333333,12.7,1.0,113,2025-03-17 09:00:00,2025-03-17 09:00:00,14.2,6.0,1.5999999999999996
NH15 Crossing Fakirpara Tangni,DARRANG,26.50833333,92.11638889,2025-03-17 04:00:00,3,76,66.8,66.8,200.4,400.7999999999999,12.6,0.0,12.6,12.7,1.0,113,2025-03-17 10:00:00,2025-03-17 10:00:00,14.3,6.0,1.700000000000001
NH15 Crossing Fakirpara Tangni,DARRANG,26.50833333,92.11638889,2025-03-17 05:00:00,3,76,66.8,66.8,200.4,400.7999999999999,12.5,-0.0999999999999996,12.566666666666668,12.7,1.0,113,2025-03-17 11:00:00,2025-03-17 11:00:00,14.3,6.0,1.8000000000000007
NH15 Crossing Fakirpara Tangni,DARRANG,26.50833333,92.11638889,2025-03-17 06:00:00,3,76,66.8,66.8,200.4,400.7999999999999,12.6,0.0999999999999996,12.566666666666665,12.7,1.0,113,2025-03-17 12:00:00,2025-03-17 12:00:00,14.1,6.0,1.5
NH15 Crossing Fakirpara Tangni,DARRANG,26.50833333,92.11638889,2025-03-17 07:00:00,3,76,66.8,66.8,200.4,400.7999999999999,12.9,0.3000000000000007,12.666666666666666,12.9,1.0,113,2025-03-17 13:00:00,2025-03-17 13:00:00,14.1,6.0,1.1999999999999993
NH15 Crossing Fakirpara Tangni,DARRANG,26.50833333,92.11638889,2025-03-17 08:00:00,3,76,66.8,66.8,200.4,400.7999999999999,13.7,0.7999999999999989,13.066666666666668,13.7,1.0,113,2025-03-17 14:00:00,2025-03-17 14:00:00,14.1,6.0,0.40000000000000036
NH15 Crossing Fakirpara Tangni,DARRANG,26.50833333,92.11638889,2025-03-17 09:00:00,3,76,66.8,66.8,200.4,400.7999999999999,14.2,0.5,13.6,14.2,1.0,113,2025-03-17 15:00:00,2025-03-17 15:00:00,13.9,6.0,-0.29999999999999893
NH15 Crossing Fakirpara Tangni,DARRANG,26.50833333,92.11638889,2025-03-17 10:00:00,3,76,66.8,66.8,200.4,400.7999999999999,14.3,0.1000000000000014,14.066666666666668,14.3,1.0,113,2025-03-17 16:00:00,2025-03-17 15:00:00,13.9,5.0,-0.40000000000000036
NH15 Crossing Fakirpara Tangni,DARRANG,26.50833333,92.11638889,2025-03-17 11:00:00,3,76,66.8,66.8,200.4,400.7999999999999,14.3,0.0,14.266666666666666,14.3,1.0,113,2025-03-17 17:00:00,2025-03-17 17:00:00,13.3,6.0,-1.0
NH15 Crossing Fakirpara Tangni,DARRANG,26.50833333,92.11638889,2025-03-17 12:00:00,3,76,66.8,66.8,200.4,400.7999999999999,14.1,-0.200000000000001,14.233333333333334,14.3,1.0,113,2025-03-17 18:00:00,2025-03-17 18:00:00,12.8,6.0,-1.299999999999999
NH15 Crossing Fakirpara Tangni,DARRANG,26.50833333,92.11638889,2025-03-17 13:00:00,3,76,66.8,66.8,200.4,400.7999999999999,14.1,0.0,14.166666666666666,14.3,1.0,113,2025-03-17 19:00:00,2025-03-17 19:00:00,12.8,6.0,-1.299999999999999
NH15 Crossing Fakirpara Tangni,DARRANG,26.50833333,92.11638889,2025-03-17 14:00:00,3,76,66.8,66.8,200.4,400.7999999999999,14.1,0.0,14.1,14.3,1.0,113,2025-03-17 20:00:00,2025-03-17 20:00:00,12.8,6.0,-1.299999999999999
NH15 Crossing Fakirpara Tangni,DARRANG,26.50833333,92.11638889,2025-03-17 15:00:00,3,76,66.8,66.8,200.4,400.7999999999999,13.9,-0.1999999999999993,14.033333333333331,14.3,1.0,113,2025-03-17 21:00:00,2025-03-17 21:00:00,12.7,6.0,-1.200000000000001
NH15 Crossing Fakirpara Tangni,DARRANG,26.50833333,92.11638889,2025-03-17 17:00:00,3,76,66.8,66.8,200.4,400.7999999999999,13.3,-0.5999999999999996,13.766666666666666,14.3,2.0,113,2025-03-17 23:00:00,2025-03-17 23:00:00,12.7,6.0,-0.6000000000000014
NH15 Crossing Fakirpara Tangni,DARRANG,26.50833333,92.11638889,2025-03-17 18:00:00,3,76,66.8,66.8,200.4,400.7999999999999,12.8,-0.5,13.333333333333334,14.1,1.0,113,2025-03-18 00:00:00,2025-03-18 00:00:00,12.7,6.0,-0.10000000000000142
NH15 Crossing Fakirpara Tangni,DARRANG,26.50833333,92.11638889,2025-03-17 19:00:00,3,76,66.8,66.8,200.4,400.7999999999999,12.8,0.0,12.966666666666669,14.1,1.0,113,2025-03-18 01:00:00,2025-03-18 01:00:00,12.7,6.0,-0.10000000000000142
NH15 Crossing Fakirpara Tangni,DARRANG,26.50833333,92.11638889,2025-03-17 20:00:00,3,76,66.8,66.8,200.4,400.7999999999999,12.8,0.0,12.8,14.1,1.0,113,2025-03-18 02:00:00,2025-03-18 02:00:00,12.7,6.0,-0.10000000000000142
NH15 Crossing Fakirpara Tangni,DARRANG,26.50833333,92.11638889,2025-03-17 21:00:00,3,76,66.8,66.8,200.4,400.7999999999999,12.7,-0.1000000000000014,12.766666666666666,13.9,1.0,113,2025-03-18 03:00:00,2025-03-18 03:00:00,12.6,6.0,-0.09999999999999964
NH15 Crossing Fakirpara Tangni,DARRANG,26.50833333,92.11638889,2025-03-17 22:00:00,3,76,66.8,66.8,200.4,400.7999999999999,12.7,0.0,12.733333333333334,13.3,1.0,113,2025-03-18 04:00:00,2025-03-18 04:00:00,12.6,6.0,-0.09999999999999964
NH15 Crossing Fakirpara Tangni,DARRANG,26.50833333,92.11638889,2025-03-17 23:00:00,3,76,66.8,66.8,200.4,400.7999999999999,12.7,0.0,12.7,12.8,1.0,113,2025-03-18 05:00:00,2025-03-18 05:00:00,12.6,6.0,-0.09999999999999964
NH15 Crossing Fakirpara Tangni,DARRANG,26.50833333,92.11638889,2025-03-18 00:00:00,3,77,66.8,66.8,200.4,400.7999999999999,12.7,0.0,12.7,12.8,1.0,113,2025-03-18 06:00:00,2025-03-18 06:00:00,12.6,6.0,-0.09999999999999964
NH15 Crossing Fakirpara Tangni,DARRANG,26.50833333,92.11638889,2025-03-18 01:00:00,3,77,66.8,66.8,200.4,400.7999999999999,12.7,0.0,12.7,12.8,1.0,113,2025-03-18 07:00:00,2025-03-18 07:00:00,14.2,6.0,1.5
NH15 Crossing Fakirpara Tangni,DARRANG,26.50833333,92.11638889,2025-03-18 02:00:00,3,77,66.8,66.8,200.4,400.7999999999999,12.7,0.0,12.7,12.7,1.0,113,2025-03-18 08:00:00,2025-03-18 08:00:00,14.2,6.0,1.5
NH15 Crossing Fakirpara Tangni,DARRANG,26.50833333,92.11638889,2025-03-18 03:00:00,3,77,66.8,66.8,200.4,400.7999999999999,12.6,-0.0999999999999996,12.666666666666666,12.7,1.0,113,2025-03-18 09:00:00,2025-03-18 09:00:00,14.3,6.0,1.700000000000001
NH15 Crossing Fakirpara Tangni,DARRANG,26.50833333,92.11638889,2025-03-18 04:00:00,3,77,66.8,66.8,200.4,400.7999999999999,12.6,0.0,12.633333333333333,12.7,1.0,113,2025-03-18 10:00:00,2025-03-18 10:00:00,14.2,6.0,1.5999999999999996
NH15 Crossing Fakirpara Tangni,DARRANG,26.50833333,92.11638889,2025-03-18 05:00:00,3,77,66.8,66.8,200.4,400.7999999999999,12.6,0.0,12.6,12.7,1.0,113,2025-03-18 11:00:00,2025-03-18 11:00:00,14.2,6.0,1.5999999999999996
NH15 Crossing Fakirpara Tangni,DARRANG,26.50833333,92.11638889,2025-03-18 06:00:00,3,77,66.8,66.8,200.4,400.7999999999999,12.6,0.0,12.6,12.7,1.0,113,2025-03-18 12:00:00,2025-03-18 12:00:00,14.2,6.0,1.5999999999999996
NH15 Crossing Fakirpara Tangni,DARRANG,26.50833333,92.11638889,2025-03-18 07:00:00,3,77,66.8,66.8,200.4,400.7999999999999,14.2,1.5999999999999996,13.133333333333333,14.2,1.0,113,2025-03-18 13:00:00,2025-03-18 13:00:00,14.2,6.0,0.0
NH15 Crossing Fakirpara Tangni,DARRANG,26.50833333,92.11638889,2025-03-18 08:00:00,3,77,66.8,66.8,200.4,400.7999999999999,14.2,0.0,13.666666666666666,14.2,1.0,113,2025-03-18 14:00:00,2025-03-18 14:00:00,13.9,6.0,-0.29999999999999893
NH15 Crossing Fakirpara Tangni,DARRANG,26.50833333,92.11638889,2025-03-18 09:00:00,3,77,66.8,66.8,200.4,400.7999999999999,14.3,0.1000000000000014,14.233333333333334,14.3,1.0,113,2025-03-18 15:00:00,2025-03-18 15:00:00,14.0,6.0,-0.3000000000000007
NH15 Crossing Fakirpara Tangni,DARRANG,26.50833333,92.11638889,2025-03-18 10:00:00,3,77,66.8,66.8,200.4,400.7999999999999,14.2,-0.1000000000000014,14.233333333333334,14.3,1.0,113,2025-03-18 16:00:00,2025-03-18 16:00:00,13.8,6.0,-0.3999999999999986
NH15 Crossing Fakirpara Tangni,DARRANG,26.50833333,92.11638889,2025-03-18 11:00:00,3,77,66.8,66.8,200.4,400.7999999999999,14.2,0.0,14.233333333333334,14.3,1.0,113,2025-03-18 17:00:00,2025-03-18 17:00:00,13.7,6.0,-0.5
NH15 Crossing Fakirpara Tangni,DARRANG,26.50833333,92.11638889,2025-03-18 12:00:00,3,77,66.8,66.8,200.4,400.7999999999999,14.2,0.0,14.2,14.3,1.0,113,2025-03-18 18:00:00,2025-03-18 18:00:00,12.9,6.0,-1.299999999999999
NH15 Crossing Fakirpara Tangni,DARRANG,26.50833333,92.11638889,2025-03-18 13:00:00,3,77,66.8,66.8,200.4,400.7999999999999,14.2,0.0,14.2,14.3,1.0,113,2025-03-18 19:00:00,2025-03-18 19:00:00,12.8,6.0,-1.3999999999999986
NH15 Crossing Fakirpara Tangni,DARRANG,26.50833333,92.11638889,2025-03-18 14:00:00,3,77,66.8,66.8,200.4,400.7999999999999,13.9,-0.2999999999999989,14.1,14.3,1.0,113,2025-03-18 20:00:00,2025-03-18 20:00:00,12.8,6.0,-1.0999999999999996
NH15 Crossing Fakirpara Tangni,DARRANG,26.50833333,92.11638889,2025-03-18 15:00:00,3,77,66.8,66.8,200.4,400.7999999999999,14.0,0.0999999999999996,14.033333333333331,14.2,1.0,113,2025-03-18 21:00:00,2025-03-18 21:00:00,12.7,6.0,-1.3000000000000007
NH15 Crossing Fakirpara Tangni,DARRANG,26.50833333,92.11638889,2025-03-18 16:00:00,3,77,66.8,66.8,200.4,400.7999999999999,13.8,-0.1999999999999993,13.9,14.2,1.0,113,2025-03-18 22:00:00,2025-03-18 22:00:00,12.7,6.0,-1.1000000000000014
NH15 Crossing Fakirpara Tangni,DARRANG,26.50833333,92.11638889,2025-03-18 17:00:00,3,77,66.8,66.8,200.4,400.7999999999999,13.7,-0.1000000000000014,13.833333333333334,14.2,1.0,113,2025-03-18 23:00:00,2025-03-18 23:00:00,12.7,6.0,-1.0
NH15 Crossing Fakirpara Tangni,DARRANG,26.50833333,92.11638889,2025-03-18 18:00:00,3,77,66.8,66.8,200.4,400.7999999999999,12.9,-0.7999999999999989,13.466666666666669,14.2,1.0,113,2025-03-19 00:00:00,2025-03-19 00:00:00,12.6,6.0,-0.3000000000000007
NH15 Crossing Fakirpara Tangni,DARRANG,26.50833333,92.11638889,2025-03-18 19:00:00,3,77,66.8,66.8,200.4,400.7999999999999,12.8,-0.0999999999999996,13.133333333333333,14.0,1.0,113,2025-03-19 01:00:00,2025-03-19 01:00:00,12.6,6.0,-0.20000000000000107
NH15 Crossing Fakirpara Tangni,DARRANG,26.50833333,92.11638889,2025-03-18 20:00:00,3,77,66.8,66.8,200.4,400.7999999999999,12.8,0.0,12.833333333333334,14.0,1.0,113,2025-03-19 02:00:00,2025-03-19 02:00:00,12.6,6.0,-0.20000000000000107
NH15 Crossing Fakirpara Tangni,DARRANG,26.50833333,92.11638889,2025-03-18 21:00:00,3,77,66.8,66.8,200.4,400.7999999999999,12.7,-0.1000000000000014,12.766666666666666,13.8,1.0,113,2025-03-19 03:00:00,2025-03-19 03:00:00,12.6,6.0,-0.09999999999999964
NH15 Crossing Fakirpara Tangni,DARRANG,26.50833333,92.11638889,2025-03-18 22:00:00,3,77,66.8,66.8,200.4,400.7999999999999,12.7,0.0,12.733333333333334,13.7,1.0,113,2025-03-19 04:00:00,2025-03-19 04:00:00,12.6,6.0,-0.09999999999999964
NH15 Crossing Fakirpara Tangni,DARRANG,26.50833333,92.11638889,2025-03-18 23:00:00,3,77,66.8,66.8,200.4,400.7999999999999,12.7,0.0,12.7,12.9,1.0,113,2025-03-19 05:00:00,2025-03-19 05:00:00,12.5,6.0,-0.1999999999999993
NH15 Crossing Fakirpara Tangni,DARRANG,26.50833333,92.11638889,2025-03-19 00:00:00,3,78,66.8,66.8,200.4,400.7999999999999,12.6,-0.0999999999999996,12.666666666666666,12.8,1.0,113,2025-03-19 06:00:00,2025-03-19 06:00:00,12.6,6.0,0.0
NH15 Crossing Fakirpara Tangni,DARRANG,26.50833333,92.11638889,2025-03-19 01:00:00,3,78,66.8,66.8,200.4,400.7999999999999,12.6,0.0,12.633333333333333,12.8,1.0,113,2025-03-19 07:00:00,2025-03-19 07:00:00,13.0,6.0,0.40000000000000036
NH15 Crossing Fakirpara Tangni,DARRANG,26.50833333,92.11638889,2025-03-19 02:00:00,3,78,66.8,66.8,200.4,400.7999999999999,12.6,0.0,12.6,12.7,1.0,113,2025-03-19 08:00:00,2025-03-19 08:00:00,13.8,6.0,1.200000000000001
NH15 Crossing Fakirpara Tangni,DARRANG,26.50833333,92.11638889,2025-03-19 03:00:00,3,78,66.8,66.8,200.4,400.7999999999999,12.6,0.0,12.6,12.7,1.0,113,2025-03-19 09:00:00,2025-03-19 09:00:00,14.2,6.0,1.5999999999999996
NH15 Crossing Fakirpara Tangni,DARRANG,26.50833333,92.11638889,2025-03-19 04:00:00,3,78,66.8,66.8,200.4,400.7999999999999,12.6,0.0,12.6,12.7,1.0,113,2025-03-19 10:00:00,2025-03-19 10:00:00,14.3,6.0,1.700000000000001
NH15 Crossing Fakirpara Tangni,DARRANG,26.50833333,92.11638889,2025-03-19 05:00:00,3,78,66.8,66.8,200.4,400.7999999999999,12.5,-0.0999999999999996,12.566666666666665,12.6,1.0,113,2025-03-19 11:00:00,2025-03-19 11:00:00,14.1,6.0,1.5999999999999996
NH15 Crossing Fakirpara Tangni,DARRANG,26.50833333,92.11638889,2025-03-19 06:00:00,3,78,66.8,66.8,200.4,400.7999999999999,12.6,0.0999999999999996,12.566666666666668,12.6,1.0,113,2025-03-19 12:00:00,2025-03-19 12:00:00,14.3,6.0,1.700000000000001
NH15 Crossing Fakirpara Tangni,DARRANG,26.50833333,92.11638889,2025-03-19 07:00:00,3,78,66.8,66.8,200.4,400.7999999999999,13.0,0.4000000000000003,12.699999999999998,13.0,1.0,113,2025-03-19 13:00:00,2025-03-19 13:00:00,14.2,6.0,1.1999999999999993
NH15 Crossing Fakirpara Tangni,DARRANG,26.50833333,92.11638889,2025-03-19 08:00:00,3,78,66.8,66.8,200.4,400.7999999999999,13.8,0.8000000000000007,13.133333333333333,13.8,1.0,113,2025-03-19 14:00:00,2025-03-19 14:00:00,14.1,6.0,0.29999999999999893
NH15 Crossing Fakirpara Tangni,DARRANG,26.50833333,92.11638889,2025-03-19 09:00:00,3,78,61.3,66.8,194.9,395.2999999999999,14.2,0.3999999999999986,13.666666666666666,14.2,1.0,113,2025-03-19 15:00:00,2025-03-19 15:00:00,13.9,6.0,-0.29999999999999893
NH15 Crossing Fakirpara Tangni,DARRANG,26.50833333,92.11638889,2025-03-19 10:00:00,3,78,61.3,61.3,189.4,389.7999999999999,14.3,0.1000000000000014,14.1,14.3,1.0,113,2025-03-19 16:00:00,2025-03-19 16:00:00,14.0,6.0,-0.3000000000000007
NH15 Crossing Fakirpara Tangni,DARRANG,26.50833333,92.11638889,2025-03-19 11:00:00,3,78,66.8,61.3,189.4,389.8,14.1,-0.200000000000001,14.2,14.3,1.0,113,2025-03-19 17:00:00,2025-03-19 17:00:00,13.6,6.0,-0.5
NH15 Crossing Fakirpara Tangni,DARRANG,26.50833333,92.11638889,2025-03-19 12:00:00,3,78,61.3,66.8,189.4,384.3,14.3,0.200000000000001,14.233333333333334,14.3,1.0,113,2025-03-19 18:00:00,2025-03-19 18:00:00,12.1,6.0,-2.200000000000001
NH15 Crossing Fakirpara Tangni,DARRANG,26.50833333,92.11638889,2025-03-19 13:00:00,3,78,61.3,61.3,189.4,378.7999999999999,14.2,-0.1000000000000014,14.2,14.3,1.0,113,2025-03-19 19:00:00,2025-03-19 19:00:00,12.8,6.0,-1.3999999999999986
NH15 Crossing Fakirpara Tangni,DARRANG,26.50833333,92.11638889,2025-03-19 14:00:00,3,78,61.3,61.3,183.9,373.2999999999999,14.1,-0.0999999999999996,14.199999999999998,14.3,1.0,113,2025-03-19 20:00:00,2025-03-19 20:00:00,12.7,6.0,-1.4000000000000004
NH15 Crossing Fakirpara Tangni,DARRANG,26.50833333,92.11638889,2025-03-19 15:00:00,3,78,61.3,61.3,183.9,373.3,13.9,-0.1999999999999993,14.066666666666668,14.3,1.0,113,2025-03-19 21:00:00,2025-03-19 21:00:00,12.7,6.0,-1.200000000000001
NH15 Crossing Fakirpara Tangni,DARRANG,26.50833333,92.11638889,2025-03-19 16:00:00,3,78,61.3,61.3,183.9,373.3,14.0,0.0999999999999996,14.0,14.3,1.0,113,2025-03-19 22:00:00,2025-03-19 21:00:00,12.7,5.0,-1.3000000000000007
NH15 Crossing Fakirpara Tangni,DARRANG,26.50833333,92.11638889,2025-03-19 17:00:00,3,78,61.3,61.3,183.9,367.7999999999999,13.6,-0.4000000000000003,13.833333333333334,14.3,1.0,113,2025-03-19 23:00:00,2025-03-19 23:00:00,12.7,6.0,-0.9000000000000004
NH15 Crossing Fakirpara Tangni,DARRANG,26.50833333,92.11638889,2025-03-19 18:00:00,3,78,61.3,61.3,183.9,367.7999999999999,12.1,-1.5,13.233333333333334,14.2,1.0,113,2025-03-20 00:00:00,2025-03-20 00:00:00,12.6,6.0,0.5
NH15 Crossing Fakirpara Tangni,DARRANG,26.50833333,92.11638889,2025-03-19 19:00:00,3,78,61.3,61.3,183.9,367.7999999999999,12.8,0.7000000000000011,12.833333333333334,14.1,1.0,113,2025-03-20 01:00:00,2025-03-20 01:00:00,12.6,6.0,-0.20000000000000107
NH15 Crossing Fakirpara Tangni,DARRANG,26.50833333,92.11638889,2025-03-19 20:00:00,3,78,61.3,61.3,183.9,367.7999999999999,12.7,-0.1000000000000014,12.533333333333331,14.0,1.0,113,2025-03-20 02:00:00,2025-03-20 02:00:00,12.6,6.0,-0.09999999999999964
NH15 Crossing Fakirpara Tangni,DARRANG,26.50833333,92.11638889,2025-03-19 21:00:00,3,78,61.3,61.3,183.9,367.7999999999999,12.7,0.0,12.733333333333333,14.0,1.0,113,2025-03-20 03:00:00,2025-03-20 03:00:00,12.6,6.0,-0.09999999999999964
NH15 Crossing Fakirpara Tangni,DARRANG,26.50833333,92.11638889,2025-03-19 23:00:00,3,78,61.3,61.3,183.9,367.7999999999999,12.7,0.0,12.7,13.6,2.0,113,2025-03-20 05:00:00,2025-03-20 05:00:00,12.4,6.0,-0.29999999999999893
NH15 Crossing Fakirpara Tangni,DARRANG,26.50833333,92.11638889,2025-03-20 00:00:00,3,79,61.3,61.3,183.9,367.7999999999999,12.6,-0.0999999999999996,12.666666666666666,12.8,1.0,113,2025-03-20 06:00:00,2025-03-20 06:00:00,12.6,6.0,0.0
NH15 Crossing Fakirpara Tangni,DARRANG,26.50833333,92.11638889,2025-03-20 01:00:00,3,79,61.3,61.3,183.9,367.7999999999999,12.6,0.0,12.633333333333333,12.8,1.0,113,2025-03-20 07:00:00,2025-03-20 07:00:00,13.0,6.0,0.40000000000000036
NH15 Crossing Fakirpara Tangni,DARRANG,26.50833333,92.11638889,2025-03-20 02:00:00,3,79,61.3,61.3,183.9,367.7999999999999,12.6,0.0,12.6,12.7,1.0,113,2025-03-20 08:00:00,2025-03-20 08:00:00,13.6,6.0,1.0
NH15 Crossing Fakirpara Tangni,DARRANG,26.50833333,92.11638889,2025-03-20 03:00:00,3,79,61.3,61.3,183.9,367.7999999999999,12.6,0.0,12.6,12.7,1.0,113,2025-03-20 09:00:00,2025-03-20 09:00:00,14.2,6.0,1.5999999999999996
NH15 Crossing Fakirpara Tangni,DARRANG,26.50833333,92.11638889,2025-03-20 04:00:00,3,79,61.3,61.3,183.9,367.7999999999999,12.5,-0.0999999999999996,12.566666666666665,12.7,1.0,113,2025-03-20 10:00:00,2025-03-20 10:00:00,14.3,6.0,1.8000000000000007
NH15 Crossing Fakirpara Tangni,DARRANG,26.50833333,92.11638889,2025-03-20 05:00:00,3,79,61.3,61.3,183.9,367.7999999999999,12.4,-0.0999999999999996,12.5,12.6,1.0,113,2025-03-20 11:00:00,2025-03-20 11:00:00,14.3,6.0,1.9000000000000004
NH15 Crossing Fakirpara Tangni,DARRANG,26.50833333,92.11638889,2025-03-20 06:00:00,3,79,61.3,61.3,183.9,367.7999999999999,12.6,0.1999999999999993,12.5,12.6,1.0,113,2025-03-20 12:00:00,2025-03-20 12:00:00,14.3,6.0,1.700000000000001
NH15 Crossing Fakirpara Tangni,DARRANG,26.50833333,92.11638889,2025-03-20 07:00:00,3,79,61.3,61.3,183.9,367.7999999999999,13.0,0.4000000000000003,12.666666666666666,13.0,1.0,113,2025-03-20 13:00:00,2025-03-20 13:00:00,14.3,6.0,1.3000000000000007
NH15 Crossing Fakirpara Tangni,DARRANG,26.50833333,92.11638889,2025-03-20 08:00:00,3,79,61.3,61.3,183.9,367.7999999999999,13.6,0.5999999999999996,13.066666666666668,13.6,1.0,113,2025-03-20 14:00:00,2025-03-20 14:00:00,14.2,6.0,0.5999999999999996
NH15 Crossing Fakirpara Tangni,DARRANG,26.50833333,92.11638889,2025-03-20 09:00:00,3,79,61.3,61.3,183.9,367.7999999999999,14.2,0.5999999999999996,13.6,14.2,1.0,113,2025-03-20 15:00:00,2025-03-20 15:00:00,14.2,6.0,0.0
NH15 Crossing Fakirpara Tangni,DARRANG,26.50833333,92.11638889,2025-03-20 10:00:00,3,79,61.3,61.3,183.9,367.7999999999999,14.3,0.1000000000000014,14.033333333333331,14.3,1.0,113,2025-03-20 16:00:00,2025-03-20 16:00:00,13.7,6.0,-0.6000000000000014
NH15 Crossing Fakirpara Tangni,DARRANG,26.50833333,92.11638889,2025-03-20 11:00:00,3,79,61.3,61.3,183.9,367.7999999999999,14.3,0.0,14.266666666666666,14.3,1.0,113,2025-03-20 17:00:00,2025-03-20 17:00:00,13.3,6.0,-1.0
NH15 Crossing Fakirpara Tangni,DARRANG,26.50833333,92.11638889,2025-03-20 12:00:00,3,79,61.3,61.3,183.9,367.7999999999999,14.3,0.0,14.3,14.3,1.0,113,2025-03-20 18:00:00,2025-03-20 18:00:00,12.8,6.0,-1.5
NH15 Crossing Fakirpara Tangni,DARRANG,26.50833333,92.11638889,2025-03-20 13:00:00,3,79,61.3,61.3,183.9,367.7999999999999,14.3,0.0,14.3,14.3,1.0,113,2025-03-20 19:00:00,2025-03-20 19:00:00,12.7,6.0,-1.6000000000000014
NH15 Crossing Fakirpara Tangni,DARRANG,26.50833333,92.11638889,2025-03-20 14:00:00,3,79,61.3,61.3,183.9,367.7999999999999,14.2,-0.1000000000000014,14.266666666666666,14.3,1.0,113,2025-03-20 20:00:00,2025-03-20 20:00:00,12.7,6.0,-1.5
NH15 Crossing Fakirpara Tangni,DARRANG,26.50833333,92.11638889,2025-03-20 15:00:00,3,79,61.3,61.3,183.9,367.7999999999999,14.2,0.0,14.233333333333334,14.3,1.0,113,2025-03-20 21:00:00,2025-03-20 21:00:00,12.7,6.0,-1.5
NH15 Crossing Fakirpara Tangni,DARRANG,26.50833333,92.11638889,2025-03-20 16:00:00,3,79,61.2,61.3,183.8,367.7000000000001,13.7,-0.5,14.033333333333331,14.3,1.0,113,2025-03-20 22:00:00,2025-03-20 21:00:00,12.7,5.0,-1.0
NH15 Crossing Fakirpara Tangni,DARRANG,26.50833333,92.11638889,2025-03-20 17:00:00,3,79,61.2,61.2,183.7,367.6,13.3,-0.3999999999999986,13.733333333333334,14.3,1.0,113,2025-03-20 23:00:00,2025-03-20 23:00:00,12.7,6.0,-0.6000000000000014
NH15 Crossing Fakirpara Tangni,DARRANG,26.50833333,92.11638889,2025-03-20 18:00:00,3,79,61.2,61.2,183.6,367.5,12.8,-0.5,13.266666666666666,14.3,1.0,113,2025-03-21 00:00:00,2025-03-21 00:00:00,12.6,6.0,-0.20000000000000107
NH15 Crossing Fakirpara Tangni,DARRANG,26.50833333,92.11638889,2025-03-20 19:00:00,3,79,61.2,61.2,183.6,367.4,12.7,-0.1000000000000014,12.933333333333332,14.2,1.0,113,2025-03-21 01:00:00,2025-03-21 01:00:00,12.6,6.0,-0.09999999999999964
NH15 Crossing Fakirpara Tangni,DARRANG,26.50833333,92.11638889,2025-03-20 20:00:00,3,79,61.2,61.2,183.6,367.30000000000007,12.7,0.0,12.733333333333334,14.2,1.0,113,2025-03-21 02:00:00,2025-03-21 02:00:00,12.6,6.0,-0.09999999999999964
NH15 Crossing Fakirpara Tangni,DARRANG,26.50833333,92.11638889,2025-03-20 21:00:00,3,79,61.2,61.2,183.6,367.2000000000001,12.7,0.0,12.7,13.7,1.0,113,2025-03-21 03:00:00,2025-03-21 03:00:00,12.6,6.0,-0.09999999999999964
NH15 Crossing Fakirpara Tangni,DARRANG,26.50833333,92.11638889,2025-03-20 23:00:00,3,79,61.2,61.2,183.6,367.2000000000001,12.7,0.0,12.7,13.3,2.0,113,2025-03-21 05:00:00,2025-03-21 04:00:00,12.4,5.0,-0.29999999999999893
NH15 Crossing Fakirpara Tangni,DARRANG,26.50833333,92.11638889,2025-03-21 00:00:00,3,80,61.2,61.2,183.6,367.2000000000001,12.6,-0.0999999999999996,12.666666666666666,12.8,1.0,113,2025-03-21 06:00:00,2025-03-21 06:00:00,12.6,6.0,0.0
NH15 Crossing Fakirpara Tangni,DARRANG,26.50833333,92.11638889,2025-03-21 01:00:00,3,80,61.2,61.2,183.6,367.2000000000001,12.6,0.0,12.633333333333333,12.7,1.0,113,2025-03-21 07:00:00,2025-03-21 06:00:00,12.6,5.0,0.0
NH15 Crossing Fakirpara Tangni,DARRANG,26.50833333,92.11638889,2025-03-21 02:00:00,3,80,61.2,61.2,183.6,367.2000000000001,12.6,0.0,12.6,12.7,1.0,113,2025-03-21 08:00:00,2025-03-21 08:00:00,13.6,6.0,1.0
NH15 Crossing Fakirpara Tangni,DARRANG,26.50833333,92.11638889,2025-03-21 03:00:00,3,80,61.2,61.2,183.6,367.2000000000001,12.6,0.0,12.6,12.7,1.0,113,2025-03-21 09:00:00,2025-03-21 09:00:00,13.9,6.0,1.3000000000000007
NH15 Crossing Fakirpara Tangni,DARRANG,26.50833333,92.11638889,2025-03-21 04:00:00,3,80,61.2,61.2,183.6,367.2000000000001,12.4,-0.1999999999999993,12.533333333333331,12.7,1.0,113,2025-03-21 10:00:00,2025-03-21 10:00:00,14.4,6.0,2.0
NH15 Crossing Fakirpara Tangni,DARRANG,26.50833333,92.11638889,2025-03-21 06:00:00,3,80,66.8,61.2,189.2,372.8,12.6,0.1999999999999993,12.533333333333331,12.6,2.0,113,2025-03-21 12:00:00,2025-03-21 12:00:00,12.8,6.0,0.20000000000000107
NH15 Crossing Fakirpara Tangni,DARRANG,26.50833333,92.11638889,2025-03-21 08:00:00,3,80,61.2,66.8,189.2,372.8,13.6,1.0,12.866666666666667,13.6,2.0,113,2025-03-21 14:00:00,2025-03-21 14:00:00,14.2,6.0,0.5999999999999996
NH15 Crossing Fakirpara Tangni,DARRANG,26.50833333,92.11638889,2025-03-21 09:00:00,3,80,61.2,61.2,189.2,372.80000000000007,13.9,0.3000000000000007,13.366666666666667,13.9,1.0,113,2025-03-21 15:00:00,2025-03-21 15:00:00,13.9,6.0,0.0
NH15 Crossing Fakirpara Tangni,DARRANG,26.50833333,92.11638889,2025-03-21 10:00:00,3,80,61.2,61.2,183.6,372.8,14.4,0.5,13.966666666666669,14.4,1.0,113,2025-03-21 16:00:00,2025-03-21 16:00:00,13.8,6.0,-0.5999999999999996
NH15 Crossing Fakirpara Tangni,DARRANG,26.50833333,92.11638889,2025-03-21 11:00:00,3,80,61.2,61.2,183.6,372.8,14.4,0.0,14.233333333333334,14.4,1.0,113,2025-03-21 17:00:00,2025-03-21 17:00:00,13.0,6.0,-1.4000000000000004
NH15 Crossing Fakirpara Tangni,DARRANG,26.50833333,92.11638889,2025-03-21 12:00:00,3,80,61.2,61.2,183.6,372.8,12.8,-1.5999999999999996,13.866666666666667,14.4,1.0,113,2025-03-21 18:00:00,2025-03-21 18:00:00,12.7,6.0,-0.10000000000000142
NH15 Crossing Fakirpara Tangni,DARRANG,26.50833333,92.11638889,2025-03-21 13:00:00,3,80,61.2,61.2,183.6,367.2000000000001,14.5,1.6999999999999993,13.9,14.5,1.0,113,2025-03-21 19:00:00,2025-03-21 19:00:00,12.7,6.0,-1.8000000000000007
NH15 Crossing Fakirpara Tangni,DARRANG,26.50833333,92.11638889,2025-03-21 14:00:00,3,80,61.2,61.2,183.6,367.2000000000001,14.2,-0.3000000000000007,13.833333333333334,14.5,1.0,113,2025-03-21 20:00:00,2025-03-21 20:00:00,12.7,6.0,-1.5
NH15 Crossing Fakirpara Tangni,DARRANG,26.50833333,92.11638889,2025-03-21 15:00:00,3,80,61.2,61.2,183.6,367.2000000000001,13.9,-0.2999999999999989,14.2,14.5,1.0,113,2025-03-21 21:00:00,2025-03-21 21:00:00,12.7,6.0,-1.200000000000001
NH15 Crossing Fakirpara Tangni,DARRANG,26.50833333,92.11638889,2025-03-21 16:00:00,3,80,61.2,61.2,183.6,367.2000000000001,13.8,-0.0999999999999996,13.966666666666669,14.5,1.0,113,2025-03-21 22:00:00,2025-03-21 22:00:00,12.7,6.0,-1.1000000000000014
NH15 Crossing Fakirpara Tangni,DARRANG,26.50833333,92.11638889,2025-03-21 17:00:00,3,80,61.2,61.2,183.6,367.2000000000001,13.0,-0.8000000000000007,13.566666666666668,14.5,1.0,113,2025-03-21 23:00:00,2025-03-21 23:00:00,12.6,6.0,-0.40000000000000036
NH15 Crossing Fakirpara Tangni,DARRANG,26.50833333,92.11638889,2025-03-21 18:00:00,3,80,61.2,61.2,183.6,367.2000000000001,12.7,-0.3000000000000007,13.166666666666666,14.5,1.0,113,2025-03-22 00:00:00,2025-03-22 00:00:00,12.6,6.0,-0.09999999999999964
NH15 Crossing Fakirpara Tangni,DARRANG,26.50833333,92.11638889,2025-03-21 19:00:00,3,80,61.2,61.2,183.6,367.2000000000001,12.7,0.0,12.8,14.2,1.0,113,2025-03-22 01:00:00,2025-03-22 01:00:00,12.6,6.0,-0.09999999999999964
NH15 Crossing Fakirpara Tangni,DARRANG,26.50833333,92.11638889,2025-03-21 20:00:00,3,80,61.2,61.2,183.6,367.2000000000001,12.7,0.0,12.7,13.9,1.0,113,2025-03-22 02:00:00,2025-03-22 02:00:00,12.6,6.0,-0.09999999999999964
NH15 Crossing Fakirpara Tangni,DARRANG,26.50833333,92.11638889,2025-03-21 21:00:00,3,80,61.2,61.2,183.6,367.2000000000001,12.7,0.0,12.7,13.8,1.0,113,2025-03-22 03:00:00,2025-03-22 02:00:00,12.6,5.0,-0.09999999999999964
NH15 Crossing Fakirpara Tangni,DARRANG,26.50833333,92.11638889,2025-03-21 22:00:00,3,80,61.2,61.2,183.6,367.2000000000001,12.7,0.0,12.7,13.0,1.0,113,2025-03-22 04:00:00,2025-03-22 02:00:00,12.6,4.0,-0.09999999999999964
NH15 Crossing Fakirpara Tangni,DARRANG,26.50833333,92.11638889,2025-03-21 23:00:00,3,80,61.2,61.2,183.6,367.2000000000001,12.6,-0.0999999999999996,12.666666666666666,12.7,1.0,113,2025-03-22 05:00:00,2025-03-22 06:00:00,12.6,7.0,0.0
NH15 Crossing Fakirpara Tangni,DARRANG,26.50833333,92.11638889,2025-03-22 00:00:00,3,81,61.2,61.2,183.6,367.2000000000001,12.6,0.0,12.633333333333333,12.7,1.0,113,2025-03-22 06:00:00,2025-03-22 06:00:00,12.6,6.0,0.0
NH15 Crossing Fakirpara Tangni,DARRANG,26.50833333,92.11638889,2025-03-22 01:00:00,3,81,61.2,61.2,183.6,367.2000000000001,12.6,0.0,12.6,12.7,1.0,113,2025-03-22 07:00:00,2025-03-22 07:00:00,13.1,6.0,0.5
NH15 Crossing Fakirpara Tangni,DARRANG,26.50833333,92.11638889,2025-03-22 02:00:00,3,81,61.2,61.2,183.6,367.2000000000001,12.6,0.0,12.6,12.7,1.0,113,2025-03-22 08:00:00,2025-03-22 08:00:00,13.7,6.0,1.0999999999999996
NH15 Crossing Fakirpara Tangni,DARRANG,26.50833333,92.11638889,2025-03-22 06:00:00,3,81,61.2,61.2,183.6,367.2000000000001,12.6,0.0,12.6,12.7,4.0,113,2025-03-22 12:00:00,2025-03-22 12:00:00,14.1,6.0,1.5
NH15 Crossing Fakirpara Tangni,DARRANG,26.50833333,92.11638889,2025-03-22 07:00:00,3,81,61.2,61.2,183.6,367.2000000000001,13.1,0.5,12.766666666666666,13.1,1.0,113,2025-03-22 13:00:00,2025-03-22 13:00:00,13.9,6.0,0.8000000000000007
NH15 Crossing Fakirpara Tangni,DARRANG,26.50833333,92.11638889,2025-03-22 08:00:00,3,81,61.2,61.2,183.6,367.2000000000001,13.7,0.5999999999999996,13.133333333333333,13.7,1.0,113,2025-03-22 14:00:00,2025-03-22 14:00:00,13.9,6.0,0.20000000000000107
NH15 Crossing Fakirpara Tangni,DARRANG,26.50833333,92.11638889,2025-03-22 09:00:00,3,81,61.2,61.2,183.6,367.2000000000001,13.3,-0.3999999999999986,13.366666666666667,13.7,1.0,113,2025-03-22 15:00:00,2025-03-22 15:00:00,13.9,6.0,0.5999999999999996
NH15 Crossing Fakirpara Tangni,DARRANG,26.50833333,92.11638889,2025-03-22 10:00:00,3,81,61.2,61.2,183.6,367.2000000000001,13.7,0.3999999999999986,13.566666666666665,13.7,1.0,113,2025-03-22 16:00:00,2025-03-22 16:00:00,13.7,6.0,0.0
NH15 Crossing Fakirpara Tangni,DARRANG,26.50833333,92.11638889,2025-03-22 11:00:00,3,81,61.2,61.2,183.6,367.2000000000001,14.6,0.9000000000000004,13.866666666666667,14.6,1.0,113,2025-03-22 17:00:00,2025-03-22 17:00:00,13.3,6.0,-1.299999999999999
NH15 Crossing Fakirpara Tangni,DARRANG,26.50833333,92.11638889,2025-03-22 12:00:00,3,81,61.2,61.2,183.6,367.2000000000001,14.1,-0.5,14.133333333333333,14.6,1.0,113,2025-03-22 18:00:00,2025-03-22 18:00:00,12.8,6.0,-1.299999999999999
NH15 Crossing Fakirpara Tangni,DARRANG,26.50833333,92.11638889,2025-03-22 13:00:00,3,81,61.2,61.2,183.6,367.2000000000001,13.9,-0.1999999999999993,14.2,14.6,1.0,113,2025-03-22 19:00:00,2025-03-22 19:00:00,12.7,6.0,-1.200000000000001
NH15 Crossing Fakirpara Tangni,DARRANG,26.50833333,92.11638889,2025-03-22 14:00:00,3,81,61.2,61.2,183.6,367.2000000000001,13.9,0.0,13.966666666666669,14.6,1.0,113,2025-03-22 20:00:00,2025-03-22 20:00:00,12.7,6.0,-1.200000000000001
NH15 Crossing Fakirpara Tangni,DARRANG,26.50833333,92.11638889,2025-03-22 15:00:00,3,81,61.2,61.2,183.6,367.2000000000001,13.9,0.0,13.9,14.6,1.0,113,2025-03-22 21:00:00,2025-03-22 21:00:00,12.7,6.0,-1.200000000000001
NH15 Crossing Fakirpara Tangni,DARRANG,26.50833333,92.11638889,2025-03-22 16:00:00,3,81,61.2,61.2,183.6,367.2000000000001,13.7,-0.200000000000001,13.833333333333334,14.6,1.0,113,2025-03-22 22:00:00,2025-03-22 22:00:00,12.7,6.0,-1.0
NH15 Crossing Fakirpara Tangni,DARRANG,26.50833333,92.11638889,2025-03-22 17:00:00,3,81,61.2,61.2,183.6,367.2000000000001,13.3,-0.3999999999999986,13.633333333333336,14.1,1.0,113,2025-03-22 23:00:00,2025-03-22 23:00:00,12.6,6.0,-0.7000000000000011
NH15 Crossing Fakirpara Tangni,DARRANG,26.50833333,92.11638889,2025-03-22 18:00:00,3,81,61.2,61.2,183.6,367.2000000000001,12.8,-0.5,13.266666666666666,13.9,1.0,113,2025-03-23 00:00:00,2025-03-23 00:00:00,12.6,6.0,-0.20000000000000107
NH15 Crossing Fakirpara Tangni,DARRANG,26.50833333,92.11638889,2025-03-22 19:00:00,3,81,61.2,61.2,183.6,367.2000000000001,12.7,-0.1000000000000014,12.933333333333332,13.9,1.0,113,2025-03-23 01:00:00,2025-03-23 00:00:00,12.6,5.0,-0.09999999999999964
NH15 Crossing Fakirpara Tangni,DARRANG,26.50833333,92.11638889,2025-03-22 20:00:00,3,81,61.2,61.2,183.6,367.2000000000001,12.7,0.0,12.733333333333334,13.9,1.0,113,2025-03-23 02:00:00,2025-03-23 02:00:00,12.6,6.0,-0.09999999999999964
NH15 Crossing Fakirpara Tangni,DARRANG,26.50833333,92.11638889,2025-03-22 21:00:00,3,81,61.2,61.2,183.6,367.2000000000001,12.7,0.0,12.7,13.7,1.0,113,2025-03-23 03:00:00,2025-03-23 03:00:00,12.2,6.0,-0.5
NH15 Crossing Fakirpara Tangni,DARRANG,26.50833333,92.11638889,2025-03-22 22:00:00,3,81,61.2,61.2,183.6,367.2000000000001,12.7,0.0,12.7,13.3,1.0,113,2025-03-23 04:00:00,2025-03-23 04:00:00,12.5,6.0,-0.1999999999999993
NH15 Crossing Fakirpara Tangni,DARRANG,26.50833333,92.11638889,2025-03-22 23:00:00,3,81,61.2,61.2,183.6,367.2000000000001,12.6,-0.0999999999999996,12.666666666666666,12.8,1.0,113,2025-03-23 05:00:00,2025-03-23 05:00:00,12.2,6.0,-0.40000000000000036
NH15 Crossing Fakirpara Tangni,DARRANG,26.50833333,92.11638889,2025-03-23 00:00:00,3,82,61.2,61.2,183.6,367.2000000000001,12.6,0.0,12.633333333333333,12.7,1.0,113,2025-03-23 06:00:00,2025-03-23 05:00:00,12.2,5.0,-0.40000000000000036
NH15 Crossing Fakirpara Tangni,DARRANG,26.50833333,92.11638889,2025-03-23 02:00:00,3,82,61.2,61.2,183.6,367.2000000000001,12.6,0.0,12.6,12.7,2.0,113,2025-03-23 08:00:00,2025-03-23 08:00:00,13.7,6.0,1.0999999999999996
NH15 Crossing Fakirpara Tangni,DARRANG,26.50833333,92.11638889,2025-03-23 03:00:00,3,82,61.2,61.2,183.6,367.2000000000001,12.2,-0.4000000000000003,12.466666666666669,12.7,1.0,113,2025-03-23 09:00:00,2025-03-23 09:00:00,14.5,6.0,2.3000000000000007
NH15 Crossing Fakirpara Tangni,DARRANG,26.50833333,92.11638889,2025-03-23 04:00:00,3,82,61.2,61.2,183.6,367.2000000000001,12.5,0.3000000000000007,12.433333333333332,12.7,1.0,113,2025-03-23 10:00:00,2025-03-23 10:00:00,14.3,6.0,1.8000000000000007
NH15 Crossing Fakirpara Tangni,DARRANG,26.50833333,92.11638889,2025-03-23 05:00:00,3,82,61.2,61.2,183.6,367.2000000000001,12.2,-0.3000000000000007,12.3,12.6,1.0,113,2025-03-23 11:00:00,2025-03-23 11:00:00,14.3,6.0,2.1000000000000014
NH15 Crossing Fakirpara Tangni,DARRANG,26.50833333,92.11638889,2025-03-23 07:00:00,3,82,61.2,61.2,183.6,367.2000000000001,13.1,0.9000000000000004,12.6,13.1,2.0,113,2025-03-23 13:00:00,2025-03-23 13:00:00,14.2,6.0,1.0999999999999996
NH15 Crossing Fakirpara Tangni,DARRANG,26.50833333,92.11638889,2025-03-23 08:00:00,3,82,61.2,61.2,183.6,367.2000000000001,13.7,0.5999999999999996,13.0,13.7,1.0,113,2025-03-23 14:00:00,2025-03-23 14:00:00,14.2,6.0,0.5
NH15 Crossing Fakirpara Tangni,DARRANG,26.50833333,92.11638889,2025-03-23 09:00:00,3,82,61.2,61.2,183.6,367.2000000000001,14.5,0.8000000000000007,13.766666666666666,14.5,1.0,113,2025-03-23 15:00:00,2025-03-23 15:00:00,14.0,6.0,-0.5
NH15 Crossing Fakirpara Tangni,DARRANG,26.50833333,92.11638889,2025-03-23 10:00:00,3,82,61.2,61.2,183.6,367.2000000000001,14.3,-0.1999999999999993,14.166666666666666,14.5,1.0,113,2025-03-23 16:00:00,2025-03-23 16:00:00,13.7,6.0,-0.6000000000000014
NH15 Crossing Fakirpara Tangni,DARRANG,26.50833333,92.11638889,2025-03-23 11:00:00,3,82,61.2,61.2,183.6,367.2000000000001,14.3,0.0,14.366666666666667,14.5,1.0,113,2025-03-23 17:00:00,2025-03-23 17:00:00,13.4,6.0,-0.9000000000000004
NH15 Crossing Fakirpara Tangni,DARRANG,26.50833333,92.11638889,2025-03-23 12:00:00,3,82,61.2,61.2,183.6,367.2000000000001,14.2,-0.1000000000000014,14.266666666666666,14.5,1.0,113,2025-03-23 18:00:00,2025-03-23 18:00:00,12.4,6.0,-1.799999999999999
NH15 Crossing Fakirpara Tangni,DARRANG,26.50833333,92.11638889,2025-03-23 13:00:00,3,82,61.2,61.2,183.6,367.2000000000001,14.2,0.0,14.233333333333334,14.5,1.0,113,2025-03-23 19:00:00,2025-03-23 19:00:00,12.7,6.0,-1.5
NH15 Crossing Fakirpara Tangni,DARRANG,26.50833333,92.11638889,2025-03-23 14:00:00,3,82,61.2,61.2,183.6,367.2000000000001,14.2,0.0,14.2,14.5,1.0,113,2025-03-23 20:00:00,2025-03-23 20:00:00,12.7,6.0,-1.5
NH15 Crossing Fakirpara Tangni,DARRANG,26.50833333,92.11638889,2025-03-23 15:00:00,3,82,61.2,61.2,183.6,367.2000000000001,14.0,-0.1999999999999993,14.133333333333333,14.3,1.0,113,2025-03-23 21:00:00,2025-03-23 21:00:00,12.7,6.0,-1.3000000000000007
NH15 Crossing Fakirpara Tangni,DARRANG,26.50833333,92.11638889,2025-03-23 16:00:00,3,82,61.2,61.2,183.6,367.2000000000001,13.7,-0.3000000000000007,13.966666666666669,14.3,1.0,113,2025-03-23 22:00:00,2025-03-23 22:00:00,12.6,6.0,-1.0999999999999996
NH15 Crossing Fakirpara Tangni,DARRANG,26.50833333,92.11638889,2025-03-23 17:00:00,3,82,61.2,61.2,183.6,367.2000000000001,13.4,-0.2999999999999989,13.7,14.2,1.0,113,2025-03-23 23:00:00,2025-03-23 23:00:00,12.1,6.0,-1.3000000000000007
NH15 Crossing Fakirpara Tangni,DARRANG,26.50833333,92.11638889,2025-03-23 18:00:00,3,82,61.2,61.2,183.6,367.2000000000001,12.4,-1.0,13.166666666666666,14.2,1.0,113,2025-03-24 00:00:00,2025-03-23 23:00:00,12.1,5.0,-0.3000000000000007
NH15 Crossing Fakirpara Tangni,DARRANG,26.50833333,92.11638889,2025-03-23 19:00:00,3,82,61.2,61.2,183.6,367.2000000000001,12.7,0.2999999999999989,12.833333333333334,14.2,1.0,113,2025-03-24 01:00:00,2025-03-24 01:00:00,12.6,6.0,-0.09999999999999964
NH15 Crossing Fakirpara Tangni,DARRANG,26.50833333,92.11638889,2025-03-23 20:00:00,3,82,61.2,61.2,183.6,367.2000000000001,12.7,0.0,12.6,14.0,1.0,113,2025-03-24 02:00:00,2025-03-24 02:00:00,11.9,6.0,-0.7999999999999989
NH15 Crossing Fakirpara Tangni,DARRANG,26.50833333,92.11638889,2025-03-23 21:00:00,3,82,61.2,61.2,183.6,367.2000000000001,12.7,0.0,12.7,13.7,1.0,113,2025-03-24 03:00:00,2025-03-24 03:00:00,12.6,6.0,-0.09999999999999964
NH15 Crossing Fakirpara Tangni,DARRANG,26.50833333,92.11638889,2025-03-23 22:00:00,3,82,61.2,61.2,183.6,367.2000000000001,12.6,-0.0999999999999996,12.666666666666666,13.4,1.0,113,2025-03-24 04:00:00,2025-03-24 04:00:00,12.6,6.0,0.0
NH15 Crossing Fakirpara Tangni,DARRANG,26.50833333,92.11638889,2025-03-23 23:00:00,3,82,61.2,61.2,183.6,367.2000000000001,12.1,-0.5,12.466666666666669,12.7,1.0,113,2025-03-24 05:00:00,2025-03-24 05:00:00,12.5,6.0,0.40000000000000036
NH15 Crossing Fakirpara Tangni,DARRANG,26.50833333,92.11638889,2025-03-24 01:00:00,3,83,61.2,61.2,183.6,367.2000000000001,12.6,0.5,12.433333333333332,12.7,2.0,113,2025-03-24 07:00:00,2025-03-24 07:00:00,13.1,6.0,0.5
NH15 Crossing Fakirpara Tangni,DARRANG,26.50833333,92.11638889,2025-03-24 02:00:00,3,83,61.3,61.2,183.7,367.3,11.9,-0.6999999999999993,12.199999999999998,12.7,1.0,113,2025-03-24 08:00:00,2025-03-24 08:00:00,13.8,6.0,1.9000000000000004
NH15 Crossing Fakirpara Tangni,DARRANG,26.50833333,92.11638889,2025-03-24 03:00:00,3,83,61.3,61.3,183.8,367.4,12.6,0.6999999999999993,12.366666666666667,12.7,1.0,113,2025-03-24 09:00:00,2025-03-24 09:00:00,14.4,6.0,1.8000000000000007
NH15 Crossing Fakirpara Tangni,DARRANG,26.50833333,92.11638889,2025-03-24 04:00:00,3,83,61.2,61.3,183.8,367.4,12.6,0.0,12.366666666666664,12.6,1.0,113,2025-03-24 10:00:00,2025-03-24 10:00:00,14.3,6.0,1.700000000000001
NH15 Crossing Fakirpara Tangni,DARRANG,26.50833333,92.11638889,2025-03-24 05:00:00,3,83,61.3,61.2,183.8,367.5,12.5,-0.0999999999999996,12.566666666666668,12.6,1.0,113,2025-03-24 11:00:00,2025-03-24 11:00:00,14.3,6.0,1.8000000000000007
NH15 Crossing Fakirpara Tangni,DARRANG,26.50833333,92.11638889,2025-03-24 06:00:00,3,83,61.3,61.3,183.8,367.6,12.6,0.0999999999999996,12.566666666666665,12.6,1.0,113,2025-03-24 12:00:00,2025-03-24 12:00:00,14.2,6.0,1.5999999999999996
NH15 Crossing Fakirpara Tangni,DARRANG,26.50833333,92.11638889,2025-03-24 07:00:00,3,83,61.3,61.3,183.9,367.7,13.1,0.5,12.733333333333334,13.1,1.0,113,2025-03-24 13:00:00,2025-03-24 13:00:00,14.2,6.0,1.0999999999999996
NH15 Crossing Fakirpara Tangni,DARRANG,26.50833333,92.11638889,2025-03-24 08:00:00,3,83,61.3,61.3,183.9,367.7,13.8,0.7000000000000011,13.166666666666666,13.8,1.0,113,2025-03-24 14:00:00,2025-03-24 14:00:00,14.2,6.0,0.3999999999999986
NH15 Crossing Fakirpara Tangni,DARRANG,26.50833333,92.11638889,2025-03-24 09:00:00,3,83,61.3,61.3,183.9,367.69999999999993,14.4,0.5999999999999996,13.766666666666666,14.4,1.0,113,2025-03-24 15:00:00,2025-03-24 15:00:00,14.0,6.0,-0.40000000000000036
NH15 Crossing Fakirpara Tangni,DARRANG,26.50833333,92.11638889,2025-03-24 10:00:00,3,83,61.3,61.3,183.9,367.7999999999999,14.3,-0.0999999999999996,14.166666666666666,14.4,1.0,113,2025-03-24 16:00:00,2025-03-24 16:00:00,14.0,6.0,-0.3000000000000007
NH15 Crossing Fakirpara Tangni,DARRANG,26.50833333,92.11638889,2025-03-24 11:00:00,3,83,61.3,61.3,183.9,367.7999999999999,14.3,0.0,14.333333333333334,14.4,1.0,113,2025-03-24 17:00:00,2025-03-24 17:00:00,13.7,6.0,-0.6000000000000014
NH15 Crossing Fakirpara Tangni,DARRANG,26.50833333,92.11638889,2025-03-24 12:00:00,3,83,61.3,61.3,183.9,367.7999999999999,14.2,-0.1000000000000014,14.266666666666667,14.4,1.0,113,2025-03-24 18:00:00,2025-03-24 18:00:00,12.8,6.0,-1.3999999999999986
NH15 Crossing Fakirpara Tangni,DARRANG,26.50833333,92.11638889,2025-03-24 13:00:00,3,83,61.3,61.3,183.9,367.7999999999999,14.2,0.0,14.233333333333333,14.4,1.0,113,2025-03-24 19:00:00,2025-03-24 18:00:00,12.8,5.0,-1.3999999999999986
NH15 Crossing Fakirpara Tangni,DARRANG,26.50833333,92.11638889,2025-03-24 14:00:00,3,83,61.3,61.3,183.9,367.7999999999999,14.2,0.0,14.2,14.4,1.0,113,2025-03-24 20:00:00,2025-03-24 21:00:00,12.7,7.0,-1.5
NH15 Crossing Fakirpara Tangni,DARRANG,26.50833333,92.11638889,2025-03-24 15:00:00,3,83,61.3,61.3,183.9,367.7999999999999,14.0,-0.1999999999999993,14.133333333333333,14.3,1.0,113,2025-03-24 21:00:00,2025-03-24 21:00:00,12.7,6.0,-1.3000000000000007
NH15 Crossing Fakirpara Tangni,DARRANG,26.50833333,92.11638889,2025-03-24 16:00:00,3,83,61.3,61.3,183.9,367.7999999999999,14.0,0.0,14.066666666666668,14.3,1.0,113,2025-03-24 22:00:00,2025-03-24 22:00:00,12.7,6.0,-1.3000000000000007
NH15 Crossing Fakirpara Tangni,DARRANG,26.50833333,92.11638889,2025-03-24 17:00:00,3,83,61.3,61.3,183.9,367.7999999999999,13.7,-0.3000000000000007,13.9,14.2,1.0,113,2025-03-24 23:00:00,2025-03-24 23:00:00,12.6,6.0,-1.0999999999999996
NH15 Crossing Fakirpara Tangni,DARRANG,26.50833333,92.11638889,2025-03-24 18:00:00,3,83,61.3,61.3,183.9,367.7999999999999,12.8,-0.8999999999999986,13.5,14.2,1.0,113,2025-03-25 00:00:00,2025-03-25 00:00:00,12.6,6.0,-0.20000000000000107
NH15 Crossing Fakirpara Tangni,DARRANG,26.50833333,92.11638889,2025-03-24 21:00:00,3,83,61.3,61.3,183.9,367.7999999999999,12.7,-0.1000000000000014,13.066666666666665,14.2,3.0,113,2025-03-25 03:00:00,2025-03-25 03:00:00,12.6,6.0,-0.09999999999999964
NH15 Crossing Fakirpara Tangni,DARRANG,26.50833333,92.11638889,2025-03-24 22:00:00,3,83,61.3,61.3,183.9,367.7999999999999,12.7,0.0,12.733333333333334,14.0,1.0,113,2025-03-25 04:00:00,2025-03-25 04:00:00,12.5,6.0,-0.1999999999999993
NH15 Crossing Fakirpara Tangni,DARRANG,26.50833333,92.11638889,2025-03-24 23:00:00,3,83,61.3,61.3,183.9,367.7999999999999,12.6,-0.0999999999999996,12.666666666666666,14.0,1.0,113,2025-03-25 05:00:00,2025-03-25 05:00:00,12.5,6.0,-0.09999999999999964
NH15 Crossing Fakirpara Tangni,DARRANG,26.50833333,92.11638889,2025-03-25 00:00:00,3,84,61.3,61.3,183.9,367.7999999999999,12.6,0.0,12.633333333333333,13.7,1.0,113,2025-03-25 06:00:00,2025-03-25 06:00:00,12.6,6.0,0.0
NH15 Crossing Fakirpara Tangni,DARRANG,26.50833333,92.11638889,2025-03-25 01:00:00,3,84,66.8,61.3,189.4,373.3,12.6,0.0,12.6,12.8,1.0,113,2025-03-25 07:00:00,2025-03-25 07:00:00,13.0,6.0,0.40000000000000036
NH15 Crossing Fakirpara Tangni,DARRANG,26.50833333,92.11638889,2025-03-25 02:00:00,3,84,61.3,66.8,189.4,373.3,12.6,0.0,12.6,12.7,1.0,113,2025-03-25 08:00:00,2025-03-25 08:00:00,13.8,6.0,1.200000000000001
NH15 Crossing Fakirpara Tangni,DARRANG,26.50833333,92.11638889,2025-03-25 03:00:00,3,84,61.3,61.3,189.4,373.2999999999999,12.6,0.0,12.6,12.7,1.0,113,2025-03-25 09:00:00,2025-03-25 09:00:00,14.1,6.0,1.5
NH15 Crossing Fakirpara Tangni,DARRANG,26.50833333,92.11638889,2025-03-25 04:00:00,3,84,61.3,61.3,183.9,373.2999999999999,12.5,-0.0999999999999996,12.566666666666668,12.6,1.0,113,2025-03-25 10:00:00,2025-03-25 10:00:00,14.1,6.0,1.5999999999999996
NH15 Crossing Fakirpara Tangni,DARRANG,26.50833333,92.11638889,2025-03-25 05:00:00,3,84,61.3,61.3,183.9,373.3,12.5,0.0,12.533333333333331,12.6,1.0,113,2025-03-25 11:00:00,2025-03-25 11:00:00,14.1,6.0,1.5999999999999996
NH15 Crossing Fakirpara Tangni,DARRANG,26.50833333,92.11638889,2025-03-25 06:00:00,3,84,61.3,61.3,183.9,373.3,12.6,0.0999999999999996,12.533333333333331,12.6,1.0,113,2025-03-25 12:00:00,2025-03-25 12:00:00,14.1,6.0,1.5
NH15 Crossing Fakirpara Tangni,DARRANG,26.50833333,92.11638889,2025-03-25 07:00:00,3,84,61.3,61.3,183.9,367.7999999999999,13.0,0.4000000000000003,12.7,13.0,1.0,113,2025-03-25 13:00:00,2025-03-25 13:00:00,13.9,6.0,0.9000000000000004
NH15 Crossing Fakirpara Tangni,DARRANG,26.50833333,92.11638889,2025-03-25 08:00:00,3,84,61.3,61.3,183.9,367.7999999999999,13.8,0.8000000000000007,13.133333333333333,13.8,1.0,113,2025-03-25 14:00:00,2025-03-25 14:00:00,13.9,6.0,0.09999999999999964
NH15 Crossing Fakirpara Tangni,DARRANG,26.50833333,92.11638889,2025-03-25 09:00:00,3,84,61.3,61.3,183.9,367.7999999999999,14.1,0.2999999999999989,13.633333333333333,14.1,1.0,113,2025-03-25 15:00:00,2025-03-25 15:00:00,13.9,6.0,-0.1999999999999993
NH15 Crossing Fakirpara Tangni,DARRANG,26.50833333,92.11638889,2025-03-25 10:00:00,3,84,61.3,61.3,183.9,367.7999999999999,14.1,0.0,14.0,14.1,1.0,113,2025-03-25 16:00:00,2025-03-25 16:00:00,13.6,6.0,-0.5
NH15 Crossing Fakirpara Tangni,DARRANG,26.50833333,92.11638889,2025-03-25 11:00:00,3,84,61.3,61.3,183.9,367.7999999999999,14.1,0.0,14.1,14.1,1.0,113,2025-03-25 17:00:00,2025-03-25 17:00:00,13.7,6.0,-0.40000000000000036
NH15 Crossing Fakirpara Tangni,DARRANG,26.50833333,92.11638889,2025-03-25 12:00:00,3,84,61.3,61.3,183.9,367.7999999999999,14.1,0.0,14.1,14.1,1.0,113,2025-03-25 18:00:00,2025-03-25 18:00:00,12.9,6.0,-1.1999999999999993
NH15 Crossing Fakirpara Tangni,DARRANG,26.50833333,92.11638889,2025-03-25 13:00:00,3,84,61.3,61.3,183.9,367.7999999999999,13.9,-0.1999999999999993,14.033333333333331,14.1,1.0,113,2025-03-25 19:00:00,2025-03-25 19:00:00,12.8,6.0,-1.0999999999999996
NH15 Crossing Fakirpara Tangni,DARRANG,26.50833333,92.11638889,2025-03-25 14:00:00,3,84,61.3,61.3,183.9,367.7999999999999,13.9,0.0,13.966666666666669,14.1,1.0,113,2025-03-25 20:00:00,2025-03-25 20:00:00,12.7,6.0,-1.200000000000001
NH15 Crossing Fakirpara Tangni,DARRANG,26.50833333,92.11638889,2025-03-25 15:00:00,3,84,61.3,61.3,183.9,367.7999999999999,13.9,0.0,13.9,14.1,1.0,113,2025-03-25 21:00:00,2025-03-25 21:00:00,12.7,6.0,-1.200000000000001
NH15 Crossing Fakirpara Tangni,DARRANG,26.50833333,92.11638889,2025-03-25 16:00:00,3,84,61.3,61.3,183.9,367.7999999999999,13.6,-0.3000000000000007,13.8,14.1,1.0,113,2025-03-25 22:00:00,2025-03-25 22:00:00,12.7,6.0,-0.9000000000000004
NH15 Crossing Fakirpara Tangni,DARRANG,26.50833333,92.11638889,2025-03-25 17:00:00,3,84,61.3,61.3,183.9,367.7999999999999,13.7,0.0999999999999996,13.733333333333334,14.1,1.0,113,2025-03-25 23:00:00,2025-03-25 23:00:00,12.6,6.0,-1.0999999999999996
NH15 Crossing Fakirpara Tangni,DARRANG,26.50833333,92.11638889,2025-03-25 18:00:00,3,84,61.3,61.3,183.9,367.7999999999999,12.9,-0.7999999999999989,13.4,13.9,1.0,113,2025-03-26 00:00:00,2025-03-26 00:00:00,12.3,6.0,-0.5999999999999996
NH15 Crossing Fakirpara Tangni,DARRANG,26.50833333,92.11638889,2025-03-25 19:00:00,3,84,61.3,61.3,183.9,367.7999999999999,12.8,-0.0999999999999996,13.133333333333333,13.9,1.0,113,2025-03-26 01:00:00,2025-03-26 01:00:00,11.7,6.0,-1.1000000000000014
NH15 Crossing Fakirpara Tangni,DARRANG,26.50833333,92.11638889,2025-03-25 20:00:00,3,84,61.3,61.3,183.9,367.7999999999999,12.7,-0.1000000000000014,12.800000000000002,13.9,1.0,113,2025-03-26 02:00:00,2025-03-26 02:00:00,12.6,6.0,-0.09999999999999964
NH15 Crossing Fakirpara Tangni,DARRANG,26.50833333,92.11638889,2025-03-25 21:00:00,3,84,61.3,61.3,183.9,367.7999999999999,12.7,0.0,12.733333333333334,13.7,1.0,113,2025-03-26 03:00:00,2025-03-26 03:00:00,12.1,6.0,-0.5999999999999996
NH15 Crossing Fakirpara Tangni,DARRANG,26.50833333,92.11638889,2025-03-25 22:00:00,3,84,61.3,61.3,183.9,367.7999999999999,12.7,0.0,12.7,13.7,1.0,113,2025-03-26 04:00:00,2025-03-26 04:00:00,12.5,6.0,-0.1999999999999993
NH15 Crossing Fakirpara Tangni,DARRANG,26.50833333,92.11638889,2025-03-25 23:00:00,3,84,61.3,61.3,183.9,367.7999999999999,12.6,-0.0999999999999996,12.666666666666666,12.9,1.0,113,2025-03-26 05:00:00,2025-03-26 05:00:00,12.5,6.0,-0.09999999999999964
NH15 Crossing Fakirpara Tangni,DARRANG,26.50833333,92.11638889,2025-03-26 00:00:00,3,85,61.3,61.3,183.9,367.7999999999999,12.3,-0.2999999999999989,12.533333333333331,12.8,1.0,113,2025-03-26 06:00:00,2025-03-26 06:00:00,12.6,6.0,0.29999999999999893
NH15 Crossing Fakirpara Tangni,DARRANG,26.50833333,92.11638889,2025-03-26 01:00:00,3,85,61.3,61.3,183.9,367.7999999999999,11.7,-0.6000000000000014,12.2,12.7,1.0,113,2025-03-26 07:00:00,2025-03-26 07:00:00,13.7,6.0,2.0
NH15 Crossing Fakirpara Tangni,DARRANG,26.50833333,92.11638889,2025-03-26 02:00:00,3,85,61.3,61.3,183.9,367.7999999999999,12.6,0.9000000000000004,12.199999999999998,12.7,1.0,113,2025-03-26 08:00:00,2025-03-26 08:00:00,13.7,6.0,1.0999999999999996
NH15 Crossing Fakirpara Tangni,DARRANG,26.50833333,92.11638889,2025-03-26 03:00:00,3,85,61.3,61.3,183.9,367.7999999999999,12.1,-0.5,12.133333333333333,12.7,1.0,113,2025-03-26 09:00:00,2025-03-26 09:00:00,14.1,6.0,2.0
NH15 Crossing Fakirpara Tangni,DARRANG,26.50833333,92.11638889,2025-03-26 04:00:00,3,85,61.3,61.3,183.9,367.7999999999999,12.5,0.4000000000000003,12.4,12.6,1.0,113,2025-03-26 10:00:00,2025-03-26 10:00:00,14.1,6.0,1.5999999999999996
NH15 Crossing Fakirpara Tangni,DARRANG,26.50833333,92.11638889,2025-03-26 05:00:00,3,85,61.3,61.3,183.9,367.7999999999999,12.5,0.0,12.366666666666667,12.6,1.0,113,2025-03-26 11:00:00,2025-03-26 11:00:00,14.3,6.0,1.8000000000000007
NH15 Crossing Fakirpara Tangni,DARRANG,26.50833333,92.11638889,2025-03-26 06:00:00,3,85,61.3,61.3,183.9,367.7999999999999,12.6,0.0999999999999996,12.533333333333331,12.6,1.0,113,2025-03-26 12:00:00,2025-03-26 12:00:00,14.3,6.0,1.700000000000001
NH15 Crossing Fakirpara Tangni,DARRANG,26.50833333,92.11638889,2025-03-26 07:00:00,3,85,61.3,61.3,183.9,367.7999999999999,13.7,1.0999999999999996,12.933333333333332,13.7,1.0,113,2025-03-26 13:00:00,2025-03-26 13:00:00,14.3,6.0,0.6000000000000014
NH15 Crossing Fakirpara Tangni,DARRANG,26.50833333,92.11638889,2025-03-26 08:00:00,3,85,61.3,61.3,183.9,367.7999999999999,13.7,0.0,13.333333333333334,13.7,1.0,113,2025-03-26 14:00:00,2025-03-26 14:00:00,14.3,6.0,0.6000000000000014
NH15 Crossing Fakirpara Tangni,DARRANG,26.50833333,92.11638889,2025-03-26 09:00:00,3,85,61.3,61.3,183.9,367.7999999999999,14.1,0.4000000000000003,13.833333333333334,14.1,1.0,113,2025-03-26 15:00:00,2025-03-26 15:00:00,13.9,6.0,-0.1999999999999993
NH15 Crossing Fakirpara Tangni,DARRANG,26.50833333,92.11638889,2025-03-26 10:00:00,3,85,61.3,61.3,183.9,367.7999999999999,14.1,0.0,13.966666666666669,14.1,1.0,113,2025-03-26 16:00:00,2025-03-26 16:00:00,14.0,6.0,-0.09999999999999964
NH15 Crossing Fakirpara Tangni,DARRANG,26.50833333,92.11638889,2025-03-26 11:00:00,3,85,61.3,61.3,183.9,367.7999999999999,14.3,0.200000000000001,14.166666666666666,14.3,1.0,113,2025-03-26 17:00:00,2025-03-26 17:00:00,13.4,6.0,-0.9000000000000004
NH15 Crossing Fakirpara Tangni,DARRANG,26.50833333,92.11638889,2025-03-26 12:00:00,3,85,61.3,61.3,183.9,367.7999999999999,14.3,0.0,14.233333333333334,14.3,1.0,113,2025-03-26 18:00:00,2025-03-26 18:00:00,12.1,6.0,-2.200000000000001
NH15 Crossing Fakirpara Tangni,DARRANG,26.50833333,92.11638889,2025-03-26 13:00:00,3,85,61.3,61.3,183.9,367.7999999999999,14.3,0.0,14.3,14.3,1.0,113,2025-03-26 19:00:00,2025-03-26 18:00:00,12.1,5.0,-2.200000000000001
NH15 Crossing Fakirpara Tangni,DARRANG,26.50833333,92.11638889,2025-03-26 14:00:00,3,85,61.3,61.3,183.9,367.7999999999999,14.3,0.0,14.3,14.3,1.0,113,2025-03-26 20:00:00,2025-03-26 20:00:00,12.7,6.0,-1.6000000000000014
NH15 Crossing Fakirpara Tangni,DARRANG,26.50833333,92.11638889,2025-03-26 15:00:00,3,85,61.3,61.3,183.9,367.7999999999999,13.9,-0.4000000000000003,14.166666666666666,14.3,1.0,113,2025-03-26 21:00:00,2025-03-26 21:00:00,12.5,6.0,-1.4000000000000004
NH15 Crossing Fakirpara Tangni,DARRANG,26.50833333,92.11638889,2025-03-26 16:00:00,3,85,61.3,61.3,183.9,367.7999999999999,14.0,0.0999999999999996,14.066666666666668,14.3,1.0,113,2025-03-26 22:00:00,2025-03-26 21:00:00,12.5,5.0,-1.5
NH15 Crossing Fakirpara Tangni,DARRANG,26.50833333,92.11638889,2025-03-26 17:00:00,3,85,61.3,61.3,183.9,367.7999999999999,13.4,-0.5999999999999996,13.766666666666666,14.3,1.0,113,2025-03-26 23:00:00,2025-03-26 23:00:00,12.7,6.0,-0.7000000000000011
NH15 Crossing Fakirpara Tangni,DARRANG,26.50833333,92.11638889,2025-03-26 18:00:00,3,85,66.8,61.3,189.4,373.3,12.1,-1.3000000000000007,13.166666666666666,14.3,1.0,113,2025-03-27 00:00:00,2025-03-27 00:00:00,12.2,6.0,0.09999999999999964
NH15 Crossing Fakirpara Tangni,DARRANG,26.50833333,92.11638889,2025-03-26 20:00:00,3,85,61.2,66.8,189.3,373.2,12.7,0.5999999999999996,12.733333333333334,14.3,2.0,113,2025-03-27 02:00:00,2025-03-27 02:00:00,11.6,6.0,-1.0999999999999996
NH15 Crossing Fakirpara Tangni,DARRANG,26.50833333,92.11638889,2025-03-26 21:00:00,3,85,66.8,61.2,194.8,378.7,12.5,-0.1999999999999993,12.433333333333332,14.0,1.0,113,2025-03-27 03:00:00,2025-03-27 03:00:00,11.4,6.0,-1.0999999999999996
NH15 Crossing Fakirpara Tangni,DARRANG,26.50833333,92.11638889,2025-03-26 23:00:00,3,85,61.2,66.8,189.2,378.6,12.7,0.1999999999999993,12.633333333333333,14.0,2.0,113,2025-03-27 05:00:00,2025-03-27 05:00:00,12.6,6.0,-0.09999999999999964
NH15 Crossing Fakirpara Tangni,DARRANG,26.50833333,92.11638889,2025-03-27 00:00:00,3,86,61.3,61.2,189.3,378.6,12.2,-0.5,12.466666666666669,13.4,1.0,113,2025-03-27 06:00:00,2025-03-27 06:00:00,12.6,6.0,0.40000000000000036
NH15 Crossing Fakirpara Tangni,DARRANG,26.50833333,92.11638889,2025-03-27 01:00:00,3,86,61.3,61.3,183.8,378.6,12.6,0.4000000000000003,12.5,12.7,1.0,113,2025-03-27 07:00:00,2025-03-27 07:00:00,13.0,6.0,0.40000000000000036
NH15 Crossing Fakirpara Tangni,DARRANG,26.50833333,92.11638889,2025-03-27 02:00:00,3,86,61.3,61.3,183.9,373.1,11.6,-1.0,12.133333333333333,12.7,1.0,113,2025-03-27 08:00:00,2025-03-27 08:00:00,13.6,6.0,2.0
NH15 Crossing Fakirpara Tangni,DARRANG,26.50833333,92.11638889,2025-03-27 03:00:00,3,86,61.3,61.3,183.9,373.2,11.4,-0.1999999999999993,11.866666666666667,12.7,1.0,113,2025-03-27 09:00:00,2025-03-27 09:00:00,14.1,6.0,2.6999999999999993
NH15 Crossing Fakirpara Tangni,DARRANG,26.50833333,92.11638889,2025-03-27 04:00:00,3,86,61.3,61.3,183.9,367.7,12.6,1.1999999999999993,11.866666666666667,12.7,1.0,113,2025-03-27 10:00:00,2025-03-27 10:00:00,14.3,6.0,1.700000000000001
NH15 Crossing Fakirpara Tangni,DARRANG,26.50833333,92.11638889,2025-03-27 05:00:00,3,86,61.3,61.3,183.9,367.7999999999999,12.6,0.0,12.199999999999998,12.6,1.0,113,2025-03-27 11:00:00,2025-03-27 11:00:00,14.3,6.0,1.700000000000001
NH15 Crossing Fakirpara Tangni,DARRANG,26.50833333,92.11638889,2025-03-27 06:00:00,3,86,61.3,61.3,183.9,367.7999999999999,12.6,0.0,12.6,12.6,1.0,113,2025-03-27 12:00:00,2025-03-27 12:00:00,14.3,6.0,1.700000000000001
NH15 Crossing Fakirpara Tangni,DARRANG,26.50833333,92.11638889,2025-03-27 07:00:00,3,86,61.3,61.3,183.9,367.7999999999999,13.0,0.4000000000000003,12.733333333333333,13.0,1.0,113,2025-03-27 13:00:00,2025-03-27 13:00:00,14.3,6.0,1.3000000000000007
NH15 Crossing Fakirpara Tangni,DARRANG,26.50833333,92.11638889,2025-03-27 08:00:00,3,86,61.3,61.3,183.9,367.7999999999999,13.6,0.5999999999999996,13.066666666666668,13.6,1.0,113,2025-03-27 14:00:00,2025-03-27 14:00:00,14.4,6.0,0.8000000000000007
NH15 Crossing Fakirpara Tangni,DARRANG,26.50833333,92.11638889,2025-03-27 09:00:00,3,86,61.3,61.3,183.9,367.7999999999999,14.1,0.5,13.566666666666665,14.1,1.0,113,2025-03-27 15:00:00,2025-03-27 15:00:00,14.2,6.0,0.09999999999999964
NH15 Crossing Fakirpara Tangni,DARRANG,26.50833333,92.11638889,2025-03-27 10:00:00,3,86,61.3,61.3,183.9,367.7999999999999,14.3,0.200000000000001,14.0,14.3,1.0,113,2025-03-27 16:00:00,2025-03-27 16:00:00,13.6,6.0,-0.7000000000000011
NH15 Crossing Fakirpara Tangni,DARRANG,26.50833333,92.11638889,2025-03-27 11:00:00,3,86,61.3,61.3,183.9,367.7999999999999,14.3,0.0,14.233333333333334,14.3,1.0,113,2025-03-27 17:00:00,2025-03-27 17:00:00,13.0,6.0,-1.3000000000000007
NH15 Crossing Fakirpara Tangni,DARRANG,26.50833333,92.11638889,2025-03-27 12:00:00,3,86,61.3,61.3,183.9,367.7999999999999,14.3,0.0,14.3,14.3,1.0,113,2025-03-27 18:00:00,2025-03-27 18:00:00,12.8,6.0,-1.5
NH15 Crossing Fakirpara Tangni,DARRANG,26.50833333,92.11638889,2025-03-27 13:00:00,3,86,61.3,61.3,183.9,367.7999999999999,14.3,0.0,14.3,14.3,1.0,113,2025-03-27 19:00:00,2025-03-27 19:00:00,12.8,6.0,-1.5
NH15 Crossing Fakirpara Tangni,DARRANG,26.50833333,92.11638889,2025-03-27 14:00:00,3,86,61.3,61.3,183.9,367.7999999999999,14.4,0.0999999999999996,14.333333333333334,14.4,1.0,113,2025-03-27 20:00:00,2025-03-27 20:00:00,12.7,6.0,-1.700000000000001
NH15 Crossing Fakirpara Tangni,DARRANG,26.50833333,92.11638889,2025-03-27 15:00:00,3,86,61.2,61.3,183.8,367.7000000000001,14.2,-0.200000000000001,14.300000000000002,14.4,1.0,113,2025-03-27 21:00:00,2025-03-27 21:00:00,12.7,6.0,-1.5
NH15 Crossing Fakirpara Tangni,DARRANG,26.50833333,92.11638889,2025-03-27 16:00:00,3,86,61.2,61.2,183.7,367.6,13.6,-0.5999999999999996,14.066666666666665,14.4,1.0,113,2025-03-27 22:00:00,2025-03-27 22:00:00,12.7,6.0,-0.9000000000000004
NH15 Crossing Fakirpara Tangni,DARRANG,26.50833333,92.11638889,2025-03-27 17:00:00,3,86,61.3,61.2,183.7,367.6,13.0,-0.5999999999999996,13.6,14.4,1.0,113,2025-03-27 23:00:00,2025-03-27 23:00:00,12.7,6.0,-0.3000000000000007
NH15 Crossing Fakirpara Tangni,DARRANG,26.50833333,92.11638889,2025-03-27 18:00:00,3,86,61.2,61.3,183.7,367.5,12.8,-0.1999999999999993,13.133333333333333,14.4,1.0,113,2025-03-28 00:00:00,2025-03-28 00:00:00,12.7,6.0,-0.10000000000000142
NH15 Crossing Fakirpara Tangni,DARRANG,26.50833333,92.11638889,2025-03-27 19:00:00,3,86,61.2,61.2,183.7,367.4,12.8,0.0,12.866666666666667,14.4,1.0,113,2025-03-28 01:00:00,2025-03-28 01:00:00,12.6,6.0,-0.20000000000000107
NH15 Crossing Fakirpara Tangni,DARRANG,26.50833333,92.11638889,2025-03-27 20:00:00,3,86,61.2,61.2,183.6,367.3,12.7,-0.1000000000000014,12.766666666666666,14.2,1.0,113,2025-03-28 02:00:00,2025-03-28 02:00:00,12.6,6.0,-0.09999999999999964
NH15 Crossing Fakirpara Tangni,DARRANG,26.50833333,92.11638889,2025-03-27 21:00:00,3,86,61.2,61.2,183.6,367.30000000000007,12.7,0.0,12.733333333333334,13.6,1.0,113,2025-03-28 03:00:00,2025-03-28 03:00:00,12.6,6.0,-0.09999999999999964
NH15 Crossing Fakirpara Tangni,DARRANG,26.50833333,92.11638889,2025-03-27 22:00:00,3,86,61.2,61.2,183.6,367.3,12.7,0.0,12.7,13.0,1.0,113,2025-03-28 04:00:00,2025-03-28 04:00:00,12.6,6.0,-0.09999999999999964
NH15 Crossing Fakirpara Tangni,DARRANG,26.50833333,92.11638889,2025-03-27 23:00:00,3,86,61.3,61.2,183.7,367.2999999999999,12.7,0.0,12.7,12.8,1.0,113,2025-03-28 05:00:00,2025-03-28 05:00:00,12.6,6.0,-0.09999999999999964
NH15 Crossing Fakirpara Tangni,DARRANG,26.50833333,92.11638889,2025-03-28 00:00:00,3,87,61.3,61.3,183.8,367.4,12.7,0.0,12.7,12.8,1.0,113,2025-03-28 06:00:00,2025-03-28 06:00:00,12.6,6.0,-0.09999999999999964
NH15 Crossing Fakirpara Tangni,DARRANG,26.50833333,92.11638889,2025-03-28 01:00:00,3,87,61.3,61.3,183.9,367.5,12.6,-0.0999999999999996,12.666666666666666,12.7,1.0,113,2025-03-28 07:00:00,2025-03-28 07:00:00,12.8,6.0,0.20000000000000107
NH15 Crossing Fakirpara Tangni,DARRANG,26.50833333,92.11638889,2025-03-28 02:00:00,3,87,61.3,61.3,183.9,367.6,12.6,0.0,12.633333333333333,12.7,1.0,113,2025-03-28 08:00:00,2025-03-28 08:00:00,13.3,6.0,0.7000000000000011
NH15 Crossing Fakirpara Tangni,DARRANG,26.50833333,92.11638889,2025-03-28 03:00:00,3,87,61.3,61.3,183.9,367.69999999999993,12.6,0.0,12.6,12.7,1.0,113,2025-03-28 09:00:00,2025-03-28 09:00:00,13.7,6.0,1.0999999999999996
NH15 Crossing Fakirpara Tangni,DARRANG,26.50833333,92.11638889,2025-03-28 04:00:00,3,87,61.3,61.3,183.9,367.7999999999999,12.6,0.0,12.6,12.7,1.0,113,2025-03-28 10:00:00,2025-03-28 10:00:00,14.2,6.0,1.5999999999999996
NH15 Crossing Fakirpara Tangni,DARRANG,26.50833333,92.11638889,2025-03-28 05:00:00,3,87,61.3,61.3,183.9,367.7999999999999,12.6,0.0,12.6,12.7,1.0,113,2025-03-28 11:00:00,2025-03-28 11:00:00,14.1,6.0,1.5
NH15 Crossing Fakirpara Tangni,DARRANG,26.50833333,92.11638889,2025-03-28 06:00:00,3,87,61.3,61.3,183.9,367.7999999999999,12.6,0.0,12.6,12.6,1.0,113,2025-03-28 12:00:00,2025-03-28 12:00:00,14.3,6.0,1.700000000000001
NH15 Crossing Fakirpara Tangni,DARRANG,26.50833333,92.11638889,2025-03-28 07:00:00,3,87,61.2,61.3,183.8,367.7,12.8,0.200000000000001,12.666666666666666,12.8,1.0,113,2025-03-28 13:00:00,2025-03-28 13:00:00,14.2,6.0,1.3999999999999986
NH15 Crossing Fakirpara Tangni,DARRANG,26.50833333,92.11638889,2025-03-28 08:00:00,3,87,61.3,61.2,183.8,367.7,13.3,0.5,12.9,13.3,1.0,113,2025-03-28 14:00:00,2025-03-28 13:00:00,14.2,5.0,0.8999999999999986
NH15 Crossing Fakirpara Tangni,DARRANG,26.50833333,92.11638889,2025-03-28 09:00:00,3,87,61.2,61.3,183.7,367.6,13.7,0.3999999999999986,13.266666666666666,13.7,1.0,113,2025-03-28 15:00:00,2025-03-28 15:00:00,14.1,6.0,0.40000000000000036
NH15 Crossing Fakirpara Tangni,DARRANG,26.50833333,92.11638889,2025-03-28 10:00:00,3,87,61.2,61.2,183.7,367.5,14.2,0.5,13.733333333333334,14.2,1.0,113,2025-03-28 16:00:00,2025-03-28 16:00:00,13.8,6.0,-0.3999999999999986
NH15 Crossing Fakirpara Tangni,DARRANG,26.50833333,92.11638889,2025-03-28 11:00:00,3,87,61.2,61.2,183.6,367.4,14.1,-0.0999999999999996,14.0,14.2,1.0,113,2025-03-28 17:00:00,2025-03-28 17:00:00,12.7,6.0,-1.4000000000000004
NH15 Crossing Fakirpara Tangni,DARRANG,26.50833333,92.11638889,2025-03-28 12:00:00,3,87,61.2,61.2,183.6,367.3,14.3,0.200000000000001,14.2,14.3,1.0,113,2025-03-28 18:00:00,2025-03-28 18:00:00,12.9,6.0,-1.4000000000000004
NH15 Crossing Fakirpara Tangni,DARRANG,26.50833333,92.11638889,2025-03-28 13:00:00,3,87,61.2,61.2,183.6,367.3,14.2,-0.1000000000000014,14.199999999999998,14.3,1.0,113,2025-03-28 19:00:00,2025-03-28 18:00:00,12.9,5.0,-1.299999999999999
NH15 Crossing Fakirpara Tangni,DARRANG,26.50833333,92.11638889,2025-03-28 15:00:00,3,87,61.2,61.2,183.6,367.2000000000001,14.1,-0.0999999999999996,14.2,14.3,2.0,113,2025-03-28 21:00:00,2025-03-28 21:00:00,12.7,6.0,-1.4000000000000004
NH15 Crossing Fakirpara Tangni,DARRANG,26.50833333,92.11638889,2025-03-28 16:00:00,3,87,61.2,61.2,183.6,367.2000000000001,13.8,-0.2999999999999989,14.033333333333331,14.3,1.0,113,2025-03-28 22:00:00,2025-03-28 21:00:00,12.7,5.0,-1.1000000000000014
NH15 Crossing Fakirpara Tangni,DARRANG,26.50833333,92.11638889,2025-03-28 17:00:00,3,87,61.2,61.2,183.6,367.2000000000001,12.7,-1.1000000000000014,13.533333333333331,14.3,1.0,113,2025-03-28 23:00:00,2025-03-28 23:00:00,12.7,6.0,0.0
NH15 Crossing Fakirpara Tangni,DARRANG,26.50833333,92.11638889,2025-03-28 18:00:00,3,87,61.2,61.2,183.6,367.2000000000001,12.9,0.200000000000001,13.133333333333333,14.3,1.0,113,2025-03-29 00:00:00,2025-03-29 00:00:00,12.7,6.0,-0.20000000000000107
NH15 Crossing Fakirpara Tangni,DARRANG,26.50833333,92.11638889,2025-03-28 20:00:00,3,87,61.2,61.2,183.6,367.2000000000001,12.7,-0.200000000000001,12.766666666666666,14.2,2.0,113,2025-03-29 02:00:00,2025-03-29 02:00:00,12.6,6.0,-0.09999999999999964
NH15 Crossing Fakirpara Tangni,DARRANG,26.50833333,92.11638889,2025-03-28 21:00:00,3,87,61.2,61.2,183.6,367.2000000000001,12.7,0.0,12.766666666666666,14.1,1.0,113,2025-03-29 03:00:00,2025-03-29 03:00:00,12.2,6.0,-0.5
NH15 Crossing Fakirpara Tangni,DARRANG,26.50833333,92.11638889,2025-03-28 23:00:00,3,87,61.2,61.2,183.6,367.2000000000001,12.7,0.0,12.7,13.8,2.0,113,2025-03-29 05:00:00,2025-03-29 05:00:00,12.5,6.0,-0.1999999999999993
NH15 Crossing Fakirpara Tangni,DARRANG,26.50833333,92.11638889,2025-03-29 00:00:00,3,88,61.2,61.2,183.6,367.2000000000001,12.7,0.0,12.7,12.9,1.0,113,2025-03-29 06:00:00,2025-03-29 06:00:00,12.6,6.0,-0.09999999999999964
NH15 Crossing Fakirpara Tangni,DARRANG,26.50833333,92.11638889,2025-03-29 02:00:00,3,88,61.2,61.2,183.6,367.2000000000001,12.6,-0.0999999999999996,12.666666666666666,12.9,2.0,113,2025-03-29 08:00:00,2025-03-29 08:00:00,13.3,6.0,0.7000000000000011
NH15 Crossing Fakirpara Tangni,DARRANG,26.50833333,92.11638889,2025-03-29 03:00:00,3,88,61.2,61.2,183.6,367.2000000000001,12.2,-0.4000000000000003,12.5,12.7,1.0,113,2025-03-29 09:00:00,2025-03-29 09:00:00,13.7,6.0,1.5
NH15 Crossing Fakirpara Tangni,DARRANG,26.50833333,92.11638889,2025-03-29 04:00:00,3,88,61.2,61.2,183.6,367.2000000000001,12.6,0.4000000000000003,12.466666666666669,12.7,1.0,113,2025-03-29 10:00:00,2025-03-29 10:00:00,14.0,6.0,1.4000000000000004
NH15 Crossing Fakirpara Tangni,DARRANG,26.50833333,92.11638889,2025-03-29 05:00:00,3,88,61.2,61.2,183.6,367.2000000000001,12.5,-0.0999999999999996,12.433333333333332,12.7,1.0,113,2025-03-29 11:00:00,2025-03-29 11:00:00,14.2,6.0,1.6999999999999993
NH15 Crossing Fakirpara Tangni,DARRANG,26.50833333,92.11638889,2025-03-29 06:00:00,3,88,61.2,61.2,183.6,367.2000000000001,12.6,0.0999999999999996,12.566666666666668,12.7,1.0,113,2025-03-29 12:00:00,2025-03-29 12:00:00,14.1,6.0,1.5
NH15 Crossing Fakirpara Tangni,DARRANG,26.50833333,92.11638889,2025-03-29 07:00:00,3,88,61.2,61.2,183.6,367.2000000000001,12.7,0.0999999999999996,12.6,12.7,1.0,113,2025-03-29 13:00:00,2025-03-29 13:00:00,14.2,6.0,1.5
NH15 Crossing Fakirpara Tangni,DARRANG,26.50833333,92.11638889,2025-03-29 08:00:00,3,88,61.2,61.2,183.6,367.2000000000001,13.3,0.6000000000000014,12.866666666666667,13.3,1.0,113,2025-03-29 14:00:00,2025-03-29 14:00:00,14.2,6.0,0.8999999999999986
NH15 Crossing Fakirpara Tangni,DARRANG,26.50833333,92.11638889,2025-03-29 09:00:00,3,88,61.2,61.2,183.6,367.2000000000001,13.7,0.3999999999999986,13.233333333333333,13.7,1.0,113,2025-03-29 15:00:00,2025-03-29 15:00:00,14.0,6.0,0.3000000000000007
NH15 Crossing Fakirpara Tangni,DARRANG,26.50833333,92.11638889,2025-03-29 10:00:00,3,88,61.2,61.2,183.6,367.2000000000001,14.0,0.3000000000000007,13.666666666666666,14.0,1.0,113,2025-03-29 16:00:00,2025-03-29 16:00:00,13.8,6.0,-0.1999999999999993
NH15 Crossing Fakirpara Tangni,DARRANG,26.50833333,92.11638889,2025-03-29 11:00:00,3,88,61.2,61.2,183.6,367.2000000000001,14.2,0.1999999999999993,13.966666666666669,14.2,1.0,113,2025-03-29 17:00:00,2025-03-29 17:00:00,12.9,6.0,-1.299999999999999
NH15 Crossing Fakirpara Tangni,DARRANG,26.50833333,92.11638889,2025-03-29 12:00:00,3,88,61.2,61.2,183.6,367.2000000000001,14.1,-0.0999999999999996,14.1,14.2,1.0,113,2025-03-29 18:00:00,2025-03-29 18:00:00,12.1,6.0,-2.0
NH15 Crossing Fakirpara Tangni,DARRANG,26.50833333,92.11638889,2025-03-29 13:00:00,3,88,61.2,61.2,183.6,367.2000000000001,14.2,0.0999999999999996,14.166666666666666,14.2,1.0,113,2025-03-29 19:00:00,2025-03-29 19:00:00,12.8,6.0,-1.3999999999999986
NH15 Crossing Fakirpara Tangni,DARRANG,26.50833333,92.11638889,2025-03-29 14:00:00,3,88,61.2,61.2,183.6,367.2000000000001,14.2,0.0,14.166666666666666,14.2,1.0,113,2025-03-29 20:00:00,2025-03-29 19:00:00,12.8,5.0,-1.3999999999999986
NH15 Crossing Fakirpara Tangni,DARRANG,26.50833333,92.11638889,2025-03-29 15:00:00,3,88,61.2,61.2,183.6,367.2000000000001,14.0,-0.1999999999999993,14.133333333333333,14.2,1.0,113,2025-03-29 21:00:00,2025-03-29 21:00:00,12.7,6.0,-1.3000000000000007
NH15 Crossing Fakirpara Tangni,DARRANG,26.50833333,92.11638889,2025-03-29 16:00:00,3,88,61.2,61.2,183.6,367.2000000000001,13.8,-0.1999999999999993,14.0,14.2,1.0,113,2025-03-29 22:00:00,2025-03-29 21:00:00,12.7,5.0,-1.1000000000000014
NH15 Crossing Fakirpara Tangni,DARRANG,26.50833333,92.11638889,2025-03-29 17:00:00,3,88,61.2,61.2,183.6,367.2000000000001,12.9,-0.9000000000000004,13.566666666666668,14.2,1.0,113,2025-03-29 23:00:00,2025-03-29 23:00:00,12.7,6.0,-0.20000000000000107
NH15 Crossing Fakirpara Tangni,DARRANG,26.50833333,92.11638889,2025-03-29 18:00:00,3,88,66.8,61.2,189.2,372.8,12.1,-0.8000000000000007,12.933333333333332,14.2,1.0,113,2025-03-30 00:00:00,2025-03-29 23:00:00,12.7,5.0,0.5999999999999996
NH15 Crossing Fakirpara Tangni,DARRANG,26.50833333,92.11638889,2025-03-29 19:00:00,3,88,61.2,66.8,189.2,372.8,12.8,0.7000000000000011,12.6,14.2,1.0,113,2025-03-30 01:00:00,2025-03-30 01:00:00,12.2,6.0,-0.6000000000000014
NH15 Crossing Fakirpara Tangni,DARRANG,26.50833333,92.11638889,2025-03-29 21:00:00,3,88,61.2,61.2,189.2,372.8,12.7,-0.1000000000000014,12.533333333333331,14.0,2.0,113,2025-03-30 03:00:00,2025-03-30 03:00:00,12.4,6.0,-0.29999999999999893
NH15 Crossing Fakirpara Tangni,DARRANG,26.50833333,92.11638889,2025-03-29 23:00:00,3,88,61.2,61.2,183.6,372.80000000000007,12.7,0.0,12.733333333333334,13.8,2.0,113,2025-03-30 05:00:00,2025-03-30 05:00:00,12.6,6.0,-0.09999999999999964
NH15 Crossing Fakirpara Tangni,DARRANG,26.50833333,92.11638889,2025-03-30 01:00:00,3,89,61.2,61.2,183.6,372.8,12.2,-0.5,12.533333333333331,12.9,2.0,113,2025-03-30 07:00:00,2025-03-30 07:00:00,12.9,6.0,0.7000000000000011
NH15 Crossing Fakirpara Tangni,DARRANG,26.50833333,92.11638889,2025-03-30 02:00:00,3,89,61.2,61.2,183.6,372.8,12.4,0.200000000000001,12.433333333333332,12.8,1.0,113,2025-03-30 08:00:00,2025-03-30 08:00:00,14.3,6.0,1.9000000000000004
NH15 Crossing Fakirpara Tangni,DARRANG,26.50833333,92.11638889,2025-03-30 03:00:00,3,89,61.2,61.2,183.6,367.2000000000001,12.4,0.0,12.333333333333334,12.8,1.0,113,2025-03-30 09:00:00,2025-03-30 09:00:00,14.0,6.0,1.5999999999999996
NH15 Crossing Fakirpara Tangni,DARRANG,26.50833333,92.11638889,2025-03-30 04:00:00,3,89,61.2,61.2,183.6,367.2000000000001,12.2,-0.200000000000001,12.333333333333334,12.7,1.0,113,2025-03-30 10:00:00,2025-03-30 10:00:00,14.0,6.0,1.8000000000000007
NH15 Crossing Fakirpara Tangni,DARRANG,26.50833333,92.11638889,2025-03-30 05:00:00,3,89,61.2,61.2,183.6,367.2000000000001,12.6,0.4000000000000003,12.4,12.7,1.0,113,2025-03-30 11:00:00,2025-03-30 11:00:00,14.1,6.0,1.5
NH15 Crossing Fakirpara Tangni,DARRANG,26.50833333,92.11638889,2025-03-30 06:00:00,3,89,66.8,61.2,189.2,372.7999999999999,12.4,-0.1999999999999993,12.4,12.6,1.0,113,2025-03-30 12:00:00,2025-03-30 12:00:00,14.1,6.0,1.6999999999999993
NH15 Crossing Fakirpara Tangni,DARRANG,26.50833333,92.11638889,2025-03-30 07:00:00,3,89,61.2,66.8,189.2,372.8,12.9,0.5,12.633333333333333,12.9,1.0,113,2025-03-30 13:00:00,2025-03-30 13:00:00,14.1,6.0,1.1999999999999993
NH15 Crossing Fakirpara Tangni,DARRANG,26.50833333,92.11638889,2025-03-30 08:00:00,3,89,61.2,61.2,189.2,372.8,14.3,1.4000000000000004,13.2,14.3,1.0,113,2025-03-30 14:00:00,2025-03-30 14:00:00,14.2,6.0,-0.10000000000000142
NH15 Crossing Fakirpara Tangni,DARRANG,26.50833333,92.11638889,2025-03-30 09:00:00,3,89,61.2,61.2,183.6,372.8,14.0,-0.3000000000000007,13.733333333333334,14.3,1.0,113,2025-03-30 15:00:00,2025-03-30 14:00:00,14.2,5.0,0.1999999999999993
NH15 Crossing Fakirpara Tangni,DARRANG,26.50833333,92.11638889,2025-03-30 10:00:00,3,89,61.2,61.2,183.6,372.80000000000007,14.0,0.0,14.1,14.3,1.0,113,2025-03-30 16:00:00,2025-03-30 16:00:00,13.5,6.0,-0.5
NH15 Crossing Fakirpara Tangni,DARRANG,26.50833333,92.11638889,2025-03-30 11:00:00,3,89,61.2,61.2,183.6,372.8,14.1,0.0999999999999996,14.033333333333331,14.3,1.0,113,2025-03-30 17:00:00,2025-03-30 17:00:00,13.2,6.0,-0.9000000000000004
NH15 Crossing Fakirpara Tangni,DARRANG,26.50833333,92.11638889,2025-03-30 12:00:00,3,89,61.2,61.2,183.6,367.2000000000001,14.1,0.0,14.066666666666665,14.3,1.0,113,2025-03-30 18:00:00,2025-03-30 18:00:00,12.9,6.0,-1.1999999999999993
NH15 Crossing Fakirpara Tangni,DARRANG,26.50833333,92.11638889,2025-03-30 13:00:00,3,89,61.2,61.2,183.6,367.2000000000001,14.1,0.0,14.1,14.3,1.0,113,2025-03-30 19:00:00,2025-03-30 19:00:00,12.8,6.0,-1.299999999999999
NH15 Crossing Fakirpara Tangni,DARRANG,26.50833333,92.11638889,2025-03-30 14:00:00,3,89,61.2,61.2,183.6,367.2000000000001,14.2,0.0999999999999996,14.133333333333333,14.2,1.0,113,2025-03-30 20:00:00,2025-03-30 20:00:00,12.7,6.0,-1.5
NH15 Crossing Fakirpara Tangni,DARRANG,26.50833333,92.11638889,2025-03-30 16:00:00,3,89,66.8,61.2,189.2,372.8,13.5,-0.6999999999999993,13.933333333333332,14.2,2.0,113,2025-03-30 22:00:00,2025-03-30 22:00:00,12.1,6.0,-1.4000000000000004
NH15 Crossing Fakirpara Tangni,DARRANG,26.50833333,92.11638889,2025-03-30 17:00:00,3,89,61.2,66.8,189.2,372.80000000000007,13.2,-0.3000000000000007,13.633333333333333,14.2,1.0,113,2025-03-30 23:00:00,2025-03-30 23:00:00,12.7,6.0,-0.5
NH15 Crossing Fakirpara Tangni,DARRANG,26.50833333,92.11638889,2025-03-30 18:00:00,3,89,61.2,61.2,189.2,372.8,12.9,-0.2999999999999989,13.2,14.2,1.0,113,2025-03-31 00:00:00,2025-03-30 23:00:00,12.7,5.0,-0.20000000000000107
NH15 Crossing Fakirpara Tangni,DARRANG,26.50833333,92.11638889,2025-03-30 19:00:00,3,89,61.2,61.2,183.6,372.8,12.8,-0.0999999999999996,12.966666666666669,14.2,1.0,113,2025-03-31 01:00:00,2025-03-31 01:00:00,12.6,6.0,-0.20000000000000107
NH15 Crossing Fakirpara Tangni,DARRANG,26.50833333,92.11638889,2025-03-30 20:00:00,3,89,61.2,61.2,183.6,372.8,12.7,-0.1000000000000014,12.8,14.2,1.0,113,2025-03-31 02:00:00,2025-03-31 02:00:00,12.6,6.0,-0.09999999999999964
NH15 Crossing Fakirpara Tangni,DARRANG,26.50833333,92.11638889,2025-03-30 21:00:00,3,89,61.2,61.2,183.6,372.80000000000007,12.7,0.0,12.733333333333334,13.5,1.0,113,2025-03-31 03:00:00,2025-03-31 03:00:00,12.6,6.0,-0.09999999999999964
NH15 Crossing Fakirpara Tangni,DARRANG,26.50833333,92.11638889,2025-03-30 22:00:00,3,89,66.8,61.2,189.2,372.8,12.1,-0.5999999999999996,12.5,13.2,1.0,113,2025-03-31 04:00:00,2025-03-31 04:00:00,12.6,6.0,0.5
NH15 Crossing Fakirpara Tangni,DARRANG,26.50833333,92.11638889,2025-03-30 23:00:00,3,89,61.2,66.8,189.2,372.80000000000007,12.7,0.5999999999999996,12.5,12.9,1.0,113,2025-03-31 05:00:00,2025-03-31 05:00:00,12.0,6.0,-0.6999999999999993
NH15 Crossing Fakirpara Tangni,DARRANG,26.50833333,92.11638889,2025-03-31 01:00:00,3,90,66.8,61.2,194.8,378.4,12.6,-0.0999999999999996,12.466666666666669,12.8,2.0,113,2025-03-31 07:00:00,2025-03-31 07:00:00,13.6,6.0,1.0
NH15 Crossing Fakirpara Tangni,DARRANG,26.50833333,92.11638889,2025-03-31 02:00:00,3,90,66.8,66.8,194.8,384.0,12.6,0.0,12.633333333333333,12.7,1.0,113,2025-03-31 08:00:00,2025-03-31 08:00:00,13.7,6.0,1.0999999999999996
NH15 Crossing Fakirpara Tangni,DARRANG,26.50833333,92.11638889,2025-03-31 03:00:00,3,90,66.8,66.8,200.4,389.6,12.6,0.0,12.6,12.7,1.0,113,2025-03-31 09:00:00,2025-03-31 09:00:00,13.7,6.0,1.0999999999999996
NH15 Crossing Fakirpara Tangni,DARRANG,26.50833333,92.11638889,2025-03-31 04:00:00,3,90,66.8,66.8,200.4,395.19999999999993,12.6,0.0,12.6,12.7,1.0,113,2025-03-31 10:00:00,2025-03-31 10:00:00,14.3,6.0,1.700000000000001
NH15 Crossing Fakirpara Tangni,DARRANG,26.50833333,92.11638889,2025-03-31 05:00:00,3,90,61.2,66.8,194.8,389.6,12.0,-0.5999999999999996,12.4,12.7,1.0,113,2025-03-31 11:00:00,2025-03-31 11:00:00,14.3,6.0,2.3000000000000007
NH15 Crossing Fakirpara Tangni,DARRANG,26.50833333,92.11638889,2025-03-31 06:00:00,3,90,61.2,61.2,189.2,389.6,12.5,0.5,12.366666666666664,12.6,1.0,113,2025-03-31 12:00:00,2025-03-31 12:00:00,14.3,6.0,1.8000000000000007
NH15 Crossing Fakirpara Tangni,DARRANG,26.50833333,92.11638889,2025-03-31 07:00:00,3,90,61.2,61.2,183.6,384.0,13.6,1.0999999999999996,12.7,13.6,1.0,113,2025-03-31 13:00:00,2025-03-31 13:00:00,14.3,6.0,0.7000000000000011
NH15 Crossing Fakirpara Tangni,DARRANG,26.50833333,92.11638889,2025-03-31 08:00:00,3,90,61.2,61.2,183.6,378.4,13.7,0.0999999999999996,13.266666666666666,13.7,1.0,113,2025-03-31 14:00:00,2025-03-31 14:00:00,14.0,6.0,0.3000000000000007
NH15 Crossing Fakirpara Tangni,DARRANG,26.50833333,92.11638889,2025-03-31 09:00:00,3,90,66.8,61.2,189.2,378.4,13.7,0.0,13.666666666666666,13.7,1.0,113,2025-03-31 15:00:00,2025-03-31 15:00:00,14.0,6.0,0.3000000000000007
NH15 Crossing Fakirpara Tangni,DARRANG,26.50833333,92.11638889,2025-03-31 10:00:00,3,90,61.2,66.8,189.2,372.80000000000007,14.3,0.6000000000000014,13.9,14.3,1.0,113,2025-03-31 16:00:00,2025-03-31 16:00:00,13.7,6.0,-0.6000000000000014
NH15 Crossing Fakirpara Tangni,DARRANG,26.50833333,92.11638889,2025-03-31 11:00:00,3,90,61.2,61.2,189.2,372.8,14.3,0.0,14.1,14.3,1.0,113,2025-03-31 17:00:00,2025-03-31 17:00:00,13.1,6.0,-1.200000000000001
NH15 Crossing Fakirpara Tangni,DARRANG,26.50833333,92.11638889,2025-03-31 12:00:00,3,90,61.2,61.2,183.6,372.8,14.3,0.0,14.3,14.3,1.0,113,2025-03-31 18:00:00,2025-03-31 18:00:00,12.9,6.0,-1.4000000000000004
NH15 Crossing Fakirpara Tangni,DARRANG,26.50833333,92.11638889,2025-03-31 13:00:00,3,90,61.2,61.2,183.6,372.8,14.3,0.0,14.3,14.3,1.0,113,2025-03-31 19:00:00,2025-03-31 19:00:00,12.8,6.0,-1.5
NH15 Crossing Fakirpara Tangni,DARRANG,26.50833333,92.11638889,2025-03-31 14:00:00,3,90,61.2,61.2,183.6,372.80000000000007,14.0,-0.3000000000000007,14.2,14.3,1.0,113,2025-03-31 20:00:00,2025-03-31 20:00:00,12.7,6.0,-1.3000000000000007
NH15 Crossing Fakirpara Tangni,DARRANG,26.50833333,92.11638889,2025-03-31 15:00:00,3,90,61.2,61.2,183.6,367.2000000000001,14.0,0.0,14.1,14.3,1.0,113,2025-03-31 21:00:00,2025-03-31 21:00:00,12.7,6.0,-1.3000000000000007
NH15 Crossing Fakirpara Tangni,DARRANG,26.50833333,92.11638889,2025-03-31 16:00:00,3,90,61.2,61.2,183.6,367.2000000000001,13.7,-0.3000000000000007,13.9,14.3,1.0,113,2025-03-31 22:00:00,2025-03-31 22:00:00,12.7,6.0,-1.0
NH15 Crossing Fakirpara Tangni,DARRANG,26.50833333,92.11638889,2025-03-31 17:00:00,3,90,61.2,61.2,183.6,367.2000000000001,13.1,-0.5999999999999996,13.6,14.3,1.0,113,2025-03-31 23:00:00,2025-03-31 23:00:00,12.6,6.0,-0.5
NH15 Crossing Fakirpara Tangni,DARRANG,26.50833333,92.11638889,2025-03-31 18:00:00,3,90,61.2,61.2,183.6,367.2000000000001,12.9,-0.1999999999999993,13.233333333333333,14.3,1.0,113,2025-04-01 00:00:00,2025-04-01 00:00:00,12.7,6.0,-0.20000000000000107
NH15 Crossing Fakirpara Tangni,DARRANG,26.50833333,92.11638889,2025-03-31 19:00:00,3,90,61.2,61.2,183.6,367.2000000000001,12.8,-0.0999999999999996,12.933333333333335,14.0,1.0,113,2025-04-01 01:00:00,2025-04-01 01:00:00,12.6,6.0,-0.20000000000000107
NH15 Crossing Fakirpara Tangni,DARRANG,26.50833333,92.11638889,2025-03-31 20:00:00,3,90,61.2,61.2,183.6,367.2000000000001,12.7,-0.1000000000000014,12.8,14.0,1.0,113,2025-04-01 02:00:00,2025-04-01 02:00:00,12.6,6.0,-0.09999999999999964
NH15 Crossing Fakirpara Tangni,DARRANG,26.50833333,92.11638889,2025-03-31 21:00:00,3,90,61.2,61.2,183.6,367.2000000000001,12.7,0.0,12.733333333333334,13.7,1.0,113,2025-04-01 03:00:00,2025-04-01 03:00:00,12.6,6.0,-0.09999999999999964
NH15 Crossing Fakirpara Tangni,DARRANG,26.50833333,92.11638889,2025-03-31 22:00:00,3,90,61.2,61.2,183.6,367.2000000000001,12.7,0.0,12.7,13.1,1.0,113,2025-04-01 04:00:00,2025-04-01 04:00:00,12.1,6.0,-0.5999999999999996
NH15 Crossing Fakirpara Tangni,DARRANG,26.50833333,92.11638889,2025-03-31 23:00:00,3,90,61.2,61.2,183.6,367.2000000000001,12.6,-0.0999999999999996,12.666666666666666,12.9,1.0,113,2025-04-01 05:00:00,2025-04-01 05:00:00,12.5,6.0,-0.09999999999999964
NH15 Crossing Fakirpara Tangni,DARRANG,26.50833333,92.11638889,2025-04-01 00:00:00,4,91,61.3,61.2,183.7,367.2999999999999,12.7,0.0999999999999996,12.666666666666666,12.8,1.0,113,2025-04-01 06:00:00,2025-04-01 06:00:00,12.6,6.0,-0.09999999999999964
NH15 Crossing Fakirpara Tangni,DARRANG,26.50833333,92.11638889,2025-04-01 01:00:00,4,91,61.3,61.3,183.8,367.4,12.6,-0.0999999999999996,12.633333333333333,12.7,1.0,113,2025-04-01 07:00:00,2025-04-01 07:00:00,13.4,6.0,0.8000000000000007
NH15 Crossing Fakirpara Tangni,DARRANG,26.50833333,92.11638889,2025-04-01 02:00:00,4,91,61.3,61.3,183.9,367.5,12.6,0.0,12.633333333333333,12.7,1.0,113,2025-04-01 08:00:00,2025-04-01 08:00:00,13.4,6.0,0.8000000000000007
NH15 Crossing Fakirpara Tangni,DARRANG,26.50833333,92.11638889,2025-04-01 03:00:00,4,91,61.3,61.3,183.9,367.6,12.6,0.0,12.6,12.7,1.0,113,2025-04-01 09:00:00,2025-04-01 09:00:00,14.1,6.0,1.5
NH15 Crossing Fakirpara Tangni,DARRANG,26.50833333,92.11638889,2025-04-01 04:00:00,4,91,61.3,61.3,183.9,367.69999999999993,12.1,-0.5,12.433333333333332,12.7,1.0,113,2025-04-01 10:00:00,2025-04-01 10:00:00,14.1,6.0,2.0
NH15 Crossing Fakirpara Tangni,DARRANG,26.50833333,92.11638889,2025-04-01 05:00:00,4,91,61.3,61.3,183.9,367.7999999999999,12.5,0.4000000000000003,12.4,12.7,1.0,113,2025-04-01 11:00:00,2025-04-01 11:00:00,14.1,6.0,1.5999999999999996
NH15 Crossing Fakirpara Tangni,DARRANG,26.50833333,92.11638889,2025-04-01 06:00:00,4,91,61.3,61.3,183.9,367.7999999999999,12.6,0.0999999999999996,12.4,12.6,1.0,113,2025-04-01 12:00:00,2025-04-01 12:00:00,14.1,6.0,1.5
NH15 Crossing Fakirpara Tangni,DARRANG,26.50833333,92.11638889,2025-04-01 07:00:00,4,91,61.2,61.3,183.8,367.7,13.4,0.8000000000000007,12.833333333333334,13.4,1.0,113,2025-04-01 13:00:00,2025-04-01 13:00:00,14.2,6.0,0.7999999999999989
NH15 Crossing Fakirpara Tangni,DARRANG,26.50833333,92.11638889,2025-04-01 08:00:00,4,91,61.2,61.2,183.7,367.6,13.4,0.0,13.133333333333333,13.4,1.0,113,2025-04-01 14:00:00,2025-04-01 14:00:00,13.9,6.0,0.5
NH15 Crossing Fakirpara Tangni,DARRANG,26.50833333,92.11638889,2025-04-01 09:00:00,4,91,61.2,61.2,183.6,367.5,14.1,0.6999999999999993,13.633333333333333,14.1,1.0,113,2025-04-01 15:00:00,2025-04-01 15:00:00,13.9,6.0,-0.1999999999999993
NH15 Crossing Fakirpara Tangni,DARRANG,26.50833333,92.11638889,2025-04-01 10:00:00,4,91,61.2,61.2,183.6,367.4,14.1,0.0,13.866666666666667,14.1,1.0,113,2025-04-01 16:00:00,2025-04-01 16:00:00,12.9,6.0,-1.1999999999999993
NH15 Crossing Fakirpara Tangni,DARRANG,26.50833333,92.11638889,2025-04-01 11:00:00,4,91,61.2,61.2,183.6,367.3,14.1,0.0,14.1,14.1,1.0,113,2025-04-01 17:00:00,2025-04-01 17:00:00,12.6,6.0,-1.5
NH15 Crossing Fakirpara Tangni,DARRANG,26.50833333,92.11638889,2025-04-01 12:00:00,4,91,66.8,61.2,189.2,372.8,14.1,0.0,14.1,14.1,1.0,113,2025-04-01 18:00:00,2025-04-01 18:00:00,12.9,6.0,-1.1999999999999993
NH15 Crossing Fakirpara Tangni,DARRANG,26.50833333,92.11638889,2025-04-01 13:00:00,4,91,66.8,66.8,194.8,378.4,14.2,0.0999999999999996,14.133333333333333,14.2,1.0,113,2025-04-01 19:00:00,2025-04-01 19:00:00,12.8,6.0,-1.3999999999999986
NH15 Crossing Fakirpara Tangni,DARRANG,26.50833333,92.11638889,2025-04-01 14:00:00,4,91,66.8,66.8,200.4,384.0,13.9,-0.2999999999999989,14.066666666666668,14.2,1.0,113,2025-04-01 20:00:00,2025-04-01 20:00:00,12.8,6.0,-1.0999999999999996
NH15 Crossing Fakirpara Tangni,DARRANG,26.50833333,92.11638889,2025-04-01 15:00:00,4,91,66.8,66.8,200.4,389.6,13.9,0.0,14.0,14.2,1.0,113,2025-04-01 21:00:00,2025-04-01 20:00:00,12.8,5.0,-1.0999999999999996
NH15 Crossing Fakirpara Tangni,DARRANG,26.50833333,92.11638889,2025-04-01 16:00:00,4,91,66.8,66.8,200.4,395.2,12.9,-1.0,13.566666666666668,14.2,1.0,113,2025-04-01 22:00:00,2025-04-01 22:00:00,12.7,6.0,-0.20000000000000107
NH15 Crossing Fakirpara Tangni,DARRANG,26.50833333,92.11638889,2025-04-01 17:00:00,4,91,61.2,66.8,194.8,395.2,12.6,-0.3000000000000007,13.133333333333333,14.2,1.0,113,2025-04-01 23:00:00,2025-04-01 23:00:00,12.7,6.0,0.09999999999999964
NH15 Crossing Fakirpara Tangni,DARRANG,26.50833333,92.11638889,2025-04-01 18:00:00,4,91,61.2,61.2,189.2,389.6,12.9,0.3000000000000007,12.800000000000002,14.2,1.0,113,2025-04-02 00:00:00,2025-04-02 00:00:00,12.6,6.0,-0.3000000000000007
NH15 Crossing Fakirpara Tangni,DARRANG,26.50833333,92.11638889,2025-04-01 19:00:00,4,91,61.3,61.2,183.7,384.1,12.8,-0.0999999999999996,12.766666666666666,13.9,1.0,113,2025-04-02 01:00:00,2025-04-02 01:00:00,12.6,6.0,-0.20000000000000107
NH15 Crossing Fakirpara Tangni,DARRANG,26.50833333,92.11638889,2025-04-01 20:00:00,4,91,61.3,61.3,183.8,378.6,12.8,0.0,12.833333333333334,13.9,1.0,113,2025-04-02 02:00:00,2025-04-02 02:00:00,12.6,6.0,-0.20000000000000107
NH15 Crossing Fakirpara Tangni,DARRANG,26.50833333,92.11638889,2025-04-01 22:00:00,4,91,61.2,61.3,183.8,373.0,12.7,-0.1000000000000014,12.766666666666666,12.9,2.0,113,2025-04-02 04:00:00,2025-04-02 04:00:00,12.6,6.0,-0.09999999999999964
NH15 Crossing Fakirpara Tangni,DARRANG,26.50833333,92.11638889,2025-04-01 23:00:00,4,91,61.2,61.2,183.7,367.4,12.7,0.0,12.733333333333334,12.9,1.0,113,2025-04-02 05:00:00,2025-04-02 05:00:00,12.5,6.0,-0.1999999999999993
NH15 Crossing Fakirpara Tangni,DARRANG,26.50833333,92.11638889,2025-04-02 00:00:00,4,92,61.2,61.2,183.6,367.4,12.6,-0.0999999999999996,12.666666666666666,12.9,1.0,113,2025-04-02 06:00:00,2025-04-02 06:00:00,12.7,6.0,0.09999999999999964
NH15 Crossing Fakirpara Tangni,DARRANG,26.50833333,92.11638889,2025-04-02 01:00:00,4,92,61.2,61.2,183.6,367.4,12.6,0.0,12.633333333333333,12.8,1.0,113,2025-04-02 07:00:00,2025-04-02 07:00:00,13.3,6.0,0.7000000000000011
NH15 Crossing Fakirpara Tangni,DARRANG,26.50833333,92.11638889,2025-04-02 02:00:00,4,92,61.2,61.2,183.6,367.3,12.6,0.0,12.6,12.8,1.0,113,2025-04-02 08:00:00,2025-04-02 08:00:00,13.8,6.0,1.200000000000001
NH15 Crossing Fakirpara Tangni,DARRANG,26.50833333,92.11638889,2025-04-02 03:00:00,4,92,61.2,61.2,183.6,367.2000000000001,12.6,0.0,12.6,12.7,1.0,113,2025-04-02 09:00:00,2025-04-02 09:00:00,14.1,6.0,1.5
NH15 Crossing Fakirpara Tangni,DARRANG,26.50833333,92.11638889,2025-04-02 04:00:00,4,92,61.2,61.2,183.6,367.2000000000001,12.6,0.0,12.6,12.7,1.0,113,2025-04-02 10:00:00,2025-04-02 10:00:00,14.2,6.0,1.5999999999999996
NH15 Crossing Fakirpara Tangni,DARRANG,26.50833333,92.11638889,2025-04-02 05:00:00,4,92,61.2,61.2,183.6,367.2000000000001,12.5,-0.0999999999999996,12.566666666666665,12.6,1.0,113,2025-04-02 11:00:00,2025-04-02 11:00:00,14.1,6.0,1.5999999999999996
NH15 Crossing Fakirpara Tangni,DARRANG,26.50833333,92.11638889,2025-04-02 06:00:00,4,92,61.2,61.2,183.6,367.2000000000001,12.7,0.1999999999999993,12.6,12.7,1.0,113,2025-04-02 12:00:00,2025-04-02 12:00:00,14.2,6.0,1.5
NH15 Crossing Fakirpara Tangni,DARRANG,26.50833333,92.11638889,2025-04-02 07:00:00,4,92,61.2,61.2,183.6,367.2000000000001,13.3,0.6000000000000014,12.833333333333334,13.3,1.0,113,2025-04-02 13:00:00,2025-04-02 13:00:00,14.2,6.0,0.8999999999999986
NH15 Crossing Fakirpara Tangni,DARRANG,26.50833333,92.11638889,2025-04-02 08:00:00,4,92,61.2,61.2,183.6,367.2000000000001,13.8,0.5,13.266666666666666,13.8,1.0,113,2025-04-02 14:00:00,2025-04-02 14:00:00,14.2,6.0,0.3999999999999986
NH15 Crossing Fakirpara Tangni,DARRANG,26.50833333,92.11638889,2025-04-02 09:00:00,4,92,61.2,61.2,183.6,367.2000000000001,14.1,0.2999999999999989,13.733333333333334,14.1,1.0,113,2025-04-02 15:00:00,2025-04-02 15:00:00,13.7,6.0,-0.40000000000000036
NH15 Crossing Fakirpara Tangni,DARRANG,26.50833333,92.11638889,2025-04-02 10:00:00,4,92,61.2,61.2,183.6,367.2000000000001,14.2,0.0999999999999996,14.033333333333331,14.2,1.0,113,2025-04-02 16:00:00,2025-04-02 16:00:00,13.9,6.0,-0.29999999999999893
NH15 Crossing Fakirpara Tangni,DARRANG,26.50833333,92.11638889,2025-04-02 11:00:00,4,92,61.2,61.2,183.6,367.2000000000001,14.1,-0.0999999999999996,14.133333333333333,14.2,1.0,113,2025-04-02 17:00:00,2025-04-02 17:00:00,13.9,6.0,-0.1999999999999993
NH15 Crossing Fakirpara Tangni,DARRANG,26.50833333,92.11638889,2025-04-02 12:00:00,4,92,61.2,61.2,183.6,367.2000000000001,14.2,0.0999999999999996,14.166666666666666,14.2,1.0,113,2025-04-02 18:00:00,2025-04-02 18:00:00,13.0,6.0,-1.1999999999999993
NH15 Crossing Fakirpara Tangni,DARRANG,26.50833333,92.11638889,2025-04-02 13:00:00,4,92,61.2,61.2,183.6,367.2000000000001,14.2,0.0,14.166666666666666,14.2,1.0,113,2025-04-02 19:00:00,2025-04-02 18:00:00,13.0,5.0,-1.1999999999999993
NH15 Crossing Fakirpara Tangni,DARRANG,26.50833333,92.11638889,2025-04-02 14:00:00,4,92,61.3,61.2,183.7,367.3,14.2,0.0,14.2,14.2,1.0,113,2025-04-02 20:00:00,2025-04-02 21:00:00,12.5,7.0,-1.6999999999999993
NH15 Crossing Fakirpara Tangni,DARRANG,26.50833333,92.11638889,2025-04-02 15:00:00,4,92,66.8,61.3,189.3,372.9,13.7,-0.5,14.033333333333331,14.2,1.0,113,2025-04-02 21:00:00,2025-04-02 21:00:00,12.5,6.0,-1.1999999999999993
NH15 Crossing Fakirpara Tangni,DARRANG,26.50833333,92.11638889,2025-04-02 16:00:00,4,92,66.8,66.8,194.9,378.5,13.9,0.200000000000001,13.933333333333332,14.2,1.0,113,2025-04-02 22:00:00,2025-04-02 22:00:00,12.7,6.0,-1.200000000000001
NH15 Crossing Fakirpara Tangni,DARRANG,26.50833333,92.11638889,2025-04-02 17:00:00,4,92,66.8,66.8,200.4,384.1,13.9,0.0,13.833333333333334,14.2,1.0,113,2025-04-02 23:00:00,2025-04-02 23:00:00,12.7,6.0,-1.200000000000001
NH15 Crossing Fakirpara Tangni,DARRANG,26.50833333,92.11638889,2025-04-02 18:00:00,4,92,61.3,66.8,194.9,384.2,13.0,-0.9000000000000004,13.6,14.2,1.0,113,2025-04-03 00:00:00,2025-04-03 00:00:00,12.7,6.0,-0.3000000000000007
NH15 Crossing Fakirpara Tangni,DARRANG,26.50833333,92.11638889,2025-04-02 21:00:00,4,92,61.3,61.3,189.4,384.2999999999999,12.5,-0.5,13.133333333333333,14.2,3.0,113,2025-04-03 03:00:00,2025-04-03 02:00:00,12.7,5.0,0.1999999999999993
NH15 Crossing Fakirpara Tangni,DARRANG,26.50833333,92.11638889,2025-04-02 22:00:00,4,92,61.3,61.3,183.9,384.2999999999999,12.7,0.1999999999999993,12.733333333333334,13.9,1.0,113,2025-04-03 04:00:00,2025-04-03 02:00:00,12.7,4.0,0.0
NH15 Crossing Fakirpara Tangni,DARRANG,26.50833333,92.11638889,2025-04-02 23:00:00,4,92,61.3,61.3,183.9,378.8,12.7,0.0,12.633333333333333,13.9,1.0,113,2025-04-03 05:00:00,2025-04-03 06:00:00,12.7,7.0,0.0
NH15 Crossing Fakirpara Tangni,DARRANG,26.50833333,92.11638889,2025-04-03 00:00:00,4,93,61.3,61.3,183.9,373.3,12.7,0.0,12.7,13.9,1.0,113,2025-04-03 06:00:00,2025-04-03 06:00:00,12.7,6.0,0.0
NH15 Crossing Fakirpara Tangni,DARRANG,26.50833333,92.11638889,2025-04-03 02:00:00,4,93,61.3,61.3,183.9,367.7999999999999,12.7,0.0,12.7,13.0,2.0,113,2025-04-03 08:00:00,2025-04-03 08:00:00,13.9,6.0,1.200000000000001
NH15 Crossing Fakirpara Tangni,DARRANG,26.50833333,92.11638889,2025-04-03 06:00:00,4,93,61.3,61.3,183.9,367.7999999999999,12.7,0.0,12.7,12.7,4.0,113,2025-04-03 12:00:00,2025-04-03 12:00:00,14.1,6.0,1.4000000000000004
NH15 Crossing Fakirpara Tangni,DARRANG,26.50833333,92.11638889,2025-04-03 07:00:00,4,93,61.3,61.3,183.9,367.7999999999999,13.3,0.6000000000000014,12.9,13.3,1.0,113,2025-04-03 13:00:00,2025-04-03 13:00:00,14.3,6.0,1.0
NH15 Crossing Fakirpara Tangni,DARRANG,26.50833333,92.11638889,2025-04-03 08:00:00,4,93,61.3,61.3,183.9,367.7999999999999,13.9,0.5999999999999996,13.300000000000002,13.9,1.0,113,2025-04-03 14:00:00,2025-04-03 14:00:00,14.3,6.0,0.40000000000000036
NH15 Crossing Fakirpara Tangni,DARRANG,26.50833333,92.11638889,2025-04-03 09:00:00,4,93,61.2,61.3,183.8,367.7,14.4,0.5,13.866666666666667,14.4,1.0,113,2025-04-03 15:00:00,2025-04-03 15:00:00,13.9,6.0,-0.5
NH15 Crossing Fakirpara Tangni,DARRANG,26.50833333,92.11638889,2025-04-03 10:00:00,4,93,61.3,61.2,183.8,367.7,14.2,-0.200000000000001,14.166666666666666,14.4,1.0,113,2025-04-03 16:00:00,2025-04-03 16:00:00,13.8,6.0,-0.3999999999999986
NH15 Crossing Fakirpara Tangni,DARRANG,26.50833333,92.11638889,2025-04-03 11:00:00,4,93,61.3,61.3,183.8,367.69999999999993,13.8,-0.3999999999999986,14.133333333333333,14.4,1.0,113,2025-04-03 17:00:00,2025-04-03 17:00:00,13.6,6.0,-0.20000000000000107
NH15 Crossing Fakirpara Tangni,DARRANG,26.50833333,92.11638889,2025-04-03 12:00:00,4,93,66.8,61.3,189.4,373.2,14.1,0.2999999999999989,14.033333333333331,14.4,1.0,113,2025-04-03 18:00:00,2025-04-03 17:00:00,13.6,5.0,-0.5
NH15 Crossing Fakirpara Tangni,DARRANG,26.50833333,92.11638889,2025-04-03 13:00:00,4,93,66.8,66.8,194.9,378.7,14.3,0.200000000000001,14.066666666666668,14.4,1.0,113,2025-04-03 19:00:00,2025-04-03 19:00:00,12.7,6.0,-1.6000000000000014
NH15 Crossing Fakirpara Tangni,DARRANG,26.50833333,92.11638889,2025-04-03 14:00:00,4,93,66.8,66.8,200.4,384.2,14.3,0.0,14.233333333333334,14.4,1.0,113,2025-04-03 20:00:00,2025-04-03 20:00:00,12.7,6.0,-1.6000000000000014
NH15 Crossing Fakirpara Tangni,DARRANG,26.50833333,92.11638889,2025-04-03 15:00:00,4,93,66.8,66.8,200.4,389.7999999999999,13.9,-0.4000000000000003,14.166666666666666,14.3,1.0,113,2025-04-03 21:00:00,2025-04-03 20:00:00,12.7,5.0,-1.200000000000001
NH15 Crossing Fakirpara Tangni,DARRANG,26.50833333,92.11638889,2025-04-03 16:00:00,4,93,66.8,66.8,200.4,395.2999999999999,13.8,-0.0999999999999996,14.0,14.3,1.0,113,2025-04-03 22:00:00,2025-04-03 22:00:00,12.7,6.0,-1.1000000000000014
NH15 Crossing Fakirpara Tangni,DARRANG,26.50833333,92.11638889,2025-04-03 17:00:00,4,93,66.8,66.8,200.4,400.7999999999999,13.6,-0.200000000000001,13.766666666666666,14.3,1.0,113,2025-04-03 23:00:00,2025-04-03 23:00:00,12.7,6.0,-0.9000000000000004
NH15 Crossing Fakirpara Tangni,DARRANG,26.50833333,92.11638889,2025-04-03 19:00:00,4,93,61.3,66.8,194.9,395.3,12.7,-0.9000000000000004,13.366666666666667,14.3,2.0,113,2025-04-04 01:00:00,2025-04-04 01:00:00,12.6,6.0,-0.09999999999999964
NH15 Crossing Fakirpara Tangni,DARRANG,26.50833333,92.11638889,2025-04-03 20:00:00,4,93,61.3,61.3,189.4,389.7999999999999,12.7,0.0,13.0,14.3,1.0,113,2025-04-04 02:00:00,2025-04-04 02:00:00,12.6,6.0,-0.09999999999999964
NH15 Crossing Fakirpara Tangni,DARRANG,26.50833333,92.11638889,2025-04-03 22:00:00,4,93,61.3,61.3,183.9,384.2999999999999,12.7,0.0,12.7,13.9,2.0,113,2025-04-04 04:00:00,2025-04-04 04:00:00,12.1,6.0,-0.5999999999999996
NH15 Crossing Fakirpara Tangni,DARRANG,26.50833333,92.11638889,2025-04-03 23:00:00,4,93,61.3,61.3,183.9,378.8,12.7,0.0,12.7,13.8,1.0,113,2025-04-04 05:00:00,2025-04-04 05:00:00,12.4,6.0,-0.29999999999999893
NH15 Crossing Fakirpara Tangni,DARRANG,26.50833333,92.11638889,2025-04-04 01:00:00,4,94,61.3,61.3,183.9,373.3,12.6,-0.0999999999999996,12.666666666666666,13.6,2.0,113,2025-04-04 07:00:00,2025-04-04 07:00:00,13.6,6.0,1.0
NH15 Crossing Fakirpara Tangni,DARRANG,26.50833333,92.11638889,2025-04-04 02:00:00,4,94,61.3,61.3,183.9,367.7999999999999,12.6,0.0,12.633333333333333,12.7,1.0,113,2025-04-04 08:00:00,2025-04-04 08:00:00,14.2,6.0,1.5999999999999996
NH15 Crossing Fakirpara Tangni,DARRANG,26.50833333,92.11638889,2025-04-04 03:00:00,4,94,61.3,61.3,183.9,367.7999999999999,12.6,0.0,12.6,12.7,1.0,113,2025-04-04 09:00:00,2025-04-04 09:00:00,14.1,6.0,1.5
NH15 Crossing Fakirpara Tangni,DARRANG,26.50833333,92.11638889,2025-04-04 04:00:00,4,94,61.3,61.3,183.9,367.7999999999999,12.1,-0.5,12.433333333333332,12.7,1.0,113,2025-04-04 10:00:00,2025-04-04 10:00:00,14.1,6.0,2.0
NH15 Crossing Fakirpara Tangni,DARRANG,26.50833333,92.11638889,2025-04-04 05:00:00,4,94,61.3,61.3,183.9,367.7999999999999,12.4,0.3000000000000007,12.366666666666667,12.7,1.0,113,2025-04-04 11:00:00,2025-04-04 11:00:00,14.1,6.0,1.6999999999999993
NH15 Crossing Fakirpara Tangni,DARRANG,26.50833333,92.11638889,2025-04-04 06:00:00,4,94,61.3,61.3,183.9,367.7999999999999,12.7,0.2999999999999989,12.4,12.7,1.0,113,2025-04-04 12:00:00,2025-04-04 12:00:00,14.1,6.0,1.4000000000000004
NH15 Crossing Fakirpara Tangni,DARRANG,26.50833333,92.11638889,2025-04-04 07:00:00,4,94,61.3,61.3,183.9,367.7999999999999,13.6,0.9000000000000004,12.9,13.6,1.0,113,2025-04-04 13:00:00,2025-04-04 13:00:00,14.1,6.0,0.5
NH15 Crossing Fakirpara Tangni,DARRANG,26.50833333,92.11638889,2025-04-04 08:00:00,4,94,61.3,61.3,183.9,367.7999999999999,14.2,0.5999999999999996,13.5,14.2,1.0,113,2025-04-04 14:00:00,2025-04-04 14:00:00,13.8,6.0,-0.3999999999999986
NH15 Crossing Fakirpara Tangni,DARRANG,26.50833333,92.11638889,2025-04-04 09:00:00,4,94,61.3,61.3,183.9,367.7999999999999,14.1,-0.0999999999999996,13.966666666666669,14.2,1.0,113,2025-04-04 15:00:00,2025-04-04 15:00:00,13.8,6.0,-0.29999999999999893
NH15 Crossing Fakirpara Tangni,DARRANG,26.50833333,92.11638889,2025-04-04 10:00:00,4,94,66.8,61.3,189.4,373.2999999999999,14.1,0.0,14.133333333333333,14.2,1.0,113,2025-04-04 16:00:00,2025-04-04 16:00:00,12.8,6.0,-1.299999999999999
NH15 Crossing Fakirpara Tangni,DARRANG,26.50833333,92.11638889,2025-04-04 11:00:00,4,94,66.8,66.8,194.9,378.7999999999999,14.1,0.0,14.1,14.2,1.0,113,2025-04-04 17:00:00,2025-04-04 17:00:00,12.9,6.0,-1.1999999999999993
NH15 Crossing Fakirpara Tangni,DARRANG,26.50833333,92.11638889,2025-04-04 12:00:00,4,94,66.8,66.8,200.4,384.3,14.1,0.0,14.1,14.2,1.0,113,2025-04-04 18:00:00,2025-04-04 18:00:00,12.9,6.0,-1.1999999999999993
NH15 Crossing Fakirpara Tangni,DARRANG,26.50833333,92.11638889,2025-04-04 13:00:00,4,94,61.3,66.8,194.9,384.3,14.1,0.0,14.1,14.2,1.0,113,2025-04-04 19:00:00,2025-04-04 19:00:00,12.7,6.0,-1.4000000000000004
NH15 Crossing Fakirpara Tangni,DARRANG,26.50833333,92.11638889,2025-04-04 14:00:00,4,94,61.3,61.3,189.4,384.2999999999999,13.8,-0.2999999999999989,14.0,14.1,1.0,113,2025-04-04 20:00:00,2025-04-04 20:00:00,12.0,6.0,-1.8000000000000007
NH15 Crossing Fakirpara Tangni,DARRANG,26.50833333,92.11638889,2025-04-04 15:00:00,4,94,61.3,61.3,183.9,384.2999999999999,13.8,0.0,13.9,14.1,1.0,113,2025-04-04 21:00:00,2025-04-04 20:00:00,12.0,5.0,-1.8000000000000007
NH15 Crossing Fakirpara Tangni,DARRANG,26.50833333,92.11638889,2025-04-04 16:00:00,4,94,66.8,61.3,189.4,384.3,12.8,-1.0,13.466666666666669,14.1,1.0,113,2025-04-04 22:00:00,2025-04-04 22:00:00,12.7,6.0,-0.10000000000000142
NH15 Crossing Fakirpara Tangni,DARRANG,26.50833333,92.11638889,2025-04-04 17:00:00,4,94,66.8,66.8,194.9,384.3,12.9,0.0999999999999996,13.166666666666666,14.1,1.0,113,2025-04-04 23:00:00,2025-04-04 23:00:00,11.5,6.0,-1.4000000000000004
NH15 Crossing Fakirpara Tangni,DARRANG,26.50833333,92.11638889,2025-04-04 18:00:00,4,94,61.3,66.8,194.9,378.7999999999999,12.9,0.0,12.866666666666667,14.1,1.0,113,2025-04-05 00:00:00,2025-04-05 00:00:00,12.6,6.0,-0.3000000000000007
NH15 Crossing Fakirpara Tangni,DARRANG,26.50833333,92.11638889,2025-04-04 19:00:00,4,94,61.3,61.3,189.4,378.7999999999999,12.7,-0.200000000000001,12.833333333333334,13.8,1.0,113,2025-04-05 01:00:00,2025-04-05 01:00:00,12.0,6.0,-0.6999999999999993
NH15 Crossing Fakirpara Tangni,DARRANG,26.50833333,92.11638889,2025-04-04 20:00:00,4,94,66.8,61.3,189.4,384.3,12.0,-0.6999999999999993,12.533333333333331,13.8,1.0,113,2025-04-05 02:00:00,2025-04-05 01:00:00,12.0,5.0,0.0
NH15 Crossing Fakirpara Tangni,DARRANG,26.50833333,92.11638889,2025-04-04 22:00:00,4,94,61.3,66.8,189.4,384.3,12.7,0.6999999999999993,12.466666666666669,12.9,2.0,113,2025-04-05 04:00:00,2025-04-05 04:00:00,12.5,6.0,-0.1999999999999993
NH15 Crossing Fakirpara Tangni,DARRANG,26.50833333,92.11638889,2025-04-04 23:00:00,4,94,66.8,61.3,194.9,384.2999999999999,11.5,-1.1999999999999993,12.066666666666665,12.9,1.0,113,2025-04-05 05:00:00,2025-04-05 05:00:00,12.5,6.0,1.0
NH15 Crossing Fakirpara Tangni,DARRANG,26.50833333,92.11638889,2025-04-05 00:00:00,4,95,61.3,66.8,189.4,378.7999999999999,12.6,1.0999999999999996,12.266666666666666,12.9,1.0,113,2025-04-05 06:00:00,2025-04-05 06:00:00,12.7,6.0,0.09999999999999964
NH15 Crossing Fakirpara Tangni,DARRANG,26.50833333,92.11638889,2025-04-05 01:00:00,4,95,66.8,61.3,194.9,384.3,12.0,-0.5999999999999996,12.033333333333331,12.7,1.0,113,2025-04-05 07:00:00,2025-04-05 07:00:00,13.1,6.0,1.0999999999999996
NH15 Crossing Fakirpara Tangni,DARRANG,26.50833333,92.11638889,2025-04-05 03:00:00,4,95,61.3,66.8,189.4,384.3,12.2,0.1999999999999993,12.266666666666666,12.7,2.0,113,2025-04-05 09:00:00,2025-04-05 09:00:00,14.4,6.0,2.200000000000001
NH15 Crossing Fakirpara Tangni,DARRANG,26.50833333,92.11638889,2025-04-05 04:00:00,4,95,61.3,61.3,189.4,378.7999999999999,12.5,0.3000000000000007,12.233333333333334,12.7,1.0,113,2025-04-05 10:00:00,2025-04-05 10:00:00,14.2,6.0,1.6999999999999993
NH15 Crossing Fakirpara Tangni,DARRANG,26.50833333,92.11638889,2025-04-05 05:00:00,4,95,61.3,61.3,183.9,378.7999999999999,12.5,0.0,12.4,12.6,1.0,113,2025-04-05 11:00:00,2025-04-05 10:00:00,14.2,5.0,1.6999999999999993
NH15 Crossing Fakirpara Tangni,DARRANG,26.50833333,92.11638889,2025-04-05 06:00:00,4,95,61.3,61.3,183.9,373.3,12.7,0.1999999999999993,12.566666666666668,12.7,1.0,113,2025-04-05 12:00:00,2025-04-05 12:00:00,14.1,6.0,1.4000000000000004
NH15 Crossing Fakirpara Tangni,DARRANG,26.50833333,92.11638889,2025-04-05 07:00:00,4,95,61.3,61.3,183.9,373.3,13.1,0.4000000000000003,12.766666666666666,13.1,1.0,113,2025-04-05 13:00:00,2025-04-05 13:00:00,14.1,6.0,1.0
NH15 Crossing Fakirpara Tangni,DARRANG,26.50833333,92.11638889,2025-04-05 08:00:00,4,95,61.3,61.3,183.9,367.7999999999999,13.8,0.7000000000000011,13.2,13.8,1.0,113,2025-04-05 14:00:00,2025-04-05 14:00:00,14.2,6.0,0.3999999999999986
NH15 Crossing Fakirpara Tangni,DARRANG,26.50833333,92.11638889,2025-04-05 09:00:00,4,95,61.3,61.3,183.9,367.7999999999999,14.4,0.5999999999999996,13.766666666666666,14.4,1.0,113,2025-04-05 15:00:00,2025-04-05 15:00:00,14.3,6.0,-0.09999999999999964
NH15 Crossing Fakirpara Tangni,DARRANG,26.50833333,92.11638889,2025-04-05 10:00:00,4,95,61.3,61.3,183.9,367.7999999999999,14.2,-0.200000000000001,14.133333333333333,14.4,1.0,113,2025-04-05 16:00:00,2025-04-05 16:00:00,13.9,6.0,-0.29999999999999893
NH15 Crossing Fakirpara Tangni,DARRANG,26.50833333,92.11638889,2025-04-05 12:00:00,4,95,61.3,61.3,183.9,367.7999999999999,14.1,-0.0999999999999996,14.233333333333334,14.4,2.0,113,2025-04-05 18:00:00,2025-04-05 18:00:00,13.0,6.0,-1.0999999999999996
NH15 Crossing Fakirpara Tangni,DARRANG,26.50833333,92.11638889,2025-04-05 13:00:00,4,95,61.3,61.3,183.9,367.7999999999999,14.1,0.0,14.133333333333333,14.4,1.0,113,2025-04-05 19:00:00,2025-04-05 19:00:00,12.8,6.0,-1.299999999999999
NH15 Crossing Fakirpara Tangni,DARRANG,26.50833333,92.11638889,2025-04-05 14:00:00,4,95,61.3,61.3,183.9,367.7999999999999,14.2,0.0999999999999996,14.133333333333333,14.4,1.0,113,2025-04-05 20:00:00,2025-04-05 20:00:00,12.7,6.0,-1.5
NH15 Crossing Fakirpara Tangni,DARRANG,26.50833333,92.11638889,2025-04-05 15:00:00,4,95,61.3,61.3,183.9,367.7999999999999,14.3,0.1000000000000014,14.199999999999998,14.4,1.0,113,2025-04-05 21:00:00,2025-04-05 21:00:00,12.4,6.0,-1.9000000000000004
NH15 Crossing Fakirpara Tangni,DARRANG,26.50833333,92.11638889,2025-04-05 16:00:00,4,95,61.3,61.3,183.9,367.7999999999999,13.9,-0.4000000000000003,14.133333333333333,14.3,1.0,113,2025-04-05 22:00:00,2025-04-05 22:00:00,12.7,6.0,-1.200000000000001
NH15 Crossing Fakirpara Tangni,DARRANG,26.50833333,92.11638889,2025-04-05 17:00:00,4,95,61.3,61.3,183.9,367.7999999999999,13.3,-0.5999999999999996,13.833333333333334,14.3,1.0,113,2025-04-05 23:00:00,2025-04-05 23:00:00,12.6,6.0,-0.7000000000000011
NH15 Crossing Fakirpara Tangni,DARRANG,26.50833333,92.11638889,2025-04-05 18:00:00,4,95,61.3,61.3,183.9,367.7999999999999,13.0,-0.3000000000000007,13.4,14.3,1.0,113,2025-04-06 00:00:00,2025-04-06 00:00:00,12.6,6.0,-0.40000000000000036
NH15 Crossing Fakirpara Tangni,DARRANG,26.50833333,92.11638889,2025-04-05 19:00:00,4,95,61.3,61.3,183.9,367.7999999999999,12.8,-0.1999999999999993,13.033333333333331,14.3,1.0,113,2025-04-06 01:00:00,2025-04-06 00:00:00,12.6,5.0,-0.20000000000000107
NH15 Crossing Fakirpara Tangni,DARRANG,26.50833333,92.11638889,2025-04-05 20:00:00,4,95,61.3,61.3,183.9,367.7999999999999,12.7,-0.1000000000000014,12.833333333333334,14.3,1.0,113,2025-04-06 02:00:00,2025-04-06 02:00:00,12.6,6.0,-0.09999999999999964
NH15 Crossing Fakirpara Tangni,DARRANG,26.50833333,92.11638889,2025-04-05 21:00:00,4,95,61.3,61.3,183.9,367.7999999999999,12.4,-0.2999999999999989,12.633333333333333,13.9,1.0,113,2025-04-06 03:00:00,2025-04-06 03:00:00,12.6,6.0,0.1999999999999993
NH15 Crossing Fakirpara Tangni,DARRANG,26.50833333,92.11638889,2025-04-05 22:00:00,4,95,61.3,61.3,183.9,367.7999999999999,12.7,0.2999999999999989,12.6,13.3,1.0,113,2025-04-06 04:00:00,2025-04-06 04:00:00,12.6,6.0,-0.09999999999999964
NH15 Crossing Fakirpara Tangni,DARRANG,26.50833333,92.11638889,2025-04-05 23:00:00,4,95,61.3,61.3,183.9,367.7999999999999,12.6,-0.0999999999999996,12.566666666666665,13.0,1.0,113,2025-04-06 05:00:00,2025-04-06 05:00:00,12.6,6.0,0.0
NH15 Crossing Fakirpara Tangni,DARRANG,26.50833333,92.11638889,2025-04-06 00:00:00,4,96,61.3,61.3,183.9,367.7999999999999,12.6,0.0,12.633333333333333,12.8,1.0,113,2025-04-06 06:00:00,2025-04-06 06:00:00,12.6,6.0,0.0
NH15 Crossing Fakirpara Tangni,DARRANG,26.50833333,92.11638889,2025-04-06 02:00:00,4,96,61.3,61.3,183.9,367.7999999999999,12.6,0.0,12.6,12.7,2.0,113,2025-04-06 08:00:00,2025-04-06 08:00:00,13.7,6.0,1.0999999999999996
NH15 Crossing Fakirpara Tangni,DARRANG,26.50833333,92.11638889,2025-04-06 03:00:00,4,96,61.3,61.3,183.9,367.7999999999999,12.6,0.0,12.6,12.7,1.0,113,2025-04-06 09:00:00,2025-04-06 09:00:00,13.9,6.0,1.3000000000000007
NH15 Crossing Fakirpara Tangni,DARRANG,26.50833333,92.11638889,2025-04-06 04:00:00,4,96,61.3,61.3,183.9,367.7999999999999,12.6,0.0,12.6,12.7,1.0,113,2025-04-06 10:00:00,2025-04-06 10:00:00,14.2,6.0,1.5999999999999996
NH15 Crossing Fakirpara Tangni,DARRANG,26.50833333,92.11638889,2025-04-06 05:00:00,4,96,61.3,61.3,183.9,367.7999999999999,12.6,0.0,12.6,12.6,1.0,113,2025-04-06 11:00:00,2025-04-06 11:00:00,14.1,6.0,1.5
NH15 Crossing Fakirpara Tangni,DARRANG,26.50833333,92.11638889,2025-04-06 06:00:00,4,96,61.3,61.3,183.9,367.7999999999999,12.6,0.0,12.6,12.6,1.0,113,2025-04-06 12:00:00,2025-04-06 12:00:00,14.2,6.0,1.5999999999999996
NH15 Crossing Fakirpara Tangni,DARRANG,26.50833333,92.11638889,2025-04-06 07:00:00,4,96,61.3,61.3,183.9,367.7999999999999,13.2,0.5999999999999996,12.8,13.2,1.0,113,2025-04-06 13:00:00,2025-04-06 13:00:00,14.1,6.0,0.9000000000000004
NH15 Crossing Fakirpara Tangni,DARRANG,26.50833333,92.11638889,2025-04-06 08:00:00,4,96,61.3,61.3,183.9,367.7999999999999,13.7,0.5,13.166666666666666,13.7,1.0,113,2025-04-06 14:00:00,2025-04-06 14:00:00,14.1,6.0,0.40000000000000036
NH15 Crossing Fakirpara Tangni,DARRANG,26.50833333,92.11638889,2025-04-06 09:00:00,4,96,61.3,61.3,183.9,367.7999999999999,13.9,0.200000000000001,13.6,13.9,1.0,113,2025-04-06 15:00:00,2025-04-06 15:00:00,14.3,6.0,0.40000000000000036
NH15 Crossing Fakirpara Tangni,DARRANG,26.50833333,92.11638889,2025-04-06 10:00:00,4,96,61.3,61.3,183.9,367.7999999999999,14.2,0.2999999999999989,13.933333333333332,14.2,1.0,113,2025-04-06 16:00:00,2025-04-06 16:00:00,13.7,6.0,-0.5
NH15 Crossing Fakirpara Tangni,DARRANG,26.50833333,92.11638889,2025-04-06 11:00:00,4,96,61.3,61.3,183.9,367.7999999999999,14.1,-0.0999999999999996,14.066666666666665,14.2,1.0,113,2025-04-06 17:00:00,2025-04-06 17:00:00,13.2,6.0,-0.9000000000000004
NH15 Crossing Fakirpara Tangni,DARRANG,26.50833333,92.11638889,2025-04-06 12:00:00,4,96,61.3,61.3,183.9,367.7999999999999,14.2,0.0999999999999996,14.166666666666666,14.2,1.0,113,2025-04-06 18:00:00,2025-04-06 18:00:00,12.8,6.0,-1.3999999999999986
NH15 Crossing Fakirpara Tangni,DARRANG,26.50833333,92.11638889,2025-04-06 13:00:00,4,96,61.3,61.3,183.9,367.7999999999999,14.1,-0.0999999999999996,14.133333333333333,14.2,1.0,113,2025-04-06 19:00:00,2025-04-06 19:00:00,12.7,6.0,-1.4000000000000004
NH15 Crossing Fakirpara Tangni,DARRANG,26.50833333,92.11638889,2025-04-06 14:00:00,4,96,61.3,61.3,183.9,367.7999999999999,14.1,0.0,14.133333333333333,14.2,1.0,113,2025-04-06 20:00:00,2025-04-06 20:00:00,12.7,6.0,-1.4000000000000004
NH15 Crossing Fakirpara Tangni,DARRANG,26.50833333,92.11638889,2025-04-06 15:00:00,4,96,61.3,61.3,183.9,367.7999999999999,14.3,0.200000000000001,14.166666666666666,14.3,1.0,113,2025-04-06 21:00:00,2025-04-06 21:00:00,12.7,6.0,-1.6000000000000014
NH15 Crossing Fakirpara Tangni,DARRANG,26.50833333,92.11638889,2025-04-06 16:00:00,4,96,61.3,61.3,183.9,367.7999999999999,13.7,-0.6000000000000014,14.033333333333331,14.3,1.0,113,2025-04-06 22:00:00,2025-04-06 22:00:00,12.7,6.0,-1.0
NH15 Crossing Fakirpara Tangni,DARRANG,26.50833333,92.11638889,2025-04-06 17:00:00,4,96,61.3,61.3,183.9,367.7999999999999,13.2,-0.5,13.733333333333333,14.3,1.0,113,2025-04-06 23:00:00,2025-04-06 23:00:00,12.7,6.0,-0.5
NH15 Crossing Fakirpara Tangni,DARRANG,26.50833333,92.11638889,2025-04-06 18:00:00,4,96,61.3,61.3,183.9,367.7999999999999,12.8,-0.3999999999999986,13.233333333333334,14.3,1.0,113,2025-04-07 00:00:00,2025-04-07 00:00:00,12.6,6.0,-0.20000000000000107
NH15 Crossing Fakirpara Tangni,DARRANG,26.50833333,92.11638889,2025-04-06 19:00:00,4,96,61.3,61.3,183.9,367.7999999999999,12.7,-0.1000000000000014,12.9,14.3,1.0,113,2025-04-07 01:00:00,2025-04-07 01:00:00,12.6,6.0,-0.09999999999999964
NH15 Crossing Fakirpara Tangni,DARRANG,26.50833333,92.11638889,2025-04-06 20:00:00,4,96,61.3,61.3,183.9,367.7999999999999,12.7,0.0,12.733333333333334,14.3,1.0,113,2025-04-07 02:00:00,2025-04-07 02:00:00,12.6,6.0,-0.09999999999999964
NH15 Crossing Fakirpara Tangni,DARRANG,26.50833333,92.11638889,2025-04-06 21:00:00,4,96,61.3,61.3,183.9,367.7999999999999,12.7,0.0,12.7,13.7,1.0,113,2025-04-07 03:00:00,2025-04-07 03:00:00,12.6,6.0,-0.09999999999999964
NH15 Crossing Fakirpara Tangni,DARRANG,26.50833333,92.11638889,2025-04-06 22:00:00,4,96,61.3,61.3,183.9,367.7999999999999,12.7,0.0,12.7,13.2,1.0,113,2025-04-07 04:00:00,2025-04-07 04:00:00,12.6,6.0,-0.09999999999999964
NH15 Crossing Fakirpara Tangni,DARRANG,26.50833333,92.11638889,2025-04-06 23:00:00,4,96,61.3,61.3,183.9,367.7999999999999,12.7,0.0,12.7,12.8,1.0,113,2025-04-07 05:00:00,2025-04-07 05:00:00,12.6,6.0,-0.09999999999999964
NH15 Crossing Fakirpara Tangni,DARRANG,26.50833333,92.11638889,2025-04-07 00:00:00,4,97,61.3,61.3,183.9,367.7999999999999,12.6,-0.0999999999999996,12.666666666666666,12.7,1.0,113,2025-04-07 06:00:00,2025-04-07 06:00:00,12.6,6.0,0.0
NH15 Crossing Fakirpara Tangni,DARRANG,26.50833333,92.11638889,2025-04-07 01:00:00,4,97,61.3,61.3,183.9,367.7999999999999,12.6,0.0,12.633333333333333,12.7,1.0,113,2025-04-07 07:00:00,2025-04-07 07:00:00,13.0,6.0,0.40000000000000036
NH15 Crossing Fakirpara Tangni,DARRANG,26.50833333,92.11638889,2025-04-07 02:00:00,4,97,61.3,61.3,183.9,367.7999999999999,12.6,0.0,12.6,12.7,1.0,113,2025-04-07 08:00:00,2025-04-07 08:00:00,13.7,6.0,1.0999999999999996
NH15 Crossing Fakirpara Tangni,DARRANG,26.50833333,92.11638889,2025-04-07 03:00:00,4,97,61.3,61.3,183.9,367.7999999999999,12.6,0.0,12.6,12.7,1.0,113,2025-04-07 09:00:00,2025-04-07 09:00:00,14.3,6.0,1.700000000000001
NH15 Crossing Fakirpara Tangni,DARRANG,26.50833333,92.11638889,2025-04-07 04:00:00,4,97,61.3,61.3,183.9,367.7999999999999,12.6,0.0,12.6,12.7,1.0,113,2025-04-07 10:00:00,2025-04-07 10:00:00,14.2,6.0,1.5999999999999996
NH15 Crossing Fakirpara Tangni,DARRANG,26.50833333,92.11638889,2025-04-07 05:00:00,4,97,61.3,61.3,183.9,367.7999999999999,12.6,0.0,12.6,12.6,1.0,113,2025-04-07 11:00:00,2025-04-07 11:00:00,14.3,6.0,1.700000000000001
NH15 Crossing Fakirpara Tangni,DARRANG,26.50833333,92.11638889,2025-04-07 06:00:00,4,97,61.3,61.3,183.9,367.7999999999999,12.6,0.0,12.6,12.6,1.0,113,2025-04-07 12:00:00,2025-04-07 12:00:00,14.1,6.0,1.5
NH15 Crossing Fakirpara Tangni,DARRANG,26.50833333,92.11638889,2025-04-07 07:00:00,4,97,61.3,61.3,183.9,367.7999999999999,13.0,0.4000000000000003,12.733333333333334,13.0,1.0,113,2025-04-07 13:00:00,2025-04-07 13:00:00,14.3,6.0,1.3000000000000007
NH15 Crossing Fakirpara Tangni,DARRANG,26.50833333,92.11638889,2025-04-07 08:00:00,4,97,61.3,61.3,183.9,367.7999999999999,13.7,0.6999999999999993,13.1,13.7,1.0,113,2025-04-07 14:00:00,2025-04-07 14:00:00,14.3,6.0,0.6000000000000014
NH15 Crossing Fakirpara Tangni,DARRANG,26.50833333,92.11638889,2025-04-07 09:00:00,4,97,61.3,61.3,183.9,367.7999999999999,14.3,0.6000000000000014,13.666666666666666,14.3,1.0,113,2025-04-07 15:00:00,2025-04-07 15:00:00,14.1,6.0,-0.20000000000000107
NH15 Crossing Fakirpara Tangni,DARRANG,26.50833333,92.11638889,2025-04-07 10:00:00,4,97,61.3,61.3,183.9,367.7999999999999,14.2,-0.1000000000000014,14.066666666666668,14.3,1.0,113,2025-04-07 16:00:00,2025-04-07 16:00:00,13.9,6.0,-0.29999999999999893
NH15 Crossing Fakirpara Tangni,DARRANG,26.50833333,92.11638889,2025-04-07 11:00:00,4,97,61.3,61.3,183.9,367.7999999999999,14.3,0.1000000000000014,14.266666666666666,14.3,1.0,113,2025-04-07 17:00:00,2025-04-07 17:00:00,12.2,6.0,-2.1000000000000014
NH15 Crossing Fakirpara Tangni,DARRANG,26.50833333,92.11638889,2025-04-07 12:00:00,4,97,61.3,61.3,183.9,367.7999999999999,14.1,-0.200000000000001,14.2,14.3,1.0,113,2025-04-07 18:00:00,2025-04-07 18:00:00,11.9,6.0,-2.1999999999999993
NH15 Crossing Fakirpara Tangni,DARRANG,26.50833333,92.11638889,2025-04-07 13:00:00,4,97,61.3,61.3,183.9,367.7999999999999,14.3,0.200000000000001,14.233333333333334,14.3,1.0,113,2025-04-07 19:00:00,2025-04-07 19:00:00,12.7,6.0,-1.6000000000000014
NH15 Crossing Fakirpara Tangni,DARRANG,26.50833333,92.11638889,2025-04-07 14:00:00,4,97,61.3,61.3,183.9,367.7999999999999,14.3,0.0,14.233333333333334,14.3,1.0,113,2025-04-07 20:00:00,2025-04-07 20:00:00,12.3,6.0,-2.0
NH15 Crossing Fakirpara Tangni,DARRANG,26.50833333,92.11638889,2025-04-07 15:00:00,4,97,61.3,61.3,183.9,367.7999999999999,14.1,-0.200000000000001,14.233333333333334,14.3,1.0,113,2025-04-07 21:00:00,2025-04-07 21:00:00,12.7,6.0,-1.4000000000000004
NH15 Crossing Fakirpara Tangni,DARRANG,26.50833333,92.11638889,2025-04-07 16:00:00,4,97,61.3,61.3,183.9,367.7999999999999,13.9,-0.1999999999999993,14.1,14.3,1.0,113,2025-04-07 22:00:00,2025-04-07 22:00:00,12.7,6.0,-1.200000000000001
NH15 Crossing Fakirpara Tangni,DARRANG,26.50833333,92.11638889,2025-04-07 17:00:00,4,97,66.8,61.3,189.4,373.3,12.2,-1.700000000000001,13.4,14.3,1.0,113,2025-04-07 23:00:00,2025-04-07 23:00:00,11.4,6.0,-0.7999999999999989
NH15 Crossing Fakirpara Tangni,DARRANG,26.50833333,92.11638889,2025-04-07 18:00:00,4,97,61.3,66.8,189.4,373.2999999999999,11.9,-0.2999999999999989,12.666666666666666,14.3,1.0,113,2025-04-08 00:00:00,2025-04-07 23:00:00,11.4,5.0,-0.5
NH15 Crossing Fakirpara Tangni,DARRANG,26.50833333,92.11638889,2025-04-07 19:00:00,4,97,61.3,61.3,189.4,373.2999999999999,12.7,0.7999999999999989,12.266666666666666,14.3,1.0,113,2025-04-08 01:00:00,2025-04-08 01:00:00,12.6,6.0,-0.09999999999999964
NH15 Crossing Fakirpara Tangni,DARRANG,26.50833333,92.11638889,2025-04-07 20:00:00,4,97,61.3,61.3,183.9,373.3,12.3,-0.3999999999999986,12.3,14.1,1.0,113,2025-04-08 02:00:00,2025-04-08 02:00:00,12.6,6.0,0.29999999999999893
NH15 Crossing Fakirpara Tangni,DARRANG,26.50833333,92.11638889,2025-04-07 21:00:00,4,97,61.3,61.3,183.9,373.3,12.7,0.3999999999999986,12.566666666666668,13.9,1.0,113,2025-04-08 03:00:00,2025-04-08 03:00:00,12.6,6.0,-0.09999999999999964
NH15 Crossing Fakirpara Tangni,DARRANG,26.50833333,92.11638889,2025-04-07 22:00:00,4,97,61.3,61.3,183.9,373.2999999999999,12.7,0.0,12.566666666666668,12.7,1.0,113,2025-04-08 04:00:00,2025-04-08 04:00:00,12.6,6.0,-0.09999999999999964
NH15 Crossing Fakirpara Tangni,DARRANG,26.50833333,92.11638889,2025-04-07 23:00:00,4,97,61.3,61.3,183.9,367.7999999999999,11.4,-1.299999999999999,12.266666666666666,12.7,1.0,113,2025-04-08 05:00:00,2025-04-08 05:00:00,12.6,6.0,1.1999999999999993
NH15 Crossing Fakirpara Tangni,DARRANG,26.50833333,92.11638889,2025-04-08 01:00:00,4,98,61.3,61.3,183.9,367.7999999999999,12.6,1.1999999999999993,12.233333333333334,12.7,2.0,113,2025-04-08 07:00:00,2025-04-08 07:00:00,13.1,6.0,0.5
NH15 Crossing Fakirpara Tangni,DARRANG,26.50833333,92.11638889,2025-04-08 02:00:00,4,98,61.3,61.3,183.9,367.7999999999999,12.6,0.0,12.2,12.7,1.0,113,2025-04-08 08:00:00,2025-04-08 08:00:00,13.7,6.0,1.0999999999999996
NH15 Crossing Fakirpara Tangni,DARRANG,26.50833333,92.11638889,2025-04-08 03:00:00,4,98,61.3,61.3,183.9,367.7999999999999,12.6,0.0,12.6,12.7,1.0,113,2025-04-08 09:00:00,2025-04-08 09:00:00,14.3,6.0,1.700000000000001
NH15 Crossing Fakirpara Tangni,DARRANG,26.50833333,92.11638889,2025-04-08 04:00:00,4,98,61.3,61.3,183.9,367.7999999999999,12.6,0.0,12.6,12.7,1.0,113,2025-04-08 10:00:00,2025-04-08 10:00:00,14.1,6.0,1.5
NH15 Crossing Fakirpara Tangni,DARRANG,26.50833333,92.11638889,2025-04-08 05:00:00,4,98,61.3,61.3,183.9,367.7999999999999,12.6,0.0,12.6,12.6,1.0,113,2025-04-08 11:00:00,2025-04-08 11:00:00,14.2,6.0,1.5999999999999996
NH15 Crossing Fakirpara Tangni,DARRANG,26.50833333,92.11638889,2025-04-08 06:00:00,4,98,61.3,61.3,183.9,367.7999999999999,12.7,0.0999999999999996,12.633333333333333,12.7,1.0,113,2025-04-08 12:00:00,2025-04-08 12:00:00,14.1,6.0,1.4000000000000004
NH15 Crossing Fakirpara Tangni,DARRANG,26.50833333,92.11638889,2025-04-08 07:00:00,4,98,61.3,61.3,183.9,367.7999999999999,13.1,0.4000000000000003,12.8,13.1,1.0,113,2025-04-08 13:00:00,2025-04-08 13:00:00,14.2,6.0,1.0999999999999996
NH15 Crossing Fakirpara Tangni,DARRANG,26.50833333,92.11638889,2025-04-08 08:00:00,4,98,61.3,61.3,183.9,367.7999999999999,13.7,0.5999999999999996,13.166666666666666,13.7,1.0,113,2025-04-08 14:00:00,2025-04-08 14:00:00,14.3,6.0,0.6000000000000014
NH15 Crossing Fakirpara Tangni,DARRANG,26.50833333,92.11638889,2025-04-08 09:00:00,4,98,61.3,61.3,183.9,367.7999999999999,14.3,0.6000000000000014,13.7,14.3,1.0,113,2025-04-08 15:00:00,2025-04-08 15:00:00,14.2,6.0,-0.10000000000000142
NH15 Crossing Fakirpara Tangni,DARRANG,26.50833333,92.11638889,2025-04-08 10:00:00,4,98,61.3,61.3,183.9,367.7999999999999,14.1,-0.200000000000001,14.033333333333331,14.3,1.0,113,2025-04-08 16:00:00,2025-04-08 16:00:00,13.8,6.0,-0.29999999999999893
NH15 Crossing Fakirpara Tangni,DARRANG,26.50833333,92.11638889,2025-04-08 11:00:00,4,98,61.3,61.3,183.9,367.7999999999999,14.2,0.0999999999999996,14.2,14.3,1.0,113,2025-04-08 17:00:00,2025-04-08 17:00:00,13.1,6.0,-1.0999999999999996
NH15 Crossing Fakirpara Tangni,DARRANG,26.50833333,92.11638889,2025-04-08 12:00:00,4,98,61.3,61.3,183.9,367.7999999999999,14.1,-0.0999999999999996,14.133333333333333,14.3,1.0,113,2025-04-08 18:00:00,2025-04-08 17:00:00,13.1,5.0,-1.0
NH15 Crossing Fakirpara Tangni,DARRANG,26.50833333,92.11638889,2025-04-08 13:00:00,4,98,61.3,61.3,183.9,367.7999999999999,14.2,0.0999999999999996,14.166666666666666,14.3,1.0,113,2025-04-08 19:00:00,2025-04-08 19:00:00,12.4,6.0,-1.799999999999999
NH15 Crossing Fakirpara Tangni,DARRANG,26.50833333,92.11638889,2025-04-08 14:00:00,4,98,61.3,61.3,183.9,367.7999999999999,14.3,0.1000000000000014,14.2,14.3,1.0,113,2025-04-08 20:00:00,2025-04-08 20:00:00,12.7,6.0,-1.6000000000000014
NH15 Crossing Fakirpara Tangni,DARRANG,26.50833333,92.11638889,2025-04-08 15:00:00,4,98,61.3,61.3,183.9,367.7999999999999,14.2,-0.1000000000000014,14.233333333333333,14.3,1.0,113,2025-04-08 21:00:00,2025-04-08 20:00:00,12.7,5.0,-1.5
NH15 Crossing Fakirpara Tangni,DARRANG,26.50833333,92.11638889,2025-04-08 16:00:00,4,98,61.3,61.3,183.9,367.7999999999999,13.8,-0.3999999999999986,14.1,14.3,1.0,113,2025-04-08 22:00:00,2025-04-08 22:00:00,12.4,6.0,-1.4000000000000004
NH15 Crossing Fakirpara Tangni,DARRANG,26.50833333,92.11638889,2025-04-08 17:00:00,4,98,61.3,61.3,183.9,367.7999999999999,13.1,-0.7000000000000011,13.699999999999998,14.3,1.0,113,2025-04-08 23:00:00,2025-04-08 22:00:00,12.4,5.0,-0.6999999999999993
NH15 Crossing Fakirpara Tangni,DARRANG,26.50833333,92.11638889,2025-04-08 19:00:00,4,98,61.3,61.3,183.9,367.7999999999999,12.4,-0.6999999999999993,13.1,14.3,2.0,113,2025-04-09 01:00:00,2025-04-09 01:00:00,12.5,6.0,0.09999999999999964
NH15 Crossing Fakirpara Tangni,DARRANG,26.50833333,92.11638889,2025-04-08 20:00:00,4,98,61.3,61.3,183.9,367.7999999999999,12.7,0.2999999999999989,12.733333333333333,14.3,1.0,113,2025-04-09 02:00:00,2025-04-09 02:00:00,12.4,6.0,-0.29999999999999893
NH15 Crossing Fakirpara Tangni,DARRANG,26.50833333,92.11638889,2025-04-08 22:00:00,4,98,61.3,61.3,183.9,367.7999999999999,12.4,-0.2999999999999989,12.5,14.2,2.0,113,2025-04-09 04:00:00,2025-04-09 04:00:00,12.6,6.0,0.1999999999999993
NH15 Crossing Fakirpara Tangni,DARRANG,26.50833333,92.11638889,2025-04-09 00:00:00,4,99,61.3,61.3,183.9,367.7999999999999,12.4,0.0,12.5,13.8,2.0,113,2025-04-09 06:00:00,2025-04-09 06:00:00,12.6,6.0,0.1999999999999993
NH15 Crossing Fakirpara Tangni,DARRANG,26.50833333,92.11638889,2025-04-09 01:00:00,4,99,61.3,61.3,183.9,367.7999999999999,12.5,0.0999999999999996,12.433333333333332,13.1,1.0,113,2025-04-09 07:00:00,2025-04-09 07:00:00,12.6,6.0,0.09999999999999964
NH15 Crossing Fakirpara Tangni,DARRANG,26.50833333,92.11638889,2025-04-09 02:00:00,4,99,61.3,61.3,183.9,367.7999999999999,12.4,-0.0999999999999996,12.433333333333332,12.7,1.0,113,2025-04-09 08:00:00,2025-04-09 08:00:00,12.6,6.0,0.1999999999999993
NH15 Crossing Fakirpara Tangni,DARRANG,26.50833333,92.11638889,2025-04-09 03:00:00,4,99,61.3,61.3,183.9,367.7999999999999,12.6,0.1999999999999993,12.5,12.7,1.0,113,2025-04-09 09:00:00,2025-04-09 09:00:00,12.7,6.0,0.09999999999999964
NH15 Crossing Fakirpara Tangni,DARRANG,26.50833333,92.11638889,2025-04-09 04:00:00,4,99,66.8,61.3,189.4,373.3,12.6,0.0,12.533333333333331,12.6,1.0,113,2025-04-09 10:00:00,2025-04-09 10:00:00,12.9,6.0,0.3000000000000007
NH15 Crossing Fakirpara Tangni,DARRANG,26.50833333,92.11638889,2025-04-09 05:00:00,4,99,61.3,66.8,189.4,373.3,12.6,0.0,12.6,12.6,1.0,113,2025-04-09 11:00:00,2025-04-09 11:00:00,14.0,6.0,1.4000000000000004
NH15 Crossing Fakirpara Tangni,DARRANG,26.50833333,92.11638889,2025-04-09 06:00:00,4,99,61.3,61.3,189.4,373.2999999999999,12.6,0.0,12.6,12.6,1.0,113,2025-04-09 12:00:00,2025-04-09 12:00:00,14.3,6.0,1.700000000000001
NH15 Crossing Fakirpara Tangni,DARRANG,26.50833333,92.11638889,2025-04-09 07:00:00,4,99,61.3,61.3,183.9,373.2999999999999,12.6,0.0,12.6,12.6,1.0,113,2025-04-09 13:00:00,2025-04-09 13:00:00,14.2,6.0,1.5999999999999996
NH15 Crossing Fakirpara Tangni,DARRANG,26.50833333,92.11638889,2025-04-09 08:00:00,4,99,61.3,61.3,183.9,373.3,12.6,0.0,12.6,12.6,1.0,113,2025-04-09 14:00:00,2025-04-09 14:00:00,14.1,6.0,1.5
NH15 Crossing Fakirpara Tangni,DARRANG,26.50833333,92.11638889,2025-04-09 09:00:00,4,99,61.3,61.3,183.9,373.3,12.7,0.0999999999999996,12.633333333333333,12.7,1.0,113,2025-04-09 15:00:00,2025-04-09 15:00:00,14.2,6.0,1.5
NH15 Crossing Fakirpara Tangni,DARRANG,26.50833333,92.11638889,2025-04-09 10:00:00,4,99,61.3,61.3,183.9,367.7999999999999,12.9,0.200000000000001,12.733333333333333,12.9,1.0,113,2025-04-09 16:00:00,2025-04-09 16:00:00,13.1,6.0,0.1999999999999993
NH15 Crossing Fakirpara Tangni,DARRANG,26.50833333,92.11638889,2025-04-09 11:00:00,4,99,61.3,61.3,183.9,367.7999999999999,14.0,1.0999999999999996,13.2,14.0,1.0,113,2025-04-09 17:00:00,2025-04-09 17:00:00,12.5,6.0,-1.5
NH15 Crossing Fakirpara Tangni,DARRANG,26.50833333,92.11638889,2025-04-09 12:00:00,4,99,61.3,61.3,183.9,367.7999999999999,14.3,0.3000000000000007,13.733333333333334,14.3,1.0,113,2025-04-09 18:00:00,2025-04-09 17:00:00,12.5,5.0,-1.8000000000000007
NH15 Crossing Fakirpara Tangni,DARRANG,26.50833333,92.11638889,2025-04-09 13:00:00,4,99,61.3,61.3,183.9,367.7999999999999,14.2,-0.1000000000000014,14.166666666666666,14.3,1.0,113,2025-04-09 19:00:00,2025-04-09 17:00:00,12.5,4.0,-1.6999999999999993
NH15 Crossing Fakirpara Tangni,DARRANG,26.50833333,92.11638889,2025-04-09 17:00:00,4,99,61.3,66.8,189.4,373.3,12.5,-0.5999999999999996,13.266666666666666,14.3,1.0,113,2025-04-09 23:00:00,2025-04-10 01:00:00,12.7,8.0,0.1999999999999993
NH15 Crossing Fakirpara Tangni,DARRANG,26.50833333,92.11638889,2025-04-10 01:00:00,4,100,61.3,61.3,189.4,373.2999999999999,12.7,0.1999999999999993,12.766666666666666,14.2,8.0,113,2025-04-10 07:00:00,2025-04-10 07:00:00,13.5,6.0,0.8000000000000007
NH15 Crossing Fakirpara Tangni,DARRANG,26.50833333,92.11638889,2025-04-10 02:00:00,4,100,61.3,61.3,183.9,373.2999999999999,12.7,0.0,12.633333333333333,14.2,1.0,113,2025-04-10 08:00:00,2025-04-10 08:00:00,14.2,6.0,1.5
NH15 Crossing Fakirpara Tangni,DARRANG,26.50833333,92.11638889,2025-04-10 03:00:00,4,100,61.3,61.3,183.9,373.3,12.0,-0.6999999999999993,12.466666666666669,14.2,1.0,113,2025-04-10 09:00:00,2025-04-10 09:00:00,14.1,6.0,2.0999999999999996
NH15 Crossing Fakirpara Tangni,DARRANG,26.50833333,92.11638889,2025-04-10 04:00:00,4,100,61.3,61.3,183.9,373.3,12.0,0.0,12.233333333333334,13.1,1.0,113,2025-04-10 10:00:00,2025-04-10 10:00:00,14.1,6.0,2.0999999999999996
NH15 Crossing Fakirpara Tangni,DARRANG,26.50833333,92.11638889,2025-04-10 05:00:00,4,100,61.3,61.3,183.9,367.7999999999999,12.7,0.6999999999999993,12.233333333333333,12.7,1.0,113,2025-04-10 11:00:00,2025-04-10 11:00:00,14.2,6.0,1.5
NH15 Crossing Fakirpara Tangni,DARRANG,26.50833333,92.11638889,2025-04-10 06:00:00,4,100,61.3,61.3,183.9,367.7999999999999,12.8,0.1000000000000014,12.5,12.8,1.0,113,2025-04-10 12:00:00,2025-04-10 12:00:00,14.1,6.0,1.299999999999999
NH15 Crossing Fakirpara Tangni,DARRANG,26.50833333,92.11638889,2025-04-10 07:00:00,4,100,61.3,61.3,183.9,367.7999999999999,13.5,0.6999999999999993,13.0,13.5,1.0,113,2025-04-10 13:00:00,2025-04-10 13:00:00,14.1,6.0,0.5999999999999996
NH15 Crossing Fakirpara Tangni,DARRANG,26.50833333,92.11638889,2025-04-10 08:00:00,4,100,61.3,61.3,183.9,367.7999999999999,14.2,0.6999999999999993,13.5,14.2,1.0,113,2025-04-10 14:00:00,2025-04-10 14:00:00,13.8,6.0,-0.3999999999999986
NH15 Crossing Fakirpara Tangni,DARRANG,26.50833333,92.11638889,2025-04-10 09:00:00,4,100,61.3,61.3,183.9,367.7999999999999,14.1,-0.0999999999999996,13.933333333333332,14.2,1.0,113,2025-04-10 15:00:00,2025-04-10 15:00:00,13.3,6.0,-0.7999999999999989
NH15 Crossing Fakirpara Tangni,DARRANG,26.50833333,92.11638889,2025-04-10 10:00:00,4,100,61.3,61.3,183.9,367.7999999999999,14.1,0.0,14.133333333333333,14.2,1.0,113,2025-04-10 16:00:00,2025-04-10 16:00:00,13.2,6.0,-0.9000000000000004
NH15 Crossing Fakirpara Tangni,DARRANG,26.50833333,92.11638889,2025-04-10 11:00:00,4,100,61.3,61.3,183.9,367.7999999999999,14.2,0.0999999999999996,14.133333333333333,14.2,1.0,113,2025-04-10 17:00:00,2025-04-10 17:00:00,13.9,6.0,-0.29999999999999893
NH15 Crossing Fakirpara Tangni,DARRANG,26.50833333,92.11638889,2025-04-10 12:00:00,4,100,61.3,61.3,183.9,367.7999999999999,14.1,-0.0999999999999996,14.133333333333333,14.2,1.0,113,2025-04-10 18:00:00,2025-04-10 17:00:00,13.9,5.0,-0.1999999999999993
NH15 Crossing Fakirpara Tangni,DARRANG,26.50833333,92.11638889,2025-04-10 13:00:00,4,100,61.3,61.3,183.9,367.7999999999999,14.1,0.0,14.133333333333333,14.2,1.0,113,2025-04-10 19:00:00,2025-04-10 19:00:00,12.7,6.0,-1.4000000000000004
NH15 Crossing Fakirpara Tangni,DARRANG,26.50833333,92.11638889,2025-04-10 14:00:00,4,100,66.8,61.3,189.4,373.2999999999999,13.8,-0.2999999999999989,14.0,14.2,1.0,113,2025-04-10 20:00:00,2025-04-10 20:00:00,12.6,6.0,-1.200000000000001
NH15 Crossing Fakirpara Tangni,DARRANG,26.50833333,92.11638889,2025-04-10 15:00:00,4,100,66.8,66.8,194.9,378.8,13.3,-0.5,13.733333333333334,14.2,1.0,113,2025-04-10 21:00:00,2025-04-10 20:00:00,12.6,5.0,-0.7000000000000011
NH15 Crossing Fakirpara Tangni,DARRANG,26.50833333,92.11638889,2025-04-10 16:00:00,4,100,66.8,66.8,200.4,384.3,13.2,-0.1000000000000014,13.433333333333332,14.2,1.0,113,2025-04-10 22:00:00,2025-04-10 22:00:00,12.7,6.0,-0.5
NH15 Crossing Fakirpara Tangni,DARRANG,26.50833333,92.11638889,2025-04-10 17:00:00,4,100,66.8,66.8,200.4,389.7999999999999,13.9,0.7000000000000011,13.466666666666669,14.1,1.0,113,2025-04-10 23:00:00,2025-04-10 23:00:00,12.4,6.0,-1.5
NH15 Crossing Fakirpara Tangni,DARRANG,26.50833333,92.11638889,2025-04-10 19:00:00,4,100,66.8,66.8,200.4,395.2999999999999,12.7,-1.200000000000001,13.266666666666666,14.1,2.0,113,2025-04-11 01:00:00,2025-04-11 01:00:00,12.6,6.0,-0.09999999999999964
NH15 Crossing Fakirpara Tangni,DARRANG,26.50833333,92.11638889,2025-04-10 20:00:00,4,100,66.8,66.8,200.4,400.7999999999999,12.6,-0.0999999999999996,13.066666666666668,13.9,1.0,113,2025-04-11 02:00:00,2025-04-11 02:00:00,12.6,6.0,0.0
NH15 Crossing Fakirpara Tangni,DARRANG,26.50833333,92.11638889,2025-04-10 22:00:00,4,100,66.8,66.8,200.4,400.7999999999999,12.7,0.0999999999999996,12.666666666666666,13.9,2.0,113,2025-04-11 04:00:00,2025-04-11 04:00:00,12.4,6.0,-0.29999999999999893
NH15 Crossing Fakirpara Tangni,DARRANG,26.50833333,92.11638889,2025-04-10 23:00:00,4,100,66.8,66.8,200.4,400.7999999999999,12.4,-0.2999999999999989,12.566666666666668,13.9,1.0,113,2025-04-11 05:00:00,2025-04-11 04:00:00,12.4,5.0,0.0
NH15 Crossing Fakirpara Tangni,DARRANG,26.50833333,92.11638889,2025-04-11 00:00:00,4,101,66.8,66.8,200.4,400.7999999999999,12.4,0.0,12.5,13.9,1.0,113,2025-04-11 06:00:00,2025-04-11 06:00:00,12.6,6.0,0.1999999999999993
NH15 Crossing Fakirpara Tangni,DARRANG,26.50833333,92.11638889,2025-04-11 01:00:00,4,101,66.8,66.8,200.4,400.7999999999999,12.6,0.1999999999999993,12.466666666666669,12.7,1.0,113,2025-04-11 07:00:00,2025-04-11 07:00:00,12.9,6.0,0.3000000000000007
NH15 Crossing Fakirpara Tangni,DARRANG,26.50833333,92.11638889,2025-04-11 02:00:00,4,101,66.8,66.8,200.4,400.7999999999999,12.6,0.0,12.533333333333331,12.7,1.0,113,2025-04-11 08:00:00,2025-04-11 08:00:00,13.6,6.0,1.0
NH15 Crossing Fakirpara Tangni,DARRANG,26.50833333,92.11638889,2025-04-11 03:00:00,4,101,66.8,66.8,200.4,400.7999999999999,12.6,0.0,12.6,12.7,1.0,113,2025-04-11 09:00:00,2025-04-11 09:00:00,13.9,6.0,1.3000000000000007
NH15 Crossing Fakirpara Tangni,DARRANG,26.50833333,92.11638889,2025-04-11 04:00:00,4,101,66.8,66.8,200.4,400.7999999999999,12.4,-0.1999999999999993,12.533333333333331,12.6,1.0,113,2025-04-11 10:00:00,2025-04-11 10:00:00,13.8,6.0,1.4000000000000004
NH15 Crossing Fakirpara Tangni,DARRANG,26.50833333,92.11638889,2025-04-11 06:00:00,4,101,66.8,66.8,200.4,400.7999999999999,12.6,0.1999999999999993,12.533333333333331,12.6,2.0,113,2025-04-11 12:00:00,2025-04-11 12:00:00,14.1,6.0,1.5
NH15 Crossing Fakirpara Tangni,DARRANG,26.50833333,92.11638889,2025-04-11 07:00:00,4,101,66.8,66.8,200.4,400.7999999999999,12.9,0.3000000000000007,12.633333333333333,12.9,1.0,113,2025-04-11 13:00:00,2025-04-11 13:00:00,14.1,6.0,1.1999999999999993
NH15 Crossing Fakirpara Tangni,DARRANG,26.50833333,92.11638889,2025-04-11 08:00:00,4,101,66.8,66.8,200.4,400.7999999999999,13.6,0.6999999999999993,13.033333333333331,13.6,1.0,113,2025-04-11 14:00:00,2025-04-11 14:00:00,14.2,6.0,0.5999999999999996
NH15 Crossing Fakirpara Tangni,DARRANG,26.50833333,92.11638889,2025-04-11 09:00:00,4,101,66.8,66.8,200.4,400.7999999999999,13.9,0.3000000000000007,13.466666666666669,13.9,1.0,113,2025-04-11 15:00:00,2025-04-11 15:00:00,14.1,6.0,0.1999999999999993
NH15 Crossing Fakirpara Tangni,DARRANG,26.50833333,92.11638889,2025-04-11 10:00:00,4,101,66.8,66.8,200.4,400.7999999999999,13.8,-0.0999999999999996,13.766666666666667,13.9,1.0,113,2025-04-11 16:00:00,2025-04-11 16:00:00,13.8,6.0,0.0
NH15 Crossing Fakirpara Tangni,DARRANG,26.50833333,92.11638889,2025-04-11 11:00:00,4,101,66.8,66.8,200.4,400.7999999999999,14.2,0.3999999999999986,13.966666666666669,14.2,1.0,113,2025-04-11 17:00:00,2025-04-11 17:00:00,12.7,6.0,-1.5
NH15 Crossing Fakirpara Tangni,DARRANG,26.50833333,92.11638889,2025-04-11 12:00:00,4,101,66.8,66.8,200.4,400.7999999999999,14.1,-0.0999999999999996,14.033333333333331,14.2,1.0,113,2025-04-11 18:00:00,2025-04-11 17:00:00,12.7,5.0,-1.4000000000000004
NH15 Crossing Fakirpara Tangni,DARRANG,26.50833333,92.11638889,2025-04-11 13:00:00,4,101,66.8,66.8,200.4,400.7999999999999,14.1,0.0,14.133333333333333,14.2,1.0,113,2025-04-11 19:00:00,2025-04-11 19:00:00,12.8,6.0,-1.299999999999999
NH15 Crossing Fakirpara Tangni,DARRANG,26.50833333,92.11638889,2025-04-11 14:00:00,4,101,66.8,66.8,200.4,400.7999999999999,14.2,0.0999999999999996,14.133333333333333,14.2,1.0,113,2025-04-11 20:00:00,2025-04-11 20:00:00,12.4,6.0,-1.799999999999999
NH15 Crossing Fakirpara Tangni,DARRANG,26.50833333,92.11638889,2025-04-11 15:00:00,4,101,66.8,66.8,200.4,400.7999999999999,14.1,-0.0999999999999996,14.133333333333333,14.2,1.0,113,2025-04-11 21:00:00,2025-04-11 21:00:00,11.5,6.0,-2.5999999999999996
NH15 Crossing Fakirpara Tangni,DARRANG,26.50833333,92.11638889,2025-04-11 16:00:00,4,101,66.8,66.8,200.4,400.7999999999999,13.8,-0.2999999999999989,14.033333333333331,14.2,1.0,113,2025-04-11 22:00:00,2025-04-11 22:00:00,12.7,6.0,-1.1000000000000014
NH15 Crossing Fakirpara Tangni,DARRANG,26.50833333,92.11638889,2025-04-11 17:00:00,4,101,66.8,66.8,200.4,400.7999999999999,12.7,-1.1000000000000014,13.533333333333331,14.2,1.0,113,2025-04-11 23:00:00,2025-04-11 23:00:00,13.0,6.0,0.3000000000000007
NH15 Crossing Fakirpara Tangni,DARRANG,26.50833333,92.11638889,2025-04-11 19:00:00,4,101,66.8,66.8,200.4,400.7999999999999,12.8,0.1000000000000014,13.1,14.2,2.0,113,2025-04-12 01:00:00,2025-04-12 01:00:00,12.5,6.0,-0.3000000000000007
NH15 Crossing Fakirpara Tangni,DARRANG,26.50833333,92.11638889,2025-04-11 20:00:00,4,101,66.8,66.8,200.4,400.7999999999999,12.4,-0.4000000000000003,12.633333333333333,14.2,1.0,113,2025-04-12 02:00:00,2025-04-12 02:00:00,12.6,6.0,0.1999999999999993
NH15 Crossing Fakirpara Tangni,DARRANG,26.50833333,92.11638889,2025-04-11 21:00:00,4,101,66.8,66.8,200.4,400.7999999999999,11.5,-0.9000000000000004,12.233333333333334,14.1,1.0,113,2025-04-12 03:00:00,2025-04-12 03:00:00,12.6,6.0,1.0999999999999996
NH15 Crossing Fakirpara Tangni,DARRANG,26.50833333,92.11638889,2025-04-11 22:00:00,4,101,66.8,66.8,200.4,400.7999999999999,12.7,1.1999999999999993,12.2,13.8,1.0,113,2025-04-12 04:00:00,2025-04-12 04:00:00,12.6,6.0,-0.09999999999999964
NH15 Crossing Fakirpara Tangni,DARRANG,26.50833333,92.11638889,2025-04-11 23:00:00,4,101,66.8,66.8,200.4,400.7999999999999,13.0,0.3000000000000007,12.4,13.0,1.0,113,2025-04-12 05:00:00,2025-04-12 05:00:00,12.5,6.0,-0.5
NH15 Crossing Fakirpara Tangni,DARRANG,26.50833333,92.11638889,2025-04-12 01:00:00,4,102,66.8,66.8,200.4,400.7999999999999,12.5,-0.5,12.733333333333334,13.0,2.0,113,2025-04-12 07:00:00,2025-04-12 07:00:00,13.4,6.0,0.9000000000000004
NH15 Crossing Fakirpara Tangni,DARRANG,26.50833333,92.11638889,2025-04-12 02:00:00,4,102,66.8,66.8,200.4,400.7999999999999,12.6,0.0999999999999996,12.699999999999998,13.0,1.0,113,2025-04-12 08:00:00,2025-04-12 08:00:00,14.1,6.0,1.5
NH15 Crossing Fakirpara Tangni,DARRANG,26.50833333,92.11638889,2025-04-12 03:00:00,4,102,66.8,66.8,200.4,400.7999999999999,12.6,0.0,12.566666666666665,13.0,1.0,113,2025-04-12 09:00:00,2025-04-12 09:00:00,14.1,6.0,1.5
NH15 Crossing Fakirpara Tangni,DARRANG,26.50833333,92.11638889,2025-04-12 04:00:00,4,102,66.8,66.8,200.4,400.7999999999999,12.6,0.0,12.6,13.0,1.0,113,2025-04-12 10:00:00,2025-04-12 10:00:00,14.3,6.0,1.700000000000001
NH15 Crossing Fakirpara Tangni,DARRANG,26.50833333,92.11638889,2025-04-12 05:00:00,4,102,66.8,66.8,200.4,400.7999999999999,12.5,-0.0999999999999996,12.566666666666668,13.0,1.0,113,2025-04-12 11:00:00,2025-04-12 11:00:00,14.3,6.0,1.8000000000000007
NH15 Crossing Fakirpara Tangni,DARRANG,26.50833333,92.11638889,2025-04-12 06:00:00,4,102,66.8,66.8,200.4,400.7999999999999,12.7,0.1999999999999993,12.6,12.7,1.0,113,2025-04-12 12:00:00,2025-04-12 12:00:00,14.1,6.0,1.4000000000000004
NH15 Crossing Fakirpara Tangni,DARRANG,26.50833333,92.11638889,2025-04-12 07:00:00,4,102,66.8,66.8,200.4,400.7999999999999,13.4,0.7000000000000011,12.866666666666667,13.4,1.0,113,2025-04-12 13:00:00,2025-04-12 13:00:00,14.1,6.0,0.6999999999999993
NH15 Crossing Fakirpara Tangni,DARRANG,26.50833333,92.11638889,2025-04-12 08:00:00,4,102,66.8,66.8,200.4,400.7999999999999,14.1,0.6999999999999993,13.4,14.1,1.0,113,2025-04-12 14:00:00,2025-04-12 14:00:00,14.3,6.0,0.20000000000000107
NH15 Crossing Fakirpara Tangni,DARRANG,26.50833333,92.11638889,2025-04-12 09:00:00,4,102,66.8,66.8,200.4,400.7999999999999,14.1,0.0,13.866666666666667,14.1,1.0,113,2025-04-12 15:00:00,2025-04-12 15:00:00,13.9,6.0,-0.1999999999999993
NH15 Crossing Fakirpara Tangni,DARRANG,26.50833333,92.11638889,2025-04-12 10:00:00,4,102,66.8,66.8,200.4,400.7999999999999,14.3,0.200000000000001,14.166666666666666,14.3,1.0,113,2025-04-12 16:00:00,2025-04-12 16:00:00,13.9,6.0,-0.40000000000000036
NH15 Crossing Fakirpara Tangni,DARRANG,26.50833333,92.11638889,2025-04-12 11:00:00,4,102,66.8,66.8,200.4,400.7999999999999,14.3,0.0,14.233333333333334,14.3,1.0,113,2025-04-12 17:00:00,2025-04-12 17:00:00,13.6,6.0,-0.7000000000000011
NH15 Crossing Fakirpara Tangni,DARRANG,26.50833333,92.11638889,2025-04-12 12:00:00,4,102,66.8,66.8,200.4,400.7999999999999,14.1,-0.200000000000001,14.233333333333334,14.3,1.0,113,2025-04-12 18:00:00,2025-04-12 18:00:00,13.0,6.0,-1.0999999999999996
NH15 Crossing Fakirpara Tangni,DARRANG,26.50833333,92.11638889,2025-04-12 13:00:00,4,102,66.8,66.8,200.4,400.7999999999999,14.1,0.0,14.166666666666666,14.3,1.0,113,2025-04-12 19:00:00,2025-04-12 19:00:00,12.8,6.0,-1.299999999999999
NH15 Crossing Fakirpara Tangni,DARRANG,26.50833333,92.11638889,2025-04-12 14:00:00,4,102,61.3,66.8,194.9,395.2999999999999,14.3,0.200000000000001,14.166666666666666,14.3,1.0,113,2025-04-12 20:00:00,2025-04-12 20:00:00,12.7,6.0,-1.6000000000000014
NH15 Crossing Fakirpara Tangni,DARRANG,26.50833333,92.11638889,2025-04-12 15:00:00,4,102,61.3,61.3,189.4,389.7999999999999,13.9,-0.4000000000000003,14.1,14.3,1.0,113,2025-04-12 21:00:00,2025-04-12 21:00:00,12.7,6.0,-1.200000000000001
NH15 Crossing Fakirpara Tangni,DARRANG,26.50833333,92.11638889,2025-04-12 16:00:00,4,102,61.3,61.3,183.9,384.3,13.9,0.0,14.033333333333331,14.3,1.0,113,2025-04-12 22:00:00,2025-04-12 22:00:00,12.7,6.0,-1.200000000000001
NH15 Crossing Fakirpara Tangni,DARRANG,26.50833333,92.11638889,2025-04-12 17:00:00,4,102,61.3,61.3,183.9,378.8,13.6,-0.3000000000000007,13.800000000000002,14.3,1.0,113,2025-04-12 23:00:00,2025-04-12 23:00:00,12.7,6.0,-0.9000000000000004
NH15 Crossing Fakirpara Tangni,DARRANG,26.50833333,92.11638889,2025-04-12 18:00:00,4,102,66.8,61.3,189.4,378.7999999999999,13.0,-0.5999999999999996,13.5,14.3,1.0,113,2025-04-13 00:00:00,2025-04-13 00:00:00,12.7,6.0,-0.3000000000000007
NH15 Crossing Fakirpara Tangni,DARRANG,26.50833333,92.11638889,2025-04-12 19:00:00,4,102,66.8,66.8,194.9,378.7999999999999,12.8,-0.1999999999999993,13.133333333333336,14.3,1.0,113,2025-04-13 01:00:00,2025-04-13 01:00:00,12.6,6.0,-0.20000000000000107
NH15 Crossing Fakirpara Tangni,DARRANG,26.50833333,92.11638889,2025-04-12 20:00:00,4,102,66.8,66.8,200.4,384.3,12.7,-0.1000000000000014,12.833333333333334,13.9,1.0,113,2025-04-13 02:00:00,2025-04-13 02:00:00,12.6,6.0,-0.09999999999999964
NH15 Crossing Fakirpara Tangni,DARRANG,26.50833333,92.11638889,2025-04-12 21:00:00,4,102,66.8,66.8,200.4,389.8,12.7,0.0,12.733333333333334,13.9,1.0,113,2025-04-13 03:00:00,2025-04-13 03:00:00,12.6,6.0,-0.09999999999999964
NH15 Crossing Fakirpara Tangni,DARRANG,26.50833333,92.11638889,2025-04-12 22:00:00,4,102,66.8,66.8,200.4,395.2999999999999,12.7,0.0,12.7,13.6,1.0,113,2025-04-13 04:00:00,2025-04-13 04:00:00,12.6,6.0,-0.09999999999999964
NH15 Crossing Fakirpara Tangni,DARRANG,26.50833333,92.11638889,2025-04-12 23:00:00,4,102,66.8,66.8,200.4,400.7999999999999,12.7,0.0,12.7,13.0,1.0,113,2025-04-13 05:00:00,2025-04-13 05:00:00,12.6,6.0,-0.09999999999999964
NH15 Crossing Fakirpara Tangni,DARRANG,26.50833333,92.11638889,2025-04-13 00:00:00,4,103,66.8,66.8,200.4,400.7999999999999,12.7,0.0,12.7,12.8,1.0,113,2025-04-13 06:00:00,2025-04-13 06:00:00,13.0,6.0,0.3000000000000007
NH15 Crossing Fakirpara Tangni,DARRANG,26.50833333,92.11638889,2025-04-13 01:00:00,4,103,66.8,66.8,200.4,400.7999999999999,12.6,-0.0999999999999996,12.666666666666666,12.7,1.0,113,2025-04-13 07:00:00,2025-04-13 07:00:00,13.3,6.0,0.7000000000000011
NH15 Crossing Fakirpara Tangni,DARRANG,26.50833333,92.11638889,2025-04-13 02:00:00,4,103,66.8,66.8,200.4,400.7999999999999,12.6,0.0,12.633333333333333,12.7,1.0,113,2025-04-13 08:00:00,2025-04-13 08:00:00,13.6,6.0,1.0
NH15 Crossing Fakirpara Tangni,DARRANG,26.50833333,92.11638889,2025-04-13 03:00:00,4,103,66.8,66.8,200.4,400.7999999999999,12.6,0.0,12.6,12.7,1.0,113,2025-04-13 09:00:00,2025-04-13 09:00:00,13.6,6.0,1.0
NH15 Crossing Fakirpara Tangni,DARRANG,26.50833333,92.11638889,2025-04-13 04:00:00,4,103,66.8,66.8,200.4,400.7999999999999,12.6,0.0,12.6,12.7,1.0,113,2025-04-13 10:00:00,2025-04-13 10:00:00,12.9,6.0,0.3000000000000007
NH15 Crossing Fakirpara Tangni,DARRANG,26.50833333,92.11638889,2025-04-13 05:00:00,4,103,66.8,66.8,200.4,400.7999999999999,12.6,0.0,12.6,12.7,1.0,113,2025-04-13 11:00:00,2025-04-13 11:00:00,14.4,6.0,1.8000000000000007
NH15 Crossing Fakirpara Tangni,DARRANG,26.50833333,92.11638889,2025-04-13 06:00:00,4,103,66.8,66.8,200.4,400.7999999999999,13.0,0.4000000000000003,12.733333333333333,13.0,1.0,113,2025-04-13 12:00:00,2025-04-13 12:00:00,14.3,6.0,1.3000000000000007
NH15 Crossing Fakirpara Tangni,DARRANG,26.50833333,92.11638889,2025-04-13 07:00:00,4,103,66.8,66.8,200.4,400.7999999999999,13.3,0.3000000000000007,12.966666666666669,13.3,1.0,113,2025-04-13 13:00:00,2025-04-13 13:00:00,14.3,6.0,1.0
NH15 Crossing Fakirpara Tangni,DARRANG,26.50833333,92.11638889,2025-04-13 08:00:00,4,103,66.8,66.8,200.4,400.7999999999999,13.6,0.2999999999999989,13.3,13.6,1.0,113,2025-04-13 14:00:00,2025-04-13 14:00:00,14.2,6.0,0.5999999999999996
NH15 Crossing Fakirpara Tangni,DARRANG,26.50833333,92.11638889,2025-04-13 09:00:00,4,103,66.8,66.8,200.4,400.7999999999999,13.6,0.0,13.5,13.6,1.0,113,2025-04-13 15:00:00,2025-04-13 15:00:00,14.0,6.0,0.40000000000000036
NH15 Crossing Fakirpara Tangni,DARRANG,26.50833333,92.11638889,2025-04-13 10:00:00,4,103,66.8,66.8,200.4,400.7999999999999,12.9,-0.6999999999999993,13.366666666666667,13.6,1.0,113,2025-04-13 16:00:00,2025-04-13 16:00:00,13.8,6.0,0.9000000000000004
NH15 Crossing Fakirpara Tangni,DARRANG,26.50833333,92.11638889,2025-04-13 11:00:00,4,103,66.8,66.8,200.4,400.7999999999999,14.4,1.5,13.633333333333333,14.4,1.0,113,2025-04-13 17:00:00,2025-04-13 17:00:00,12.7,6.0,-1.700000000000001
NH15 Crossing Fakirpara Tangni,DARRANG,26.50833333,92.11638889,2025-04-13 12:00:00,4,103,66.8,66.8,200.4,400.7999999999999,14.3,-0.0999999999999996,13.866666666666667,14.4,1.0,113,2025-04-13 18:00:00,2025-04-13 18:00:00,12.9,6.0,-1.4000000000000004
NH15 Crossing Fakirpara Tangni,DARRANG,26.50833333,92.11638889,2025-04-13 13:00:00,4,103,66.8,66.8,200.4,400.7999999999999,14.3,0.0,14.333333333333334,14.4,1.0,113,2025-04-13 19:00:00,2025-04-13 19:00:00,12.5,6.0,-1.8000000000000007
NH15 Crossing Fakirpara Tangni,DARRANG,26.50833333,92.11638889,2025-04-13 14:00:00,4,103,66.8,66.8,200.4,400.7999999999999,14.2,-0.1000000000000014,14.266666666666667,14.4,1.0,113,2025-04-13 20:00:00,2025-04-13 19:00:00,12.5,5.0,-1.6999999999999993
NH15 Crossing Fakirpara Tangni,DARRANG,26.50833333,92.11638889,2025-04-13 15:00:00,4,103,66.8,66.8,200.4,400.7999999999999,14.0,-0.1999999999999993,14.166666666666666,14.4,1.0,113,2025-04-13 21:00:00,2025-04-13 22:00:00,12.7,7.0,-1.3000000000000007
NH15 Crossing Fakirpara Tangni,DARRANG,26.50833333,92.11638889,2025-04-13 16:00:00,4,103,66.8,66.8,200.4,400.7999999999999,13.8,-0.1999999999999993,14.0,14.4,1.0,113,2025-04-13 22:00:00,2025-04-13 22:00:00,12.7,6.0,-1.1000000000000014
NH15 Crossing Fakirpara Tangni,DARRANG,26.50833333,92.11638889,2025-04-13 17:00:00,4,103,66.8,66.8,200.4,400.7999999999999,12.7,-1.1000000000000014,13.5,14.3,1.0,113,2025-04-13 23:00:00,2025-04-13 22:00:00,12.7,5.0,0.0
NH15 Crossing Fakirpara Tangni,DARRANG,26.50833333,92.11638889,2025-04-13 18:00:00,4,103,66.8,66.8,200.4,400.7999999999999,12.9,0.200000000000001,13.133333333333333,14.3,1.0,113,2025-04-14 00:00:00,2025-04-14 00:00:00,12.6,6.0,-0.3000000000000007
NH15 Crossing Fakirpara Tangni,DARRANG,26.50833333,92.11638889,2025-04-13 19:00:00,4,103,66.8,66.8,200.4,400.7999999999999,12.5,-0.4000000000000003,12.7,14.2,1.0,113,2025-04-14 01:00:00,2025-04-14 01:00:00,12.3,6.0,-0.1999999999999993
NH15 Crossing Fakirpara Tangni,DARRANG,26.50833333,92.11638889,2025-04-13 22:00:00,4,103,66.8,66.8,200.4,400.7999999999999,12.7,0.1999999999999993,12.699999999999998,14.0,3.0,113,2025-04-14 04:00:00,2025-04-14 04:00:00,12.6,6.0,-0.09999999999999964
NH15 Crossing Fakirpara Tangni,DARRANG,26.50833333,92.11638889,2025-04-14 00:00:00,4,104,66.8,66.8,200.4,400.7999999999999,12.6,-0.0999999999999996,12.6,13.8,2.0,113,2025-04-14 06:00:00,2025-04-14 06:00:00,13.3,6.0,0.7000000000000011
NH15 Crossing Fakirpara Tangni,DARRANG,26.50833333,92.11638889,2025-04-14 01:00:00,4,104,66.8,66.8,200.4,400.7999999999999,12.3,-0.2999999999999989,12.533333333333331,12.9,1.0,113,2025-04-14 07:00:00,2025-04-14 07:00:00,14.4,6.0,2.0999999999999996
NH15 Crossing Fakirpara Tangni,DARRANG,26.50833333,92.11638889,2025-04-14 02:00:00,4,104,66.8,66.8,200.4,400.7999999999999,12.1,-0.200000000000001,12.333333333333334,12.9,1.0,113,2025-04-14 08:00:00,2025-04-14 08:00:00,13.6,6.0,1.5
NH15 Crossing Fakirpara Tangni,DARRANG,26.50833333,92.11638889,2025-04-14 03:00:00,4,104,66.8,66.8,200.4,400.7999999999999,12.0,-0.0999999999999996,12.133333333333333,12.7,1.0,113,2025-04-14 09:00:00,2025-04-14 09:00:00,13.4,6.0,1.4000000000000004
NH15 Crossing Fakirpara Tangni,DARRANG,26.50833333,92.11638889,2025-04-14 04:00:00,4,104,66.8,66.8,200.4,400.7999999999999,12.6,0.5999999999999996,12.233333333333334,12.7,1.0,113,2025-04-14 10:00:00,2025-04-14 10:00:00,14.1,6.0,1.5
NH15 Crossing Fakirpara Tangni,DARRANG,26.50833333,92.11638889,2025-04-14 05:00:00,4,104,66.8,66.8,200.4,400.7999999999999,12.5,-0.0999999999999996,12.366666666666667,12.6,1.0,113,2025-04-14 11:00:00,2025-04-14 11:00:00,13.8,6.0,1.3000000000000007
NH15 Crossing Fakirpara Tangni,DARRANG,26.50833333,92.11638889,2025-04-14 06:00:00,4,104,66.8,66.8,200.4,400.7999999999999,13.3,0.8000000000000007,12.8,13.3,1.0,113,2025-04-14 12:00:00,2025-04-14 12:00:00,14.1,6.0,0.7999999999999989
NH15 Crossing Fakirpara Tangni,DARRANG,26.50833333,92.11638889,2025-04-14 07:00:00,4,104,66.8,66.8,200.4,400.7999999999999,14.4,1.0999999999999996,13.4,14.4,1.0,113,2025-04-14 13:00:00,2025-04-14 13:00:00,13.9,6.0,-0.5
NH15 Crossing Fakirpara Tangni,DARRANG,26.50833333,92.11638889,2025-04-14 08:00:00,4,104,66.8,66.8,200.4,400.7999999999999,13.6,-0.8000000000000007,13.766666666666666,14.4,1.0,113,2025-04-14 14:00:00,2025-04-14 14:00:00,13.9,6.0,0.3000000000000007
NH15 Crossing Fakirpara Tangni,DARRANG,26.50833333,92.11638889,2025-04-14 09:00:00,4,104,66.8,66.8,200.4,400.7999999999999,13.4,-0.1999999999999993,13.800000000000002,14.4,1.0,113,2025-04-14 15:00:00,2025-04-14 15:00:00,13.9,6.0,0.5
NH15 Crossing Fakirpara Tangni,DARRANG,26.50833333,92.11638889,2025-04-14 10:00:00,4,104,66.8,66.8,200.4,400.7999999999999,14.1,0.6999999999999993,13.7,14.4,1.0,113,2025-04-14 16:00:00,2025-04-14 16:00:00,13.6,6.0,-0.5
NH15 Crossing Fakirpara Tangni,DARRANG,26.50833333,92.11638889,2025-04-14 11:00:00,4,104,66.8,66.8,200.4,400.7999999999999,13.8,-0.2999999999999989,13.766666666666666,14.4,1.0,113,2025-04-14 17:00:00,2025-04-14 17:00:00,13.1,6.0,-0.7000000000000011
NH15 Crossing Fakirpara Tangni,DARRANG,26.50833333,92.11638889,2025-04-14 12:00:00,4,104,66.8,66.8,200.4,400.7999999999999,14.1,0.2999999999999989,14.0,14.4,1.0,113,2025-04-14 18:00:00,2025-04-14 18:00:00,12.9,6.0,-1.1999999999999993
NH15 Crossing Fakirpara Tangni,DARRANG,26.50833333,92.11638889,2025-04-14 13:00:00,4,104,61.3,66.8,194.9,395.2999999999999,13.9,-0.1999999999999993,13.933333333333332,14.1,1.0,113,2025-04-14 19:00:00,2025-04-14 19:00:00,12.7,6.0,-1.200000000000001
NH15 Crossing Fakirpara Tangni,DARRANG,26.50833333,92.11638889,2025-04-14 14:00:00,4,104,61.3,61.3,189.4,389.7999999999999,13.9,0.0,13.966666666666669,14.1,1.0,113,2025-04-14 20:00:00,2025-04-14 19:00:00,12.7,5.0,-1.200000000000001
NH15 Crossing Fakirpara Tangni,DARRANG,26.50833333,92.11638889,2025-04-14 15:00:00,4,104,61.3,61.3,183.9,384.3,13.9,0.0,13.9,14.1,1.0,113,2025-04-14 21:00:00,2025-04-14 21:00:00,12.7,6.0,-1.200000000000001
NH15 Crossing Fakirpara Tangni,DARRANG,26.50833333,92.11638889,2025-04-14 16:00:00,4,104,61.3,61.3,183.9,378.8,13.6,-0.3000000000000007,13.800000000000002,14.1,1.0,113,2025-04-14 22:00:00,2025-04-14 22:00:00,12.6,6.0,-1.0
NH15 Crossing Fakirpara Tangni,DARRANG,26.50833333,92.11638889,2025-04-14 17:00:00,4,104,66.8,61.3,189.4,378.7999999999999,13.1,-0.5,13.533333333333331,14.1,1.0,113,2025-04-14 23:00:00,2025-04-14 22:00:00,12.6,5.0,-0.5
NH15 Crossing Fakirpara Tangni,DARRANG,26.50833333,92.11638889,2025-04-14 18:00:00,4,104,66.8,66.8,194.9,378.7999999999999,12.9,-0.1999999999999993,13.2,13.9,1.0,113,2025-04-15 00:00:00,2025-04-15 00:00:00,12.6,6.0,-0.3000000000000007
NH15 Crossing Fakirpara Tangni,DARRANG,26.50833333,92.11638889,2025-04-14 19:00:00,4,104,66.8,66.8,200.4,384.3,12.7,-0.200000000000001,12.9,13.9,1.0,113,2025-04-15 01:00:00,2025-04-15 01:00:00,12.5,6.0,-0.1999999999999993
NH15 Crossing Fakirpara Tangni,DARRANG,26.50833333,92.11638889,2025-04-14 21:00:00,4,104,66.8,66.8,200.4,389.8,12.7,0.0,12.766666666666666,13.9,2.0,113,2025-04-15 03:00:00,2025-04-15 03:00:00,12.6,6.0,-0.09999999999999964
NH15 Crossing Fakirpara Tangni,DARRANG,26.50833333,92.11638889,2025-04-14 22:00:00,4,104,66.8,66.8,200.4,395.2999999999999,12.6,-0.0999999999999996,12.666666666666666,13.6,1.0,113,2025-04-15 04:00:00,2025-04-15 04:00:00,12.6,6.0,0.0
NH15 Crossing Fakirpara Tangni,DARRANG,26.50833333,92.11638889,2025-04-15 00:00:00,4,105,66.8,66.8,200.4,400.7999999999999,12.6,0.0,12.633333333333333,13.1,2.0,113,2025-04-15 06:00:00,2025-04-15 06:00:00,12.6,6.0,0.0
NH15 Crossing Fakirpara Tangni,DARRANG,26.50833333,92.11638889,2025-04-15 01:00:00,4,105,66.8,66.8,200.4,400.7999999999999,12.5,-0.0999999999999996,12.566666666666668,12.9,1.0,113,2025-04-15 07:00:00,2025-04-15 07:00:00,14.4,6.0,1.9000000000000004
NH15 Crossing Fakirpara Tangni,DARRANG,26.50833333,92.11638889,2025-04-15 02:00:00,4,105,66.8,66.8,200.4,400.7999999999999,12.6,0.0999999999999996,12.566666666666665,12.7,1.0,113,2025-04-15 08:00:00,2025-04-15 08:00:00,12.8,6.0,0.20000000000000107
NH15 Crossing Fakirpara Tangni,DARRANG,26.50833333,92.11638889,2025-04-15 03:00:00,4,105,66.8,66.8,200.4,400.7999999999999,12.6,0.0,12.566666666666668,12.7,1.0,113,2025-04-15 09:00:00,2025-04-15 09:00:00,13.4,6.0,0.8000000000000007
NH15 Crossing Fakirpara Tangni,DARRANG,26.50833333,92.11638889,2025-04-15 04:00:00,4,105,66.8,66.8,200.4,400.7999999999999,12.6,0.0,12.6,12.6,1.0,113,2025-04-15 10:00:00,2025-04-15 10:00:00,13.8,6.0,1.200000000000001
NH15 Crossing Fakirpara Tangni,DARRANG,26.50833333,92.11638889,2025-04-15 06:00:00,4,105,66.8,66.8,200.4,400.7999999999999,12.6,0.0,12.6,12.6,2.0,113,2025-04-15 12:00:00,2025-04-15 12:00:00,13.8,6.0,1.200000000000001
NH15 Crossing Fakirpara Tangni,DARRANG,26.50833333,92.11638889,2025-04-15 07:00:00,4,105,66.8,66.8,200.4,400.7999999999999,14.4,1.8000000000000007,13.2,14.4,1.0,113,2025-04-15 13:00:00,2025-04-15 13:00:00,14.1,6.0,-0.3000000000000007
NH15 Crossing Fakirpara Tangni,DARRANG,26.50833333,92.11638889,2025-04-15 08:00:00,4,105,66.8,66.8,200.4,400.7999999999999,12.8,-1.5999999999999996,13.266666666666666,14.4,1.0,113,2025-04-15 14:00:00,2025-04-15 14:00:00,13.9,6.0,1.0999999999999996
NH15 Crossing Fakirpara Tangni,DARRANG,26.50833333,92.11638889,2025-04-15 09:00:00,4,105,66.8,66.8,200.4,400.7999999999999,13.4,0.5999999999999996,13.533333333333331,14.4,1.0,113,2025-04-15 15:00:00,2025-04-15 15:00:00,13.6,6.0,0.1999999999999993
NH15 Crossing Fakirpara Tangni,DARRANG,26.50833333,92.11638889,2025-04-15 10:00:00,4,105,66.8,66.8,200.4,400.7999999999999,13.8,0.4000000000000003,13.333333333333334,14.4,1.0,113,2025-04-15 16:00:00,2025-04-15 16:00:00,13.9,6.0,0.09999999999999964
NH15 Crossing Fakirpara Tangni,DARRANG,26.50833333,92.11638889,2025-04-15 11:00:00,4,105,66.8,66.8,200.4,400.7999999999999,13.5,-0.3000000000000007,13.566666666666668,14.4,1.0,113,2025-04-15 17:00:00,2025-04-15 17:00:00,12.4,6.0,-1.0999999999999996
NH15 Crossing Fakirpara Tangni,DARRANG,26.50833333,92.11638889,2025-04-15 12:00:00,4,105,66.8,66.8,200.4,400.7999999999999,13.8,0.3000000000000007,13.7,14.4,1.0,113,2025-04-15 18:00:00,2025-04-15 17:00:00,12.4,5.0,-1.4000000000000004
NH15 Crossing Fakirpara Tangni,DARRANG,26.50833333,92.11638889,2025-04-15 13:00:00,4,105,66.8,66.8,200.4,400.7999999999999,14.1,0.2999999999999989,13.8,14.1,1.0,113,2025-04-15 19:00:00,2025-04-15 17:00:00,12.4,4.0,-1.6999999999999993
NH15 Crossing Fakirpara Tangni,DARRANG,26.50833333,92.11638889,2025-04-16 06:00:00,4,106,66.8,66.8,200.4,400.7999999999999,14.2,1.799999999999999,13.5,14.2,13.0,114,2025-04-16 12:00:00,2025-04-16 10:00:00,13.3,4.0,-0.8999999999999986
NH15 Crossing Fakirpara Tangni,DARRANG,26.50833333,92.11638889,2025-04-16 07:00:00,4,106,66.8,66.8,200.4,400.7999999999999,13.3,-0.8999999999999986,13.3,14.2,1.0,114,2025-04-16 13:00:00,2025-04-16 14:00:00,13.9,7.0,0.5999999999999996
NH15 Crossing Fakirpara Tangni,DARRANG,26.50833333,92.11638889,2025-04-16 08:00:00,4,106,66.8,66.8,200.4,400.7999999999999,14.1,0.7999999999999989,13.866666666666667,14.2,1.0,114,2025-04-16 14:00:00,2025-04-16 14:00:00,13.9,6.0,-0.1999999999999993
NH15 Crossing Fakirpara Tangni,DARRANG,26.50833333,92.11638889,2025-04-16 09:00:00,4,106,66.8,66.8,200.4,400.7999999999999,13.6,-0.5,13.666666666666666,14.2,1.0,114,2025-04-16 15:00:00,2025-04-16 15:00:00,13.7,6.0,0.09999999999999964
NH15 Crossing Fakirpara Tangni,DARRANG,26.50833333,92.11638889,2025-04-16 10:00:00,4,106,66.8,66.8,200.4,400.7999999999999,13.3,-0.2999999999999989,13.666666666666666,14.2,1.0,114,2025-04-16 16:00:00,2025-04-16 16:00:00,13.6,6.0,0.29999999999999893
NH17 Crossing Boko,Kamrup Metropolitan,25.9775,91.23416667,2022-03-28 12:00:00,3,87,1.0,4.0,15.0,15.0,4.233,0.0589999999999992,4.216,4.241,736.0,2,2022-03-28 18:00:00,2022-03-28 18:00:00,4.392,6.0,0.1590000000000007
NH17 Crossing Boko,Kamrup Metropolitan,25.9775,91.23416667,2022-03-28 18:00:00,3,87,1.0,1.0,3.0,17.0,4.392,0.0289999999999999,4.3293333333333335,4.392,3.0,2,2022-03-29 00:00:00,2022-03-29 01:00:00,4.407,7.0,0.01499999999999968
NH17 Crossing Boko,Kamrup Metropolitan,25.9775,91.23416667,2022-03-29 01:00:00,3,88,1.0,1.0,3.0,18.0,4.407,0.0149999999999996,4.387333333333333,4.407,7.0,2,2022-03-29 07:00:00,2022-03-29 09:00:00,4.401,8.0,-0.006000000000000227
NH17 Crossing Boko,Kamrup Metropolitan,25.9775,91.23416667,2022-04-02 06:00:00,4,92,1.0,1.0,3.0,6.0,4.001,-0.3449999999999997,4.246,4.407,29.0,5,2022-04-02 12:00:00,2022-04-02 11:00:00,1.589,5.0,-2.4120000000000004
NH17 Crossing Boko,Kamrup Metropolitan,25.9775,91.23416667,2022-04-03 09:00:00,4,93,2.0,8.0,11.0,14.0,1.626,0.0369999999999999,2.4053333333333335,4.391,22.0,6,2022-04-03 15:00:00,2022-04-03 16:00:00,1.63,7.0,0.0040000000000000036
NH17 Crossing Boko,Kamrup Metropolitan,25.9775,91.23416667,2022-04-03 10:00:00,4,93,1.0,2.0,11.0,14.0,1.629,0.0030000000000001,1.6146666666666665,4.391,1.0,6,2022-04-03 16:00:00,2022-04-03 16:00:00,1.63,6.0,0.0009999999999998899
NH17 Crossing Boko,Kamrup Metropolitan,25.9775,91.23416667,2022-04-03 18:00:00,4,93,1.0,1.0,4.0,15.0,1.627,-0.002,1.6286666666666667,1.63,1.0,6,2022-04-04 00:00:00,2022-04-04 02:00:00,1.4,8.0,-0.2270000000000001
NH17 Crossing Boko,Kamrup Metropolitan,25.9775,91.23416667,2022-07-06 02:00:00,7,187,9.0,1.0,10.5,21.5,2.066,-0.706,2.536666666666666,2.772,325.0,8,2022-07-06 08:00:00,2022-07-06 07:00:00,2.058,5.0,-0.008000000000000007
NH17 Crossing Boko,Kamrup Metropolitan,25.9775,91.23416667,2022-07-06 05:00:00,7,187,2.0,9.0,12.0,22.5,1.857,-0.2089999999999998,2.2316666666666665,2.772,3.0,8,2022-07-06 11:00:00,2022-07-06 10:00:00,2.064,5.0,0.20700000000000007
NH17 Crossing Boko,Kamrup Metropolitan,25.9775,91.23416667,2022-07-06 06:00:00,7,187,7.0,2.0,18.0,27.5,2.061,0.2039999999999999,1.9946666666666664,2.772,1.0,8,2022-07-06 12:00:00,2022-07-06 10:00:00,2.064,4.0,0.0030000000000001137
NH17 Crossing Boko,Kamrup Metropolitan,25.9775,91.23416667,2022-07-09 04:00:00,7,190,1.0,1.0,5.0,15.0,1.957,-0.0409999999999999,2.0063333333333335,2.064,34.0,10,2022-07-09 10:00:00,2022-07-09 10:00:00,2.049,6.0,0.09199999999999986
NH17 Crossing Boko,Kamrup Metropolitan,25.9775,91.23416667,2022-07-09 05:00:00,7,190,10.0,1.0,12.0,23.0,1.755,-0.2020000000000001,1.903333333333333,2.064,1.0,10,2022-07-09 11:00:00,2022-07-09 10:00:00,2.049,5.0,0.29400000000000004
NH17 Crossing Boko,Kamrup Metropolitan,25.9775,91.23416667,2022-07-09 06:00:00,7,190,2.0,10.0,13.0,18.0,1.766,0.0110000000000001,1.826,2.064,1.0,10,2022-07-09 12:00:00,2022-07-09 10:00:00,2.049,4.0,0.2829999999999999
NH17 Crossing Boko,Kamrup Metropolitan,25.9775,91.23416667,2022-07-11 08:00:00,7,192,1.0,8.0,10.0,25.0,2.245,0.2490000000000001,2.0966666666666662,2.245,16.0,12,2022-07-11 14:00:00,2022-07-11 15:00:00,2.228,7.0,-0.016999999999999904
NH17 Crossing Boko,Kamrup Metropolitan,25.9775,91.23416667,2022-07-12 09:00:00,7,193,1.0,1.0,10.0,34.0,2.337,-0.1929999999999996,2.455,2.53,16.0,13,2022-07-12 15:00:00,2022-07-12 17:00:00,2.28,8.0,-0.057000000000000384
NH17 Crossing Boko,Kamrup Metropolitan,25.9775,91.23416667,2022-07-12 10:00:00,7,193,1.0,1.0,3.0,27.0,2.311,-0.0260000000000002,2.3926666666666665,2.53,1.0,13,2022-07-12 16:00:00,2022-07-12 17:00:00,2.28,7.0,-0.03100000000000014
NH17 Crossing Boko,Kamrup Metropolitan,25.9775,91.23416667,2022-07-13 10:00:00,7,194,1.0,10.0,12.0,22.0,2.486,0.2060000000000004,2.359,2.53,17.0,14,2022-07-13 16:00:00,2022-07-13 15:00:00,2.343,5.0,-0.14300000000000024
NH17 Crossing Boko,Kamrup Metropolitan,25.9775,91.23416667,2022-07-13 15:00:00,7,194,1.0,1.0,12.0,15.0,2.343,-0.1430000000000002,2.369666666666667,2.53,5.0,14,2022-07-13 21:00:00,2022-07-13 22:00:00,2.315,7.0,-0.028000000000000025
NH17 Crossing Boko,Kamrup Metropolitan,25.9775,91.23416667,2022-07-20 09:00:00,7,201,1.0,1.0,24.0,50.0,2.029,-0.419,2.2576666666666667,2.448,114.0,17,2022-07-20 15:00:00,2022-07-20 15:00:00,2.034,6.0,0.004999999999999893
NH17 Crossing Boko,Kamrup Metropolitan,25.9775,91.23416667,2022-07-20 16:00:00,7,201,1.0,1.0,7.0,11.0,2.123,0.0890000000000004,2.057,2.448,1.0,17,2022-07-20 22:00:00,2022-07-21 00:00:00,2.374,8.0,0.2509999999999999
NH17 Crossing Boko,Kamrup Metropolitan,25.9775,91.23416667,2022-07-22 14:00:00,7,203,2.0,13.0,89.0,119.0,2.273,-0.262,2.458333333333333,2.567,36.0,18,2022-07-22 20:00:00,2022-07-22 19:00:00,2.34,5.0,0.06699999999999973
NH17 Crossing Boko,Kamrup Metropolitan,25.9775,91.23416667,2022-07-22 15:00:00,7,203,3.0,2.0,18.0,121.0,2.268,-0.0050000000000003,2.3586666666666667,2.567,1.0,18,2022-07-22 21:00:00,2022-07-22 21:00:00,2.415,6.0,0.14700000000000024
NH17 Crossing Boko,Kamrup Metropolitan,25.9775,91.23416667,2022-07-22 16:00:00,7,203,1.0,3.0,6.0,121.0,2.262,-0.0059999999999997,2.2676666666666665,2.567,1.0,18,2022-07-22 22:00:00,2022-07-22 21:00:00,2.415,5.0,0.15300000000000002
NH17 Crossing Boko,Kamrup Metropolitan,25.9775,91.23416667,2022-07-22 17:00:00,7,203,1.0,1.0,5.0,94.0,2.269,0.0070000000000001,2.2663333333333333,2.567,1.0,18,2022-07-22 23:00:00,2022-07-22 23:00:00,2.42,6.0,0.1509999999999998
NH17 Crossing Boko,Kamrup Metropolitan,25.9775,91.23416667,2022-07-22 18:00:00,7,203,1.0,1.0,3.0,21.0,2.292,0.0229999999999996,2.274333333333333,2.535,1.0,18,2022-07-23 00:00:00,2022-07-22 23:00:00,2.42,5.0,0.1280000000000001
NH17 Crossing Boko,Kamrup Metropolitan,25.9775,91.23416667,2022-07-22 19:00:00,7,203,1.0,1.0,3.0,9.0,2.34,0.048,2.3003333333333327,2.34,1.0,18,2022-07-23 01:00:00,2022-07-22 23:00:00,2.42,4.0,0.08000000000000007
NH17 Crossing Boko,Kamrup Metropolitan,25.9775,91.23416667,2022-07-23 08:00:00,7,204,1.0,1.0,3.0,6.0,2.409,-0.0110000000000001,2.414666666666666,2.42,9.0,18,2022-07-23 14:00:00,2022-07-23 15:00:00,2.128,7.0,-0.2809999999999997
NH17 Crossing Boko,Kamrup Metropolitan,25.9775,91.23416667,2022-07-23 10:00:00,7,204,1.0,1.0,3.0,6.0,2.377,-0.032,2.4019999999999997,2.42,2.0,18,2022-07-23 16:00:00,2022-07-23 15:00:00,2.128,5.0,-0.24899999999999967
NH17 Crossing Boko,Kamrup Metropolitan,25.9775,91.23416667,2022-07-23 12:00:00,7,204,1.0,1.0,3.0,6.0,2.353,-0.0239999999999995,2.3796666666666666,2.42,2.0,18,2022-07-23 18:00:00,2022-07-23 19:00:00,2.475,7.0,0.12199999999999989
NH17 Crossing Boko,Kamrup Metropolitan,25.9775,91.23416667,2022-07-23 15:00:00,7,204,1.0,1.0,3.0,6.0,2.128,-0.2250000000000001,2.2859999999999996,2.42,3.0,18,2022-07-23 21:00:00,2022-07-23 22:00:00,2.557,7.0,0.4289999999999998
NH17 Crossing Boko,Kamrup Metropolitan,25.9775,91.23416667,2022-07-23 19:00:00,7,204,1.0,1.0,3.0,6.0,2.475,0.347,2.3186666666666667,2.475,4.0,18,2022-07-24 01:00:00,2022-07-24 01:00:00,2.788,6.0,0.3129999999999997
NH17 Crossing Boko,Kamrup Metropolitan,25.9775,91.23416667,2022-07-23 22:00:00,7,204,1.0,1.0,3.0,6.0,2.557,0.0819999999999998,2.3866666666666663,2.557,3.0,18,2022-07-24 04:00:00,2022-07-24 03:00:00,2.76,5.0,0.20299999999999985
NH17 Crossing Boko,Kamrup Metropolitan,25.9775,91.23416667,2022-07-24 01:00:00,7,205,1.0,1.0,3.0,6.0,2.788,0.2309999999999998,2.606666666666666,2.788,3.0,18,2022-07-24 07:00:00,2022-07-24 06:00:00,2.718,5.0,-0.06999999999999984
NH17 Crossing Boko,Kamrup Metropolitan,25.9775,91.23416667,2022-07-24 03:00:00,7,205,1.0,1.0,3.0,6.0,2.76,-0.028,2.701666666666666,2.788,2.0,18,2022-07-24 09:00:00,2022-07-24 08:00:00,2.685,5.0,-0.07499999999999973
NH17 Crossing Boko,Kamrup Metropolitan,25.9775,91.23416667,2022-07-24 06:00:00,7,205,1.0,1.0,3.0,6.0,2.718,-0.0419999999999998,2.7553333333333327,2.788,3.0,18,2022-07-24 12:00:00,2022-07-24 12:00:00,2.606,6.0,-0.1120000000000001
NH17 Crossing Boko,Kamrup Metropolitan,25.9775,91.23416667,2022-07-24 08:00:00,7,205,1.0,1.0,3.0,6.0,2.685,-0.0329999999999999,2.7209999999999996,2.788,2.0,18,2022-07-24 14:00:00,2022-07-24 15:00:00,2.568,7.0,-0.11699999999999999
NH17 Crossing Boko,Kamrup Metropolitan,25.9775,91.23416667,2022-07-24 15:00:00,7,205,1.0,1.0,3.0,6.0,2.568,-0.0379999999999998,2.619666666666666,2.788,3.0,18,2022-07-24 21:00:00,2022-07-24 22:00:00,2.463,7.0,-0.10499999999999998
NH17 Crossing Boko,Kamrup Metropolitan,25.9775,91.23416667,2022-07-24 22:00:00,7,205,1.0,1.0,3.0,6.0,2.463,-0.1049999999999999,2.545666666666666,2.76,7.0,18,2022-07-25 04:00:00,2022-07-25 04:00:00,2.397,6.0,-0.06600000000000028
NH17 Crossing Boko,Kamrup Metropolitan,25.9775,91.23416667,2022-08-16 10:00:00,8,228,1.0,1.0,3.0,6.0,2.291,-0.1009999999999999,2.435333333333333,2.915,12.0,34,2022-08-16 16:00:00,2022-08-16 16:00:00,2.264,6.0,-0.027000000000000135
NH17 Crossing Boko,Kamrup Metropolitan,25.9775,91.23416667,2022-08-20 11:00:00,8,232,1.0,1.0,3.0,6.0,2.322,0.0230000000000001,2.2703333333333333,2.425,10.0,38,2022-08-20 17:00:00,2022-08-20 19:00:00,2.19,8.0,-0.13200000000000012
NH17 Crossing Boko,Kamrup Metropolitan,25.9775,91.23416667,2022-08-20 19:00:00,8,232,1.0,1.0,3.0,6.0,2.19,-0.1320000000000001,2.270333333333333,2.322,8.0,38,2022-08-21 01:00:00,2022-08-21 02:00:00,2.516,7.0,0.32600000000000007
NH17 Crossing Boko,Kamrup Metropolitan,25.9775,91.23416667,2022-08-21 02:00:00,8,233,1.0,1.0,3.0,6.0,2.516,0.326,2.3426666666666662,2.516,7.0,38,2022-08-21 08:00:00,2022-08-21 09:00:00,2.338,7.0,-0.17799999999999994
NH17 Crossing Boko,Kamrup Metropolitan,25.9775,91.23416667,2022-08-21 09:00:00,8,233,1.0,1.0,3.0,6.0,2.338,-0.1779999999999999,2.348,2.516,7.0,38,2022-08-21 15:00:00,2022-08-21 15:00:00,2.255,6.0,-0.08300000000000018
NH17 Crossing Boko,Kamrup Metropolitan,25.9775,91.23416667,2022-08-21 15:00:00,8,233,1.0,1.0,3.0,6.0,2.255,-0.0830000000000001,2.3696666666666664,2.516,6.0,38,2022-08-21 21:00:00,2022-08-21 23:00:00,2.195,8.0,-0.06000000000000005
NH17 Crossing Boko,Kamrup Metropolitan,25.9775,91.23416667,2022-08-21 23:00:00,8,233,1.0,1.0,3.0,6.0,2.195,-0.06,2.262666666666666,2.516,8.0,38,2022-08-22 05:00:00,2022-08-22 06:00:00,2.187,7.0,-0.008000000000000007
NH17 Crossing Boko,Kamrup Metropolitan,25.9775,91.23416667,2023-04-01 18:00:00,4,91,2.0,0.5,5.5,967.0,2.415,0.0260000000000002,2.4079999999999995,2.451,26.0,61,2023-04-02 00:00:00,2023-04-02 01:00:00,2.47,7.0,0.05500000000000016
NH17 Crossing Boko,Kamrup Metropolitan,25.9775,91.23416667,2023-04-21 02:00:00,4,111,1.0,2.0,5.0,25.0,2.331,-0.0049999999999998,2.4569999999999994,2.704,21.0,63,2023-04-21 08:00:00,2023-04-21 09:00:00,2.339,7.0,0.008000000000000007
NH17 Crossing Boko,Kamrup Metropolitan,25.9775,91.23416667,2023-04-21 03:00:00,4,111,6.0,1.0,9.0,30.0,2.333,0.0020000000000002,2.3333333333333326,2.704,1.0,63,2023-04-21 09:00:00,2023-04-21 09:00:00,2.339,6.0,0.005999999999999783
NH17 Crossing Boko,Kamrup Metropolitan,25.9775,91.23416667,2023-04-21 04:00:00,4,111,2.0,6.0,9.0,23.0,2.332,-0.0010000000000003,2.3319999999999994,2.704,1.0,63,2023-04-21 10:00:00,2023-04-21 09:00:00,2.339,5.0,0.007000000000000117
NH17 Crossing Boko,Kamrup Metropolitan,25.9775,91.23416667,2023-04-21 05:00:00,4,111,1.0,2.0,9.0,14.0,2.322,-0.0099999999999997,2.3289999999999993,2.704,1.0,63,2023-04-21 11:00:00,2023-04-21 09:00:00,2.339,4.0,0.016999999999999904
NH17 Crossing Boko,Kamrup Metropolitan,25.9775,91.23416667,2023-04-23 05:00:00,4,113,3.0,1.0,5.0,12.0,2.324,-0.06,2.349,2.384,28.0,65,2023-04-23 11:00:00,2023-04-23 11:00:00,2.352,6.0,0.028000000000000025
NH17 Crossing Boko,Kamrup Metropolitan,25.9775,91.23416667,2023-04-23 06:00:00,4,113,5.0,3.0,9.0,15.0,2.331,0.0070000000000001,2.3463333333333325,2.384,1.0,65,2023-04-23 12:00:00,2023-04-23 12:00:00,2.381,6.0,0.04999999999999982
NH17 Crossing Boko,Kamrup Metropolitan,25.9775,91.23416667,2023-04-23 07:00:00,4,113,1.0,5.0,9.0,15.0,2.349,0.0180000000000002,2.334666666666666,2.384,1.0,65,2023-04-23 13:00:00,2023-04-23 12:00:00,2.381,5.0,0.031999999999999584
NH17 Crossing Boko,Kamrup Metropolitan,25.9775,91.23416667,2023-04-23 08:00:00,4,113,1.0,1.0,7.0,12.0,2.347,-0.0020000000000002,2.342333333333333,2.384,1.0,65,2023-04-23 14:00:00,2023-04-23 14:00:00,2.393,6.0,0.04599999999999982
NH17 Crossing Boko,Kamrup Metropolitan,25.9775,91.23416667,2023-04-23 09:00:00,4,113,1.0,1.0,3.0,12.0,2.345,-0.0019999999999997,2.3469999999999995,2.384,1.0,65,2023-04-23 15:00:00,2023-04-23 14:00:00,2.393,5.0,0.0479999999999996
NH17 Crossing Boko,Kamrup Metropolitan,25.9775,91.23416667,2023-04-23 10:00:00,4,113,1.0,1.0,3.0,12.0,2.347,0.0019999999999997,2.346333333333333,2.349,1.0,65,2023-04-23 16:00:00,2023-04-23 14:00:00,2.393,4.0,0.04599999999999982
NH17 Crossing Boko,Kamrup Metropolitan,25.9775,91.23416667,2023-06-10 20:00:00,6,161,1.0,7.0,35.5,75.5,2.753,0.1230000000000002,2.636333333333333,2.753,10.0,77,2023-06-11 02:00:00,2023-06-11 02:00:00,2.652,6.0,-0.10099999999999998
NH17 Crossing Boko,Kamrup Metropolitan,25.9775,91.23416667,2023-06-18 13:00:00,6,169,13.0,1.0,15.0,50.5,0.151,-2.95,1.9679999999999995,3.101,165.0,79,2023-06-18 19:00:00,2023-06-18 18:00:00,3.927,5.0,3.7760000000000002
NH17 Crossing Boko,Kamrup Metropolitan,25.9775,91.23416667,2023-06-18 17:00:00,6,169,25.0,13.0,39.0,48.0,3.548,3.397,2.266666666666666,3.548,4.0,79,2023-06-18 23:00:00,2023-06-18 22:00:00,3.609,5.0,0.06099999999999994
NH17 Crossing Boko,Kamrup Metropolitan,25.9775,91.23416667,2023-06-18 18:00:00,6,169,2.0,25.0,40.0,43.0,3.927,0.379,2.5419999999999994,3.927,1.0,79,2023-06-19 00:00:00,2023-06-19 00:00:00,4.026,6.0,0.09899999999999975
NH17 Crossing Boko,Kamrup Metropolitan,25.9775,91.23416667,2023-06-18 21:00:00,6,169,1.0,2.0,28.0,43.0,3.583,-0.3439999999999998,3.686,3.927,3.0,79,2023-06-19 03:00:00,2023-06-19 01:00:00,4.025,4.0,0.44200000000000017
NH17 Crossing Boko,Kamrup Metropolitan,25.9775,91.23416667,2023-06-19 00:00:00,6,170,2.0,2.0,5.0,45.0,4.026,0.4169999999999998,3.739333333333333,4.026,2.0,79,2023-06-19 06:00:00,2023-06-19 08:00:00,3.88,8.0,-0.1459999999999999
NH17 Crossing Boko,Kamrup Metropolitan,25.9775,91.23416667,2023-06-19 01:00:00,6,170,2.0,2.0,6.0,34.0,4.025,-0.0009999999999994,3.8866666666666663,4.026,1.0,79,2023-06-19 07:00:00,2023-06-19 08:00:00,3.88,7.0,-0.14500000000000046
NH17 Crossing Boko,Kamrup Metropolitan,25.9775,91.23416667,2023-06-19 08:00:00,6,170,0.5,2.0,4.5,9.5,3.88,-0.1450000000000004,3.977,4.026,7.0,79,2023-06-19 14:00:00,2023-06-19 12:00:00,3.757,4.0,-0.12299999999999978
NH17 Crossing Boko,Kamrup Metropolitan,25.9775,91.23416667,2023-06-20 03:00:00,6,171,0.5,0.5,1.5,6.0,3.412,-0.3450000000000002,3.6526666666666663,4.026,15.0,80,2023-06-20 09:00:00,2023-06-20 09:00:00,3.317,6.0,-0.09499999999999975
NH17 Crossing Boko,Kamrup Metropolitan,25.9775,91.23416667,2023-06-21 08:00:00,6,172,19.0,3.0,22.5,24.0,0.202,-3.115,2.310333333333333,3.88,23.0,81,2023-06-21 14:00:00,2023-06-21 12:00:00,0.467,4.0,0.265
NH17 Crossing Boko,Kamrup Metropolitan,25.9775,91.23416667,2023-06-22 04:00:00,6,173,2.0,3.0,12.0,34.5,0.083,-0.384,0.3243333333333331,3.412,16.0,82,2023-06-22 10:00:00,2023-06-22 08:00:00,0.014,4.0,-0.069
NH17 Crossing Boko,Kamrup Metropolitan,25.9775,91.23416667,2023-08-08 22:00:00,8,220,17.0,15.0,33.5,51.5,0.46,-0.1449999999999999,0.3596666666666663,0.605,22.0,84,2023-08-09 04:00:00,2023-08-09 06:00:00,1.498,8.0,1.038
NH17 Crossing Boko,Kamrup Metropolitan,25.9775,91.23416667,2023-09-08 07:00:00,9,251,450.0,1.5,461.5,511.0,6.893,0.4420000000000001,6.594999999999999,6.893,63.0,96,2023-09-08 13:00:00,2023-09-08 13:00:00,6.881,6.0,-0.011999999999999567
NH17 Crossing Boko,Kamrup Metropolitan,25.9775,91.23416667,2023-09-08 08:00:00,9,251,0.5,450.0,452.0,506.5,6.886,-0.0069999999999996,6.743333333333332,6.893,1.0,96,2023-09-08 14:00:00,2023-09-08 13:00:00,6.881,5.0,-0.004999999999999893
NH17 Crossing Boko,Kamrup Metropolitan,25.9775,91.23416667,2023-09-08 09:00:00,9,251,32.0,0.5,482.5,526.5,6.884,-0.0019999999999997,6.887666666666665,6.893,1.0,96,2023-09-08 15:00:00,2023-09-08 13:00:00,6.881,4.0,-0.0030000000000001137
NH17 Crossing Boko,Kamrup Metropolitan,25.9775,91.23416667,2023-09-11 21:00:00,9,254,64.0,7.0,103.0,555.0,6.933,0.0519999999999996,6.899333333333334,6.933,80.0,97,2023-09-12 03:00:00,2023-09-12 02:00:00,6.875,5.0,-0.05799999999999983
NH17 Crossing Boko,Kamrup Metropolitan,25.9775,91.23416667,2023-09-21 17:00:00,9,264,4.0,9.0,54.0,118.0,6.89,-0.0620000000000002,6.883333333333333,6.952,26.0,104,2023-09-21 23:00:00,2023-09-22 01:00:00,6.903,8.0,0.0129999999999999
NH17 Crossing Boko,Kamrup Metropolitan,25.9775,91.23416667,2023-09-22 01:00:00,9,265,996.0,4.0,1009.0,1105.0,6.903,0.0129999999999999,6.914999999999999,6.952,8.0,104,2023-09-22 07:00:00,2023-09-22 05:00:00,6.913,4.0,0.010000000000000675
NH17 Crossing Boko,Kamrup Metropolitan,25.9775,91.23416667,2023-10-02 20:00:00,10,275,427.0,63.0,956.0,1187.0,6.871,0.0190000000000001,6.877666666666666,6.919,50.0,107,2023-10-03 02:00:00,2023-10-03 02:00:00,6.915,6.0,0.043999999999999595
NH17 Crossing Boko,Kamrup Metropolitan,25.9775,91.23416667,2023-10-03 02:00:00,10,276,556.0,427.0,1046.0,1698.0,6.915,0.0439999999999995,6.879333333333332,6.919,6.0,107,2023-10-03 08:00:00,2023-10-03 08:00:00,6.892,6.0,-0.022999999999999687
NH17 Crossing Boko,Kamrup Metropolitan,25.9775,91.23416667,2023-10-03 03:00:00,10,276,83.0,556.0,1066.0,1744.0,6.857,-0.0579999999999998,6.880999999999999,6.919,1.0,107,2023-10-03 09:00:00,2023-10-03 09:00:00,6.91,6.0,0.052999999999999936
NH17 Crossing Boko,Kamrup Metropolitan,25.9775,91.23416667,2023-10-03 08:00:00,10,276,354.0,83.0,993.0,1949.0,6.892,0.0350000000000001,6.888000000000001,6.915,5.0,107,2023-10-03 14:00:00,2023-10-03 13:00:00,6.913,5.0,0.020999999999999908
NH17 Crossing Boko,Kamrup Metropolitan,25.9775,91.23416667,2023-10-03 09:00:00,10,276,818.0,354.0,1255.0,2301.0,6.91,0.0179999999999997,6.886333333333333,6.915,1.0,107,2023-10-03 15:00:00,2023-10-03 13:00:00,6.913,4.0,0.0030000000000001137
NH17 Crossing Boko,Kamrup Metropolitan,25.9775,91.23416667,2023-10-04 11:00:00,10,277,378.0,10.0,949.0,1835.0,6.888,-0.0090000000000003,6.888666666666666,6.913,11.0,107,2023-10-04 17:00:00,2023-10-04 15:00:00,6.964,4.0,0.07600000000000051
NH17 Crossing Boko,Kamrup Metropolitan,25.9775,91.23416667,2023-10-06 16:00:00,10,279,10.0,1.5,364.5,1313.5,6.933,-0.0310000000000005,6.888666666666666,6.964,49.0,108,2023-10-06 22:00:00,2023-10-07 00:00:00,6.766,8.0,-0.16699999999999982
NH17 Crossing Boko,Kamrup Metropolitan,25.9775,91.23416667,2023-10-07 00:00:00,10,280,4.0,10.0,15.5,756.5,6.766,-0.1669999999999998,6.887666666666665,6.964,8.0,108,2023-10-07 06:00:00,2023-10-07 06:00:00,6.83,6.0,0.06400000000000006
NH17 Crossing Boko,Kamrup Metropolitan,25.9775,91.23416667,2023-10-07 01:00:00,10,280,1.0,4.0,15.0,747.5,6.776,0.0099999999999997,6.824999999999999,6.964,1.0,108,2023-10-07 07:00:00,2023-10-07 06:00:00,6.83,5.0,0.05400000000000027
NH17 Crossing Boko,Kamrup Metropolitan,25.9775,91.23416667,2023-10-07 02:00:00,10,280,62.0,1.0,67.0,431.5,6.927,0.1509999999999998,6.8229999999999995,6.964,1.0,108,2023-10-07 08:00:00,2023-10-07 06:00:00,6.83,4.0,-0.09699999999999953
NH17 Crossing Boko,Kamrup Metropolitan,25.9775,91.23416667,2024-04-06 22:00:00,4,97,128.5,12.0,141.0,263.0,6.968,-0.9320000000000004,7.287666666666667,7.9,281.0,121,2024-04-07 04:00:00,2024-04-07 06:00:00,6.975,8.0,0.006999999999999673
NH17 Crossing Boko,Kamrup Metropolitan,25.9775,91.23416667,2024-06-09 05:00:00,6,161,3.0,2.5,209.5,372.5,30.0,0.0,22.39,30.0,40.0,127,2024-06-09 11:00:00,2024-06-09 09:00:00,30.0,4.0,0.0
NH17 Crossing Boko,Kamrup Metropolitan,25.9775,91.23416667,2024-06-09 06:00:00,6,161,2.0,3.0,7.5,252.0,30.0,0.0,30.0,30.0,1.0,127,2024-06-09 12:00:00,2024-06-09 14:00:00,30.0,8.0,0.0
NH17 Crossing Boko,Kamrup Metropolitan,25.9775,91.23416667,2024-06-09 07:00:00,6,161,4.5,2.0,9.5,256.0,30.0,0.0,30.0,30.0,1.0,127,2024-06-09 13:00:00,2024-06-09 14:00:00,30.0,7.0,0.0
NH17 Crossing Boko,Kamrup Metropolitan,25.9775,91.23416667,2024-06-09 08:00:00,6,161,6.0,4.5,12.5,222.0,30.0,0.0,30.0,30.0,1.0,127,2024-06-09 14:00:00,2024-06-09 14:00:00,30.0,6.0,0.0
NH17 Crossing Boko,Kamrup Metropolitan,25.9775,91.23416667,2024-06-09 09:00:00,6,161,3.0,6.0,13.5,21.0,30.0,0.0,30.0,30.0,1.0,127,2024-06-09 15:00:00,2024-06-09 14:00:00,30.0,5.0,0.0
NH17 Crossing Boko,Kamrup Metropolitan,25.9775,91.23416667,2024-06-10 02:00:00,6,162,1.0,3.0,16.5,30.0,30.0,0.0,30.0,30.0,9.0,127,2024-06-10 08:00:00,2024-06-10 10:00:00,30.0,8.0,0.0
NH17 Crossing Boko,Kamrup Metropolitan,25.9775,91.23416667,2024-06-10 10:00:00,6,162,1.0,1.0,5.0,26.5,30.0,0.0,30.0,30.0,8.0,127,2024-06-10 16:00:00,2024-06-10 15:00:00,30.0,5.0,0.0
NH17 Crossing Boko,Kamrup Metropolitan,25.9775,91.23416667,2024-06-10 15:00:00,6,162,1.5,1.0,3.5,22.0,30.0,0.0,30.0,30.0,5.0,127,2024-06-10 21:00:00,2024-06-10 23:00:00,30.0,8.0,0.0
NH17 Crossing Boko,Kamrup Metropolitan,25.9775,91.23416667,2024-06-14 07:00:00,6,166,2.0,1.0,5.0,21.5,30.0,0.0,30.0,30.0,22.0,131,2024-06-14 13:00:00,2024-06-14 14:00:00,30.0,7.0,0.0
NH17 Crossing Boko,Kamrup Metropolitan,25.9775,91.23416667,2024-06-14 08:00:00,6,166,18.5,2.0,21.5,38.0,30.0,0.0,30.0,30.0,1.0,131,2024-06-14 14:00:00,2024-06-14 14:00:00,30.0,6.0,0.0
NH17 Crossing Boko,Kamrup Metropolitan,25.9775,91.23416667,2024-06-14 09:00:00,6,166,2.0,18.5,22.5,32.5,30.0,0.0,30.0,30.0,1.0,131,2024-06-14 15:00:00,2024-06-14 14:00:00,30.0,5.0,0.0
NH17 Crossing Boko,Kamrup Metropolitan,25.9775,91.23416667,2024-06-15 05:00:00,6,167,3.5,2.5,8.0,29.5,30.0,0.0,30.0,30.0,15.0,132,2024-06-15 11:00:00,2024-06-15 11:00:00,30.0,6.0,0.0
NH17 Crossing Boko,Kamrup Metropolitan,25.9775,91.23416667,2024-06-15 07:00:00,6,167,1.0,3.5,7.0,29.5,30.0,0.0,30.0,30.0,2.0,132,2024-06-15 13:00:00,2024-06-15 13:00:00,30.0,6.0,0.0
NH17 Crossing Boko,Kamrup Metropolitan,25.9775,91.23416667,2024-06-15 08:00:00,6,167,34.0,1.0,38.5,61.5,30.0,0.0,30.0,30.0,1.0,132,2024-06-15 14:00:00,2024-06-15 13:00:00,30.0,5.0,0.0
NH17 Crossing Boko,Kamrup Metropolitan,25.9775,91.23416667,2024-06-15 09:00:00,6,167,33.0,34.0,68.0,76.0,30.0,0.0,30.0,30.0,1.0,132,2024-06-15 15:00:00,2024-06-15 15:00:00,30.0,6.0,0.0
NH17 Crossing Boko,Kamrup Metropolitan,25.9775,91.23416667,2024-06-15 10:00:00,6,167,32.0,33.0,99.0,106.0,30.0,0.0,30.0,30.0,1.0,132,2024-06-15 16:00:00,2024-06-15 15:00:00,30.0,5.0,0.0
NH17 Crossing Boko,Kamrup Metropolitan,25.9775,91.23416667,2024-06-15 11:00:00,6,167,23.5,32.0,88.5,127.0,30.0,0.0,30.0,30.0,1.0,132,2024-06-15 17:00:00,2024-06-15 15:00:00,30.0,4.0,0.0
NH17 Crossing Boko,Kamrup Metropolitan,25.9775,91.23416667,2024-06-16 06:00:00,6,168,61.5,6.0,71.5,129.0,30.0,0.0,30.0,30.0,15.0,133,2024-06-16 12:00:00,2024-06-16 12:00:00,30.0,6.0,0.0
NH17 Crossing Boko,Kamrup Metropolitan,25.9775,91.23416667,2024-06-16 07:00:00,6,168,79.5,61.5,147.0,176.5,30.0,0.0,30.0,30.0,1.0,133,2024-06-16 13:00:00,2024-06-16 13:00:00,30.0,6.0,0.0
NH17 Crossing Boko,Kamrup Metropolitan,25.9775,91.23416667,2024-06-16 08:00:00,6,168,67.0,79.5,208.0,220.0,30.0,0.0,30.0,30.0,1.0,133,2024-06-16 14:00:00,2024-06-16 13:00:00,30.0,5.0,0.0
NH17 Crossing Boko,Kamrup Metropolitan,25.9775,91.23416667,2024-06-16 09:00:00,6,168,65.0,67.0,211.5,283.0,30.0,0.0,30.0,30.0,1.0,133,2024-06-16 15:00:00,2024-06-16 13:00:00,30.0,4.0,0.0
NH17 Crossing Boko,Kamrup Metropolitan,25.9775,91.23416667,2024-06-17 02:00:00,6,169,46.0,4.5,52.5,153.5,30.0,0.0,30.0,30.0,13.0,134,2024-06-17 08:00:00,2024-06-17 06:00:00,30.0,4.0,0.0
NH17 Crossing Boko,Kamrup Metropolitan,25.9775,91.23416667,2024-06-17 03:00:00,6,169,32.5,46.0,83.0,121.0,30.0,0.0,30.0,30.0,1.0,134,2024-06-17 09:00:00,2024-06-17 10:00:00,30.0,7.0,0.0
NH17 Crossing Boko,Kamrup Metropolitan,25.9775,91.23416667,2024-06-17 04:00:00,6,169,49.5,32.5,128.0,151.5,30.0,0.0,30.0,30.0,1.0,134,2024-06-17 10:00:00,2024-06-17 10:00:00,30.0,6.0,0.0
NH17 Crossing Boko,Kamrup Metropolitan,25.9775,91.23416667,2024-06-17 05:00:00,6,169,70.0,49.5,152.0,204.5,30.0,0.0,30.0,30.0,1.0,134,2024-06-17 11:00:00,2024-06-17 11:00:00,30.0,6.0,0.0
NH17 Crossing Boko,Kamrup Metropolitan,25.9775,91.23416667,2024-06-17 06:00:00,6,169,0.5,70.0,120.0,203.0,30.0,0.0,30.0,30.0,1.0,134,2024-06-17 12:00:00,2024-06-17 12:00:00,30.0,6.0,0.0
NH17 Crossing Boko,Kamrup Metropolitan,25.9775,91.23416667,2024-06-17 22:00:00,6,169,1.5,11.0,25.0,152.5,30.0,0.0,30.0,30.0,10.0,134,2024-06-18 04:00:00,2024-06-18 04:00:00,30.0,6.0,0.0
NH17 Crossing Boko,Kamrup Metropolitan,25.9775,91.23416667,2024-06-18 00:00:00,6,170,7.5,1.5,20.0,90.0,30.0,0.0,30.0,30.0,2.0,134,2024-06-18 06:00:00,2024-06-18 06:00:00,30.0,6.0,0.0
NH17 Crossing Boko,Kamrup Metropolitan,25.9775,91.23416667,2024-06-18 01:00:00,6,170,42.5,7.5,51.5,132.0,30.0,0.0,30.0,30.0,1.0,134,2024-06-18 07:00:00,2024-06-18 07:00:00,30.0,6.0,0.0
NH17 Crossing Boko,Kamrup Metropolitan,25.9775,91.23416667,2024-06-18 02:00:00,6,170,16.5,42.5,66.5,91.5,30.0,0.0,30.0,30.0,1.0,134,2024-06-18 08:00:00,2024-06-18 08:00:00,30.0,6.0,0.0
NH17 Crossing Boko,Kamrup Metropolitan,25.9775,91.23416667,2024-06-18 03:00:00,6,170,31.5,16.5,90.5,110.5,30.0,0.0,30.0,30.0,1.0,134,2024-06-18 09:00:00,2024-06-18 09:00:00,30.0,6.0,0.0
NH17 Crossing Boko,Kamrup Metropolitan,25.9775,91.23416667,2024-06-18 04:00:00,6,170,20.5,31.5,68.5,120.0,30.0,0.0,30.0,30.0,1.0,134,2024-06-18 10:00:00,2024-06-18 10:00:00,30.0,6.0,0.0
NH17 Crossing Boko,Kamrup Metropolitan,25.9775,91.23416667,2024-06-18 05:00:00,6,170,2.5,20.5,54.5,121.0,30.0,0.0,30.0,30.0,1.0,134,2024-06-18 11:00:00,2024-06-18 11:00:00,30.0,6.0,0.0
NH17 Crossing Boko,Kamrup Metropolitan,25.9775,91.23416667,2024-06-18 06:00:00,6,170,7.5,2.5,30.5,121.0,30.0,0.0,30.0,30.0,1.0,134,2024-06-18 12:00:00,2024-06-18 12:00:00,30.0,6.0,0.0
NH17 Crossing Boko,Kamrup Metropolitan,25.9775,91.23416667,2024-06-18 07:00:00,6,170,24.0,7.5,34.0,102.5,30.0,0.0,30.0,30.0,1.0,134,2024-06-18 13:00:00,2024-06-18 13:00:00,30.0,6.0,0.0
NH17 Crossing Boko,Kamrup Metropolitan,25.9775,91.23416667,2024-06-18 08:00:00,6,170,24.0,24.0,55.5,110.0,30.0,0.0,30.0,30.0,1.0,134,2024-06-18 14:00:00,2024-06-18 13:00:00,30.0,5.0,0.0
NH17 Crossing Boko,Kamrup Metropolitan,25.9775,91.23416667,2024-06-18 09:00:00,6,170,21.5,24.0,69.5,100.0,30.0,0.0,30.0,30.0,1.0,134,2024-06-18 15:00:00,2024-06-18 13:00:00,30.0,4.0,0.0
NH17 Crossing Boko,Kamrup Metropolitan,25.9775,91.23416667,2024-06-19 01:00:00,6,171,1.0,4.5,35.0,126.0,30.0,0.0,30.0,30.0,12.0,134,2024-06-19 07:00:00,2024-06-19 07:00:00,30.0,6.0,0.0
NH17 Crossing Boko,Kamrup Metropolitan,25.9775,91.23416667,2024-06-19 03:00:00,6,171,14.5,1.0,20.0,119.0,30.0,0.0,30.0,30.0,2.0,134,2024-06-19 09:00:00,2024-06-19 09:00:00,30.0,6.0,0.0
NH17 Crossing Boko,Kamrup Metropolitan,25.9775,91.23416667,2024-06-19 04:00:00,6,171,46.5,14.5,62.0,134.0,30.0,0.0,30.0,30.0,1.0,134,2024-06-19 10:00:00,2024-06-19 10:00:00,30.0,6.0,0.0
NH17 Crossing Boko,Kamrup Metropolitan,25.9775,91.23416667,2024-06-19 05:00:00,6,171,7.0,46.5,68.0,103.0,30.0,0.0,30.0,30.0,1.0,134,2024-06-19 11:00:00,2024-06-19 11:00:00,30.0,6.0,0.0
NH17 Crossing Boko,Kamrup Metropolitan,25.9775,91.23416667,2024-06-19 06:00:00,6,171,59.5,7.0,113.0,133.0,30.0,0.0,30.0,30.0,1.0,134,2024-06-19 12:00:00,2024-06-19 12:00:00,30.0,6.0,0.0
NH17 Crossing Boko,Kamrup Metropolitan,25.9775,91.23416667,2024-06-19 07:00:00,6,171,26.0,59.5,92.5,154.5,30.0,0.0,30.0,30.0,1.0,134,2024-06-19 13:00:00,2024-06-19 13:00:00,30.0,6.0,0.0
NH17 Crossing Boko,Kamrup Metropolitan,25.9775,91.23416667,2024-06-19 08:00:00,6,171,9.5,26.0,95.0,163.0,30.0,0.0,30.0,30.0,1.0,134,2024-06-19 14:00:00,2024-06-19 13:00:00,30.0,5.0,0.0
NH17 Crossing Boko,Kamrup Metropolitan,25.9775,91.23416667,2024-06-19 09:00:00,6,171,9.0,9.5,44.5,157.5,30.0,0.0,30.0,30.0,1.0,134,2024-06-19 15:00:00,2024-06-19 13:00:00,30.0,4.0,0.0
NH17 Crossing Boko,Kamrup Metropolitan,25.9775,91.23416667,2024-06-19 10:00:00,6,171,21.0,9.0,39.5,132.0,30.0,0.0,30.0,30.0,1.0,134,2024-06-19 16:00:00,2024-06-19 18:00:00,30.0,8.0,0.0
NH17 Crossing Boko,Kamrup Metropolitan,25.9775,91.23416667,2024-06-19 11:00:00,6,171,40.0,21.0,70.0,165.0,30.0,0.0,30.0,30.0,1.0,134,2024-06-19 17:00:00,2024-06-19 18:00:00,30.0,7.0,0.0
NH17 Crossing Boko,Kamrup Metropolitan,25.9775,91.23416667,2024-06-19 12:00:00,6,171,38.5,40.0,99.5,144.0,30.0,0.0,30.0,30.0,1.0,134,2024-06-19 18:00:00,2024-06-19 18:00:00,30.0,6.0,0.0
NH17 Crossing Boko,Kamrup Metropolitan,25.9775,91.23416667,2024-06-19 13:00:00,6,171,6.5,38.5,85.0,124.5,30.0,0.0,30.0,30.0,1.0,134,2024-06-19 19:00:00,2024-06-19 19:00:00,30.0,6.0,0.0
NH17 Crossing Boko,Kamrup Metropolitan,25.9775,91.23416667,2024-06-19 18:00:00,6,171,22.0,6.5,67.0,137.0,30.0,0.0,30.0,30.0,5.0,134,2024-06-20 00:00:00,2024-06-20 00:00:00,30.0,6.0,0.0
NH17 Crossing Boko,Kamrup Metropolitan,25.9775,91.23416667,2024-06-19 19:00:00,6,171,10.5,22.0,39.0,138.5,30.0,0.0,30.0,30.0,1.0,134,2024-06-20 01:00:00,2024-06-20 00:00:00,30.0,5.0,0.0
NH17 Crossing Boko,Kamrup Metropolitan,25.9775,91.23416667,2024-06-19 22:00:00,6,171,5.5,10.5,38.0,123.0,30.0,0.0,30.0,30.0,3.0,134,2024-06-20 04:00:00,2024-06-20 04:00:00,30.0,6.0,0.0
NH17 Crossing Boko,Kamrup Metropolitan,25.9775,91.23416667,2024-06-19 23:00:00,6,171,22.0,5.5,38.0,105.0,30.0,0.0,30.0,30.0,1.0,134,2024-06-20 05:00:00,2024-06-20 05:00:00,30.0,6.0,0.0
NH17 Crossing Boko,Kamrup Metropolitan,25.9775,91.23416667,2024-06-20 00:00:00,6,172,3.0,22.0,30.5,69.5,30.0,0.0,30.0,30.0,1.0,134,2024-06-20 06:00:00,2024-06-20 06:00:00,30.0,6.0,0.0
NH17 Crossing Boko,Kamrup Metropolitan,25.9775,91.23416667,2024-06-20 03:00:00,6,172,23.5,3.0,48.5,86.5,30.0,0.0,30.0,30.0,3.0,134,2024-06-20 09:00:00,2024-06-20 09:00:00,30.0,6.0,0.0
NH17 Crossing Boko,Kamrup Metropolitan,25.9775,91.23416667,2024-06-20 04:00:00,6,172,7.0,23.5,33.5,71.5,30.0,0.0,30.0,30.0,1.0,134,2024-06-20 10:00:00,2024-06-20 10:00:00,30.0,6.0,0.0
NH17 Crossing Boko,Kamrup Metropolitan,25.9775,91.23416667,2024-06-20 05:00:00,6,172,3.5,7.0,34.0,64.5,30.0,0.0,30.0,30.0,1.0,134,2024-06-20 11:00:00,2024-06-20 10:00:00,30.0,5.0,0.0
NH17 Crossing Boko,Kamrup Metropolitan,25.9775,91.23416667,2024-06-20 06:00:00,6,172,7.5,3.5,18.0,66.5,30.0,0.0,30.0,30.0,1.0,134,2024-06-20 12:00:00,2024-06-20 12:00:00,30.0,6.0,0.0
NH17 Crossing Boko,Kamrup Metropolitan,25.9775,91.23416667,2024-06-25 16:00:00,6,177,0.5,3.0,4.5,33.0,30.0,0.0,30.0,30.0,25.0,138,2024-06-25 22:00:00,2024-06-25 20:00:00,30.0,4.0,0.0
NH17 Crossing Boko,Kamrup Metropolitan,25.9775,91.23416667,2024-06-26 20:00:00,6,178,1.0,1.0,2.5,69.0,30.0,0.0,30.0,30.0,10.0,139,2024-06-27 02:00:00,2024-06-27 03:00:00,30.0,7.0,0.0
NH17 Crossing Boko,Kamrup Metropolitan,25.9775,91.23416667,2024-06-27 04:00:00,6,179,37.0,10.5,48.5,50.5,30.0,0.0,30.0,30.0,1.0,139,2024-06-27 10:00:00,2024-06-27 12:00:00,30.0,8.0,0.0
NH17 Crossing Boko,Kamrup Metropolitan,25.9775,91.23416667,2024-06-27 05:00:00,6,179,7.5,37.0,55.0,57.5,30.0,0.0,30.0,30.0,1.0,139,2024-06-27 11:00:00,2024-06-27 12:00:00,30.0,7.0,0.0
NH17 Crossing Boko,Kamrup Metropolitan,25.9775,91.23416667,2024-06-28 03:00:00,6,180,1.0,2.0,10.5,59.0,30.0,0.0,30.0,30.0,15.0,140,2024-06-28 09:00:00,2024-06-28 09:00:00,30.0,6.0,0.0
NH17 Crossing Boko,Kamrup Metropolitan,25.9775,91.23416667,2024-06-29 17:00:00,6,181,24.5,0.5,27.0,32.0,30.0,0.0,30.0,30.0,9.0,141,2024-06-29 23:00:00,2024-06-30 01:00:00,30.0,8.0,0.0
NH17 Crossing Boko,Kamrup Metropolitan,25.9775,91.23416667,2024-06-29 18:00:00,6,181,1.0,24.5,26.0,31.0,30.0,0.0,30.0,30.0,1.0,141,2024-06-30 00:00:00,2024-06-30 01:00:00,30.0,7.0,0.0
NH17 Crossing Boko,Kamrup Metropolitan,25.9775,91.23416667,2024-06-30 01:00:00,6,182,5.5,1.0,31.0,35.5,30.0,0.0,30.0,30.0,7.0,141,2024-06-30 07:00:00,2024-06-30 06:00:00,30.0,5.0,0.0
NH17 Crossing Boko,Kamrup Metropolitan,25.9775,91.23416667,2024-06-30 02:00:00,6,182,2.5,5.5,9.0,36.0,30.0,0.0,30.0,30.0,1.0,141,2024-06-30 08:00:00,2024-06-30 09:00:00,30.0,7.0,0.0
NH17 Crossing Boko,Kamrup Metropolitan,25.9775,91.23416667,2024-06-30 03:00:00,6,182,3.0,2.5,11.0,37.0,30.0,0.0,30.0,30.0,1.0,141,2024-06-30 09:00:00,2024-06-30 09:00:00,30.0,6.0,0.0
NH17 Crossing Boko,Kamrup Metropolitan,25.9775,91.23416667,2024-06-30 04:00:00,6,182,1.0,3.0,6.5,37.5,30.0,0.0,30.0,30.0,1.0,141,2024-06-30 10:00:00,2024-06-30 09:00:00,30.0,5.0,0.0
NH17 Crossing Boko,Kamrup Metropolitan,25.9775,91.23416667,2024-06-30 05:00:00,6,182,21.5,1.0,25.5,34.5,30.0,0.0,30.0,30.0,1.0,141,2024-06-30 11:00:00,2024-06-30 11:00:00,30.0,6.0,0.0
NH17 Crossing Boko,Kamrup Metropolitan,25.9775,91.23416667,2024-06-30 06:00:00,6,182,25.5,21.5,48.0,59.0,30.0,0.0,30.0,30.0,1.0,141,2024-06-30 12:00:00,2024-06-30 12:00:00,30.0,6.0,0.0
NH17 Crossing Boko,Kamrup Metropolitan,25.9775,91.23416667,2024-06-30 09:00:00,6,182,13.5,25.5,60.5,67.0,30.0,0.0,30.0,30.0,3.0,141,2024-06-30 15:00:00,2024-06-30 14:00:00,30.0,5.0,0.0
NH17 Crossing Boko,Kamrup Metropolitan,25.9775,91.23416667,2024-06-30 11:00:00,6,182,1.0,13.5,40.0,65.5,30.0,0.0,30.0,30.0,2.0,141,2024-06-30 17:00:00,2024-06-30 19:00:00,30.0,8.0,0.0
NH17 Crossing Boko,Kamrup Metropolitan,25.9775,91.23416667,2024-06-30 12:00:00,6,182,1.0,1.0,15.5,63.5,30.0,0.0,30.0,30.0,1.0,141,2024-06-30 18:00:00,2024-06-30 19:00:00,30.0,7.0,0.0
NH17 Crossing Boko,Kamrup Metropolitan,25.9775,91.23416667,2024-06-30 13:00:00,6,182,40.0,1.0,42.0,102.5,30.0,0.0,30.0,30.0,1.0,141,2024-06-30 19:00:00,2024-06-30 19:00:00,30.0,6.0,0.0
NH17 Crossing Boko,Kamrup Metropolitan,25.9775,91.23416667,2024-06-30 14:00:00,6,182,25.0,40.0,66.0,106.0,30.0,0.0,30.0,30.0,1.0,141,2024-06-30 20:00:00,2024-06-30 19:00:00,30.0,5.0,0.0
NH17 Crossing Boko,Kamrup Metropolitan,25.9775,91.23416667,2024-06-30 19:00:00,6,182,1.0,25.0,66.0,81.5,30.0,0.0,30.0,30.0,5.0,141,2024-07-01 01:00:00,2024-07-01 01:00:00,30.0,6.0,0.0
NH17 Crossing Boko,Kamrup Metropolitan,25.9775,91.23416667,2024-06-30 23:00:00,6,182,0.5,1.0,26.5,68.5,30.0,0.0,30.0,30.0,4.0,141,2024-07-01 05:00:00,2024-07-01 03:00:00,30.0,4.0,0.0
NH17 Crossing Boko,Kamrup Metropolitan,25.9775,91.23416667,2024-07-01 00:00:00,7,183,4.5,0.5,6.0,72.0,30.0,0.0,30.0,30.0,1.0,141,2024-07-01 06:00:00,2024-07-01 07:00:00,30.0,7.0,0.0
NH17 Crossing Boko,Kamrup Metropolitan,25.9775,91.23416667,2024-07-01 01:00:00,7,183,1.5,4.5,6.5,72.5,30.0,0.0,30.0,30.0,1.0,141,2024-07-01 07:00:00,2024-07-01 07:00:00,30.0,6.0,0.0
NH17 Crossing Boko,Kamrup Metropolitan,25.9775,91.23416667,2024-07-01 02:00:00,7,183,1.0,1.5,7.0,33.5,30.0,0.0,30.0,30.0,1.0,141,2024-07-01 08:00:00,2024-07-01 08:00:00,30.0,6.0,0.0
NH17 Crossing Boko,Kamrup Metropolitan,25.9775,91.23416667,2024-07-01 03:00:00,7,183,6.0,1.0,8.5,14.5,30.0,0.0,30.0,30.0,1.0,141,2024-07-01 09:00:00,2024-07-01 09:00:00,30.0,6.0,0.0
NH17 Crossing Boko,Kamrup Metropolitan,25.9775,91.23416667,2024-07-01 07:00:00,7,183,8.0,6.0,15.0,21.5,30.0,0.0,30.0,30.0,4.0,141,2024-07-01 13:00:00,2024-07-01 13:00:00,30.0,6.0,0.0
NH17 Crossing Boko,Kamrup Metropolitan,25.9775,91.23416667,2024-07-01 08:00:00,7,183,30.5,8.0,44.5,51.5,30.0,0.0,30.0,30.0,1.0,141,2024-07-01 14:00:00,2024-07-01 13:00:00,30.0,5.0,0.0
NH17 Crossing Boko,Kamrup Metropolitan,25.9775,91.23416667,2024-07-01 09:00:00,7,183,12.5,30.5,51.0,59.5,30.0,0.0,30.0,30.0,1.0,141,2024-07-01 15:00:00,2024-07-01 13:00:00,30.0,4.0,0.0
NH17 Crossing Boko,Kamrup Metropolitan,25.9775,91.23416667,2024-07-03 12:00:00,7,185,0.5,0.5,3.0,61.5,30.0,0.0,30.0,30.0,11.0,142,2024-07-03 18:00:00,2024-07-03 18:00:00,30.0,6.0,0.0
NH17 Crossing Boko,Kamrup Metropolitan,25.9775,91.23416667,2024-07-03 18:00:00,7,185,16.0,0.5,17.0,59.0,30.0,0.0,30.0,30.0,6.0,142,2024-07-04 00:00:00,2024-07-03 22:00:00,30.0,4.0,0.0
NH17 Crossing Boko,Kamrup Metropolitan,25.9775,91.23416667,2024-07-04 12:00:00,7,186,1.0,0.5,5.0,35.5,30.0,0.0,30.0,30.0,14.0,143,2024-07-04 18:00:00,2024-07-04 20:00:00,30.0,8.0,0.0
NH17 Crossing Boko,Kamrup Metropolitan,25.9775,91.23416667,2024-07-04 15:00:00,7,186,1.5,1.0,3.0,21.0,30.0,0.0,30.0,30.0,3.0,143,2024-07-04 21:00:00,2024-07-04 20:00:00,30.0,5.0,0.0
NH17 Crossing Boko,Kamrup Metropolitan,25.9775,91.23416667,2024-07-04 20:00:00,7,186,1.5,1.5,4.0,11.5,30.0,0.0,30.0,30.0,5.0,143,2024-07-05 02:00:00,2024-07-05 02:00:00,30.0,6.0,0.0
NH17 Crossing Boko,Kamrup Metropolitan,25.9775,91.23416667,2024-07-04 22:00:00,7,186,2.0,1.5,5.0,10.0,30.0,0.0,30.0,30.0,2.0,143,2024-07-05 04:00:00,2024-07-05 04:00:00,30.0,6.0,0.0
NH17 Crossing Boko,Kamrup Metropolitan,25.9775,91.23416667,2024-07-05 00:00:00,7,187,0.5,2.0,4.0,7.0,30.0,0.0,30.0,30.0,2.0,143,2024-07-05 06:00:00,2024-07-05 06:00:00,30.0,6.0,0.0
NH17 Crossing Boko,Kamrup Metropolitan,25.9775,91.23416667,2024-07-05 01:00:00,7,187,0.5,0.5,3.0,7.0,30.0,0.0,30.0,30.0,1.0,143,2024-07-05 07:00:00,2024-07-05 06:00:00,30.0,5.0,0.0
NH17 Crossing Boko,Kamrup Metropolitan,25.9775,91.23416667,2024-07-05 02:00:00,7,187,2.0,0.5,3.0,8.0,30.0,0.0,30.0,30.0,1.0,143,2024-07-05 08:00:00,2024-07-05 06:00:00,30.0,4.0,0.0
NH17 Crossing Boko,Kamrup Metropolitan,25.9775,91.23416667,2024-07-05 16:00:00,7,187,13.0,0.5,22.0,26.0,30.0,0.0,30.0,30.0,10.0,143,2024-07-05 22:00:00,2024-07-05 20:00:00,30.0,4.0,0.0
NH17 Crossing Boko,Kamrup Metropolitan,25.9775,91.23416667,2024-07-06 08:00:00,7,188,0.5,7.0,20.5,31.0,30.0,0.0,30.0,30.0,12.0,143,2024-07-06 14:00:00,2024-07-06 14:00:00,30.0,6.0,0.0
NH17 Crossing Boko,Kamrup Metropolitan,25.9775,91.23416667,2024-07-08 13:00:00,7,190,3.0,0.5,4.0,7.5,30.0,0.0,30.0,30.0,11.0,144,2024-07-08 19:00:00,2024-07-08 19:00:00,30.0,6.0,0.0
NH17 Crossing Boko,Kamrup Metropolitan,25.9775,91.23416667,2024-07-08 14:00:00,7,190,7.5,3.0,11.0,14.5,30.0,0.0,30.0,30.0,1.0,144,2024-07-08 20:00:00,2024-07-08 19:00:00,30.0,5.0,0.0
NH17 Crossing Boko,Kamrup Metropolitan,25.9775,91.23416667,2024-07-08 19:00:00,7,190,2.5,7.5,13.0,15.0,30.0,0.0,30.0,30.0,5.0,144,2024-07-09 01:00:00,2024-07-09 01:00:00,30.0,6.0,0.0
NH17 Crossing Boko,Kamrup Metropolitan,25.9775,91.23416667,2024-07-10 11:00:00,7,192,1.0,0.5,4.0,15.0,30.0,0.0,30.0,30.0,34.0,145,2024-07-10 17:00:00,2024-07-10 16:00:00,30.0,5.0,0.0
NH17 Crossing Boko,Kamrup Metropolitan,25.9775,91.23416667,2024-07-11 02:00:00,7,193,0.5,11.5,64.0,68.0,30.0,0.0,30.0,30.0,10.0,145,2024-07-11 08:00:00,2024-07-11 07:00:00,30.0,5.0,0.0
NH17 Crossing Boko,Kamrup Metropolitan,25.9775,91.23416667,2024-07-11 07:00:00,7,193,0.5,0.5,12.5,66.0,30.0,0.0,30.0,30.0,5.0,145,2024-07-11 13:00:00,2024-07-11 14:00:00,30.0,7.0,0.0
NH17 Crossing Boko,Kamrup Metropolitan,25.9775,91.23416667,2024-07-11 14:00:00,7,193,2.0,0.5,3.0,67.5,30.0,0.0,30.0,30.0,7.0,145,2024-07-11 20:00:00,2024-07-11 19:00:00,30.0,5.0,0.0
NH17 Crossing Boko,Kamrup Metropolitan,25.9775,91.23416667,2024-07-11 19:00:00,7,193,1.0,2.0,3.5,67.5,30.0,0.0,30.0,30.0,5.0,145,2024-07-12 01:00:00,2024-07-12 01:00:00,30.0,6.0,0.0
NH17 Crossing Boko,Kamrup Metropolitan,25.9775,91.23416667,2024-07-12 00:00:00,7,194,1.5,1.0,4.5,17.0,30.0,0.0,30.0,30.0,5.0,145,2024-07-12 06:00:00,2024-07-12 05:00:00,30.0,5.0,0.0
NH17 Crossing Boko,Kamrup Metropolitan,25.9775,91.23416667,2024-07-12 01:00:00,7,194,0.5,1.5,3.0,6.0,30.0,0.0,30.0,30.0,1.0,145,2024-07-12 07:00:00,2024-07-12 05:00:00,30.0,4.0,0.0
NH17 Crossing Boko,Kamrup Metropolitan,25.9775,91.23416667,2024-07-12 05:00:00,7,194,0.5,0.5,2.5,6.0,30.0,0.0,30.0,30.0,4.0,145,2024-07-12 11:00:00,2024-07-12 13:00:00,30.0,8.0,0.0
NH17 Crossing Boko,Kamrup Metropolitan,25.9775,91.23416667,2024-07-12 13:00:00,7,194,2.0,0.5,3.0,7.5,30.0,0.0,30.0,30.0,8.0,145,2024-07-12 19:00:00,2024-07-12 19:00:00,30.0,6.0,0.0
NH17 Crossing Boko,Kamrup Metropolitan,25.9775,91.23416667,2024-07-14 15:00:00,7,196,0.5,3.5,5.5,29.0,30.0,0.0,30.0,30.0,30.0,147,2024-07-14 21:00:00,2024-07-14 22:00:00,30.0,7.0,0.0
NH17 Crossing Boko,Kamrup Metropolitan,25.9775,91.23416667,2024-07-15 01:00:00,7,197,1.0,2.0,42.0,47.5,30.0,0.0,30.0,30.0,2.0,147,2024-07-15 07:00:00,2024-07-15 09:00:00,30.0,8.0,0.0
NH17 Crossing Boko,Kamrup Metropolitan,25.9775,91.23416667,2024-07-15 21:00:00,7,197,14.5,9.5,33.5,75.5,30.0,0.0,30.0,30.0,1.0,147,2024-07-16 03:00:00,2024-07-16 05:00:00,30.0,8.0,0.0
NH17 Crossing Boko,Kamrup Metropolitan,25.9775,91.23416667,2024-07-15 22:00:00,7,197,0.5,14.5,24.5,37.0,30.0,0.0,30.0,30.0,1.0,147,2024-07-16 04:00:00,2024-07-16 05:00:00,30.0,7.0,0.0
NH17 Crossing Boko,Kamrup Metropolitan,25.9775,91.23416667,2024-07-16 05:00:00,7,198,2.0,0.5,17.0,37.0,30.0,0.0,30.0,30.0,7.0,147,2024-07-16 11:00:00,2024-07-16 09:00:00,30.0,4.0,0.0
NH17 Crossing Boko,Kamrup Metropolitan,25.9775,91.23416667,2024-07-16 09:00:00,7,198,1.5,2.0,4.0,37.5,30.0,0.0,30.0,30.0,4.0,147,2024-07-16 15:00:00,2024-07-16 15:00:00,30.0,6.0,0.0
NH17 Crossing Boko,Kamrup Metropolitan,25.9775,91.23416667,2024-07-16 15:00:00,7,198,2.0,1.0,4.5,21.5,30.0,0.0,30.0,30.0,1.0,147,2024-07-16 21:00:00,2024-07-16 23:00:00,30.0,8.0,0.0
NH17 Crossing Boko,Kamrup Metropolitan,25.9775,91.23416667,2024-07-17 23:00:00,7,199,4.0,0.5,6.5,11.0,30.0,0.0,30.0,30.0,24.0,148,2024-07-18 05:00:00,2024-07-18 05:00:00,30.0,6.0,0.0
NH17 Crossing Boko,Kamrup Metropolitan,25.9775,91.23416667,2024-07-18 00:00:00,7,200,40.5,4.0,45.0,49.5,30.0,0.0,30.0,30.0,1.0,148,2024-07-18 06:00:00,2024-07-18 05:00:00,30.0,5.0,0.0
NH17 Crossing Boko,Kamrup Metropolitan,25.9775,91.23416667,2024-07-18 01:00:00,7,200,19.0,40.5,63.5,67.0,30.0,0.0,30.0,30.0,1.0,148,2024-07-18 07:00:00,2024-07-18 07:00:00,30.0,6.0,0.0
NH17 Crossing Boko,Kamrup Metropolitan,25.9775,91.23416667,2024-07-18 02:00:00,7,200,5.0,19.0,64.5,71.0,30.0,0.0,30.0,30.0,1.0,148,2024-07-18 08:00:00,2024-07-18 07:00:00,30.0,5.0,0.0
NH17 Crossing Boko,Kamrup Metropolitan,25.9775,91.23416667,2024-07-18 03:00:00,7,200,2.5,5.0,26.5,71.5,30.0,0.0,30.0,30.0,1.0,148,2024-07-18 09:00:00,2024-07-18 07:00:00,30.0,4.0,0.0
NH17 Crossing Boko,Kamrup Metropolitan,25.9775,91.23416667,2024-07-18 05:00:00,7,200,1.5,2.5,9.0,72.5,30.0,0.0,30.0,30.0,2.0,148,2024-07-18 11:00:00,2024-07-18 12:00:00,30.0,7.0,0.0
NH17 Crossing Boko,Kamrup Metropolitan,25.9775,91.23416667,2024-07-18 07:00:00,7,200,0.5,1.5,4.5,69.0,30.0,0.0,30.0,30.0,2.0,148,2024-07-18 13:00:00,2024-07-18 12:00:00,30.0,5.0,0.0
NH17 Crossing Boko,Kamrup Metropolitan,25.9775,91.23416667,2024-07-18 12:00:00,7,200,1.0,0.5,3.0,29.5,30.0,0.0,30.0,30.0,5.0,148,2024-07-18 18:00:00,2024-07-18 19:00:00,30.0,7.0,0.0
NH17 Crossing Boko,Kamrup Metropolitan,25.9775,91.23416667,2024-07-22 01:00:00,7,204,1.5,1.0,3.5,74.5,30.0,0.0,30.0,30.0,15.0,152,2024-07-22 07:00:00,2024-07-22 07:00:00,30.0,6.0,0.0
NH17 Crossing Boko,Kamrup Metropolitan,25.9775,91.23416667,2024-07-22 07:00:00,7,204,0.5,1.5,3.0,73.5,30.0,0.0,30.0,30.0,6.0,152,2024-07-22 13:00:00,2024-07-22 13:00:00,30.0,6.0,0.0
NH17 Crossing Boko,Kamrup Metropolitan,25.9775,91.23416667,2024-07-22 13:00:00,7,204,0.5,7.0,8.0,11.5,30.0,0.0,30.0,30.0,3.0,152,2024-07-22 19:00:00,2024-07-22 19:00:00,30.0,6.0,0.0
NH17 Crossing Boko,Kamrup Metropolitan,25.9775,91.23416667,2024-07-22 19:00:00,7,204,1.0,0.5,8.5,11.5,30.0,0.0,30.0,30.0,6.0,152,2024-07-23 01:00:00,2024-07-23 03:00:00,30.0,8.0,0.0
NH17 Crossing Boko,Kamrup Metropolitan,25.9775,91.23416667,2024-07-23 03:00:00,7,205,0.5,1.0,2.0,11.0,30.0,0.0,30.0,30.0,8.0,152,2024-07-23 09:00:00,2024-07-23 10:00:00,30.0,7.0,0.0
NH17 Crossing Boko,Kamrup Metropolitan,25.9775,91.23416667,2024-07-23 05:00:00,7,205,39.5,0.5,41.0,49.0,30.0,0.0,30.0,30.0,2.0,152,2024-07-23 11:00:00,2024-07-23 10:00:00,30.0,5.0,0.0
NH17 Crossing Boko,Kamrup Metropolitan,25.9775,91.23416667,2024-07-23 06:00:00,7,205,16.5,39.5,56.5,65.0,30.0,0.0,30.0,30.0,1.0,152,2024-07-23 12:00:00,2024-07-23 10:00:00,30.0,4.0,0.0
NH17 Crossing Boko,Kamrup Metropolitan,25.9775,91.23416667,2024-07-23 10:00:00,7,205,1.0,1.0,18.5,59.5,30.0,0.0,30.0,30.0,3.0,152,2024-07-23 16:00:00,2024-07-23 18:00:00,30.0,8.0,0.0
NH17 Crossing Boko,Kamrup Metropolitan,25.9775,91.23416667,2024-07-25 11:00:00,7,207,0.5,4.5,8.0,26.5,30.0,0.0,30.0,30.0,23.0,154,2024-07-25 17:00:00,2024-07-25 17:00:00,30.0,6.0,0.0
NH17 Crossing Boko,Kamrup Metropolitan,25.9775,91.23416667,2024-07-29 13:00:00,7,211,13.5,0.5,17.0,68.0,30.0,0.0,30.0,30.0,9.0,158,2024-07-29 19:00:00,2024-07-29 19:00:00,30.0,6.0,0.0
NH17 Crossing Boko,Kamrup Metropolitan,25.9775,91.23416667,2024-07-29 14:00:00,7,211,12.0,13.5,26.0,79.5,30.0,0.0,30.0,30.0,1.0,158,2024-07-29 20:00:00,2024-07-29 19:00:00,30.0,5.0,0.0
NH17 Crossing Boko,Kamrup Metropolitan,25.9775,91.23416667,2024-07-29 15:00:00,7,211,3.0,12.0,28.5,80.5,30.0,0.0,30.0,30.0,1.0,158,2024-07-29 21:00:00,2024-07-29 19:00:00,30.0,4.0,0.0
NH17 Crossing Boko,Kamrup Metropolitan,25.9775,91.23416667,2024-08-02 20:00:00,8,215,10.5,0.5,12.0,18.5,30.0,0.0,30.0,30.0,33.0,162,2024-08-03 02:00:00,2024-08-03 02:00:00,30.0,6.0,0.0
NH17 Crossing Boko,Kamrup Metropolitan,25.9775,91.23416667,2024-08-02 21:00:00,8,215,5.5,10.5,16.5,22.0,30.0,0.0,30.0,30.0,1.0,162,2024-08-03 03:00:00,2024-08-03 03:00:00,30.0,6.0,0.0
NH17 Crossing Boko,Kamrup Metropolitan,25.9775,91.23416667,2024-08-02 22:00:00,8,215,2.0,5.5,18.0,23.5,30.0,0.0,30.0,30.0,1.0,162,2024-08-03 04:00:00,2024-08-03 04:00:00,30.0,6.0,0.0
NH17 Crossing Boko,Kamrup Metropolitan,25.9775,91.23416667,2024-08-02 23:00:00,8,215,10.5,2.0,18.0,30.0,30.0,0.0,30.0,30.0,1.0,162,2024-08-03 05:00:00,2024-08-03 05:00:00,30.0,6.0,0.0
NH17 Crossing Boko,Kamrup Metropolitan,25.9775,91.23416667,2024-08-03 00:00:00,8,216,5.0,10.5,17.5,34.0,30.0,0.0,30.0,30.0,1.0,162,2024-08-03 06:00:00,2024-08-03 06:00:00,30.0,6.0,0.0
NH17 Crossing Boko,Kamrup Metropolitan,25.9775,91.23416667,2024-08-03 01:00:00,8,216,0.5,5.0,16.0,34.0,30.0,0.0,30.0,30.0,1.0,162,2024-08-03 07:00:00,2024-08-03 07:00:00,30.0,6.0,0.0
NH17 Crossing Boko,Kamrup Metropolitan,25.9775,91.23416667,2024-08-03 02:00:00,8,216,18.0,0.5,23.5,41.5,30.0,0.0,30.0,30.0,1.0,162,2024-08-03 08:00:00,2024-08-03 07:00:00,30.0,5.0,0.0
NH17 Crossing Boko,Kamrup Metropolitan,25.9775,91.23416667,2024-08-03 03:00:00,8,216,12.5,18.0,31.0,48.5,30.0,0.0,30.0,30.0,1.0,162,2024-08-03 09:00:00,2024-08-03 10:00:00,30.0,7.0,0.0
NH17 Crossing Boko,Kamrup Metropolitan,25.9775,91.23416667,2024-08-03 04:00:00,8,216,8.0,12.5,38.5,54.5,30.0,0.0,30.0,30.0,1.0,162,2024-08-03 10:00:00,2024-08-03 10:00:00,30.0,6.0,0.0
NH17 Crossing Boko,Kamrup Metropolitan,25.9775,91.23416667,2024-08-03 05:00:00,8,216,9.0,8.0,29.5,53.0,30.0,0.0,30.0,30.0,1.0,162,2024-08-03 11:00:00,2024-08-03 10:00:00,30.0,5.0,0.0
NH17 Crossing Boko,Kamrup Metropolitan,25.9775,91.23416667,2024-08-03 06:00:00,8,216,1.0,9.0,18.0,49.0,30.0,0.0,30.0,30.0,1.0,162,2024-08-03 12:00:00,2024-08-03 10:00:00,30.0,4.0,0.0
NH17 Crossing Boko,Kamrup Metropolitan,25.9775,91.23416667,2024-08-03 07:00:00,8,216,1.5,1.0,11.5,50.0,30.0,0.0,30.0,30.0,1.0,162,2024-08-03 13:00:00,2024-08-03 15:00:00,30.0,8.0,0.0
NH17 Crossing Boko,Kamrup Metropolitan,25.9775,91.23416667,2024-08-03 10:00:00,8,216,0.5,1.5,3.0,32.5,30.0,0.0,30.0,30.0,3.0,162,2024-08-03 16:00:00,2024-08-03 15:00:00,30.0,5.0,0.0
NH17 Crossing Boko,Kamrup Metropolitan,25.9775,91.23416667,2025-01-07 21:00:00,1,7,10.5,247.0,258.0,260.5,78.285,0.0,62.19,78.285,1145.0,165,2025-01-08 03:00:00,2025-01-08 02:00:00,78.285,5.0,0.0
NH17 Crossing Boko,Kamrup Metropolitan,25.9775,91.23416667,2025-01-07 22:00:00,1,7,1.0,10.5,258.5,260.0,78.285,0.0,78.285,78.285,1.0,165,2025-01-08 04:00:00,2025-01-08 02:00:00,78.285,4.0,0.0
NH17 Crossing Boko,Kamrup Metropolitan,25.9775,91.23416667,2025-03-13 09:00:00,3,72,50.2,50.2,150.60000000000002,162.60000000000002,12.4,0.3000000000000007,12.166666666666666,78.285,136.0,168,2025-03-13 15:00:00,2025-03-13 16:00:00,12.5,7.0,0.09999999999999964
NH17 Crossing Boko,Kamrup Metropolitan,25.9775,91.23416667,2025-03-13 10:00:00,3,72,50.2,50.2,150.60000000000002,202.3,13.0,0.5999999999999996,12.5,78.285,1.0,168,2025-03-13 16:00:00,2025-03-13 16:00:00,12.5,6.0,-0.5
NH17 Crossing Boko,Kamrup Metropolitan,25.9775,91.23416667,2025-03-13 11:00:00,3,72,50.2,50.2,150.60000000000002,251.5,13.0,0.0,12.8,78.285,1.0,168,2025-03-13 17:00:00,2025-03-13 17:00:00,12.4,6.0,-0.5999999999999996
NH17 Crossing Boko,Kamrup Metropolitan,25.9775,91.23416667,2025-03-13 13:00:00,3,72,50.2,50.2,150.60000000000002,301.20000000000005,13.1,0.0999999999999996,13.033333333333331,13.1,2.0,168,2025-03-13 19:00:00,2025-03-13 17:00:00,12.4,4.0,-0.6999999999999993
NH17 Crossing Boko,Kamrup Metropolitan,25.9775,91.23416667,2025-03-14 08:00:00,3,73,50.2,50.2,150.60000000000002,301.20000000000005,12.5,0.0999999999999996,12.466666666666669,13.1,15.0,169,2025-03-14 14:00:00,2025-03-14 14:00:00,13.6,6.0,1.0999999999999996
NH17 Crossing Boko,Kamrup Metropolitan,25.9775,91.23416667,2025-03-14 10:00:00,3,73,50.2,50.2,150.60000000000002,301.20000000000005,13.3,0.8000000000000007,12.733333333333334,13.3,2.0,169,2025-03-14 16:00:00,2025-03-14 16:00:00,12.7,6.0,-0.6000000000000014
NH17 Crossing Boko,Kamrup Metropolitan,25.9775,91.23416667,2025-03-14 11:00:00,3,73,50.2,50.2,150.60000000000002,301.20000000000005,50.238,36.938,25.346000000000004,50.238,1.0,169,2025-03-14 17:00:00,2025-03-14 17:00:00,12.5,6.0,-37.738
NH17 Crossing Boko,Kamrup Metropolitan,25.9775,91.23416667,2025-03-14 12:00:00,3,73,50.2,50.2,150.60000000000002,301.20000000000005,50.238,0.0,37.925333333333334,50.238,1.0,169,2025-03-14 18:00:00,2025-03-14 17:00:00,12.5,5.0,-37.738
NH17 Crossing Boko,Kamrup Metropolitan,25.9775,91.23416667,2025-03-14 13:00:00,3,73,50.2,50.2,150.60000000000002,301.20000000000005,13.3,-36.938,37.925333333333334,50.238,1.0,169,2025-03-14 19:00:00,2025-03-14 17:00:00,12.5,4.0,-0.8000000000000007
NH17 Crossing Boko,Kamrup Metropolitan,25.9775,91.23416667,2025-03-15 07:00:00,3,74,50.2,50.2,150.60000000000002,301.20000000000005,12.4,-0.0999999999999996,12.533333333333337,50.238,14.0,170,2025-03-15 13:00:00,2025-03-15 13:00:00,13.6,6.0,1.1999999999999993
NH17 Crossing Boko,Kamrup Metropolitan,25.9775,91.23416667,2025-03-15 09:00:00,3,74,50.2,50.2,150.60000000000002,301.20000000000005,12.5,0.0999999999999996,12.466666666666669,13.6,2.0,170,2025-03-15 15:00:00,2025-03-15 15:00:00,13.2,6.0,0.6999999999999993
NH17 Crossing Boko,Kamrup Metropolitan,25.9775,91.23416667,2025-03-15 11:00:00,3,74,50.2,50.2,150.60000000000002,301.20000000000005,13.3,0.8000000000000007,12.733333333333336,13.6,2.0,170,2025-03-15 17:00:00,2025-03-15 16:00:00,12.7,5.0,-0.6000000000000014
NH17 Crossing Boko,Kamrup Metropolitan,25.9775,91.23416667,2025-03-15 12:00:00,3,74,50.2,50.2,150.60000000000002,301.20000000000005,50.238,36.938,25.346000000000004,50.238,1.0,170,2025-03-15 18:00:00,2025-03-15 18:00:00,12.4,6.0,-37.838
NH17 Crossing Boko,Kamrup Metropolitan,25.9775,91.23416667,2025-03-15 13:00:00,3,74,50.2,50.2,150.60000000000002,301.20000000000005,13.6,-36.638,25.712666666666667,50.238,1.0,170,2025-03-15 19:00:00,2025-03-15 19:00:00,12.4,6.0,-1.1999999999999993
NH17 Crossing Boko,Kamrup Metropolitan,25.9775,91.23416667,2025-03-15 15:00:00,3,74,50.2,50.2,150.60000000000002,301.20000000000005,13.2,-0.4000000000000003,25.679333333333336,50.238,2.0,170,2025-03-15 21:00:00,2025-03-15 19:00:00,12.4,4.0,-0.7999999999999989
NH17 Crossing Boko,Kamrup Metropolitan,25.9775,91.23416667,2025-03-16 07:00:00,3,75,50.2,50.2,150.60000000000002,301.20000000000005,12.7,0.2999999999999989,12.500000000000004,13.6,12.0,170,2025-03-16 13:00:00,2025-03-16 13:00:00,13.6,6.0,0.9000000000000004
NH17 Crossing Boko,Kamrup Metropolitan,25.9775,91.23416667,2025-03-16 08:00:00,3,75,50.2,50.2,150.60000000000002,301.20000000000005,13.4,0.7000000000000011,12.833333333333336,13.4,1.0,170,2025-03-16 14:00:00,2025-03-16 14:00:00,50.238,6.0,36.838
NH17 Crossing Boko,Kamrup Metropolitan,25.9775,91.23416667,2025-03-16 09:00:00,3,75,50.2,50.2,150.60000000000002,301.20000000000005,13.9,0.5,13.333333333333336,13.9,1.0,170,2025-03-16 15:00:00,2025-03-16 15:00:00,50.238,6.0,36.338
NH17 Crossing Boko,Kamrup Metropolitan,25.9775,91.23416667,2025-03-16 10:00:00,3,75,50.2,50.2,150.60000000000002,301.20000000000005,14.3,0.4000000000000003,13.866666666666672,14.3,1.0,170,2025-03-16 16:00:00,2025-03-16 16:00:00,13.0,6.0,-1.3000000000000007
NH17 Crossing Boko,Kamrup Metropolitan,25.9775,91.23416667,2025-03-16 11:00:00,3,75,50.2,50.2,150.60000000000002,301.20000000000005,50.238,35.938,26.146000000000004,50.238,1.0,170,2025-03-16 17:00:00,2025-03-16 16:00:00,13.0,5.0,-37.238
NH17 Crossing Boko,Kamrup Metropolitan,25.9775,91.23416667,2025-03-16 12:00:00,3,75,50.2,50.2,150.60000000000002,301.20000000000005,50.238,0.0,38.25866666666667,50.238,1.0,170,2025-03-16 18:00:00,2025-03-16 18:00:00,12.6,6.0,-37.638
NH17 Crossing Boko,Kamrup Metropolitan,25.9775,91.23416667,2025-03-16 13:00:00,3,75,50.2,50.2,150.60000000000002,301.20000000000005,13.6,-36.638,38.025333333333336,50.238,1.0,170,2025-03-16 19:00:00,2025-03-16 18:00:00,12.6,5.0,-1.0
NH17 Crossing Boko,Kamrup Metropolitan,25.9775,91.23416667,2025-03-16 14:00:00,3,75,50.2,50.2,150.60000000000002,301.20000000000005,50.238,36.638,38.02533333333334,50.238,1.0,170,2025-03-16 20:00:00,2025-03-16 20:00:00,12.5,6.0,-37.738
NH17 Crossing Boko,Kamrup Metropolitan,25.9775,91.23416667,2025-03-16 15:00:00,3,75,50.2,50.2,150.60000000000002,301.20000000000005,50.238,0.0,38.02533333333334,50.238,1.0,170,2025-03-16 21:00:00,2025-03-16 21:00:00,12.5,6.0,-37.738
NH17 Crossing Boko,Kamrup Metropolitan,25.9775,91.23416667,2025-03-16 16:00:00,3,75,50.2,50.2,150.60000000000002,301.20000000000005,13.0,-37.238,37.82533333333334,50.238,1.0,170,2025-03-16 22:00:00,2025-03-16 21:00:00,12.5,5.0,-0.5
NH17 Crossing Boko,Kamrup Metropolitan,25.9775,91.23416667,2025-03-16 18:00:00,3,75,50.2,50.2,150.60000000000002,301.20000000000005,12.6,-0.4000000000000003,25.279333333333337,50.238,2.0,170,2025-03-17 00:00:00,2025-03-16 23:00:00,12.4,5.0,-0.1999999999999993
NH17 Crossing Boko,Kamrup Metropolitan,25.9775,91.23416667,2025-03-16 20:00:00,3,75,50.2,50.2,150.60000000000002,301.20000000000005,12.5,-0.0999999999999996,12.700000000000005,50.238,2.0,170,2025-03-17 02:00:00,2025-03-17 02:00:00,12.4,6.0,-0.09999999999999964
NH17 Crossing Boko,Kamrup Metropolitan,25.9775,91.23416667,2025-03-16 21:00:00,3,75,50.2,50.2,150.60000000000002,301.20000000000005,12.5,0.0,12.53333333333334,50.238,1.0,170,2025-03-17 03:00:00,2025-03-17 02:00:00,12.4,5.0,-0.09999999999999964
NH17 Crossing Boko,Kamrup Metropolitan,25.9775,91.23416667,2025-03-16 23:00:00,3,75,50.2,50.2,150.60000000000002,301.20000000000005,12.4,-0.0999999999999996,12.46666666666667,50.238,2.0,170,2025-03-17 05:00:00,2025-03-17 04:00:00,12.4,5.0,0.0
NH17 Crossing Boko,Kamrup Metropolitan,25.9775,91.23416667,2025-03-17 01:00:00,3,76,50.2,50.2,150.60000000000002,301.20000000000005,12.4,0.0,12.433333333333335,13.0,2.0,170,2025-03-17 07:00:00,2025-03-17 07:00:00,13.2,6.0,0.7999999999999989
NH17 Crossing Boko,Kamrup Metropolitan,25.9775,91.23416667,2025-03-17 02:00:00,3,76,50.2,50.2,150.60000000000002,301.20000000000005,12.4,0.0,12.4,12.6,1.0,170,2025-03-17 08:00:00,2025-03-17 08:00:00,50.238,6.0,37.838
NH17 Crossing Boko,Kamrup Metropolitan,25.9775,91.23416667,2025-03-17 04:00:00,3,76,50.2,50.2,150.60000000000002,301.20000000000005,12.4,0.0,12.4,12.5,2.0,170,2025-03-17 10:00:00,2025-03-17 10:00:00,13.9,6.0,1.5
NH17 Crossing Boko,Kamrup Metropolitan,25.9775,91.23416667,2025-03-17 06:00:00,3,76,50.2,50.2,150.60000000000002,301.20000000000005,12.4,0.0,12.4,12.5,2.0,170,2025-03-17 12:00:00,2025-03-17 11:00:00,13.7,5.0,1.299999999999999
NH17 Crossing Boko,Kamrup Metropolitan,25.9775,91.23416667,2025-03-17 07:00:00,3,76,50.2,50.2,150.60000000000002,301.20000000000005,13.2,0.7999999999999989,12.666666666666671,13.2,1.0,170,2025-03-17 13:00:00,2025-03-17 13:00:00,14.1,6.0,0.9000000000000004
NH17 Crossing Boko,Kamrup Metropolitan,25.9775,91.23416667,2025-03-17 08:00:00,3,76,50.2,50.2,150.60000000000002,301.20000000000005,50.238,37.038,25.27933333333334,50.238,1.0,170,2025-03-17 14:00:00,2025-03-17 14:00:00,14.0,6.0,-36.238
NH17 Crossing Boko,Kamrup Metropolitan,25.9775,91.23416667,2025-03-17 09:00:00,3,76,50.2,50.2,150.60000000000002,301.20000000000005,14.2,-36.038,25.879333333333335,50.238,1.0,170,2025-03-17 15:00:00,2025-03-17 14:00:00,14.0,5.0,-0.1999999999999993
NH17 Crossing Boko,Kamrup Metropolitan,25.9775,91.23416667,2025-03-17 10:00:00,3,76,50.2,50.2,150.60000000000002,301.20000000000005,13.9,-0.2999999999999989,26.112666666666673,50.238,1.0,170,2025-03-17 16:00:00,2025-03-17 16:00:00,13.0,6.0,-0.9000000000000004
NH17 Crossing Boko,Kamrup Metropolitan,25.9775,91.23416667,2025-03-17 11:00:00,3,76,50.2,50.2,150.60000000000002,301.20000000000005,13.7,-0.200000000000001,13.933333333333335,50.238,1.0,170,2025-03-17 17:00:00,2025-03-17 17:00:00,12.7,6.0,-1.0
NH17 Crossing Boko,Kamrup Metropolitan,25.9775,91.23416667,2025-03-17 13:00:00,3,76,50.2,50.2,150.60000000000002,301.20000000000005,14.1,0.4000000000000003,13.900000000000006,50.238,2.0,170,2025-03-17 19:00:00,2025-03-17 19:00:00,12.2,6.0,-1.9000000000000004
NH17 Crossing Boko,Kamrup Metropolitan,25.9775,91.23416667,2025-03-17 14:00:00,3,76,50.2,50.2,150.60000000000002,301.20000000000005,14.0,-0.0999999999999996,13.933333333333335,50.238,1.0,170,2025-03-17 20:00:00,2025-03-17 19:00:00,12.2,5.0,-1.8000000000000007
NH17 Crossing Boko,Kamrup Metropolitan,25.9775,91.23416667,2025-03-17 16:00:00,3,76,50.2,50.2,150.60000000000002,301.20000000000005,13.0,-1.0,13.700000000000005,14.2,2.0,170,2025-03-17 22:00:00,2025-03-17 22:00:00,12.0,6.0,-1.0
NH17 Crossing Boko,Kamrup Metropolitan,25.9775,91.23416667,2025-03-17 17:00:00,3,76,50.2,50.2,150.60000000000002,301.20000000000005,12.7,-0.3000000000000007,13.23333333333334,14.1,1.0,170,2025-03-17 23:00:00,2025-03-17 22:00:00,12.0,5.0,-0.6999999999999993
NH17 Crossing Boko,Kamrup Metropolitan,25.9775,91.23416667,2025-03-17 19:00:00,3,76,15.2,50.2,115.6,266.20000000000005,12.2,-0.5,12.633333333333338,14.1,2.0,170,2025-03-18 01:00:00,2025-03-18 00:00:00,12.0,5.0,-0.1999999999999993
NH17 Crossing Boko,Kamrup Metropolitan,25.9775,91.23416667,2025-03-17 21:00:00,3,76,15.2,15.2,80.6,231.2,12.0,-0.1999999999999993,12.300000000000004,14.1,2.0,170,2025-03-18 03:00:00,2025-03-18 03:00:00,12.0,6.0,0.0
NH17 Crossing Boko,Kamrup Metropolitan,25.9775,91.23416667,2025-03-17 22:00:00,3,76,15.2,15.2,45.599999999999994,196.2,12.0,0.0,12.066666666666672,14.0,1.0,170,2025-03-18 04:00:00,2025-03-18 03:00:00,12.0,5.0,0.0
NH17 Crossing Boko,Kamrup Metropolitan,25.9775,91.23416667,2025-03-18 00:00:00,3,77,15.2,15.2,45.599999999999994,161.2,12.0,0.0,12.0,13.0,2.0,170,2025-03-18 06:00:00,2025-03-18 05:00:00,11.9,5.0,-0.09999999999999964
NH17 Crossing Boko,Kamrup Metropolitan,25.9775,91.23416667,2025-03-18 02:00:00,3,77,15.2,15.2,45.599999999999994,126.2,12.0,0.0,12.0,12.7,2.0,170,2025-03-18 08:00:00,2025-03-18 08:00:00,15.238,6.0,3.2379999999999995
NH17 Crossing Boko,Kamrup Metropolitan,25.9775,91.23416667,2025-03-18 03:00:00,3,77,15.2,15.2,45.599999999999994,91.2,12.0,0.0,12.0,12.2,1.0,170,2025-03-18 09:00:00,2025-03-18 09:00:00,15.238,6.0,3.2379999999999995
NH17 Crossing Boko,Kamrup Metropolitan,25.9775,91.23416667,2025-03-18 05:00:00,3,77,15.2,15.2,45.599999999999994,91.2,11.9,-0.0999999999999996,11.96666666666667,12.0,2.0,170,2025-03-18 11:00:00,2025-03-18 11:00:00,15.238,6.0,3.337999999999999
NH17 Crossing Boko,Kamrup Metropolitan,25.9775,91.23416667,2025-03-18 07:00:00,3,77,15.2,15.2,45.599999999999994,91.2,12.2,0.2999999999999989,12.03333333333334,12.2,2.0,170,2025-03-18 13:00:00,2025-03-18 13:00:00,13.9,6.0,1.700000000000001
NH17 Crossing Boko,Kamrup Metropolitan,25.9775,91.23416667,2025-03-18 08:00:00,3,77,15.2,15.2,45.599999999999994,91.2,15.238,3.0380000000000003,13.112666666666671,15.238,1.0,170,2025-03-18 14:00:00,2025-03-18 14:00:00,15.238,6.0,0.0
NH17 Crossing Boko,Kamrup Metropolitan,25.9775,91.23416667,2025-03-18 09:00:00,3,77,15.2,15.2,45.599999999999994,91.2,15.238,0.0,14.22533333333334,15.238,1.0,170,2025-03-18 15:00:00,2025-03-18 15:00:00,13.2,6.0,-2.0380000000000003
NH17 Crossing Boko,Kamrup Metropolitan,25.9775,91.23416667,2025-03-18 10:00:00,3,77,15.2,15.2,45.599999999999994,91.2,15.238,0.0,15.238,15.238,1.0,170,2025-03-18 16:00:00,2025-03-18 15:00:00,13.2,5.0,-2.0380000000000003
NH17 Crossing Boko,Kamrup Metropolitan,25.9775,91.23416667,2025-03-18 11:00:00,3,77,15.2,15.2,45.599999999999994,91.2,15.238,0.0,15.238,15.238,1.0,170,2025-03-18 17:00:00,2025-03-18 17:00:00,12.4,6.0,-2.837999999999999
NH17 Crossing Boko,Kamrup Metropolitan,25.9775,91.23416667,2025-03-18 12:00:00,3,77,15.2,15.2,45.599999999999994,91.2,15.238,0.0,15.238,15.238,1.0,170,2025-03-18 18:00:00,2025-03-18 18:00:00,12.1,6.0,-3.138
NH17 Crossing Boko,Kamrup Metropolitan,25.9775,91.23416667,2025-03-18 13:00:00,3,77,15.2,15.2,45.599999999999994,91.2,13.9,-1.3379999999999992,14.792000000000003,15.238,1.0,170,2025-03-18 19:00:00,2025-03-18 18:00:00,12.1,5.0,-1.8000000000000007
NH17 Crossing Boko,Kamrup Metropolitan,25.9775,91.23416667,2025-03-18 14:00:00,3,77,15.2,15.2,45.599999999999994,91.2,15.238,1.3379999999999992,14.792000000000003,15.238,1.0,170,2025-03-18 20:00:00,2025-03-18 20:00:00,12.0,6.0,-3.2379999999999995
NH17 Crossing Boko,Kamrup Metropolitan,25.9775,91.23416667,2025-03-18 15:00:00,3,77,15.2,15.2,45.599999999999994,91.2,13.2,-2.0380000000000003,14.11266666666667,15.238,1.0,170,2025-03-18 21:00:00,2025-03-18 20:00:00,12.0,5.0,-1.1999999999999993
NH17 Crossing Boko,Kamrup Metropolitan,25.9775,91.23416667,2025-03-18 17:00:00,3,77,15.2,15.2,45.599999999999994,91.2,12.4,-0.7999999999999989,13.612666666666671,15.238,2.0,170,2025-03-18 23:00:00,2025-03-18 23:00:00,11.9,6.0,-0.5
NH17 Crossing Boko,Kamrup Metropolitan,25.9775,91.23416667,2025-03-18 18:00:00,3,77,15.2,15.2,45.599999999999994,91.2,12.1,-0.3000000000000007,12.566666666666672,15.238,1.0,170,2025-03-19 00:00:00,2025-03-18 23:00:00,11.9,5.0,-0.1999999999999993
NH17 Crossing Boko,Kamrup Metropolitan,25.9775,91.23416667,2025-03-18 20:00:00,3,77,15.2,15.2,45.599999999999994,91.2,12.0,-0.0999999999999996,12.166666666666671,15.238,2.0,170,2025-03-19 02:00:00,2025-03-19 01:00:00,11.9,5.0,-0.09999999999999964
NH17 Crossing Boko,Kamrup Metropolitan,25.9775,91.23416667,2025-03-18 22:00:00,3,77,15.2,15.2,45.599999999999994,91.2,12.0,0.0,12.03333333333334,15.238,2.0,170,2025-03-19 04:00:00,2025-03-19 04:00:00,11.7,6.0,-0.3000000000000007
NH17 Crossing Boko,Kamrup Metropolitan,25.9775,91.23416667,2025-03-18 23:00:00,3,77,15.2,15.2,45.599999999999994,91.2,11.9,-0.0999999999999996,11.96666666666667,13.2,1.0,170,2025-03-19 05:00:00,2025-03-19 04:00:00,11.7,5.0,-0.20000000000000107
NH17 Crossing Boko,Kamrup Metropolitan,25.9775,91.23416667,2025-03-19 01:00:00,3,78,15.2,15.2,45.599999999999994,91.2,11.9,0.0,11.933333333333335,12.4,2.0,170,2025-03-19 07:00:00,2025-03-19 06:00:00,11.8,5.0,-0.09999999999999964
NH17 Crossing Boko,Kamrup Metropolitan,25.9775,91.23416667,2025-03-19 03:00:00,3,78,15.2,15.2,45.599999999999994,91.2,11.8,-0.0999999999999996,11.866666666666672,12.1,2.0,170,2025-03-19 09:00:00,2025-03-19 09:00:00,13.4,6.0,1.5999999999999996
NH17 Crossing Boko,Kamrup Metropolitan,25.9775,91.23416667,2025-03-19 04:00:00,3,78,15.2,15.2,45.599999999999994,91.2,11.7,-0.1000000000000014,11.800000000000006,12.0,1.0,170,2025-03-19 10:00:00,2025-03-19 10:00:00,15.238,6.0,3.5380000000000003
NH17 Crossing Boko,Kamrup Metropolitan,25.9775,91.23416667,2025-03-19 06:00:00,3,78,15.2,15.2,45.599999999999994,91.2,11.8,0.1000000000000014,11.766666666666673,12.0,2.0,170,2025-03-19 12:00:00,2025-03-19 12:00:00,15.238,6.0,3.437999999999999
NH17 Crossing Boko,Kamrup Metropolitan,25.9775,91.23416667,2025-03-19 08:00:00,3,78,15.2,15.2,45.599999999999994,91.2,12.8,1.0,12.100000000000003,12.8,2.0,170,2025-03-19 14:00:00,2025-03-19 14:00:00,15.238,6.0,2.437999999999999
NH17 Crossing Boko,Kamrup Metropolitan,25.9775,91.23416667,2025-03-19 09:00:00,3,78,15.2,15.2,45.599999999999994,91.2,13.4,0.5999999999999996,12.666666666666671,13.4,1.0,170,2025-03-19 15:00:00,2025-03-19 15:00:00,12.9,6.0,-0.5
NH17 Crossing Boko,Kamrup Metropolitan,25.9775,91.23416667,2025-03-19 10:00:00,3,78,15.2,15.2,45.599999999999994,91.2,15.238,1.8379999999999992,13.812666666666672,15.238,1.0,170,2025-03-19 16:00:00,2025-03-19 15:00:00,12.9,5.0,-2.337999999999999
NH17 Crossing Boko,Kamrup Metropolitan,25.9775,91.23416667,2025-03-19 11:00:00,3,78,15.2,15.2,45.599999999999994,91.2,15.238,0.0,14.625333333333336,15.238,1.0,170,2025-03-19 17:00:00,2025-03-19 17:00:00,12.4,6.0,-2.837999999999999
NH17 Crossing Boko,Kamrup Metropolitan,25.9775,91.23416667,2025-03-19 12:00:00,3,78,15.2,15.2,45.599999999999994,91.2,15.238,0.0,15.238,15.238,1.0,170,2025-03-19 18:00:00,2025-03-19 18:00:00,12.2,6.0,-3.0380000000000003
NH17 Crossing Boko,Kamrup Metropolitan,25.9775,91.23416667,2025-03-19 13:00:00,3,78,15.2,15.2,45.599999999999994,91.2,15.238,0.0,15.238,15.238,1.0,170,2025-03-19 19:00:00,2025-03-19 19:00:00,15.238,6.0,0.0
NH17 Crossing Boko,Kamrup Metropolitan,25.9775,91.23416667,2025-03-19 14:00:00,3,78,15.2,15.2,45.599999999999994,91.2,15.238,0.0,15.238,15.238,1.0,170,2025-03-19 20:00:00,2025-03-19 19:00:00,15.238,5.0,0.0
NH17 Crossing Boko,Kamrup Metropolitan,25.9775,91.23416667,2025-03-19 15:00:00,3,78,15.2,15.2,45.599999999999994,91.2,12.9,-2.337999999999999,14.458666666666671,15.238,1.0,170,2025-03-19 21:00:00,2025-03-19 21:00:00,12.0,6.0,-0.9000000000000004
NH17 Crossing Boko,Kamrup Metropolitan,25.9775,91.23416667,2025-03-19 17:00:00,3,78,15.2,15.2,45.599999999999994,91.2,12.4,-0.5,13.512666666666671,15.238,2.0,170,2025-03-19 23:00:00,2025-03-19 23:00:00,11.9,6.0,-0.5
NH17 Crossing Boko,Kamrup Metropolitan,25.9775,91.23416667,2025-03-19 18:00:00,3,78,15.2,15.2,45.599999999999994,91.2,12.2,-0.200000000000001,12.500000000000004,15.238,1.0,170,2025-03-20 00:00:00,2025-03-20 00:00:00,11.9,6.0,-0.29999999999999893
NH17 Crossing Boko,Kamrup Metropolitan,25.9775,91.23416667,2025-03-19 19:00:00,3,78,15.2,15.2,45.599999999999994,91.2,15.238,3.0380000000000003,13.27933333333334,15.238,1.0,170,2025-03-20 01:00:00,2025-03-20 00:00:00,11.9,5.0,-3.337999999999999
NH17 Crossing Boko,Kamrup Metropolitan,25.9775,91.23416667,2025-03-19 23:00:00,3,78,15.2,15.2,45.599999999999994,91.2,11.9,-0.0999999999999996,13.046000000000005,15.238,2.0,170,2025-03-20 05:00:00,2025-03-20 06:00:00,11.8,7.0,-0.09999999999999964
NH17 Crossing Boko,Kamrup Metropolitan,25.9775,91.23416667,2025-03-20 00:00:00,3,79,15.2,15.2,45.599999999999994,91.2,11.9,0.0,11.933333333333335,15.238,1.0,170,2025-03-20 06:00:00,2025-03-20 06:00:00,11.8,6.0,-0.09999999999999964
NH17 Crossing Boko,Kamrup Metropolitan,25.9775,91.23416667,2025-03-20 06:00:00,3,79,15.2,15.2,45.599999999999994,91.2,11.8,-0.0999999999999996,11.866666666666672,15.238,6.0,170,2025-03-20 12:00:00,2025-03-20 11:00:00,13.6,5.0,1.799999999999999
NH17 Crossing Boko,Kamrup Metropolitan,25.9775,91.23416667,2025-03-20 07:00:00,3,79,15.2,15.2,45.599999999999994,91.2,11.9,0.0999999999999996,11.866666666666672,15.238,1.0,170,2025-03-20 13:00:00,2025-03-20 13:00:00,13.6,6.0,1.6999999999999993
NH17 Crossing Boko,Kamrup Metropolitan,25.9775,91.23416667,2025-03-20 08:00:00,3,79,15.2,15.2,45.599999999999994,91.2,12.1,0.1999999999999993,11.93333333333334,12.1,1.0,170,2025-03-20 14:00:00,2025-03-20 13:00:00,13.6,5.0,1.5
NH17 Crossing Boko,Kamrup Metropolitan,25.9775,91.23416667,2025-03-20 09:00:00,3,79,15.2,15.2,45.599999999999994,91.2,12.8,0.7000000000000011,12.266666666666673,12.8,1.0,170,2025-03-20 15:00:00,2025-03-20 15:15:00,12.7,6.25,-0.10000000000000142
NH17 Crossing Boko,Kamrup Metropolitan,25.9775,91.23416667,2025-03-20 10:00:00,3,79,15.2,15.2,45.599999999999994,91.2,13.3,0.5,12.73333333333334,13.3,1.0,170,2025-03-20 16:00:00,2025-03-20 16:00:00,12.7,6.0,-0.6000000000000014
NH17 Crossing Boko,Kamrup Metropolitan,25.9775,91.23416667,2025-03-20 11:00:00,3,79,15.2,15.2,45.599999999999994,91.2,13.6,0.2999999999999989,13.23333333333334,13.6,1.0,170,2025-03-20 17:00:00,2025-03-20 17:00:00,12.6,6.0,-1.0
NH17 Crossing Boko,Kamrup Metropolitan,25.9775,91.23416667,2025-03-20 13:00:00,3,79,15.2,15.2,45.599999999999994,91.2,13.6,0.0,13.500000000000004,13.6,2.0,170,2025-03-20 19:00:00,2025-03-20 19:00:00,12.5,6.0,-1.0999999999999996
NH17 Crossing Boko,Kamrup Metropolitan,25.9775,91.23416667,2025-03-20 15:15:00,3,79,15.2,15.2,45.599999999999994,91.2,12.7,-0.9000000000000004,13.300000000000004,13.6,2.25,170,2025-03-20 21:15:00,2025-03-20 21:15:00,12.5,6.0,-0.1999999999999993
NH17 Crossing Boko,Kamrup Metropolitan,25.9775,91.23416667,2025-03-20 15:30:00,3,79,44.3,15.2,74.69999999999999,120.3,12.7,0.0,13.000000000000004,13.6,0.25,170,2025-03-20 21:30:00,2025-03-20 21:30:00,12.5,6.0,-0.1999999999999993
NH17 Crossing Boko,Kamrup Metropolitan,25.9775,91.23416667,2025-03-20 15:45:00,3,79,44.3,44.3,103.79999999999998,149.39999999999998,12.7,0.0,12.7,13.6,0.25,170,2025-03-20 21:45:00,2025-03-20 21:45:00,12.5,6.0,-0.1999999999999993
NH17 Crossing Boko,Kamrup Metropolitan,25.9775,91.23416667,2025-03-20 16:00:00,3,79,44.3,44.3,132.89999999999998,178.5,12.7,0.0,12.7,13.6,0.25,170,2025-03-20 22:00:00,2025-03-20 22:00:00,12.4,6.0,-0.29999999999999893
NH17 Crossing Boko,Kamrup Metropolitan,25.9775,91.23416667,2025-03-20 16:15:00,3,79,50.2,44.3,138.79999999999998,213.5,12.7,0.0,12.7,13.6,0.25,170,2025-03-20 22:15:00,2025-03-20 22:15:00,12.4,6.0,-0.29999999999999893
NH17 Crossing Boko,Kamrup Metropolitan,25.9775,91.23416667,2025-03-20 16:30:00,3,79,50.2,50.2,144.7,248.5,12.7,0.0,12.7,12.7,0.25,170,2025-03-20 22:30:00,2025-03-20 22:30:00,12.4,6.0,-0.29999999999999893
NH17 Crossing Boko,Kamrup Metropolitan,25.9775,91.23416667,2025-03-20 16:45:00,3,79,50.2,50.2,150.60000000000002,283.5,12.7,0.0,12.7,12.7,0.25,170,2025-03-20 22:45:00,2025-03-20 22:45:00,12.4,6.0,-0.29999999999999893
NH17 Crossing Boko,Kamrup Metropolitan,25.9775,91.23416667,2025-03-20 17:00:00,3,79,50.2,50.2,150.60000000000002,289.4,12.6,-0.0999999999999996,12.666666666666671,12.7,0.25,170,2025-03-20 23:00:00,2025-03-20 23:00:00,12.4,6.0,-0.1999999999999993
NH17 Crossing Boko,Kamrup Metropolitan,25.9775,91.23416667,2025-03-20 17:15:00,3,79,50.2,50.2,150.60000000000002,295.3,12.6,0.0,12.633333333333338,12.7,0.25,170,2025-03-20 23:15:00,2025-03-20 23:15:00,12.4,6.0,-0.1999999999999993
NH17 Crossing Boko,Kamrup Metropolitan,25.9775,91.23416667,2025-03-20 17:30:00,3,79,50.2,50.2,150.60000000000002,301.20000000000005,12.6,0.0,12.6,12.7,0.25,170,2025-03-20 23:30:00,2025-03-20 23:30:00,12.4,6.0,-0.1999999999999993
NH17 Crossing Boko,Kamrup Metropolitan,25.9775,91.23416667,2025-03-20 17:45:00,3,79,50.2,50.2,150.60000000000002,301.20000000000005,12.6,0.0,12.6,12.7,0.25,170,2025-03-20 23:45:00,2025-03-20 23:45:00,12.4,6.0,-0.1999999999999993
NH17 Crossing Boko,Kamrup Metropolitan,25.9775,91.23416667,2025-03-20 18:00:00,3,79,50.2,50.2,150.60000000000002,301.20000000000005,12.6,0.0,12.6,12.7,0.25,170,2025-03-21 00:00:00,2025-03-21 00:00:00,12.4,6.0,-0.1999999999999993
NH17 Crossing Boko,Kamrup Metropolitan,25.9775,91.23416667,2025-03-20 18:15:00,3,79,50.2,50.2,150.60000000000002,301.20000000000005,12.6,0.0,12.6,12.6,0.25,170,2025-03-21 00:15:00,2025-03-21 00:15:00,12.4,6.0,-0.1999999999999993
NH17 Crossing Boko,Kamrup Metropolitan,25.9775,91.23416667,2025-03-20 18:30:00,3,79,50.2,50.2,150.60000000000002,301.20000000000005,12.5,-0.0999999999999996,12.56666666666667,12.6,0.25,170,2025-03-21 00:30:00,2025-03-21 00:30:00,12.4,6.0,-0.09999999999999964
NH17 Crossing Boko,Kamrup Metropolitan,25.9775,91.23416667,2025-03-20 18:45:00,3,79,50.2,50.2,150.60000000000002,301.20000000000005,12.6,0.0999999999999996,12.566666666666672,12.6,0.25,170,2025-03-21 00:45:00,2025-03-21 00:45:00,12.4,6.0,-0.1999999999999993
NH17 Crossing Boko,Kamrup Metropolitan,25.9775,91.23416667,2025-03-20 19:00:00,3,79,50.2,50.2,150.60000000000002,301.20000000000005,12.5,-0.0999999999999996,12.533333333333337,12.6,0.25,170,2025-03-21 01:00:00,2025-03-21 01:00:00,12.4,6.0,-0.09999999999999964
NH17 Crossing Boko,Kamrup Metropolitan,25.9775,91.23416667,2025-03-20 19:15:00,3,79,50.2,50.2,150.60000000000002,301.20000000000005,12.5,0.0,12.533333333333337,12.6,0.25,170,2025-03-21 01:15:00,2025-03-21 01:15:00,12.4,6.0,-0.09999999999999964
NH17 Crossing Boko,Kamrup Metropolitan,25.9775,91.23416667,2025-03-20 19:30:00,3,79,50.2,50.2,150.60000000000002,301.20000000000005,12.5,0.0,12.5,12.6,0.25,170,2025-03-21 01:30:00,2025-03-21 01:30:00,12.4,6.0,-0.09999999999999964
NH17 Crossing Boko,Kamrup Metropolitan,25.9775,91.23416667,2025-03-20 19:45:00,3,79,50.2,50.2,150.60000000000002,301.20000000000005,12.5,0.0,12.5,12.6,0.25,170,2025-03-21 01:45:00,2025-03-21 01:45:00,12.4,6.0,-0.09999999999999964
NH17 Crossing Boko,Kamrup Metropolitan,25.9775,91.23416667,2025-03-20 20:00:00,3,79,50.2,50.2,150.60000000000002,301.20000000000005,12.5,0.0,12.5,12.6,0.25,170,2025-03-21 02:00:00,2025-03-21 02:00:00,12.4,6.0,-0.09999999999999964
NH17 Crossing Boko,Kamrup Metropolitan,25.9775,91.23416667,2025-03-20 20:15:00,3,79,50.2,50.2,150.60000000000002,301.20000000000005,12.5,0.0,12.5,12.5,0.25,170,2025-03-21 02:15:00,2025-03-21 02:15:00,12.4,6.0,-0.09999999999999964
NH17 Crossing Boko,Kamrup Metropolitan,25.9775,91.23416667,2025-03-20 20:30:00,3,79,50.2,50.2,150.60000000000002,301.20000000000005,12.5,0.0,12.5,12.5,0.25,170,2025-03-21 02:30:00,2025-03-21 02:30:00,12.4,6.0,-0.09999999999999964
NH17 Crossing Boko,Kamrup Metropolitan,25.9775,91.23416667,2025-03-20 20:45:00,3,79,50.2,50.2,150.60000000000002,301.20000000000005,12.5,0.0,12.5,12.5,0.25,170,2025-03-21 02:45:00,2025-03-21 02:30:00,12.4,5.75,-0.09999999999999964
NH17 Crossing Boko,Kamrup Metropolitan,25.9775,91.23416667,2025-03-20 21:00:00,3,79,50.2,50.2,150.60000000000002,301.20000000000005,12.5,0.0,12.5,12.5,0.25,170,2025-03-21 03:00:00,2025-03-21 03:00:00,12.4,6.0,-0.09999999999999964
NH17 Crossing Boko,Kamrup Metropolitan,25.9775,91.23416667,2025-03-20 21:15:00,3,79,50.2,50.2,150.60000000000002,301.20000000000005,12.5,0.0,12.5,12.5,0.25,170,2025-03-21 03:15:00,2025-03-21 03:15:00,12.4,6.0,-0.09999999999999964
NH17 Crossing Boko,Kamrup Metropolitan,25.9775,91.23416667,2025-03-20 21:30:00,3,79,50.2,50.2,150.60000000000002,301.20000000000005,12.5,0.0,12.5,12.5,0.25,170,2025-03-21 03:30:00,2025-03-21 03:30:00,12.4,6.0,-0.09999999999999964
NH17 Crossing Boko,Kamrup Metropolitan,25.9775,91.23416667,2025-03-20 21:45:00,3,79,50.2,50.2,150.60000000000002,301.20000000000005,12.5,0.0,12.5,12.5,0.25,170,2025-03-21 03:45:00,2025-03-21 03:45:00,12.4,6.0,-0.09999999999999964
NH17 Crossing Boko,Kamrup Metropolitan,25.9775,91.23416667,2025-03-20 22:00:00,3,79,50.2,50.2,150.60000000000002,301.20000000000005,12.4,-0.0999999999999996,12.46666666666667,12.5,0.25,170,2025-03-21 04:00:00,2025-03-21 04:00:00,12.4,6.0,0.0
NH17 Crossing Boko,Kamrup Metropolitan,25.9775,91.23416667,2025-03-20 22:15:00,3,79,50.2,50.2,150.60000000000002,301.20000000000005,12.4,0.0,12.433333333333335,12.5,0.25,170,2025-03-21 04:15:00,2025-03-21 04:15:00,12.4,6.0,0.0
NH17 Crossing Boko,Kamrup Metropolitan,25.9775,91.23416667,2025-03-20 22:30:00,3,79,50.2,50.2,150.60000000000002,301.20000000000005,12.4,0.0,12.4,12.5,0.25,170,2025-03-21 04:30:00,2025-03-21 04:30:00,12.4,6.0,0.0
NH17 Crossing Boko,Kamrup Metropolitan,25.9775,91.23416667,2025-03-20 22:45:00,3,79,50.2,50.2,150.60000000000002,301.20000000000005,12.4,0.0,12.4,12.5,0.25,170,2025-03-21 04:45:00,2025-03-21 04:45:00,12.4,6.0,0.0
NH17 Crossing Boko,Kamrup Metropolitan,25.9775,91.23416667,2025-03-20 23:00:00,3,79,50.2,50.2,150.60000000000002,301.20000000000005,12.4,0.0,12.4,12.5,0.25,170,2025-03-21 05:00:00,2025-03-21 05:00:00,12.4,6.0,0.0
NH17 Crossing Boko,Kamrup Metropolitan,25.9775,91.23416667,2025-03-20 23:15:00,3,79,50.2,50.2,150.60000000000002,301.20000000000005,12.4,0.0,12.4,12.4,0.25,170,2025-03-21 05:15:00,2025-03-21 05:15:00,12.4,6.0,0.0
NH17 Crossing Boko,Kamrup Metropolitan,25.9775,91.23416667,2025-03-20 23:30:00,3,79,50.2,50.2,150.60000000000002,301.20000000000005,12.4,0.0,12.4,12.4,0.25,170,2025-03-21 05:30:00,2025-03-21 05:30:00,12.4,6.0,0.0
NH17 Crossing Boko,Kamrup Metropolitan,25.9775,91.23416667,2025-03-20 23:45:00,3,79,50.2,50.2,150.60000000000002,301.20000000000005,12.4,0.0,12.4,12.4,0.25,170,2025-03-21 05:45:00,2025-03-21 05:45:00,12.4,6.0,0.0
NH17 Crossing Boko,Kamrup Metropolitan,25.9775,91.23416667,2025-03-21 00:00:00,3,80,50.2,50.2,150.60000000000002,301.20000000000005,12.4,0.0,12.4,12.4,0.25,170,2025-03-21 06:00:00,2025-03-21 06:00:00,12.4,6.0,0.0
NH17 Crossing Boko,Kamrup Metropolitan,25.9775,91.23416667,2025-03-21 00:15:00,3,80,50.2,50.2,150.60000000000002,301.20000000000005,12.4,0.0,12.4,12.4,0.25,170,2025-03-21 06:15:00,2025-03-21 06:15:00,12.4,6.0,0.0
NH17 Crossing Boko,Kamrup Metropolitan,25.9775,91.23416667,2025-03-21 00:30:00,3,80,50.2,50.2,150.60000000000002,301.20000000000005,12.4,0.0,12.4,12.4,0.25,170,2025-03-21 06:30:00,2025-03-21 06:30:00,12.4,6.0,0.0
NH17 Crossing Boko,Kamrup Metropolitan,25.9775,91.23416667,2025-03-21 00:45:00,3,80,50.2,50.2,150.60000000000002,301.20000000000005,12.4,0.0,12.4,12.4,0.25,170,2025-03-21 06:45:00,2025-03-21 06:45:00,12.4,6.0,0.0
NH17 Crossing Boko,Kamrup Metropolitan,25.9775,91.23416667,2025-03-21 01:00:00,3,80,50.2,50.2,150.60000000000002,301.20000000000005,12.4,0.0,12.4,12.4,0.25,170,2025-03-21 07:00:00,2025-03-21 07:00:00,12.4,6.0,0.0
NH17 Crossing Boko,Kamrup Metropolitan,25.9775,91.23416667,2025-03-21 01:15:00,3,80,50.2,50.2,150.60000000000002,301.20000000000005,12.4,0.0,12.4,12.4,0.25,170,2025-03-21 07:15:00,2025-03-21 07:15:00,12.4,6.0,0.0
NH17 Crossing Boko,Kamrup Metropolitan,25.9775,91.23416667,2025-03-21 01:30:00,3,80,50.2,50.2,150.60000000000002,301.20000000000005,12.4,0.0,12.4,12.4,0.25,170,2025-03-21 07:30:00,2025-03-21 07:30:00,12.4,6.0,0.0
NH17 Crossing Boko,Kamrup Metropolitan,25.9775,91.23416667,2025-03-21 01:45:00,3,80,50.2,50.2,150.60000000000002,301.20000000000005,12.4,0.0,12.4,12.4,0.25,170,2025-03-21 07:45:00,2025-03-21 07:45:00,12.4,6.0,0.0
NH17 Crossing Boko,Kamrup Metropolitan,25.9775,91.23416667,2025-03-21 02:00:00,3,80,50.2,50.2,150.60000000000002,301.20000000000005,12.4,0.0,12.4,12.4,0.25,170,2025-03-21 08:00:00,2025-03-21 08:00:00,12.4,6.0,0.0
NH17 Crossing Boko,Kamrup Metropolitan,25.9775,91.23416667,2025-03-21 02:15:00,3,80,50.2,50.2,150.60000000000002,301.20000000000005,12.4,0.0,12.4,12.4,0.25,170,2025-03-21 08:15:00,2025-03-21 08:15:00,12.4,6.0,0.0
NH17 Crossing Boko,Kamrup Metropolitan,25.9775,91.23416667,2025-03-21 02:30:00,3,80,50.2,50.2,150.60000000000002,301.20000000000005,12.4,0.0,12.4,12.4,0.25,170,2025-03-21 08:30:00,2025-03-21 08:30:00,12.4,6.0,0.0
NH17 Crossing Boko,Kamrup Metropolitan,25.9775,91.23416667,2025-03-21 03:00:00,3,80,50.2,50.2,150.60000000000002,301.20000000000005,12.4,0.0,12.4,12.4,0.5,170,2025-03-21 09:00:00,2025-03-21 09:00:00,12.4,6.0,0.0
NH17 Crossing Boko,Kamrup Metropolitan,25.9775,91.23416667,2025-03-21 03:15:00,3,80,50.2,50.2,150.60000000000002,301.20000000000005,12.4,0.0,12.4,12.4,0.25,170,2025-03-21 09:15:00,2025-03-21 09:15:00,12.4,6.0,0.0
NH17 Crossing Boko,Kamrup Metropolitan,25.9775,91.23416667,2025-03-21 03:30:00,3,80,50.2,50.2,150.60000000000002,301.20000000000005,12.4,0.0,12.4,12.4,0.25,170,2025-03-21 09:30:00,2025-03-21 09:30:00,12.4,6.0,0.0
NH17 Crossing Boko,Kamrup Metropolitan,25.9775,91.23416667,2025-03-21 03:45:00,3,80,50.2,50.2,150.60000000000002,301.20000000000005,12.4,0.0,12.4,12.4,0.25,170,2025-03-21 09:45:00,2025-03-21 09:45:00,12.4,6.0,0.0
NH17 Crossing Boko,Kamrup Metropolitan,25.9775,91.23416667,2025-03-21 04:00:00,3,80,50.2,50.2,150.60000000000002,301.20000000000005,12.4,0.0,12.4,12.4,0.25,170,2025-03-21 10:00:00,2025-03-21 10:00:00,12.4,6.0,0.0
NH17 Crossing Boko,Kamrup Metropolitan,25.9775,91.23416667,2025-03-21 04:15:00,3,80,50.2,50.2,150.60000000000002,301.20000000000005,12.4,0.0,12.4,12.4,0.25,170,2025-03-21 10:15:00,2025-03-21 10:15:00,12.4,6.0,0.0
NH17 Crossing Boko,Kamrup Metropolitan,25.9775,91.23416667,2025-03-21 04:30:00,3,80,50.2,50.2,150.60000000000002,301.20000000000005,12.4,0.0,12.4,12.4,0.25,170,2025-03-21 10:30:00,2025-03-21 10:30:00,12.4,6.0,0.0
NH17 Crossing Boko,Kamrup Metropolitan,25.9775,91.23416667,2025-03-21 04:45:00,3,80,50.2,50.2,150.60000000000002,301.20000000000005,12.4,0.0,12.4,12.4,0.25,170,2025-03-21 10:45:00,2025-03-21 10:45:00,12.5,6.0,0.09999999999999964
NH17 Crossing Boko,Kamrup Metropolitan,25.9775,91.23416667,2025-03-21 05:00:00,3,80,50.2,50.2,150.60000000000002,301.20000000000005,12.4,0.0,12.4,12.4,0.25,170,2025-03-21 11:00:00,2025-03-21 11:00:00,12.5,6.0,0.09999999999999964
NH17 Crossing Boko,Kamrup Metropolitan,25.9775,91.23416667,2025-03-21 05:15:00,3,80,50.2,50.2,150.60000000000002,301.20000000000005,12.4,0.0,12.4,12.4,0.25,170,2025-03-21 11:15:00,2025-03-21 11:15:00,12.5,6.0,0.09999999999999964
NH17 Crossing Boko,Kamrup Metropolitan,25.9775,91.23416667,2025-03-21 05:30:00,3,80,50.2,50.2,150.60000000000002,301.20000000000005,12.4,0.0,12.4,12.4,0.25,170,2025-03-21 11:30:00,2025-03-21 11:30:00,12.5,6.0,0.09999999999999964
NH17 Crossing Boko,Kamrup Metropolitan,25.9775,91.23416667,2025-03-21 05:45:00,3,80,50.2,50.2,150.60000000000002,301.20000000000005,12.4,0.0,12.4,12.4,0.25,170,2025-03-21 11:45:00,2025-03-21 11:45:00,12.5,6.0,0.09999999999999964
NH17 Crossing Boko,Kamrup Metropolitan,25.9775,91.23416667,2025-03-21 06:00:00,3,80,50.2,50.2,150.60000000000002,301.20000000000005,12.4,0.0,12.4,12.4,0.25,170,2025-03-21 12:00:00,2025-03-21 12:00:00,12.6,6.0,0.1999999999999993
NH17 Crossing Boko,Kamrup Metropolitan,25.9775,91.23416667,2025-03-21 06:15:00,3,80,50.2,50.2,150.60000000000002,301.20000000000005,12.4,0.0,12.4,12.4,0.25,170,2025-03-21 12:15:00,2025-03-21 12:00:00,12.6,5.75,0.1999999999999993
NH17 Crossing Boko,Kamrup Metropolitan,25.9775,91.23416667,2025-03-21 06:30:00,3,80,50.2,50.2,150.60000000000002,301.20000000000005,12.4,0.0,12.4,12.4,0.25,170,2025-03-21 12:30:00,2025-03-21 12:45:00,12.6,6.25,0.1999999999999993
NH17 Crossing Boko,Kamrup Metropolitan,25.9775,91.23416667,2025-03-21 06:45:00,3,80,50.2,50.2,150.60000000000002,301.20000000000005,12.4,0.0,12.4,12.4,0.25,170,2025-03-21 12:45:00,2025-03-21 12:45:00,12.6,6.0,0.1999999999999993
NH17 Crossing Boko,Kamrup Metropolitan,25.9775,91.23416667,2025-03-21 07:00:00,3,80,50.2,50.2,150.60000000000002,301.20000000000005,12.4,0.0,12.4,12.4,0.25,170,2025-03-21 13:00:00,2025-03-21 13:00:00,12.6,6.0,0.1999999999999993
NH17 Crossing Boko,Kamrup Metropolitan,25.9775,91.23416667,2025-03-21 07:15:00,3,80,50.2,50.2,150.60000000000002,301.20000000000005,12.4,0.0,12.4,12.4,0.25,170,2025-03-21 13:15:00,2025-03-21 13:15:00,12.5,6.0,0.09999999999999964
NH17 Crossing Boko,Kamrup Metropolitan,25.9775,91.23416667,2025-03-21 07:30:00,3,80,50.2,50.2,150.60000000000002,301.20000000000005,12.4,0.0,12.4,12.4,0.25,170,2025-03-21 13:30:00,2025-03-21 13:30:00,12.5,6.0,0.09999999999999964
NH17 Crossing Boko,Kamrup Metropolitan,25.9775,91.23416667,2025-03-21 07:45:00,3,80,50.2,50.2,150.60000000000002,301.20000000000005,12.4,0.0,12.4,12.4,0.25,170,2025-03-21 13:45:00,2025-03-21 13:45:00,12.5,6.0,0.09999999999999964
NH17 Crossing Boko,Kamrup Metropolitan,25.9775,91.23416667,2025-03-21 08:00:00,3,80,50.2,50.2,150.60000000000002,301.20000000000005,12.4,0.0,12.4,12.4,0.25,170,2025-03-21 14:00:00,2025-03-21 14:00:00,12.5,6.0,0.09999999999999964
NH17 Crossing Boko,Kamrup Metropolitan,25.9775,91.23416667,2025-03-21 08:15:00,3,80,50.2,50.2,150.60000000000002,301.20000000000005,12.4,0.0,12.4,12.4,0.25,170,2025-03-21 14:15:00,2025-03-21 14:15:00,12.5,6.0,0.09999999999999964
NH17 Crossing Boko,Kamrup Metropolitan,25.9775,91.23416667,2025-03-21 08:30:00,3,80,50.2,50.2,150.60000000000002,301.20000000000005,12.4,0.0,12.4,12.4,0.25,170,2025-03-21 14:30:00,2025-03-21 14:30:00,12.5,6.0,0.09999999999999964
NH17 Crossing Boko,Kamrup Metropolitan,25.9775,91.23416667,2025-03-21 08:45:00,3,80,50.2,50.2,150.60000000000002,301.20000000000005,12.4,0.0,12.4,12.4,0.25,170,2025-03-21 14:45:00,2025-03-21 14:45:00,12.5,6.0,0.09999999999999964
NH17 Crossing Boko,Kamrup Metropolitan,25.9775,91.23416667,2025-03-21 09:00:00,3,80,50.2,50.2,150.60000000000002,301.20000000000005,12.4,0.0,12.4,12.4,0.25,170,2025-03-21 15:00:00,2025-03-21 15:00:00,12.5,6.0,0.09999999999999964
NH17 Crossing Boko,Kamrup Metropolitan,25.9775,91.23416667,2025-03-21 09:15:00,3,80,50.2,50.2,150.60000000000002,301.20000000000005,12.4,0.0,12.4,12.4,0.25,170,2025-03-21 15:15:00,2025-03-21 15:15:00,12.5,6.0,0.09999999999999964
NH17 Crossing Boko,Kamrup Metropolitan,25.9775,91.23416667,2025-03-21 09:30:00,3,80,50.2,50.2,150.60000000000002,301.20000000000005,12.4,0.0,12.4,12.4,0.25,170,2025-03-21 15:30:00,2025-03-21 15:30:00,12.5,6.0,0.09999999999999964
NH17 Crossing Boko,Kamrup Metropolitan,25.9775,91.23416667,2025-03-21 09:45:00,3,80,50.2,50.2,150.60000000000002,301.20000000000005,12.4,0.0,12.4,12.4,0.25,170,2025-03-21 15:45:00,2025-03-21 15:45:00,12.5,6.0,0.09999999999999964
NH17 Crossing Boko,Kamrup Metropolitan,25.9775,91.23416667,2025-03-21 10:00:00,3,80,50.2,50.2,150.60000000000002,301.20000000000005,12.4,0.0,12.4,12.4,0.25,170,2025-03-21 16:00:00,2025-03-21 16:00:00,12.5,6.0,0.09999999999999964
NH17 Crossing Boko,Kamrup Metropolitan,25.9775,91.23416667,2025-03-21 10:15:00,3,80,50.2,50.2,150.60000000000002,301.20000000000005,12.4,0.0,12.4,12.4,0.25,170,2025-03-21 16:15:00,2025-03-21 16:15:00,12.4,6.0,0.0
NH17 Crossing Boko,Kamrup Metropolitan,25.9775,91.23416667,2025-03-21 10:30:00,3,80,50.2,50.2,150.60000000000002,301.20000000000005,12.4,0.0,12.4,12.4,0.25,170,2025-03-21 16:30:00,2025-03-21 16:30:00,12.4,6.0,0.0
NH17 Crossing Boko,Kamrup Metropolitan,25.9775,91.23416667,2025-03-21 10:45:00,3,80,50.2,50.2,150.60000000000002,301.20000000000005,12.5,0.0999999999999996,12.433333333333335,12.5,0.25,170,2025-03-21 16:45:00,2025-03-21 16:45:00,12.4,6.0,-0.09999999999999964
NH17 Crossing Boko,Kamrup Metropolitan,25.9775,91.23416667,2025-03-21 11:00:00,3,80,50.2,50.2,150.60000000000002,301.20000000000005,12.5,0.0,12.466666666666674,12.5,0.25,170,2025-03-21 17:00:00,2025-03-21 17:00:00,12.4,6.0,-0.09999999999999964
NH17 Crossing Boko,Kamrup Metropolitan,25.9775,91.23416667,2025-03-21 11:15:00,3,80,50.2,50.2,150.60000000000002,301.20000000000005,12.5,0.0,12.5,12.5,0.25,170,2025-03-21 17:15:00,2025-03-21 17:15:00,12.5,6.0,0.0
NH17 Crossing Boko,Kamrup Metropolitan,25.9775,91.23416667,2025-03-21 11:30:00,3,80,50.2,50.2,150.60000000000002,301.20000000000005,12.5,0.0,12.5,12.5,0.25,170,2025-03-21 17:30:00,2025-03-21 17:30:00,12.4,6.0,-0.09999999999999964
NH17 Crossing Boko,Kamrup Metropolitan,25.9775,91.23416667,2025-03-21 11:45:00,3,80,50.2,50.2,150.60000000000002,301.20000000000005,12.5,0.0,12.5,12.5,0.25,170,2025-03-21 17:45:00,2025-03-21 17:45:00,12.4,6.0,-0.09999999999999964
NH17 Crossing Boko,Kamrup Metropolitan,25.9775,91.23416667,2025-03-21 12:00:00,3,80,50.2,50.2,150.60000000000002,301.20000000000005,12.6,0.0999999999999996,12.53333333333334,12.6,0.25,170,2025-03-21 18:00:00,2025-03-21 18:00:00,12.4,6.0,-0.1999999999999993
NH17 Crossing Boko,Kamrup Metropolitan,25.9775,91.23416667,2025-03-21 12:45:00,3,80,50.2,50.2,150.60000000000002,301.20000000000005,12.6,0.0,12.566666666666672,12.6,0.75,170,2025-03-21 18:45:00,2025-03-21 18:45:00,12.4,6.0,-0.1999999999999993
NH17 Crossing Boko,Kamrup Metropolitan,25.9775,91.23416667,2025-03-21 13:00:00,3,80,50.2,50.2,150.60000000000002,301.20000000000005,12.6,0.0,12.6,12.6,0.25,170,2025-03-21 19:00:00,2025-03-21 19:00:00,12.4,6.0,-0.1999999999999993
NH17 Crossing Boko,Kamrup Metropolitan,25.9775,91.23416667,2025-03-21 13:15:00,3,80,50.2,50.2,150.60000000000002,301.20000000000005,12.5,-0.0999999999999996,12.56666666666667,12.6,0.25,170,2025-03-21 19:15:00,2025-03-21 19:15:00,12.4,6.0,-0.09999999999999964
NH17 Crossing Boko,Kamrup Metropolitan,25.9775,91.23416667,2025-03-21 13:30:00,3,80,50.2,50.2,150.60000000000002,301.20000000000005,12.5,0.0,12.53333333333334,12.6,0.25,170,2025-03-21 19:30:00,2025-03-21 19:30:00,12.4,6.0,-0.09999999999999964
NH17 Crossing Boko,Kamrup Metropolitan,25.9775,91.23416667,2025-03-21 13:45:00,3,80,50.2,50.2,150.60000000000002,301.20000000000005,12.5,0.0,12.5,12.6,0.25,170,2025-03-21 19:45:00,2025-03-21 19:45:00,12.4,6.0,-0.09999999999999964
NH17 Crossing Boko,Kamrup Metropolitan,25.9775,91.23416667,2025-03-21 14:00:00,3,80,50.2,50.2,150.60000000000002,301.20000000000005,12.5,0.0,12.5,12.6,0.25,170,2025-03-21 20:00:00,2025-03-21 20:00:00,12.4,6.0,-0.09999999999999964
NH17 Crossing Boko,Kamrup Metropolitan,25.9775,91.23416667,2025-03-21 14:15:00,3,80,50.2,50.2,150.60000000000002,301.20000000000005,12.5,0.0,12.5,12.6,0.25,170,2025-03-21 20:15:00,2025-03-21 20:15:00,12.4,6.0,-0.09999999999999964
NH17 Crossing Boko,Kamrup Metropolitan,25.9775,91.23416667,2025-03-21 14:30:00,3,80,50.2,50.2,150.60000000000002,301.20000000000005,12.5,0.0,12.5,12.5,0.25,170,2025-03-21 20:30:00,2025-03-21 20:30:00,12.4,6.0,-0.09999999999999964
NH17 Crossing Boko,Kamrup Metropolitan,25.9775,91.23416667,2025-03-21 14:45:00,3,80,50.2,50.2,150.60000000000002,301.20000000000005,12.5,0.0,12.5,12.5,0.25,170,2025-03-21 20:45:00,2025-03-21 20:45:00,12.4,6.0,-0.09999999999999964
NH17 Crossing Boko,Kamrup Metropolitan,25.9775,91.23416667,2025-03-21 15:00:00,3,80,50.2,50.2,150.60000000000002,301.20000000000005,12.5,0.0,12.5,12.5,0.25,170,2025-03-21 21:00:00,2025-03-21 21:00:00,12.4,6.0,-0.09999999999999964
NH17 Crossing Boko,Kamrup Metropolitan,25.9775,91.23416667,2025-03-21 15:15:00,3,80,50.2,50.2,150.60000000000002,301.20000000000005,12.5,0.0,12.5,12.5,0.25,170,2025-03-21 21:15:00,2025-03-21 21:15:00,12.4,6.0,-0.09999999999999964
NH17 Crossing Boko,Kamrup Metropolitan,25.9775,91.23416667,2025-03-21 15:30:00,3,80,50.2,50.2,150.60000000000002,301.20000000000005,12.5,0.0,12.5,12.5,0.25,170,2025-03-21 21:30:00,2025-03-21 21:30:00,12.4,6.0,-0.09999999999999964
NH17 Crossing Boko,Kamrup Metropolitan,25.9775,91.23416667,2025-03-21 15:45:00,3,80,50.2,50.2,150.60000000000002,301.20000000000005,12.5,0.0,12.5,12.5,0.25,170,2025-03-21 21:45:00,2025-03-21 21:45:00,12.4,6.0,-0.09999999999999964
NH17 Crossing Boko,Kamrup Metropolitan,25.9775,91.23416667,2025-03-21 16:00:00,3,80,50.2,50.2,150.60000000000002,301.20000000000005,12.5,0.0,12.5,12.5,0.25,170,2025-03-21 22:00:00,2025-03-21 22:00:00,12.4,6.0,-0.09999999999999964
NH17 Crossing Boko,Kamrup Metropolitan,25.9775,91.23416667,2025-03-21 16:15:00,3,80,50.2,50.2,150.60000000000002,301.20000000000005,12.4,-0.0999999999999996,12.46666666666667,12.5,0.25,170,2025-03-21 22:15:00,2025-03-21 22:15:00,12.4,6.0,0.0
NH17 Crossing Boko,Kamrup Metropolitan,25.9775,91.23416667,2025-03-21 16:30:00,3,80,50.2,50.2,150.60000000000002,301.20000000000005,12.4,0.0,12.433333333333335,12.5,0.25,170,2025-03-21 22:30:00,2025-03-21 22:30:00,12.4,6.0,0.0
NH17 Crossing Boko,Kamrup Metropolitan,25.9775,91.23416667,2025-03-21 16:45:00,3,80,50.2,50.2,150.60000000000002,301.20000000000005,12.4,0.0,12.4,12.5,0.25,170,2025-03-21 22:45:00,2025-03-21 22:30:00,12.4,5.75,0.0
NH17 Crossing Boko,Kamrup Metropolitan,25.9775,91.23416667,2025-03-21 17:00:00,3,80,50.2,50.2,150.60000000000002,301.20000000000005,12.4,0.0,12.4,12.5,0.25,170,2025-03-21 23:00:00,2025-03-21 23:00:00,12.4,6.0,0.0
NH17 Crossing Boko,Kamrup Metropolitan,25.9775,91.23416667,2025-03-21 17:15:00,3,80,50.2,50.2,150.60000000000002,301.20000000000005,12.5,0.0999999999999996,12.43333333333334,12.5,0.25,170,2025-03-21 23:15:00,2025-03-21 23:15:00,12.4,6.0,-0.09999999999999964
NH17 Crossing Boko,Kamrup Metropolitan,25.9775,91.23416667,2025-03-21 17:30:00,3,80,50.2,50.2,150.60000000000002,301.20000000000005,12.4,-0.0999999999999996,12.433333333333335,12.5,0.25,170,2025-03-21 23:30:00,2025-03-21 23:30:00,12.4,6.0,0.0
NH17 Crossing Boko,Kamrup Metropolitan,25.9775,91.23416667,2025-03-21 17:45:00,3,80,50.2,50.2,150.60000000000002,301.20000000000005,12.4,0.0,12.43333333333334,12.5,0.25,170,2025-03-21 23:45:00,2025-03-21 23:45:00,12.4,6.0,0.0
NH17 Crossing Boko,Kamrup Metropolitan,25.9775,91.23416667,2025-03-21 18:00:00,3,80,50.2,50.2,150.60000000000002,301.20000000000005,12.4,0.0,12.4,12.5,0.25,170,2025-03-22 00:00:00,2025-03-22 00:00:00,12.4,6.0,0.0
NH17 Crossing Boko,Kamrup Metropolitan,25.9775,91.23416667,2025-03-21 18:15:00,3,80,50.2,50.2,150.60000000000002,301.20000000000005,12.4,0.0,12.4,12.5,0.25,170,2025-03-22 00:15:00,2025-03-22 00:15:00,12.4,6.0,0.0
NH17 Crossing Boko,Kamrup Metropolitan,25.9775,91.23416667,2025-03-21 18:30:00,3,80,50.2,50.2,150.60000000000002,301.20000000000005,12.4,0.0,12.4,12.5,0.25,170,2025-03-22 00:30:00,2025-03-22 00:30:00,12.4,6.0,0.0
NH17 Crossing Boko,Kamrup Metropolitan,25.9775,91.23416667,2025-03-21 18:45:00,3,80,50.2,50.2,150.60000000000002,301.20000000000005,12.4,0.0,12.4,12.4,0.25,170,2025-03-22 00:45:00,2025-03-22 00:45:00,12.4,6.0,0.0
NH17 Crossing Boko,Kamrup Metropolitan,25.9775,91.23416667,2025-03-21 19:00:00,3,80,50.2,50.2,150.60000000000002,301.20000000000005,12.4,0.0,12.4,12.4,0.25,170,2025-03-22 01:00:00,2025-03-22 01:00:00,12.3,6.0,-0.09999999999999964
NH17 Crossing Boko,Kamrup Metropolitan,25.9775,91.23416667,2025-03-21 19:15:00,3,80,50.2,50.2,150.60000000000002,301.20000000000005,12.4,0.0,12.4,12.4,0.25,170,2025-03-22 01:15:00,2025-03-22 01:15:00,12.4,6.0,0.0
NH17 Crossing Boko,Kamrup Metropolitan,25.9775,91.23416667,2025-03-21 19:30:00,3,80,50.2,50.2,150.60000000000002,301.20000000000005,12.4,0.0,12.4,12.4,0.25,170,2025-03-22 01:30:00,2025-03-22 01:30:00,12.3,6.0,-0.09999999999999964
NH17 Crossing Boko,Kamrup Metropolitan,25.9775,91.23416667,2025-03-21 19:45:00,3,80,50.2,50.2,150.60000000000002,301.20000000000005,12.4,0.0,12.4,12.4,0.25,170,2025-03-22 01:45:00,2025-03-22 01:45:00,12.4,6.0,0.0
NH17 Crossing Boko,Kamrup Metropolitan,25.9775,91.23416667,2025-03-21 20:00:00,3,80,50.2,50.2,150.60000000000002,301.20000000000005,12.4,0.0,12.4,12.4,0.25,170,2025-03-22 02:00:00,2025-03-22 02:00:00,12.3,6.0,-0.09999999999999964
NH17 Crossing Boko,Kamrup Metropolitan,25.9775,91.23416667,2025-03-21 20:15:00,3,80,50.2,50.2,150.60000000000002,301.20000000000005,12.4,0.0,12.4,12.4,0.25,170,2025-03-22 02:15:00,2025-03-22 02:15:00,12.4,6.0,0.0
NH17 Crossing Boko,Kamrup Metropolitan,25.9775,91.23416667,2025-03-21 20:30:00,3,80,50.2,50.2,150.60000000000002,301.20000000000005,12.4,0.0,12.4,12.4,0.25,170,2025-03-22 02:30:00,2025-03-22 02:30:00,12.3,6.0,-0.09999999999999964
NH17 Crossing Boko,Kamrup Metropolitan,25.9775,91.23416667,2025-03-21 20:45:00,3,80,50.2,50.2,150.60000000000002,301.20000000000005,12.4,0.0,12.4,12.4,0.25,170,2025-03-22 02:45:00,2025-03-22 02:45:00,12.4,6.0,0.0
NH17 Crossing Boko,Kamrup Metropolitan,25.9775,91.23416667,2025-03-21 21:00:00,3,80,50.2,50.2,150.60000000000002,301.20000000000005,12.4,0.0,12.4,12.4,0.25,170,2025-03-22 03:00:00,2025-03-22 03:00:00,12.3,6.0,-0.09999999999999964
NH17 Crossing Boko,Kamrup Metropolitan,25.9775,91.23416667,2025-03-21 21:15:00,3,80,50.2,50.2,150.60000000000002,301.20000000000005,12.4,0.0,12.4,12.4,0.25,170,2025-03-22 03:15:00,2025-03-22 03:15:00,12.3,6.0,-0.09999999999999964
NH17 Crossing Boko,Kamrup Metropolitan,25.9775,91.23416667,2025-03-21 21:30:00,3,80,50.2,50.2,150.60000000000002,301.20000000000005,12.4,0.0,12.4,12.4,0.25,170,2025-03-22 03:30:00,2025-03-22 03:30:00,12.3,6.0,-0.09999999999999964
NH17 Crossing Boko,Kamrup Metropolitan,25.9775,91.23416667,2025-03-21 21:45:00,3,80,50.2,50.2,150.60000000000002,301.20000000000005,12.4,0.0,12.4,12.4,0.25,170,2025-03-22 03:45:00,2025-03-22 03:45:00,12.3,6.0,-0.09999999999999964
NH17 Crossing Boko,Kamrup Metropolitan,25.9775,91.23416667,2025-03-21 22:00:00,3,80,50.2,50.2,150.60000000000002,301.20000000000005,12.4,0.0,12.4,12.4,0.25,170,2025-03-22 04:00:00,2025-03-22 04:00:00,12.3,6.0,-0.09999999999999964
NH17 Crossing Boko,Kamrup Metropolitan,25.9775,91.23416667,2025-03-21 22:15:00,3,80,50.2,50.2,150.60000000000002,301.20000000000005,12.4,0.0,12.4,12.4,0.25,170,2025-03-22 04:15:00,2025-03-22 04:15:00,12.3,6.0,-0.09999999999999964
NH17 Crossing Boko,Kamrup Metropolitan,25.9775,91.23416667,2025-03-21 22:30:00,3,80,50.2,50.2,150.60000000000002,301.20000000000005,12.4,0.0,12.4,12.4,0.25,170,2025-03-22 04:30:00,2025-03-22 04:30:00,12.3,6.0,-0.09999999999999964
NH17 Crossing Boko,Kamrup Metropolitan,25.9775,91.23416667,2025-03-21 23:00:00,3,80,50.2,50.2,150.60000000000002,301.20000000000005,12.4,0.0,12.4,12.4,0.5,170,2025-03-22 05:00:00,2025-03-22 05:00:00,12.3,6.0,-0.09999999999999964
NH17 Crossing Boko,Kamrup Metropolitan,25.9775,91.23416667,2025-03-21 23:15:00,3,80,50.2,50.2,150.60000000000002,301.20000000000005,12.4,0.0,12.4,12.4,0.25,170,2025-03-22 05:15:00,2025-03-22 05:15:00,12.2,6.0,-0.20000000000000107
NH17 Crossing Boko,Kamrup Metropolitan,25.9775,91.23416667,2025-03-21 23:30:00,3,80,50.2,50.2,150.60000000000002,301.20000000000005,12.4,0.0,12.4,12.4,0.25,170,2025-03-22 05:30:00,2025-03-22 05:30:00,12.3,6.0,-0.09999999999999964
NH17 Crossing Boko,Kamrup Metropolitan,25.9775,91.23416667,2025-03-21 23:45:00,3,80,50.2,50.2,150.60000000000002,301.20000000000005,12.4,0.0,12.4,12.4,0.25,170,2025-03-22 05:45:00,2025-03-22 05:45:00,12.3,6.0,-0.09999999999999964
NH17 Crossing Boko,Kamrup Metropolitan,25.9775,91.23416667,2025-03-22 00:00:00,3,81,50.2,50.2,150.60000000000002,301.20000000000005,12.4,0.0,12.4,12.4,0.25,170,2025-03-22 06:00:00,2025-03-22 06:00:00,12.2,6.0,-0.20000000000000107
NH17 Crossing Boko,Kamrup Metropolitan,25.9775,91.23416667,2025-03-22 00:15:00,3,81,50.2,50.2,150.60000000000002,301.20000000000005,12.4,0.0,12.4,12.4,0.25,170,2025-03-22 06:15:00,2025-03-22 06:15:00,12.2,6.0,-0.20000000000000107
NH17 Crossing Boko,Kamrup Metropolitan,25.9775,91.23416667,2025-03-22 00:30:00,3,81,50.2,50.2,150.60000000000002,301.20000000000005,12.4,0.0,12.4,12.4,0.25,170,2025-03-22 06:30:00,2025-03-22 06:30:00,12.2,6.0,-0.20000000000000107
NH17 Crossing Boko,Kamrup Metropolitan,25.9775,91.23416667,2025-03-22 00:45:00,3,81,50.2,50.2,150.60000000000002,301.20000000000005,12.4,0.0,12.4,12.4,0.25,170,2025-03-22 06:45:00,2025-03-22 06:45:00,12.2,6.0,-0.20000000000000107
NH17 Crossing Boko,Kamrup Metropolitan,25.9775,91.23416667,2025-03-22 01:00:00,3,81,50.2,50.2,150.60000000000002,301.20000000000005,12.3,-0.0999999999999996,12.366666666666672,12.4,0.25,170,2025-03-22 07:00:00,2025-03-22 07:00:00,12.3,6.0,0.0
NH17 Crossing Boko,Kamrup Metropolitan,25.9775,91.23416667,2025-03-22 01:15:00,3,81,50.2,50.2,150.60000000000002,301.20000000000005,12.4,0.0999999999999996,12.366666666666672,12.4,0.25,170,2025-03-22 07:15:00,2025-03-22 07:15:00,12.3,6.0,-0.09999999999999964
NH17 Crossing Boko,Kamrup Metropolitan,25.9775,91.23416667,2025-03-22 01:30:00,3,81,50.2,50.2,150.60000000000002,301.20000000000005,12.3,-0.0999999999999996,12.333333333333336,12.4,0.25,170,2025-03-22 07:30:00,2025-03-22 07:30:00,12.4,6.0,0.09999999999999964
NH17 Crossing Boko,Kamrup Metropolitan,25.9775,91.23416667,2025-03-22 01:45:00,3,81,50.2,50.2,150.60000000000002,301.20000000000005,12.4,0.0999999999999996,12.366666666666672,12.4,0.25,170,2025-03-22 07:45:00,2025-03-22 07:45:00,12.3,6.0,-0.09999999999999964
NH17 Crossing Boko,Kamrup Metropolitan,25.9775,91.23416667,2025-03-22 02:00:00,3,81,50.2,50.2,150.60000000000002,301.20000000000005,12.3,-0.0999999999999996,12.333333333333336,12.4,0.25,170,2025-03-22 08:00:00,2025-03-22 08:00:00,12.3,6.0,0.0
NH17 Crossing Boko,Kamrup Metropolitan,25.9775,91.23416667,2025-03-22 02:15:00,3,81,50.2,50.2,150.60000000000002,301.20000000000005,12.4,0.0999999999999996,12.366666666666672,12.4,0.25,170,2025-03-22 08:15:00,2025-03-22 08:15:00,12.4,6.0,0.0
NH17 Crossing Boko,Kamrup Metropolitan,25.9775,91.23416667,2025-03-22 02:30:00,3,81,50.2,50.2,150.60000000000002,301.20000000000005,12.3,-0.0999999999999996,12.333333333333336,12.4,0.25,170,2025-03-22 08:30:00,2025-03-22 08:30:00,12.4,6.0,0.09999999999999964
NH17 Crossing Boko,Kamrup Metropolitan,25.9775,91.23416667,2025-03-22 02:45:00,3,81,50.2,50.2,150.60000000000002,301.20000000000005,12.4,0.0999999999999996,12.366666666666672,12.4,0.25,170,2025-03-22 08:45:00,2025-03-22 08:45:00,12.4,6.0,0.0
NH17 Crossing Boko,Kamrup Metropolitan,25.9775,91.23416667,2025-03-22 03:00:00,3,81,50.2,50.2,150.60000000000002,301.20000000000005,12.3,-0.0999999999999996,12.333333333333336,12.4,0.25,170,2025-03-22 09:00:00,2025-03-22 09:00:00,12.4,6.0,0.09999999999999964
NH17 Crossing Boko,Kamrup Metropolitan,25.9775,91.23416667,2025-03-22 03:15:00,3,81,50.2,50.2,150.60000000000002,301.20000000000005,12.3,0.0,12.333333333333336,12.4,0.25,170,2025-03-22 09:15:00,2025-03-22 09:15:00,12.4,6.0,0.09999999999999964
NH17 Crossing Boko,Kamrup Metropolitan,25.9775,91.23416667,2025-03-22 03:30:00,3,81,50.2,50.2,150.60000000000002,301.20000000000005,12.3,0.0,12.3,12.4,0.25,170,2025-03-22 09:30:00,2025-03-22 09:30:00,12.4,6.0,0.09999999999999964
NH17 Crossing Boko,Kamrup Metropolitan,25.9775,91.23416667,2025-03-22 03:45:00,3,81,50.2,50.2,150.60000000000002,301.20000000000005,12.3,0.0,12.3,12.4,0.25,170,2025-03-22 09:45:00,2025-03-22 09:45:00,12.4,6.0,0.09999999999999964
NH17 Crossing Boko,Kamrup Metropolitan,25.9775,91.23416667,2025-03-22 04:00:00,3,81,50.2,50.2,150.60000000000002,301.20000000000005,12.3,0.0,12.3,12.4,0.25,170,2025-03-22 10:00:00,2025-03-22 10:00:00,12.4,6.0,0.09999999999999964
NH17 Crossing Boko,Kamrup Metropolitan,25.9775,91.23416667,2025-03-22 04:15:00,3,81,50.2,50.2,150.60000000000002,301.20000000000005,12.3,0.0,12.3,12.3,0.25,170,2025-03-22 10:15:00,2025-03-22 10:15:00,12.4,6.0,0.09999999999999964
NH17 Crossing Boko,Kamrup Metropolitan,25.9775,91.23416667,2025-03-22 04:30:00,3,81,50.2,50.2,150.60000000000002,301.20000000000005,12.3,0.0,12.3,12.3,0.25,170,2025-03-22 10:30:00,2025-03-22 10:30:00,12.4,6.0,0.09999999999999964
NH17 Crossing Boko,Kamrup Metropolitan,25.9775,91.23416667,2025-03-22 04:45:00,3,81,50.2,50.2,150.60000000000002,301.20000000000005,12.3,0.0,12.3,12.3,0.25,170,2025-03-22 10:45:00,2025-03-22 10:30:00,12.4,5.75,0.09999999999999964
NH17 Crossing Boko,Kamrup Metropolitan,25.9775,91.23416667,2025-03-22 05:00:00,3,81,50.2,50.2,150.60000000000002,301.20000000000005,12.3,0.0,12.3,12.3,0.25,170,2025-03-22 11:00:00,2025-03-22 11:00:00,12.4,6.0,0.09999999999999964
NH17 Crossing Boko,Kamrup Metropolitan,25.9775,91.23416667,2025-03-22 05:15:00,3,81,50.2,50.2,150.60000000000002,301.20000000000005,12.2,-0.1000000000000014,12.266666666666673,12.3,0.25,170,2025-03-22 11:15:00,2025-03-22 11:15:00,12.4,6.0,0.20000000000000107
NH17 Crossing Boko,Kamrup Metropolitan,25.9775,91.23416667,2025-03-22 05:30:00,3,81,50.2,50.2,150.60000000000002,301.20000000000005,12.3,0.1000000000000014,12.266666666666673,12.3,0.25,170,2025-03-22 11:30:00,2025-03-22 11:30:00,12.4,6.0,0.09999999999999964
NH17 Crossing Boko,Kamrup Metropolitan,25.9775,91.23416667,2025-03-22 05:45:00,3,81,50.2,50.2,150.60000000000002,301.20000000000005,12.3,0.0,12.266666666666673,12.3,0.25,170,2025-03-22 11:45:00,2025-03-22 11:45:00,12.4,6.0,0.09999999999999964
NH17 Crossing Boko,Kamrup Metropolitan,25.9775,91.23416667,2025-03-22 06:00:00,3,81,50.2,50.2,150.60000000000002,301.20000000000005,12.2,-0.1000000000000014,12.266666666666673,12.3,0.25,170,2025-03-22 12:00:00,2025-03-22 11:45:00,12.4,5.75,0.20000000000000107
NH17 Crossing Boko,Kamrup Metropolitan,25.9775,91.23416667,2025-03-22 06:15:00,3,81,50.2,50.2,150.60000000000002,301.20000000000005,12.2,0.0,12.23333333333334,12.3,0.25,170,2025-03-22 12:15:00,2025-03-22 12:15:00,12.4,6.0,0.20000000000000107
NH17 Crossing Boko,Kamrup Metropolitan,25.9775,91.23416667,2025-03-22 06:30:00,3,81,50.2,50.2,150.60000000000002,301.20000000000005,12.2,0.0,12.2,12.3,0.25,170,2025-03-22 12:30:00,2025-03-22 12:30:00,12.4,6.0,0.20000000000000107
NH17 Crossing Boko,Kamrup Metropolitan,25.9775,91.23416667,2025-03-22 06:45:00,3,81,50.2,50.2,150.60000000000002,301.20000000000005,12.2,0.0,12.2,12.3,0.25,170,2025-03-22 12:45:00,2025-03-22 12:45:00,12.4,6.0,0.20000000000000107
NH17 Crossing Boko,Kamrup Metropolitan,25.9775,91.23416667,2025-03-22 07:00:00,3,81,50.2,50.2,150.60000000000002,301.20000000000005,12.3,0.1000000000000014,12.23333333333334,12.3,0.25,170,2025-03-22 13:00:00,2025-03-22 13:00:00,12.4,6.0,0.09999999999999964
NH17 Crossing Boko,Kamrup Metropolitan,25.9775,91.23416667,2025-03-22 07:15:00,3,81,50.2,50.2,150.60000000000002,301.20000000000005,12.3,0.0,12.266666666666673,12.3,0.25,170,2025-03-22 13:15:00,2025-03-22 13:15:00,12.4,6.0,0.09999999999999964
NH17 Crossing Boko,Kamrup Metropolitan,25.9775,91.23416667,2025-03-22 07:30:00,3,81,50.2,50.2,150.60000000000002,301.20000000000005,12.4,0.0999999999999996,12.333333333333336,12.4,0.25,170,2025-03-22 13:30:00,2025-03-22 13:30:00,12.4,6.0,0.0
NH17 Crossing Boko,Kamrup Metropolitan,25.9775,91.23416667,2025-03-22 07:45:00,3,81,50.2,50.2,150.60000000000002,301.20000000000005,12.3,-0.0999999999999996,12.333333333333336,12.4,0.25,170,2025-03-22 13:45:00,2025-03-22 13:45:00,12.4,6.0,0.09999999999999964
NH17 Crossing Boko,Kamrup Metropolitan,25.9775,91.23416667,2025-03-22 08:00:00,3,81,50.2,50.2,150.60000000000002,301.20000000000005,12.3,0.0,12.333333333333336,12.4,0.25,170,2025-03-22 14:00:00,2025-03-22 14:00:00,12.4,6.0,0.09999999999999964
NH17 Crossing Boko,Kamrup Metropolitan,25.9775,91.23416667,2025-03-22 08:15:00,3,81,50.2,50.2,150.60000000000002,301.20000000000005,12.4,0.0999999999999996,12.333333333333336,12.4,0.25,170,2025-03-22 14:15:00,2025-03-22 14:15:00,12.4,6.0,0.0
NH17 Crossing Boko,Kamrup Metropolitan,25.9775,91.23416667,2025-03-22 08:30:00,3,81,50.2,50.2,150.60000000000002,301.20000000000005,12.4,0.0,12.366666666666672,12.4,0.25,170,2025-03-22 14:30:00,2025-03-22 14:30:00,12.4,6.0,0.0
NH17 Crossing Boko,Kamrup Metropolitan,25.9775,91.23416667,2025-03-22 08:45:00,3,81,50.2,50.2,150.60000000000002,301.20000000000005,12.4,0.0,12.4,12.4,0.25,170,2025-03-22 14:45:00,2025-03-22 14:45:00,12.4,6.0,0.0
NH17 Crossing Boko,Kamrup Metropolitan,25.9775,91.23416667,2025-03-22 09:00:00,3,81,50.2,50.2,150.60000000000002,301.20000000000005,12.4,0.0,12.4,12.4,0.25,170,2025-03-22 15:00:00,2025-03-22 15:00:00,12.4,6.0,0.0
NH17 Crossing Boko,Kamrup Metropolitan,25.9775,91.23416667,2025-03-22 09:15:00,3,81,50.2,50.2,150.60000000000002,301.20000000000005,12.4,0.0,12.4,12.4,0.25,170,2025-03-22 15:15:00,2025-03-22 15:15:00,12.4,6.0,0.0
NH17 Crossing Boko,Kamrup Metropolitan,25.9775,91.23416667,2025-03-22 09:30:00,3,81,50.2,50.2,150.60000000000002,301.20000000000005,12.4,0.0,12.4,12.4,0.25,170,2025-03-22 15:30:00,2025-03-22 15:30:00,12.4,6.0,0.0
NH17 Crossing Boko,Kamrup Metropolitan,25.9775,91.23416667,2025-03-22 09:45:00,3,81,50.2,50.2,150.60000000000002,301.20000000000005,12.4,0.0,12.4,12.4,0.25,170,2025-03-22 15:45:00,2025-03-22 15:45:00,12.4,6.0,0.0
NH17 Crossing Boko,Kamrup Metropolitan,25.9775,91.23416667,2025-03-22 10:00:00,3,81,50.2,50.2,150.60000000000002,301.20000000000005,12.4,0.0,12.4,12.4,0.25,170,2025-03-22 16:00:00,2025-03-22 16:00:00,12.4,6.0,0.0
NH17 Crossing Boko,Kamrup Metropolitan,25.9775,91.23416667,2025-03-22 10:15:00,3,81,50.2,50.2,150.60000000000002,301.20000000000005,12.4,0.0,12.4,12.4,0.25,170,2025-03-22 16:15:00,2025-03-22 16:15:00,12.4,6.0,0.0
NH17 Crossing Boko,Kamrup Metropolitan,25.9775,91.23416667,2025-03-22 10:30:00,3,81,50.2,50.2,150.60000000000002,301.20000000000005,12.4,0.0,12.4,12.4,0.25,170,2025-03-22 16:30:00,2025-03-22 16:30:00,12.4,6.0,0.0
NH17 Crossing Boko,Kamrup Metropolitan,25.9775,91.23416667,2025-03-22 11:00:00,3,81,50.2,50.2,150.60000000000002,301.20000000000005,12.4,0.0,12.4,12.4,0.5,170,2025-03-22 17:00:00,2025-03-22 17:00:00,12.4,6.0,0.0
NH17 Crossing Boko,Kamrup Metropolitan,25.9775,91.23416667,2025-03-22 11:15:00,3,81,50.2,50.2,150.60000000000002,301.20000000000005,12.4,0.0,12.4,12.4,0.25,170,2025-03-22 17:15:00,2025-03-22 17:15:00,12.4,6.0,0.0
NH17 Crossing Boko,Kamrup Metropolitan,25.9775,91.23416667,2025-03-22 11:30:00,3,81,50.2,50.2,150.60000000000002,301.20000000000005,12.4,0.0,12.4,12.4,0.25,170,2025-03-22 17:30:00,2025-03-22 17:30:00,12.4,6.0,0.0
NH17 Crossing Boko,Kamrup Metropolitan,25.9775,91.23416667,2025-03-22 11:45:00,3,81,50.2,50.2,150.60000000000002,301.20000000000005,12.4,0.0,12.4,12.4,0.25,170,2025-03-22 17:45:00,2025-03-22 17:45:00,12.4,6.0,0.0
NH17 Crossing Boko,Kamrup Metropolitan,25.9775,91.23416667,2025-03-22 12:15:00,3,81,50.2,50.2,150.60000000000002,301.20000000000005,12.4,0.0,12.4,12.4,0.5,170,2025-03-22 18:15:00,2025-03-22 18:15:00,12.4,6.0,0.0
NH17 Crossing Boko,Kamrup Metropolitan,25.9775,91.23416667,2025-03-22 12:30:00,3,81,50.2,50.2,150.60000000000002,301.20000000000005,12.4,0.0,12.4,12.4,0.25,170,2025-03-22 18:30:00,2025-03-22 18:30:00,12.4,6.0,0.0
NH17 Crossing Boko,Kamrup Metropolitan,25.9775,91.23416667,2025-03-22 12:45:00,3,81,50.2,50.2,150.60000000000002,301.20000000000005,12.4,0.0,12.4,12.4,0.25,170,2025-03-22 18:45:00,2025-03-22 18:45:00,12.3,6.0,-0.09999999999999964
NH17 Crossing Boko,Kamrup Metropolitan,25.9775,91.23416667,2025-03-22 13:00:00,3,81,50.2,50.2,150.60000000000002,301.20000000000005,12.4,0.0,12.4,12.4,0.25,170,2025-03-22 19:00:00,2025-03-22 19:00:00,12.3,6.0,-0.09999999999999964
NH17 Crossing Boko,Kamrup Metropolitan,25.9775,91.23416667,2025-03-22 13:15:00,3,81,50.2,50.2,150.60000000000002,301.20000000000005,12.4,0.0,12.4,12.4,0.25,170,2025-03-22 19:15:00,2025-03-22 19:15:00,12.3,6.0,-0.09999999999999964
NH17 Crossing Boko,Kamrup Metropolitan,25.9775,91.23416667,2025-03-22 13:30:00,3,81,50.2,50.2,150.60000000000002,301.20000000000005,12.4,0.0,12.4,12.4,0.25,170,2025-03-22 19:30:00,2025-03-22 19:30:00,12.3,6.0,-0.09999999999999964
NH17 Crossing Boko,Kamrup Metropolitan,25.9775,91.23416667,2025-03-22 13:45:00,3,81,50.2,50.2,150.60000000000002,301.20000000000005,12.4,0.0,12.4,12.4,0.25,170,2025-03-22 19:45:00,2025-03-22 19:45:00,12.3,6.0,-0.09999999999999964
NH17 Crossing Boko,Kamrup Metropolitan,25.9775,91.23416667,2025-03-22 14:00:00,3,81,50.2,50.2,150.60000000000002,301.20000000000005,12.4,0.0,12.4,12.4,0.25,170,2025-03-22 20:00:00,2025-03-22 20:00:00,12.3,6.0,-0.09999999999999964
NH17 Crossing Boko,Kamrup Metropolitan,25.9775,91.23416667,2025-03-22 14:15:00,3,81,50.2,50.2,150.60000000000002,301.20000000000005,12.4,0.0,12.4,12.4,0.25,170,2025-03-22 20:15:00,2025-03-22 20:15:00,12.2,6.0,-0.20000000000000107
NH17 Crossing Boko,Kamrup Metropolitan,25.9775,91.23416667,2025-03-22 14:30:00,3,81,50.2,50.2,150.60000000000002,301.20000000000005,12.4,0.0,12.4,12.4,0.25,170,2025-03-22 20:30:00,2025-03-22 20:30:00,12.3,6.0,-0.09999999999999964
NH17 Crossing Boko,Kamrup Metropolitan,25.9775,91.23416667,2025-03-22 14:45:00,3,81,50.2,50.2,150.60000000000002,301.20000000000005,12.4,0.0,12.4,12.4,0.25,170,2025-03-22 20:45:00,2025-03-22 20:45:00,12.2,6.0,-0.20000000000000107
NH17 Crossing Boko,Kamrup Metropolitan,25.9775,91.23416667,2025-03-22 15:00:00,3,81,50.2,50.2,150.60000000000002,301.20000000000005,12.4,0.0,12.4,12.4,0.25,170,2025-03-22 21:00:00,2025-03-22 21:00:00,12.2,6.0,-0.20000000000000107
NH17 Crossing Boko,Kamrup Metropolitan,25.9775,91.23416667,2025-03-22 15:15:00,3,81,50.2,50.2,150.60000000000002,301.20000000000005,12.4,0.0,12.4,12.4,0.25,170,2025-03-22 21:15:00,2025-03-22 21:15:00,12.2,6.0,-0.20000000000000107
NH17 Crossing Boko,Kamrup Metropolitan,25.9775,91.23416667,2025-03-22 15:30:00,3,81,50.2,50.2,150.60000000000002,301.20000000000005,12.4,0.0,12.4,12.4,0.25,170,2025-03-22 21:30:00,2025-03-22 21:30:00,12.2,6.0,-0.20000000000000107
NH17 Crossing Boko,Kamrup Metropolitan,25.9775,91.23416667,2025-03-22 15:45:00,3,81,50.2,50.2,150.60000000000002,301.20000000000005,12.4,0.0,12.4,12.4,0.25,170,2025-03-22 21:45:00,2025-03-22 21:45:00,12.2,6.0,-0.20000000000000107
NH17 Crossing Boko,Kamrup Metropolitan,25.9775,91.23416667,2025-03-22 16:00:00,3,81,50.2,50.2,150.60000000000002,301.20000000000005,12.4,0.0,12.4,12.4,0.25,170,2025-03-22 22:00:00,2025-03-22 22:00:00,12.2,6.0,-0.20000000000000107
NH17 Crossing Boko,Kamrup Metropolitan,25.9775,91.23416667,2025-03-22 16:15:00,3,81,50.2,50.2,150.60000000000002,301.20000000000005,12.4,0.0,12.4,12.4,0.25,170,2025-03-22 22:15:00,2025-03-22 22:15:00,12.2,6.0,-0.20000000000000107
NH17 Crossing Boko,Kamrup Metropolitan,25.9775,91.23416667,2025-03-22 16:30:00,3,81,50.2,50.2,150.60000000000002,301.20000000000005,12.4,0.0,12.4,12.4,0.25,170,2025-03-22 22:30:00,2025-03-22 22:30:00,12.2,6.0,-0.20000000000000107
NH17 Crossing Boko,Kamrup Metropolitan,25.9775,91.23416667,2025-03-22 16:45:00,3,81,50.2,50.2,150.60000000000002,301.20000000000005,12.4,0.0,12.4,12.4,0.25,170,2025-03-22 22:45:00,2025-03-22 22:45:00,12.2,6.0,-0.20000000000000107
NH17 Crossing Boko,Kamrup Metropolitan,25.9775,91.23416667,2025-03-22 17:00:00,3,81,50.2,50.2,150.60000000000002,301.20000000000005,12.4,0.0,12.4,12.4,0.25,170,2025-03-22 23:00:00,2025-03-22 23:00:00,12.2,6.0,-0.20000000000000107
NH17 Crossing Boko,Kamrup Metropolitan,25.9775,91.23416667,2025-03-22 17:15:00,3,81,50.2,50.2,150.60000000000002,301.20000000000005,12.4,0.0,12.4,12.4,0.25,170,2025-03-22 23:15:00,2025-03-22 23:15:00,12.2,6.0,-0.20000000000000107
NH17 Crossing Boko,Kamrup Metropolitan,25.9775,91.23416667,2025-03-22 17:30:00,3,81,50.2,50.2,150.60000000000002,301.20000000000005,12.4,0.0,12.4,12.4,0.25,170,2025-03-22 23:30:00,2025-03-22 23:30:00,12.2,6.0,-0.20000000000000107
NH17 Crossing Boko,Kamrup Metropolitan,25.9775,91.23416667,2025-03-22 17:45:00,3,81,50.2,50.2,150.60000000000002,301.20000000000005,12.4,0.0,12.4,12.4,0.25,170,2025-03-22 23:45:00,2025-03-22 23:45:00,12.2,6.0,-0.20000000000000107
NH17 Crossing Boko,Kamrup Metropolitan,25.9775,91.23416667,2025-03-22 18:00:00,3,81,50.2,50.2,150.60000000000002,301.20000000000005,12.4,0.0,12.4,12.4,0.25,170,2025-03-23 00:00:00,2025-03-23 00:00:00,12.2,6.0,-0.20000000000000107
NH17 Crossing Boko,Kamrup Metropolitan,25.9775,91.23416667,2025-03-22 18:15:00,3,81,50.2,50.2,150.60000000000002,301.20000000000005,12.4,0.0,12.4,12.4,0.25,170,2025-03-23 00:15:00,2025-03-23 00:15:00,12.2,6.0,-0.20000000000000107
NH17 Crossing Boko,Kamrup Metropolitan,25.9775,91.23416667,2025-03-22 18:30:00,3,81,50.2,50.2,150.60000000000002,301.20000000000005,12.4,0.0,12.4,12.4,0.25,170,2025-03-23 00:30:00,2025-03-23 00:30:00,12.2,6.0,-0.20000000000000107
NH17 Crossing Boko,Kamrup Metropolitan,25.9775,91.23416667,2025-03-22 18:45:00,3,81,50.2,50.2,150.60000000000002,301.20000000000005,12.3,-0.0999999999999996,12.366666666666672,12.4,0.25,170,2025-03-23 00:45:00,2025-03-23 00:45:00,12.2,6.0,-0.10000000000000142
NH17 Crossing Boko,Kamrup Metropolitan,25.9775,91.23416667,2025-03-22 19:00:00,3,81,50.2,50.2,150.60000000000002,301.20000000000005,12.3,0.0,12.333333333333336,12.4,0.25,170,2025-03-23 01:00:00,2025-03-23 01:00:00,12.2,6.0,-0.10000000000000142
NH17 Crossing Boko,Kamrup Metropolitan,25.9775,91.23416667,2025-03-22 19:15:00,3,81,50.2,50.2,150.60000000000002,301.20000000000005,12.3,0.0,12.3,12.4,0.25,170,2025-03-23 01:15:00,2025-03-23 01:15:00,12.2,6.0,-0.10000000000000142
NH17 Crossing Boko,Kamrup Metropolitan,25.9775,91.23416667,2025-03-22 19:30:00,3,81,50.2,50.2,150.60000000000002,301.20000000000005,12.3,0.0,12.3,12.4,0.25,170,2025-03-23 01:30:00,2025-03-23 01:30:00,12.2,6.0,-0.10000000000000142
NH17 Crossing Boko,Kamrup Metropolitan,25.9775,91.23416667,2025-03-22 19:45:00,3,81,50.2,50.2,150.60000000000002,301.20000000000005,12.3,0.0,12.3,12.4,0.25,170,2025-03-23 01:45:00,2025-03-23 01:45:00,12.2,6.0,-0.10000000000000142
NH17 Crossing Boko,Kamrup Metropolitan,25.9775,91.23416667,2025-03-22 20:00:00,3,81,50.2,50.2,150.60000000000002,301.20000000000005,12.3,0.0,12.3,12.3,0.25,170,2025-03-23 02:00:00,2025-03-23 02:00:00,12.2,6.0,-0.10000000000000142
NH17 Crossing Boko,Kamrup Metropolitan,25.9775,91.23416667,2025-03-22 20:15:00,3,81,50.2,50.2,150.60000000000002,301.20000000000005,12.2,-0.1000000000000014,12.266666666666673,12.3,0.25,170,2025-03-23 02:15:00,2025-03-23 02:15:00,12.2,6.0,0.0
NH17 Crossing Boko,Kamrup Metropolitan,25.9775,91.23416667,2025-03-22 20:30:00,3,81,50.2,50.2,150.60000000000002,301.20000000000005,12.3,0.1000000000000014,12.266666666666673,12.3,0.25,170,2025-03-23 02:30:00,2025-03-23 02:30:00,12.2,6.0,-0.10000000000000142
NH17 Crossing Boko,Kamrup Metropolitan,25.9775,91.23416667,2025-03-22 20:45:00,3,81,50.2,50.2,150.60000000000002,301.20000000000005,12.2,-0.1000000000000014,12.23333333333334,12.3,0.25,170,2025-03-23 02:45:00,2025-03-23 02:45:00,12.2,6.0,0.0
NH17 Crossing Boko,Kamrup Metropolitan,25.9775,91.23416667,2025-03-22 21:00:00,3,81,50.2,50.2,150.60000000000002,301.20000000000005,12.2,0.0,12.233333333333336,12.3,0.25,170,2025-03-23 03:00:00,2025-03-23 03:00:00,12.2,6.0,0.0
NH17 Crossing Boko,Kamrup Metropolitan,25.9775,91.23416667,2025-03-22 21:15:00,3,81,50.2,50.2,150.60000000000002,301.20000000000005,12.2,0.0,12.2,12.3,0.25,170,2025-03-23 03:15:00,2025-03-23 03:15:00,12.2,6.0,0.0
NH17 Crossing Boko,Kamrup Metropolitan,25.9775,91.23416667,2025-03-22 21:30:00,3,81,50.2,50.2,150.60000000000002,301.20000000000005,12.2,0.0,12.2,12.3,0.25,170,2025-03-23 03:30:00,2025-03-23 03:30:00,12.2,6.0,0.0
NH17 Crossing Boko,Kamrup Metropolitan,25.9775,91.23416667,2025-03-22 21:45:00,3,81,50.2,50.2,150.60000000000002,301.20000000000005,12.2,0.0,12.2,12.3,0.25,170,2025-03-23 03:45:00,2025-03-23 03:45:00,12.2,6.0,0.0
NH17 Crossing Boko,Kamrup Metropolitan,25.9775,91.23416667,2025-03-22 22:00:00,3,81,50.2,50.2,150.60000000000002,301.20000000000005,12.2,0.0,12.2,12.2,0.25,170,2025-03-23 04:00:00,2025-03-23 04:00:00,12.2,6.0,0.0
NH17 Crossing Boko,Kamrup Metropolitan,25.9775,91.23416667,2025-03-22 22:15:00,3,81,50.2,50.2,150.60000000000002,301.20000000000005,12.2,0.0,12.2,12.2,0.25,170,2025-03-23 04:15:00,2025-03-23 04:15:00,12.2,6.0,0.0
NH17 Crossing Boko,Kamrup Metropolitan,25.9775,91.23416667,2025-03-22 22:30:00,3,81,50.2,50.2,150.60000000000002,301.20000000000005,12.2,0.0,12.2,12.2,0.25,170,2025-03-23 04:30:00,2025-03-23 04:30:00,12.2,6.0,0.0
NH17 Crossing Boko,Kamrup Metropolitan,25.9775,91.23416667,2025-03-22 22:45:00,3,81,50.2,50.2,150.60000000000002,301.20000000000005,12.2,0.0,12.2,12.2,0.25,170,2025-03-23 04:45:00,2025-03-23 04:45:00,12.2,6.0,0.0
NH17 Crossing Boko,Kamrup Metropolitan,25.9775,91.23416667,2025-03-22 23:00:00,3,81,50.2,50.2,150.60000000000002,301.20000000000005,12.2,0.0,12.2,12.2,0.25,170,2025-03-23 05:00:00,2025-03-23 05:00:00,12.2,6.0,0.0
NH17 Crossing Boko,Kamrup Metropolitan,25.9775,91.23416667,2025-03-22 23:15:00,3,81,50.2,50.2,150.60000000000002,301.20000000000005,12.2,0.0,12.2,12.2,0.25,170,2025-03-23 05:15:00,2025-03-23 05:15:00,12.2,6.0,0.0
NH17 Crossing Boko,Kamrup Metropolitan,25.9775,91.23416667,2025-03-22 23:30:00,3,81,50.2,50.2,150.60000000000002,301.20000000000005,12.2,0.0,12.2,12.2,0.25,170,2025-03-23 05:30:00,2025-03-23 05:30:00,12.2,6.0,0.0
NH17 Crossing Boko,Kamrup Metropolitan,25.9775,91.23416667,2025-03-22 23:45:00,3,81,50.2,50.2,150.60000000000002,301.20000000000005,12.2,0.0,12.2,12.2,0.25,170,2025-03-23 05:45:00,2025-03-23 05:45:00,12.2,6.0,0.0
NH17 Crossing Boko,Kamrup Metropolitan,25.9775,91.23416667,2025-03-23 00:00:00,3,82,50.2,50.2,150.60000000000002,301.20000000000005,12.2,0.0,12.2,12.2,0.25,170,2025-03-23 06:00:00,2025-03-23 06:00:00,12.2,6.0,0.0
NH17 Crossing Boko,Kamrup Metropolitan,25.9775,91.23416667,2025-03-23 00:15:00,3,82,50.2,50.2,150.60000000000002,301.20000000000005,12.2,0.0,12.2,12.2,0.25,170,2025-03-23 06:15:00,2025-03-23 06:15:00,12.2,6.0,0.0
NH17 Crossing Boko,Kamrup Metropolitan,25.9775,91.23416667,2025-03-23 00:30:00,3,82,50.2,50.2,150.60000000000002,301.20000000000005,12.2,0.0,12.2,12.2,0.25,170,2025-03-23 06:30:00,2025-03-23 06:30:00,12.2,6.0,0.0
NH17 Crossing Boko,Kamrup Metropolitan,25.9775,91.23416667,2025-03-23 00:45:00,3,82,50.2,50.2,150.60000000000002,301.20000000000005,12.2,0.0,12.2,12.2,0.25,170,2025-03-23 06:45:00,2025-03-23 06:45:00,12.2,6.0,0.0
NH17 Crossing Boko,Kamrup Metropolitan,25.9775,91.23416667,2025-03-23 01:00:00,3,82,50.2,50.2,150.60000000000002,301.20000000000005,12.2,0.0,12.2,12.2,0.25,170,2025-03-23 07:00:00,2025-03-23 07:00:00,12.1,6.0,-0.09999999999999964
NH17 Crossing Boko,Kamrup Metropolitan,25.9775,91.23416667,2025-03-23 01:15:00,3,82,50.2,50.2,150.60000000000002,301.20000000000005,12.2,0.0,12.2,12.2,0.25,170,2025-03-23 07:15:00,2025-03-23 07:15:00,12.2,6.0,0.0
NH17 Crossing Boko,Kamrup Metropolitan,25.9775,91.23416667,2025-03-23 01:30:00,3,82,50.2,50.2,150.60000000000002,301.20000000000005,12.2,0.0,12.2,12.2,0.25,170,2025-03-23 07:30:00,2025-03-23 07:30:00,12.2,6.0,0.0
NH17 Crossing Boko,Kamrup Metropolitan,25.9775,91.23416667,2025-03-23 01:45:00,3,82,50.2,50.2,150.60000000000002,301.20000000000005,12.2,0.0,12.2,12.2,0.25,170,2025-03-23 07:45:00,2025-03-23 07:45:00,12.3,6.0,0.10000000000000142
NH17 Crossing Boko,Kamrup Metropolitan,25.9775,91.23416667,2025-03-23 02:00:00,3,82,50.2,50.2,150.60000000000002,301.20000000000005,12.2,0.0,12.2,12.2,0.25,170,2025-03-23 08:00:00,2025-03-23 08:00:00,12.2,6.0,0.0
NH17 Crossing Boko,Kamrup Metropolitan,25.9775,91.23416667,2025-03-23 02:15:00,3,82,50.2,50.2,150.60000000000002,301.20000000000005,12.2,0.0,12.2,12.2,0.25,170,2025-03-23 08:15:00,2025-03-23 08:15:00,12.3,6.0,0.10000000000000142
NH17 Crossing Boko,Kamrup Metropolitan,25.9775,91.23416667,2025-03-23 02:30:00,3,82,50.2,50.2,150.60000000000002,301.20000000000005,12.2,0.0,12.2,12.2,0.25,170,2025-03-23 08:30:00,2025-03-23 08:30:00,12.3,6.0,0.10000000000000142
NH17 Crossing Boko,Kamrup Metropolitan,25.9775,91.23416667,2025-03-23 02:45:00,3,82,50.2,50.2,150.60000000000002,301.20000000000005,12.2,0.0,12.2,12.2,0.25,170,2025-03-23 08:45:00,2025-03-23 08:45:00,12.3,6.0,0.10000000000000142
NH17 Crossing Boko,Kamrup Metropolitan,25.9775,91.23416667,2025-03-23 03:00:00,3,82,50.2,50.2,150.60000000000002,301.20000000000005,12.2,0.0,12.2,12.2,0.25,170,2025-03-23 09:00:00,2025-03-23 09:00:00,12.4,6.0,0.20000000000000107
NH17 Crossing Boko,Kamrup Metropolitan,25.9775,91.23416667,2025-03-23 03:15:00,3,82,50.2,50.2,150.60000000000002,301.20000000000005,12.2,0.0,12.2,12.2,0.25,170,2025-03-23 09:15:00,2025-03-23 09:15:00,12.4,6.0,0.20000000000000107
NH17 Crossing Boko,Kamrup Metropolitan,25.9775,91.23416667,2025-03-23 03:30:00,3,82,50.2,50.2,150.60000000000002,301.20000000000005,12.2,0.0,12.2,12.2,0.25,170,2025-03-23 09:30:00,2025-03-23 09:30:00,12.4,6.0,0.20000000000000107
NH17 Crossing Boko,Kamrup Metropolitan,25.9775,91.23416667,2025-03-23 03:45:00,3,82,50.2,50.2,150.60000000000002,301.20000000000005,12.2,0.0,12.2,12.2,0.25,170,2025-03-23 09:45:00,2025-03-23 09:45:00,12.4,6.0,0.20000000000000107
NH17 Crossing Boko,Kamrup Metropolitan,25.9775,91.23416667,2025-03-23 04:00:00,3,82,50.2,50.2,150.60000000000002,301.20000000000005,12.2,0.0,12.2,12.2,0.25,170,2025-03-23 10:00:00,2025-03-23 10:00:00,12.4,6.0,0.20000000000000107
NH17 Crossing Boko,Kamrup Metropolitan,25.9775,91.23416667,2025-03-23 04:15:00,3,82,50.2,50.2,150.60000000000002,301.20000000000005,12.2,0.0,12.2,12.2,0.25,170,2025-03-23 10:15:00,2025-03-23 10:15:00,12.4,6.0,0.20000000000000107
NH17 Crossing Boko,Kamrup Metropolitan,25.9775,91.23416667,2025-03-23 04:30:00,3,82,50.2,50.2,150.60000000000002,301.20000000000005,12.2,0.0,12.2,12.2,0.25,170,2025-03-23 10:30:00,2025-03-23 10:30:00,12.4,6.0,0.20000000000000107
NH17 Crossing Boko,Kamrup Metropolitan,25.9775,91.23416667,2025-03-23 04:45:00,3,82,50.2,50.2,150.60000000000002,301.20000000000005,12.2,0.0,12.2,12.2,0.25,170,2025-03-23 10:45:00,2025-03-23 10:45:00,12.4,6.0,0.20000000000000107
NH17 Crossing Boko,Kamrup Metropolitan,25.9775,91.23416667,2025-03-23 05:00:00,3,82,50.2,50.2,150.60000000000002,301.20000000000005,12.2,0.0,12.2,12.2,0.25,170,2025-03-23 11:00:00,2025-03-23 11:00:00,12.4,6.0,0.20000000000000107
NH17 Crossing Boko,Kamrup Metropolitan,25.9775,91.23416667,2025-03-23 05:15:00,3,82,50.2,50.2,150.60000000000002,301.20000000000005,12.2,0.0,12.2,12.2,0.25,170,2025-03-23 11:15:00,2025-03-23 11:15:00,12.5,6.0,0.3000000000000007
NH17 Crossing Boko,Kamrup Metropolitan,25.9775,91.23416667,2025-03-23 05:30:00,3,82,50.2,50.2,150.60000000000002,301.20000000000005,12.2,0.0,12.2,12.2,0.25,170,2025-03-23 11:30:00,2025-03-23 11:30:00,12.4,6.0,0.20000000000000107
NH17 Crossing Boko,Kamrup Metropolitan,25.9775,91.23416667,2025-03-23 05:45:00,3,82,50.2,50.2,150.60000000000002,301.20000000000005,12.2,0.0,12.2,12.2,0.25,170,2025-03-23 11:45:00,2025-03-23 11:45:00,12.5,6.0,0.3000000000000007
NH17 Crossing Boko,Kamrup Metropolitan,25.9775,91.23416667,2025-03-23 06:00:00,3,82,50.2,50.2,150.60000000000002,301.20000000000005,12.2,0.0,12.2,12.2,0.25,170,2025-03-23 12:00:00,2025-03-23 12:00:00,12.5,6.0,0.3000000000000007
NH17 Crossing Boko,Kamrup Metropolitan,25.9775,91.23416667,2025-03-23 06:15:00,3,82,50.2,50.2,150.60000000000002,301.20000000000005,12.2,0.0,12.2,12.2,0.25,170,2025-03-23 12:15:00,2025-03-23 12:15:00,12.5,6.0,0.3000000000000007
NH17 Crossing Boko,Kamrup Metropolitan,25.9775,91.23416667,2025-03-23 06:30:00,3,82,50.2,50.2,150.60000000000002,301.20000000000005,12.2,0.0,12.2,12.2,0.25,170,2025-03-23 12:30:00,2025-03-23 12:30:00,12.5,6.0,0.3000000000000007
NH17 Crossing Boko,Kamrup Metropolitan,25.9775,91.23416667,2025-03-23 06:45:00,3,82,50.2,50.2,150.60000000000002,301.20000000000005,12.2,0.0,12.2,12.2,0.25,170,2025-03-23 12:45:00,2025-03-23 12:45:00,12.5,6.0,0.3000000000000007
NH17 Crossing Boko,Kamrup Metropolitan,25.9775,91.23416667,2025-03-23 07:00:00,3,82,50.2,50.2,150.60000000000002,301.20000000000005,12.1,-0.0999999999999996,12.166666666666671,12.2,0.25,170,2025-03-23 13:00:00,2025-03-23 13:00:00,12.6,6.0,0.5
NH17 Crossing Boko,Kamrup Metropolitan,25.9775,91.23416667,2025-03-23 07:15:00,3,82,50.2,50.2,150.60000000000002,301.20000000000005,12.2,0.0999999999999996,12.166666666666671,12.2,0.25,170,2025-03-23 13:15:00,2025-03-23 13:15:00,12.6,6.0,0.40000000000000036
NH17 Crossing Boko,Kamrup Metropolitan,25.9775,91.23416667,2025-03-23 07:30:00,3,82,50.2,50.2,150.60000000000002,301.20000000000005,12.2,0.0,12.166666666666671,12.2,0.25,170,2025-03-23 13:30:00,2025-03-23 13:30:00,12.6,6.0,0.40000000000000036
NH17 Crossing Boko,Kamrup Metropolitan,25.9775,91.23416667,2025-03-23 07:45:00,3,82,50.2,50.2,150.60000000000002,301.20000000000005,12.3,0.1000000000000014,12.23333333333334,12.3,0.25,170,2025-03-23 13:45:00,2025-03-23 13:45:00,12.6,6.0,0.29999999999999893
NH17 Crossing Boko,Kamrup Metropolitan,25.9775,91.23416667,2025-03-23 08:00:00,3,82,50.2,50.2,150.60000000000002,301.20000000000005,12.2,-0.1000000000000014,12.23333333333334,12.3,0.25,170,2025-03-23 14:00:00,2025-03-23 14:00:00,12.6,6.0,0.40000000000000036
NH17 Crossing Boko,Kamrup Metropolitan,25.9775,91.23416667,2025-03-23 08:15:00,3,82,50.2,50.2,150.60000000000002,301.20000000000005,12.3,0.1000000000000014,12.266666666666673,12.3,0.25,170,2025-03-23 14:15:00,2025-03-23 14:15:00,12.6,6.0,0.29999999999999893
NH17 Crossing Boko,Kamrup Metropolitan,25.9775,91.23416667,2025-03-23 08:30:00,3,82,50.2,50.2,150.60000000000002,301.20000000000005,12.3,0.0,12.266666666666673,12.3,0.25,170,2025-03-23 14:30:00,2025-03-23 14:30:00,12.6,6.0,0.29999999999999893
NH17 Crossing Boko,Kamrup Metropolitan,25.9775,91.23416667,2025-03-23 08:45:00,3,82,50.2,50.2,150.60000000000002,301.20000000000005,12.3,0.0,12.3,12.3,0.25,170,2025-03-23 14:45:00,2025-03-23 14:45:00,12.6,6.0,0.29999999999999893
NH17 Crossing Boko,Kamrup Metropolitan,25.9775,91.23416667,2025-03-23 09:00:00,3,82,50.2,50.2,150.60000000000002,301.20000000000005,12.4,0.0999999999999996,12.333333333333336,12.4,0.25,170,2025-03-23 15:00:00,2025-03-23 15:00:00,12.6,6.0,0.1999999999999993
NH17 Crossing Boko,Kamrup Metropolitan,25.9775,91.23416667,2025-03-23 09:15:00,3,82,50.2,50.2,150.60000000000002,301.20000000000005,12.4,0.0,12.366666666666672,12.4,0.25,170,2025-03-23 15:15:00,2025-03-23 15:15:00,12.5,6.0,0.09999999999999964
NH17 Crossing Boko,Kamrup Metropolitan,25.9775,91.23416667,2025-03-23 09:30:00,3,82,50.2,50.2,150.60000000000002,301.20000000000005,12.4,0.0,12.4,12.4,0.25,170,2025-03-23 15:30:00,2025-03-23 15:30:00,12.5,6.0,0.09999999999999964
NH17 Crossing Boko,Kamrup Metropolitan,25.9775,91.23416667,2025-03-23 09:45:00,3,82,50.2,50.2,150.60000000000002,301.20000000000005,12.4,0.0,12.4,12.4,0.25,170,2025-03-23 15:45:00,2025-03-23 15:45:00,12.5,6.0,0.09999999999999964
NH17 Crossing Boko,Kamrup Metropolitan,25.9775,91.23416667,2025-03-23 10:00:00,3,82,50.2,50.2,150.60000000000002,301.20000000000005,12.4,0.0,12.4,12.4,0.25,170,2025-03-23 16:00:00,2025-03-23 16:00:00,12.5,6.0,0.09999999999999964
NH17 Crossing Boko,Kamrup Metropolitan,25.9775,91.23416667,2025-03-23 10:15:00,3,82,50.2,50.2,150.60000000000002,301.20000000000005,12.4,0.0,12.4,12.4,0.25,170,2025-03-23 16:15:00,2025-03-23 16:15:00,12.5,6.0,0.09999999999999964
NH17 Crossing Boko,Kamrup Metropolitan,25.9775,91.23416667,2025-03-23 10:30:00,3,82,50.2,50.2,150.60000000000002,301.20000000000005,12.4,0.0,12.4,12.4,0.25,170,2025-03-23 16:30:00,2025-03-23 16:30:00,12.4,6.0,0.0
NH17 Crossing Boko,Kamrup Metropolitan,25.9775,91.23416667,2025-03-23 10:45:00,3,82,50.2,50.2,150.60000000000002,301.20000000000005,12.4,0.0,12.4,12.4,0.25,170,2025-03-23 16:45:00,2025-03-23 16:45:00,12.4,6.0,0.0
NH17 Crossing Boko,Kamrup Metropolitan,25.9775,91.23416667,2025-03-23 11:00:00,3,82,50.2,50.2,150.60000000000002,301.20000000000005,12.4,0.0,12.4,12.4,0.25,170,2025-03-23 17:00:00,2025-03-23 17:00:00,12.4,6.0,0.0
NH17 Crossing Boko,Kamrup Metropolitan,25.9775,91.23416667,2025-03-23 11:15:00,3,82,50.2,50.2,150.60000000000002,301.20000000000005,12.5,0.0999999999999996,12.43333333333334,12.5,0.25,170,2025-03-23 17:15:00,2025-03-23 17:15:00,12.4,6.0,-0.09999999999999964
NH17 Crossing Boko,Kamrup Metropolitan,25.9775,91.23416667,2025-03-23 11:30:00,3,82,50.2,50.2,150.60000000000002,301.20000000000005,12.4,-0.0999999999999996,12.433333333333335,12.5,0.25,170,2025-03-23 17:30:00,2025-03-23 17:30:00,12.4,6.0,0.0
NH17 Crossing Boko,Kamrup Metropolitan,25.9775,91.23416667,2025-03-23 11:45:00,3,82,50.2,50.2,150.60000000000002,301.20000000000005,12.5,0.0999999999999996,12.466666666666674,12.5,0.25,170,2025-03-23 17:45:00,2025-03-23 17:45:00,12.4,6.0,-0.09999999999999964
NH17 Crossing Boko,Kamrup Metropolitan,25.9775,91.23416667,2025-03-23 12:00:00,3,82,50.2,50.2,150.60000000000002,301.20000000000005,12.5,0.0,12.466666666666674,12.5,0.25,170,2025-03-23 18:00:00,2025-03-23 18:00:00,12.4,6.0,-0.09999999999999964
NH17 Crossing Boko,Kamrup Metropolitan,25.9775,91.23416667,2025-03-23 12:15:00,3,82,50.2,50.2,150.60000000000002,301.20000000000005,12.5,0.0,12.5,12.5,0.25,170,2025-03-23 18:15:00,2025-03-23 18:15:00,12.4,6.0,-0.09999999999999964
NH17 Crossing Boko,Kamrup Metropolitan,25.9775,91.23416667,2025-03-23 12:30:00,3,82,50.2,50.2,150.60000000000002,301.20000000000005,12.5,0.0,12.5,12.5,0.25,170,2025-03-23 18:30:00,2025-03-23 18:30:00,12.4,6.0,-0.09999999999999964
NH17 Crossing Boko,Kamrup Metropolitan,25.9775,91.23416667,2025-03-23 12:45:00,3,82,50.2,50.2,150.60000000000002,301.20000000000005,12.5,0.0,12.5,12.5,0.25,170,2025-03-23 18:45:00,2025-03-23 18:45:00,12.4,6.0,-0.09999999999999964
NH17 Crossing Boko,Kamrup Metropolitan,25.9775,91.23416667,2025-03-23 13:00:00,3,82,50.2,50.2,150.60000000000002,301.20000000000005,12.6,0.0999999999999996,12.53333333333334,12.6,0.25,170,2025-03-23 19:00:00,2025-03-23 19:00:00,12.3,6.0,-0.29999999999999893
NH17 Crossing Boko,Kamrup Metropolitan,25.9775,91.23416667,2025-03-23 13:15:00,3,82,50.2,50.2,150.60000000000002,301.20000000000005,12.6,0.0,12.566666666666672,12.6,0.25,170,2025-03-23 19:15:00,2025-03-23 19:15:00,12.2,6.0,-0.40000000000000036
NH17 Crossing Boko,Kamrup Metropolitan,25.9775,91.23416667,2025-03-23 13:30:00,3,82,50.2,50.2,150.60000000000002,301.20000000000005,12.6,0.0,12.6,12.6,0.25,170,2025-03-23 19:30:00,2025-03-23 19:30:00,12.3,6.0,-0.29999999999999893
NH17 Crossing Boko,Kamrup Metropolitan,25.9775,91.23416667,2025-03-23 13:45:00,3,82,50.2,50.2,150.60000000000002,301.20000000000005,12.6,0.0,12.6,12.6,0.25,170,2025-03-23 19:45:00,2025-03-23 19:45:00,12.3,6.0,-0.29999999999999893
NH17 Crossing Boko,Kamrup Metropolitan,25.9775,91.23416667,2025-03-23 14:00:00,3,82,50.2,50.2,150.60000000000002,301.20000000000005,12.6,0.0,12.6,12.6,0.25,170,2025-03-23 20:00:00,2025-03-23 20:00:00,12.2,6.0,-0.40000000000000036
NH17 Crossing Boko,Kamrup Metropolitan,25.9775,91.23416667,2025-03-23 14:15:00,3,82,50.2,50.2,150.60000000000002,301.20000000000005,12.6,0.0,12.6,12.6,0.25,170,2025-03-23 20:15:00,2025-03-23 20:15:00,12.2,6.0,-0.40000000000000036
NH17 Crossing Boko,Kamrup Metropolitan,25.9775,91.23416667,2025-03-23 14:30:00,3,82,50.2,50.2,150.60000000000002,301.20000000000005,12.6,0.0,12.6,12.6,0.25,170,2025-03-23 20:30:00,2025-03-23 20:30:00,12.2,6.0,-0.40000000000000036
NH17 Crossing Boko,Kamrup Metropolitan,25.9775,91.23416667,2025-03-23 14:45:00,3,82,50.2,50.2,150.60000000000002,301.20000000000005,12.6,0.0,12.6,12.6,0.25,170,2025-03-23 20:45:00,2025-03-23 20:45:00,12.2,6.0,-0.40000000000000036
NH17 Crossing Boko,Kamrup Metropolitan,25.9775,91.23416667,2025-03-23 15:00:00,3,82,50.2,50.2,150.60000000000002,301.20000000000005,12.6,0.0,12.6,12.6,0.25,170,2025-03-23 21:00:00,2025-03-23 21:00:00,12.2,6.0,-0.40000000000000036
NH17 Crossing Boko,Kamrup Metropolitan,25.9775,91.23416667,2025-03-23 15:15:00,3,82,50.2,50.2,150.60000000000002,301.20000000000005,12.5,-0.0999999999999996,12.56666666666667,12.6,0.25,170,2025-03-23 21:15:00,2025-03-23 21:15:00,12.2,6.0,-0.3000000000000007
NH17 Crossing Boko,Kamrup Metropolitan,25.9775,91.23416667,2025-03-23 15:30:00,3,82,50.2,50.2,150.60000000000002,301.20000000000005,12.5,0.0,12.53333333333334,12.6,0.25,170,2025-03-23 21:30:00,2025-03-23 21:30:00,12.3,6.0,-0.1999999999999993
NH17 Crossing Boko,Kamrup Metropolitan,25.9775,91.23416667,2025-03-23 15:45:00,3,82,50.2,50.2,150.60000000000002,301.20000000000005,12.5,0.0,12.5,12.6,0.25,170,2025-03-23 21:45:00,2025-03-23 21:45:00,12.2,6.0,-0.3000000000000007
NH17 Crossing Boko,Kamrup Metropolitan,25.9775,91.23416667,2025-03-23 16:00:00,3,82,50.2,50.2,150.60000000000002,301.20000000000005,12.5,0.0,12.5,12.6,0.25,170,2025-03-23 22:00:00,2025-03-23 22:00:00,12.2,6.0,-0.3000000000000007
NH17 Crossing Boko,Kamrup Metropolitan,25.9775,91.23416667,2025-03-23 16:15:00,3,82,50.2,50.2,150.60000000000002,301.20000000000005,12.5,0.0,12.5,12.6,0.25,170,2025-03-23 22:15:00,2025-03-23 22:15:00,12.2,6.0,-0.3000000000000007
NH17 Crossing Boko,Kamrup Metropolitan,25.9775,91.23416667,2025-03-23 16:30:00,3,82,50.2,50.2,150.60000000000002,301.20000000000005,12.4,-0.0999999999999996,12.46666666666667,12.5,0.25,170,2025-03-23 22:30:00,2025-03-23 22:30:00,12.2,6.0,-0.20000000000000107
NH17 Crossing Boko,Kamrup Metropolitan,25.9775,91.23416667,2025-03-23 16:45:00,3,82,50.2,50.2,150.60000000000002,301.20000000000005,12.4,0.0,12.433333333333335,12.5,0.25,170,2025-03-23 22:45:00,2025-03-23 22:45:00,12.2,6.0,-0.20000000000000107
NH17 Crossing Boko,Kamrup Metropolitan,25.9775,91.23416667,2025-03-23 17:00:00,3,82,50.2,50.2,150.60000000000002,301.20000000000005,12.4,0.0,12.4,12.5,0.25,170,2025-03-23 23:00:00,2025-03-23 23:00:00,12.2,6.0,-0.20000000000000107
NH17 Crossing Boko,Kamrup Metropolitan,25.9775,91.23416667,2025-03-23 17:15:00,3,82,50.2,50.2,150.60000000000002,301.20000000000005,12.4,0.0,12.4,12.5,0.25,170,2025-03-23 23:15:00,2025-03-23 23:15:00,12.2,6.0,-0.20000000000000107
NH17 Crossing Boko,Kamrup Metropolitan,25.9775,91.23416667,2025-03-23 17:30:00,3,82,50.2,50.2,150.60000000000002,301.20000000000005,12.4,0.0,12.4,12.5,0.25,170,2025-03-23 23:30:00,2025-03-23 23:30:00,12.2,6.0,-0.20000000000000107
NH17 Crossing Boko,Kamrup Metropolitan,25.9775,91.23416667,2025-03-23 17:45:00,3,82,50.2,50.2,150.60000000000002,301.20000000000005,12.4,0.0,12.4,12.4,0.25,170,2025-03-23 23:45:00,2025-03-23 23:45:00,12.2,6.0,-0.20000000000000107
NH17 Crossing Boko,Kamrup Metropolitan,25.9775,91.23416667,2025-03-23 18:00:00,3,82,50.2,50.2,150.60000000000002,301.20000000000005,12.4,0.0,12.4,12.4,0.25,170,2025-03-24 00:00:00,2025-03-24 00:00:00,12.2,6.0,-0.20000000000000107
NH17 Crossing Boko,Kamrup Metropolitan,25.9775,91.23416667,2025-03-23 18:15:00,3,82,50.2,50.2,150.60000000000002,301.20000000000005,12.4,0.0,12.4,12.4,0.25,170,2025-03-24 00:15:00,2025-03-24 00:15:00,12.2,6.0,-0.20000000000000107
NH17 Crossing Boko,Kamrup Metropolitan,25.9775,91.23416667,2025-03-23 18:30:00,3,82,50.2,50.2,150.60000000000002,301.20000000000005,12.4,0.0,12.4,12.4,0.25,170,2025-03-24 00:30:00,2025-03-24 00:30:00,12.2,6.0,-0.20000000000000107
NH17 Crossing Boko,Kamrup Metropolitan,25.9775,91.23416667,2025-03-23 18:45:00,3,82,50.2,50.2,150.60000000000002,301.20000000000005,12.4,0.0,12.4,12.4,0.25,170,2025-03-24 00:45:00,2025-03-24 00:45:00,12.2,6.0,-0.20000000000000107
NH17 Crossing Boko,Kamrup Metropolitan,25.9775,91.23416667,2025-03-23 19:00:00,3,82,50.2,50.2,150.60000000000002,301.20000000000005,12.3,-0.0999999999999996,12.366666666666672,12.4,0.25,170,2025-03-24 01:00:00,2025-03-24 01:00:00,12.2,6.0,-0.10000000000000142
NH17 Crossing Boko,Kamrup Metropolitan,25.9775,91.23416667,2025-03-23 19:15:00,3,82,50.2,50.2,150.60000000000002,301.20000000000005,12.2,-0.1000000000000014,12.300000000000004,12.4,0.25,170,2025-03-24 01:15:00,2025-03-24 01:00:00,12.2,5.75,0.0
NH17 Crossing Boko,Kamrup Metropolitan,25.9775,91.23416667,2025-03-23 19:30:00,3,82,50.2,50.2,150.60000000000002,301.20000000000005,12.3,0.1000000000000014,12.266666666666673,12.4,0.25,170,2025-03-24 01:30:00,2025-03-24 01:30:00,12.2,6.0,-0.10000000000000142
NH17 Crossing Boko,Kamrup Metropolitan,25.9775,91.23416667,2025-03-23 19:45:00,3,82,50.2,50.2,150.60000000000002,301.20000000000005,12.3,0.0,12.266666666666673,12.4,0.25,170,2025-03-24 01:45:00,2025-03-24 01:45:00,12.2,6.0,-0.10000000000000142
NH17 Crossing Boko,Kamrup Metropolitan,25.9775,91.23416667,2025-03-23 20:00:00,3,82,50.2,50.2,150.60000000000002,301.20000000000005,12.2,-0.1000000000000014,12.266666666666673,12.4,0.25,170,2025-03-24 02:00:00,2025-03-24 02:00:00,12.1,6.0,-0.09999999999999964
NH17 Crossing Boko,Kamrup Metropolitan,25.9775,91.23416667,2025-03-23 20:15:00,3,82,50.2,50.2,150.60000000000002,301.20000000000005,12.2,0.0,12.233333333333336,12.3,0.25,170,2025-03-24 02:15:00,2025-03-24 02:15:00,12.1,6.0,-0.09999999999999964
NH17 Crossing Boko,Kamrup Metropolitan,25.9775,91.23416667,2025-03-23 20:30:00,3,82,50.2,50.2,150.60000000000002,301.20000000000005,12.2,0.0,12.2,12.3,0.25,170,2025-03-24 02:30:00,2025-03-24 02:30:00,12.1,6.0,-0.09999999999999964
NH17 Crossing Boko,Kamrup Metropolitan,25.9775,91.23416667,2025-03-23 20:45:00,3,82,50.2,50.2,150.60000000000002,301.20000000000005,12.2,0.0,12.2,12.3,0.25,170,2025-03-24 02:45:00,2025-03-24 02:45:00,12.1,6.0,-0.09999999999999964
NH17 Crossing Boko,Kamrup Metropolitan,25.9775,91.23416667,2025-03-23 21:00:00,3,82,50.2,50.2,150.60000000000002,301.20000000000005,12.2,0.0,12.2,12.3,0.25,170,2025-03-24 03:00:00,2025-03-24 03:00:00,12.1,6.0,-0.09999999999999964
NH17 Crossing Boko,Kamrup Metropolitan,25.9775,91.23416667,2025-03-23 21:15:00,3,82,50.2,50.2,150.60000000000002,301.20000000000005,12.2,0.0,12.2,12.2,0.25,170,2025-03-24 03:15:00,2025-03-24 03:15:00,12.1,6.0,-0.09999999999999964
NH17 Crossing Boko,Kamrup Metropolitan,25.9775,91.23416667,2025-03-23 21:30:00,3,82,50.2,50.2,150.60000000000002,301.20000000000005,12.3,0.1000000000000014,12.23333333333334,12.3,0.25,170,2025-03-24 03:30:00,2025-03-24 03:30:00,12.1,6.0,-0.20000000000000107
NH17 Crossing Boko,Kamrup Metropolitan,25.9775,91.23416667,2025-03-23 21:45:00,3,82,50.2,50.2,150.60000000000002,301.20000000000005,12.2,-0.1000000000000014,12.233333333333336,12.3,0.25,170,2025-03-24 03:45:00,2025-03-24 03:45:00,12.1,6.0,-0.09999999999999964
NH17 Crossing Boko,Kamrup Metropolitan,25.9775,91.23416667,2025-03-23 22:00:00,3,82,50.2,50.2,150.60000000000002,301.20000000000005,12.2,0.0,12.23333333333334,12.3,0.25,170,2025-03-24 04:00:00,2025-03-24 04:00:00,12.1,6.0,-0.09999999999999964
NH17 Crossing Boko,Kamrup Metropolitan,25.9775,91.23416667,2025-03-23 22:15:00,3,82,50.2,50.2,150.60000000000002,301.20000000000005,12.2,0.0,12.2,12.3,0.25,170,2025-03-24 04:15:00,2025-03-24 04:15:00,12.1,6.0,-0.09999999999999964
NH17 Crossing Boko,Kamrup Metropolitan,25.9775,91.23416667,2025-03-23 22:30:00,3,82,50.2,50.2,150.60000000000002,301.20000000000005,12.2,0.0,12.2,12.3,0.25,170,2025-03-24 04:30:00,2025-03-24 04:30:00,12.1,6.0,-0.09999999999999964
NH17 Crossing Boko,Kamrup Metropolitan,25.9775,91.23416667,2025-03-23 22:45:00,3,82,50.2,50.2,150.60000000000002,301.20000000000005,12.2,0.0,12.2,12.3,0.25,170,2025-03-24 04:45:00,2025-03-24 04:45:00,12.1,6.0,-0.09999999999999964
NH17 Crossing Boko,Kamrup Metropolitan,25.9775,91.23416667,2025-03-23 23:00:00,3,82,50.2,50.2,150.60000000000002,301.20000000000005,12.2,0.0,12.2,12.2,0.25,170,2025-03-24 05:00:00,2025-03-24 05:00:00,12.1,6.0,-0.09999999999999964
NH17 Crossing Boko,Kamrup Metropolitan,25.9775,91.23416667,2025-03-23 23:15:00,3,82,50.2,50.2,150.60000000000002,301.20000000000005,12.2,0.0,12.2,12.2,0.25,170,2025-03-24 05:15:00,2025-03-24 05:15:00,12.1,6.0,-0.09999999999999964
NH17 Crossing Boko,Kamrup Metropolitan,25.9775,91.23416667,2025-03-23 23:30:00,3,82,50.2,50.2,150.60000000000002,301.20000000000005,12.2,0.0,12.2,12.2,0.25,170,2025-03-24 05:30:00,2025-03-24 05:30:00,12.1,6.0,-0.09999999999999964
NH17 Crossing Boko,Kamrup Metropolitan,25.9775,91.23416667,2025-03-23 23:45:00,3,82,50.2,50.2,150.60000000000002,301.20000000000005,12.2,0.0,12.2,12.2,0.25,170,2025-03-24 05:45:00,2025-03-24 05:45:00,12.2,6.0,0.0
NH17 Crossing Boko,Kamrup Metropolitan,25.9775,91.23416667,2025-03-24 00:00:00,3,83,50.2,50.2,150.60000000000002,301.20000000000005,12.2,0.0,12.2,12.2,0.25,170,2025-03-24 06:00:00,2025-03-24 06:00:00,12.1,6.0,-0.09999999999999964
NH17 Crossing Boko,Kamrup Metropolitan,25.9775,91.23416667,2025-03-24 00:15:00,3,83,50.2,50.2,150.60000000000002,301.20000000000005,12.2,0.0,12.2,12.2,0.25,170,2025-03-24 06:15:00,2025-03-24 06:15:00,12.1,6.0,-0.09999999999999964
NH17 Crossing Boko,Kamrup Metropolitan,25.9775,91.23416667,2025-03-24 00:30:00,3,83,50.2,50.2,150.60000000000002,301.20000000000005,12.2,0.0,12.2,12.2,0.25,170,2025-03-24 06:30:00,2025-03-24 06:30:00,12.1,6.0,-0.09999999999999964
NH17 Crossing Boko,Kamrup Metropolitan,25.9775,91.23416667,2025-03-24 00:45:00,3,83,50.2,50.2,150.60000000000002,301.20000000000005,12.2,0.0,12.2,12.2,0.25,170,2025-03-24 06:45:00,2025-03-24 06:45:00,12.1,6.0,-0.09999999999999964
NH17 Crossing Boko,Kamrup Metropolitan,25.9775,91.23416667,2025-03-24 01:00:00,3,83,50.2,50.2,150.60000000000002,301.20000000000005,12.2,0.0,12.2,12.2,0.25,170,2025-03-24 07:00:00,2025-03-24 07:00:00,12.1,6.0,-0.09999999999999964
NH17 Crossing Boko,Kamrup Metropolitan,25.9775,91.23416667,2025-03-24 01:30:00,3,83,50.2,50.2,150.60000000000002,301.20000000000005,12.2,0.0,12.2,12.2,0.5,170,2025-03-24 07:30:00,2025-03-24 07:30:00,12.1,6.0,-0.09999999999999964
NH17 Crossing Boko,Kamrup Metropolitan,25.9775,91.23416667,2025-03-24 01:45:00,3,83,50.2,50.2,150.60000000000002,301.20000000000005,12.2,0.0,12.2,12.2,0.25,170,2025-03-24 07:45:00,2025-03-24 07:45:00,12.1,6.0,-0.09999999999999964
NH17 Crossing Boko,Kamrup Metropolitan,25.9775,91.23416667,2025-03-24 02:00:00,3,83,50.2,50.2,150.60000000000002,301.20000000000005,12.1,-0.0999999999999996,12.166666666666671,12.2,0.25,170,2025-03-24 08:00:00,2025-03-24 08:00:00,12.2,6.0,0.09999999999999964
NH17 Crossing Boko,Kamrup Metropolitan,25.9775,91.23416667,2025-03-24 02:15:00,3,83,50.2,50.2,150.60000000000002,301.20000000000005,12.1,0.0,12.133333333333338,12.2,0.25,170,2025-03-24 08:15:00,2025-03-24 08:15:00,12.2,6.0,0.09999999999999964
NH17 Crossing Boko,Kamrup Metropolitan,25.9775,91.23416667,2025-03-24 02:30:00,3,83,50.2,50.2,150.60000000000002,301.20000000000005,12.1,0.0,12.1,12.2,0.25,170,2025-03-24 08:30:00,2025-03-24 08:30:00,12.3,6.0,0.20000000000000107
NH17 Crossing Boko,Kamrup Metropolitan,25.9775,91.23416667,2025-03-24 02:45:00,3,83,50.2,50.2,150.60000000000002,301.20000000000005,12.1,0.0,12.1,12.2,0.25,170,2025-03-24 08:45:00,2025-03-24 08:45:00,12.3,6.0,0.20000000000000107
NH17 Crossing Boko,Kamrup Metropolitan,25.9775,91.23416667,2025-03-24 03:00:00,3,83,50.2,50.2,150.60000000000002,301.20000000000005,12.1,0.0,12.1,12.2,0.25,170,2025-03-24 09:00:00,2025-03-24 09:00:00,12.3,6.0,0.20000000000000107
NH17 Crossing Boko,Kamrup Metropolitan,25.9775,91.23416667,2025-03-24 03:15:00,3,83,50.2,50.2,150.60000000000002,301.20000000000005,12.1,0.0,12.1,12.1,0.25,170,2025-03-24 09:15:00,2025-03-24 09:15:00,12.4,6.0,0.3000000000000007
NH17 Crossing Boko,Kamrup Metropolitan,25.9775,91.23416667,2025-03-24 03:30:00,3,83,50.2,50.2,150.60000000000002,301.20000000000005,12.1,0.0,12.1,12.1,0.25,170,2025-03-24 09:30:00,2025-03-24 09:30:00,12.4,6.0,0.3000000000000007
NH17 Crossing Boko,Kamrup Metropolitan,25.9775,91.23416667,2025-03-24 03:45:00,3,83,50.2,50.2,150.60000000000002,301.20000000000005,12.1,0.0,12.1,12.1,0.25,170,2025-03-24 09:45:00,2025-03-24 09:45:00,12.4,6.0,0.3000000000000007
NH17 Crossing Boko,Kamrup Metropolitan,25.9775,91.23416667,2025-03-24 04:00:00,3,83,50.2,50.2,150.60000000000002,301.20000000000005,12.1,0.0,12.1,12.1,0.25,170,2025-03-24 10:00:00,2025-03-24 10:00:00,12.4,6.0,0.3000000000000007
NH17 Crossing Boko,Kamrup Metropolitan,25.9775,91.23416667,2025-03-24 04:15:00,3,83,50.2,50.2,150.60000000000002,301.20000000000005,12.1,0.0,12.1,12.1,0.25,170,2025-03-24 10:15:00,2025-03-24 10:15:00,12.4,6.0,0.3000000000000007
NH17 Crossing Boko,Kamrup Metropolitan,25.9775,91.23416667,2025-03-24 04:30:00,3,83,50.2,50.2,150.60000000000002,301.20000000000005,12.1,0.0,12.1,12.1,0.25,170,2025-03-24 10:30:00,2025-03-24 10:30:00,12.4,6.0,0.3000000000000007
NH17 Crossing Boko,Kamrup Metropolitan,25.9775,91.23416667,2025-03-24 04:45:00,3,83,50.2,50.2,150.60000000000002,301.20000000000005,12.1,0.0,12.1,12.1,0.25,170,2025-03-24 10:45:00,2025-03-24 10:45:00,12.4,6.0,0.3000000000000007
NH17 Crossing Boko,Kamrup Metropolitan,25.9775,91.23416667,2025-03-24 05:00:00,3,83,50.2,50.2,150.60000000000002,301.20000000000005,12.1,0.0,12.1,12.1,0.25,170,2025-03-24 11:00:00,2025-03-24 11:00:00,12.4,6.0,0.3000000000000007
NH17 Crossing Boko,Kamrup Metropolitan,25.9775,91.23416667,2025-03-24 05:15:00,3,83,50.2,50.2,150.60000000000002,301.20000000000005,12.1,0.0,12.1,12.1,0.25,170,2025-03-24 11:15:00,2025-03-24 11:15:00,12.5,6.0,0.40000000000000036
NH17 Crossing Boko,Kamrup Metropolitan,25.9775,91.23416667,2025-03-24 05:30:00,3,83,50.2,50.2,150.60000000000002,301.20000000000005,12.1,0.0,12.1,12.1,0.25,170,2025-03-24 11:30:00,2025-03-24 11:30:00,12.4,6.0,0.3000000000000007
NH17 Crossing Boko,Kamrup Metropolitan,25.9775,91.23416667,2025-03-24 05:45:00,3,83,50.2,50.2,150.60000000000002,301.20000000000005,12.2,0.0999999999999996,12.133333333333338,12.2,0.25,170,2025-03-24 11:45:00,2025-03-24 11:45:00,12.5,6.0,0.3000000000000007
NH17 Crossing Boko,Kamrup Metropolitan,25.9775,91.23416667,2025-03-24 06:00:00,3,83,50.2,50.2,150.60000000000002,301.20000000000005,12.1,-0.0999999999999996,12.133333333333338,12.2,0.25,170,2025-03-24 12:00:00,2025-03-24 12:00:00,12.5,6.0,0.40000000000000036
NH17 Crossing Boko,Kamrup Metropolitan,25.9775,91.23416667,2025-03-24 06:15:00,3,83,50.2,50.2,150.60000000000002,301.20000000000005,12.1,0.0,12.133333333333338,12.2,0.25,170,2025-03-24 12:15:00,2025-03-24 12:15:00,12.5,6.0,0.40000000000000036
NH17 Crossing Boko,Kamrup Metropolitan,25.9775,91.23416667,2025-03-24 06:30:00,3,83,50.2,50.2,150.60000000000002,301.20000000000005,12.1,0.0,12.1,12.2,0.25,170,2025-03-24 12:30:00,2025-03-24 12:30:00,12.5,6.0,0.40000000000000036
NH17 Crossing Boko,Kamrup Metropolitan,25.9775,91.23416667,2025-03-24 06:45:00,3,83,50.2,50.2,150.60000000000002,301.20000000000005,12.1,0.0,12.1,12.2,0.25,170,2025-03-24 12:45:00,2025-03-24 12:45:00,12.6,6.0,0.5
NH17 Crossing Boko,Kamrup Metropolitan,25.9775,91.23416667,2025-03-24 07:00:00,3,83,50.2,50.2,150.60000000000002,301.20000000000005,12.1,0.0,12.1,12.2,0.25,170,2025-03-24 13:00:00,2025-03-24 13:00:00,12.6,6.0,0.5
NH17 Crossing Boko,Kamrup Metropolitan,25.9775,91.23416667,2025-03-24 07:15:00,3,83,50.2,50.2,150.60000000000002,301.20000000000005,12.1,0.0,12.1,12.1,0.25,170,2025-03-24 13:15:00,2025-03-24 13:15:00,12.6,6.0,0.5
NH17 Crossing Boko,Kamrup Metropolitan,25.9775,91.23416667,2025-03-24 07:30:00,3,83,50.2,50.2,150.60000000000002,301.20000000000005,12.1,0.0,12.1,12.1,0.25,170,2025-03-24 13:30:00,2025-03-24 13:30:00,12.6,6.0,0.5
NH17 Crossing Boko,Kamrup Metropolitan,25.9775,91.23416667,2025-03-24 07:45:00,3,83,50.2,50.2,150.60000000000002,301.20000000000005,12.1,0.0,12.1,12.1,0.25,170,2025-03-24 13:45:00,2025-03-24 13:45:00,12.6,6.0,0.5
NH17 Crossing Boko,Kamrup Metropolitan,25.9775,91.23416667,2025-03-24 08:00:00,3,83,50.2,50.2,150.60000000000002,301.20000000000005,12.2,0.0999999999999996,12.133333333333338,12.2,0.25,170,2025-03-24 14:00:00,2025-03-24 14:00:00,12.7,6.0,0.5
NH17 Crossing Boko,Kamrup Metropolitan,25.9775,91.23416667,2025-03-24 08:15:00,3,83,50.2,50.2,150.60000000000002,301.20000000000005,12.2,0.0,12.166666666666671,12.2,0.25,170,2025-03-24 14:15:00,2025-03-24 14:15:00,12.7,6.0,0.5
NH17 Crossing Boko,Kamrup Metropolitan,25.9775,91.23416667,2025-03-24 08:30:00,3,83,50.2,50.2,150.60000000000002,301.20000000000005,12.3,0.1000000000000014,12.23333333333334,12.3,0.25,170,2025-03-24 14:30:00,2025-03-24 14:30:00,12.6,6.0,0.29999999999999893
NH17 Crossing Boko,Kamrup Metropolitan,25.9775,91.23416667,2025-03-24 08:45:00,3,83,50.2,50.2,150.60000000000002,301.20000000000005,12.3,0.0,12.266666666666673,12.3,0.25,170,2025-03-24 14:45:00,2025-03-24 14:45:00,12.6,6.0,0.29999999999999893
NH17 Crossing Boko,Kamrup Metropolitan,25.9775,91.23416667,2025-03-24 09:00:00,3,83,50.2,50.2,150.60000000000002,301.20000000000005,12.3,0.0,12.3,12.3,0.25,170,2025-03-24 15:00:00,2025-03-24 15:00:00,12.6,6.0,0.29999999999999893
NH17 Crossing Boko,Kamrup Metropolitan,25.9775,91.23416667,2025-03-24 09:15:00,3,83,50.2,50.2,150.60000000000002,301.20000000000005,12.4,0.0999999999999996,12.333333333333336,12.4,0.25,170,2025-03-24 15:15:00,2025-03-24 15:15:00,12.5,6.0,0.09999999999999964
NH17 Crossing Boko,Kamrup Metropolitan,25.9775,91.23416667,2025-03-24 09:30:00,3,83,50.2,50.2,150.60000000000002,301.20000000000005,12.4,0.0,12.366666666666672,12.4,0.25,170,2025-03-24 15:30:00,2025-03-24 15:30:00,12.5,6.0,0.09999999999999964
NH17 Crossing Boko,Kamrup Metropolitan,25.9775,91.23416667,2025-03-24 09:45:00,3,83,50.2,50.2,150.60000000000002,301.20000000000005,12.4,0.0,12.4,12.4,0.25,170,2025-03-24 15:45:00,2025-03-24 15:45:00,12.5,6.0,0.09999999999999964
NH17 Crossing Boko,Kamrup Metropolitan,25.9775,91.23416667,2025-03-24 10:00:00,3,83,50.2,50.2,150.60000000000002,301.20000000000005,12.4,0.0,12.4,12.4,0.25,170,2025-03-24 16:00:00,2025-03-24 16:00:00,12.5,6.0,0.09999999999999964
NH17 Crossing Boko,Kamrup Metropolitan,25.9775,91.23416667,2025-03-24 10:15:00,3,83,50.2,50.2,150.60000000000002,301.20000000000005,12.4,0.0,12.4,12.4,0.25,170,2025-03-24 16:15:00,2025-03-24 16:15:00,12.5,6.0,0.09999999999999964
NH17 Crossing Boko,Kamrup Metropolitan,25.9775,91.23416667,2025-03-24 10:30:00,3,83,50.2,50.2,150.60000000000002,301.20000000000005,12.4,0.0,12.4,12.4,0.25,170,2025-03-24 16:30:00,2025-03-24 16:30:00,12.5,6.0,0.09999999999999964
NH17 Crossing Boko,Kamrup Metropolitan,25.9775,91.23416667,2025-03-24 10:45:00,3,83,50.2,50.2,150.60000000000002,301.20000000000005,12.4,0.0,12.4,12.4,0.25,170,2025-03-24 16:45:00,2025-03-24 16:45:00,12.4,6.0,0.0
NH17 Crossing Boko,Kamrup Metropolitan,25.9775,91.23416667,2025-03-24 11:00:00,3,83,50.2,50.2,150.60000000000002,301.20000000000005,12.4,0.0,12.4,12.4,0.25,170,2025-03-24 17:00:00,2025-03-24 17:00:00,12.4,6.0,0.0
NH17 Crossing Boko,Kamrup Metropolitan,25.9775,91.23416667,2025-03-24 11:15:00,3,83,50.2,50.2,150.60000000000002,301.20000000000005,12.5,0.0999999999999996,12.433333333333335,12.5,0.25,170,2025-03-24 17:15:00,2025-03-24 17:15:00,12.4,6.0,-0.09999999999999964
NH17 Crossing Boko,Kamrup Metropolitan,25.9775,91.23416667,2025-03-24 11:30:00,3,83,50.2,50.2,150.60000000000002,301.20000000000005,12.4,-0.0999999999999996,12.43333333333334,12.5,0.25,170,2025-03-24 17:30:00,2025-03-24 17:30:00,12.4,6.0,0.0
NH17 Crossing Boko,Kamrup Metropolitan,25.9775,91.23416667,2025-03-24 11:45:00,3,83,50.2,50.2,150.60000000000002,301.20000000000005,12.5,0.0999999999999996,12.46666666666667,12.5,0.25,170,2025-03-24 17:45:00,2025-03-24 17:45:00,12.4,6.0,-0.09999999999999964
NH17 Crossing Boko,Kamrup Metropolitan,25.9775,91.23416667,2025-03-24 12:00:00,3,83,50.2,50.2,150.60000000000002,301.20000000000005,12.5,0.0,12.46666666666667,12.5,0.25,170,2025-03-24 18:00:00,2025-03-24 18:00:00,12.4,6.0,-0.09999999999999964
NH17 Crossing Boko,Kamrup Metropolitan,25.9775,91.23416667,2025-03-24 12:15:00,3,83,50.2,50.2,150.60000000000002,301.20000000000005,12.5,0.0,12.5,12.5,0.25,170,2025-03-24 18:15:00,2025-03-24 18:15:00,12.3,6.0,-0.1999999999999993
NH17 Crossing Boko,Kamrup Metropolitan,25.9775,91.23416667,2025-03-24 12:30:00,3,83,50.2,50.2,150.60000000000002,301.20000000000005,12.5,0.0,12.5,12.5,0.25,170,2025-03-24 18:30:00,2025-03-24 18:30:00,12.2,6.0,-0.3000000000000007
NH17 Crossing Boko,Kamrup Metropolitan,25.9775,91.23416667,2025-03-24 12:45:00,3,83,50.2,50.2,150.60000000000002,301.20000000000005,12.6,0.0999999999999996,12.53333333333334,12.6,0.25,170,2025-03-24 18:45:00,2025-03-24 18:45:00,12.3,6.0,-0.29999999999999893
NH17 Crossing Boko,Kamrup Metropolitan,25.9775,91.23416667,2025-03-24 13:00:00,3,83,50.2,50.2,150.60000000000002,301.20000000000005,12.6,0.0,12.566666666666672,12.6,0.25,170,2025-03-24 19:00:00,2025-03-24 19:00:00,12.2,6.0,-0.40000000000000036
NH17 Crossing Boko,Kamrup Metropolitan,25.9775,91.23416667,2025-03-24 13:15:00,3,83,50.2,50.2,150.60000000000002,301.20000000000005,12.6,0.0,12.6,12.6,0.25,170,2025-03-24 19:15:00,2025-03-24 19:15:00,12.3,6.0,-0.29999999999999893
NH17 Crossing Boko,Kamrup Metropolitan,25.9775,91.23416667,2025-03-24 13:30:00,3,83,50.2,50.2,150.60000000000002,301.20000000000005,12.6,0.0,12.6,12.6,0.25,170,2025-03-24 19:30:00,2025-03-24 19:30:00,12.3,6.0,-0.29999999999999893
NH17 Crossing Boko,Kamrup Metropolitan,25.9775,91.23416667,2025-03-24 13:45:00,3,83,50.2,50.2,150.60000000000002,301.20000000000005,12.6,0.0,12.6,12.6,0.25,170,2025-03-24 19:45:00,2025-03-24 19:45:00,12.2,6.0,-0.40000000000000036
NH17 Crossing Boko,Kamrup Metropolitan,25.9775,91.23416667,2025-03-24 14:00:00,3,83,50.2,50.2,150.60000000000002,301.20000000000005,12.7,0.0999999999999996,12.633333333333338,12.7,0.25,170,2025-03-24 20:00:00,2025-03-24 19:45:00,12.2,5.75,-0.5
NH17 Crossing Boko,Kamrup Metropolitan,25.9775,91.23416667,2025-03-24 14:15:00,3,83,50.2,50.2,150.60000000000002,301.20000000000005,12.7,0.0,12.666666666666671,12.7,0.25,170,2025-03-24 20:15:00,2025-03-24 20:30:00,12.2,6.25,-0.5
NH17 Crossing Boko,Kamrup Metropolitan,25.9775,91.23416667,2025-03-24 14:30:00,3,83,50.2,50.2,150.60000000000002,301.20000000000005,12.6,-0.0999999999999996,12.666666666666671,12.7,0.25,170,2025-03-24 20:30:00,2025-03-24 20:30:00,12.2,6.0,-0.40000000000000036
NH17 Crossing Boko,Kamrup Metropolitan,25.9775,91.23416667,2025-03-24 14:45:00,3,83,50.2,50.2,150.60000000000002,301.20000000000005,12.6,0.0,12.633333333333338,12.7,0.25,170,2025-03-24 20:45:00,2025-03-24 20:45:00,12.2,6.0,-0.40000000000000036
NH17 Crossing Boko,Kamrup Metropolitan,25.9775,91.23416667,2025-03-24 15:00:00,3,83,50.2,50.2,150.60000000000002,301.20000000000005,12.6,0.0,12.6,12.7,0.25,170,2025-03-24 21:00:00,2025-03-24 21:00:00,12.2,6.0,-0.40000000000000036
NH17 Crossing Boko,Kamrup Metropolitan,25.9775,91.23416667,2025-03-24 15:15:00,3,83,50.2,50.2,150.60000000000002,301.20000000000005,12.5,-0.0999999999999996,12.56666666666667,12.7,0.25,170,2025-03-24 21:15:00,2025-03-24 21:15:00,12.2,6.0,-0.3000000000000007
NH17 Crossing Boko,Kamrup Metropolitan,25.9775,91.23416667,2025-03-24 15:30:00,3,83,50.2,50.2,150.60000000000002,301.20000000000005,12.5,0.0,12.53333333333334,12.7,0.25,170,2025-03-24 21:30:00,2025-03-24 21:30:00,12.2,6.0,-0.3000000000000007
NH17 Crossing Boko,Kamrup Metropolitan,25.9775,91.23416667,2025-03-24 15:45:00,3,83,50.2,50.2,150.60000000000002,301.20000000000005,12.5,0.0,12.5,12.6,0.25,170,2025-03-24 21:45:00,2025-03-24 21:45:00,12.2,6.0,-0.3000000000000007
NH17 Crossing Boko,Kamrup Metropolitan,25.9775,91.23416667,2025-03-24 16:00:00,3,83,50.2,50.2,150.60000000000002,301.20000000000005,12.5,0.0,12.5,12.6,0.25,170,2025-03-24 22:00:00,2025-03-24 22:00:00,12.2,6.0,-0.3000000000000007
NH17 Crossing Boko,Kamrup Metropolitan,25.9775,91.23416667,2025-03-24 16:15:00,3,83,50.2,50.2,150.60000000000002,301.20000000000005,12.5,0.0,12.5,12.6,0.25,170,2025-03-24 22:15:00,2025-03-24 22:15:00,12.2,6.0,-0.3000000000000007
NH17 Crossing Boko,Kamrup Metropolitan,25.9775,91.23416667,2025-03-24 16:30:00,3,83,50.2,50.2,150.60000000000002,301.20000000000005,12.5,0.0,12.5,12.5,0.25,170,2025-03-24 22:30:00,2025-03-24 22:30:00,12.2,6.0,-0.3000000000000007
NH17 Crossing Boko,Kamrup Metropolitan,25.9775,91.23416667,2025-03-24 16:45:00,3,83,50.2,50.2,150.60000000000002,301.20000000000005,12.4,-0.0999999999999996,12.46666666666667,12.5,0.25,170,2025-03-24 22:45:00,2025-03-24 22:45:00,12.2,6.0,-0.20000000000000107
NH17 Crossing Boko,Kamrup Metropolitan,25.9775,91.23416667,2025-03-24 17:00:00,3,83,50.2,50.2,150.60000000000002,301.20000000000005,12.4,0.0,12.433333333333335,12.5,0.25,170,2025-03-24 23:00:00,2025-03-24 23:00:00,12.1,6.0,-0.3000000000000007
NH17 Crossing Boko,Kamrup Metropolitan,25.9775,91.23416667,2025-03-24 17:15:00,3,83,50.2,50.2,150.60000000000002,301.20000000000005,12.4,0.0,12.4,12.5,0.25,170,2025-03-24 23:15:00,2025-03-24 23:15:00,12.1,6.0,-0.3000000000000007
NH17 Crossing Boko,Kamrup Metropolitan,25.9775,91.23416667,2025-03-24 17:30:00,3,83,50.2,50.2,150.60000000000002,301.20000000000005,12.4,0.0,12.4,12.5,0.25,170,2025-03-24 23:30:00,2025-03-24 23:15:00,12.1,5.75,-0.3000000000000007
NH17 Crossing Boko,Kamrup Metropolitan,25.9775,91.23416667,2025-03-24 17:45:00,3,83,50.2,50.2,150.60000000000002,301.20000000000005,12.4,0.0,12.4,12.5,0.25,170,2025-03-24 23:45:00,2025-03-24 23:45:00,12.1,6.0,-0.3000000000000007
NH17 Crossing Boko,Kamrup Metropolitan,25.9775,91.23416667,2025-03-24 18:00:00,3,83,50.2,50.2,150.60000000000002,301.20000000000005,12.4,0.0,12.4,12.4,0.25,170,2025-03-25 00:00:00,2025-03-25 00:00:00,12.1,6.0,-0.3000000000000007
NH17 Crossing Boko,Kamrup Metropolitan,25.9775,91.23416667,2025-03-24 18:15:00,3,83,50.2,50.2,150.60000000000002,301.20000000000005,12.3,-0.0999999999999996,12.366666666666672,12.4,0.25,170,2025-03-25 00:15:00,2025-03-25 00:15:00,12.1,6.0,-0.20000000000000107
NH17 Crossing Boko,Kamrup Metropolitan,25.9775,91.23416667,2025-03-24 18:30:00,3,83,50.2,50.2,150.60000000000002,301.20000000000005,12.2,-0.1000000000000014,12.300000000000004,12.4,0.25,170,2025-03-25 00:30:00,2025-03-25 00:30:00,12.2,6.0,0.0
NH17 Crossing Boko,Kamrup Metropolitan,25.9775,91.23416667,2025-03-24 18:45:00,3,83,50.2,50.2,150.60000000000002,301.20000000000005,12.3,0.1000000000000014,12.266666666666673,12.4,0.25,170,2025-03-25 00:45:00,2025-03-25 00:45:00,12.1,6.0,-0.20000000000000107
NH17 Crossing Boko,Kamrup Metropolitan,25.9775,91.23416667,2025-03-24 19:00:00,3,83,50.2,50.2,150.60000000000002,301.20000000000005,12.2,-0.1000000000000014,12.233333333333336,12.4,0.25,170,2025-03-25 01:00:00,2025-03-25 01:00:00,12.1,6.0,-0.09999999999999964
NH17 Crossing Boko,Kamrup Metropolitan,25.9775,91.23416667,2025-03-24 19:15:00,3,83,50.2,50.2,150.60000000000002,301.20000000000005,12.3,0.1000000000000014,12.266666666666673,12.4,0.25,170,2025-03-25 01:15:00,2025-03-25 01:15:00,12.1,6.0,-0.20000000000000107
NH17 Crossing Boko,Kamrup Metropolitan,25.9775,91.23416667,2025-03-24 19:30:00,3,83,50.2,50.2,150.60000000000002,301.20000000000005,12.3,0.0,12.266666666666673,12.3,0.25,170,2025-03-25 01:30:00,2025-03-25 01:30:00,12.1,6.0,-0.20000000000000107
NH17 Crossing Boko,Kamrup Metropolitan,25.9775,91.23416667,2025-03-24 19:45:00,3,83,50.2,50.2,150.60000000000002,301.20000000000005,12.2,-0.1000000000000014,12.266666666666673,12.3,0.25,170,2025-03-25 01:45:00,2025-03-25 01:45:00,12.1,6.0,-0.09999999999999964
NH17 Crossing Boko,Kamrup Metropolitan,25.9775,91.23416667,2025-03-24 20:30:00,3,83,50.2,50.2,150.60000000000002,301.20000000000005,12.2,0.0,12.233333333333336,12.3,0.75,170,2025-03-25 02:30:00,2025-03-25 02:30:00,12.1,6.0,-0.09999999999999964
NH17 Crossing Boko,Kamrup Metropolitan,25.9775,91.23416667,2025-03-24 20:45:00,3,83,50.2,50.2,150.60000000000002,301.20000000000005,12.2,0.0,12.2,12.3,0.25,170,2025-03-25 02:45:00,2025-03-25 02:45:00,12.1,6.0,-0.09999999999999964
NH17 Crossing Boko,Kamrup Metropolitan,25.9775,91.23416667,2025-03-24 21:00:00,3,83,50.2,50.2,150.60000000000002,301.20000000000005,12.2,0.0,12.2,12.3,0.25,170,2025-03-25 03:00:00,2025-03-25 03:00:00,12.1,6.0,-0.09999999999999964
NH17 Crossing Boko,Kamrup Metropolitan,25.9775,91.23416667,2025-03-24 21:15:00,3,83,50.2,50.2,150.60000000000002,301.20000000000005,12.2,0.0,12.2,12.3,0.25,170,2025-03-25 03:15:00,2025-03-25 03:15:00,12.1,6.0,-0.09999999999999964
NH17 Crossing Boko,Kamrup Metropolitan,25.9775,91.23416667,2025-03-24 21:30:00,3,83,50.2,50.2,150.60000000000002,301.20000000000005,12.2,0.0,12.2,12.2,0.25,170,2025-03-25 03:30:00,2025-03-25 03:30:00,12.1,6.0,-0.09999999999999964
NH17 Crossing Boko,Kamrup Metropolitan,25.9775,91.23416667,2025-03-24 21:45:00,3,83,50.2,50.2,150.60000000000002,301.20000000000005,12.2,0.0,12.2,12.2,0.25,170,2025-03-25 03:45:00,2025-03-25 03:45:00,12.1,6.0,-0.09999999999999964
NH17 Crossing Boko,Kamrup Metropolitan,25.9775,91.23416667,2025-03-24 22:00:00,3,83,50.2,50.2,150.60000000000002,301.20000000000005,12.2,0.0,12.2,12.2,0.25,170,2025-03-25 04:00:00,2025-03-25 04:00:00,12.1,6.0,-0.09999999999999964
NH17 Crossing Boko,Kamrup Metropolitan,25.9775,91.23416667,2025-03-24 22:15:00,3,83,50.2,50.2,150.60000000000002,301.20000000000005,12.2,0.0,12.2,12.2,0.25,170,2025-03-25 04:15:00,2025-03-25 04:15:00,12.1,6.0,-0.09999999999999964
NH17 Crossing Boko,Kamrup Metropolitan,25.9775,91.23416667,2025-03-24 22:30:00,3,83,50.2,50.2,150.60000000000002,301.20000000000005,12.2,0.0,12.2,12.2,0.25,170,2025-03-25 04:30:00,2025-03-25 04:30:00,12.1,6.0,-0.09999999999999964
NH17 Crossing Boko,Kamrup Metropolitan,25.9775,91.23416667,2025-03-24 22:45:00,3,83,50.2,50.2,150.60000000000002,301.20000000000005,12.2,0.0,12.2,12.2,0.25,170,2025-03-25 04:45:00,2025-03-25 04:45:00,12.1,6.0,-0.09999999999999964
NH17 Crossing Boko,Kamrup Metropolitan,25.9775,91.23416667,2025-03-24 23:00:00,3,83,50.2,50.2,150.60000000000002,301.20000000000005,12.1,-0.0999999999999996,12.166666666666671,12.2,0.25,170,2025-03-25 05:00:00,2025-03-25 05:00:00,12.1,6.0,0.0
NH17 Crossing Boko,Kamrup Metropolitan,25.9775,91.23416667,2025-03-24 23:15:00,3,83,50.2,50.2,150.60000000000002,301.20000000000005,12.1,0.0,12.133333333333338,12.2,0.25,170,2025-03-25 05:15:00,2025-03-25 05:15:00,12.1,6.0,0.0
NH17 Crossing Boko,Kamrup Metropolitan,25.9775,91.23416667,2025-03-24 23:45:00,3,83,50.2,50.2,150.60000000000002,301.20000000000005,12.1,0.0,12.1,12.2,0.5,170,2025-03-25 05:45:00,2025-03-25 05:45:00,12.1,6.0,0.0
NH17 Crossing Boko,Kamrup Metropolitan,25.9775,91.23416667,2025-03-25 00:00:00,3,84,50.2,50.2,150.60000000000002,301.20000000000005,12.1,0.0,12.1,12.2,0.25,170,2025-03-25 06:00:00,2025-03-25 06:00:00,12.1,6.0,0.0
NH17 Crossing Boko,Kamrup Metropolitan,25.9775,91.23416667,2025-03-25 00:15:00,3,84,50.2,50.2,150.60000000000002,301.20000000000005,12.1,0.0,12.1,12.2,0.25,170,2025-03-25 06:15:00,2025-03-25 06:15:00,12.1,6.0,0.0
NH17 Crossing Boko,Kamrup Metropolitan,25.9775,91.23416667,2025-03-25 00:30:00,3,84,50.2,50.2,150.60000000000002,301.20000000000005,12.2,0.0999999999999996,12.133333333333338,12.2,0.25,170,2025-03-25 06:30:00,2025-03-25 06:30:00,12.1,6.0,-0.09999999999999964
NH17 Crossing Boko,Kamrup Metropolitan,25.9775,91.23416667,2025-03-25 00:45:00,3,84,50.2,50.2,150.60000000000002,301.20000000000005,12.1,-0.0999999999999996,12.133333333333338,12.2,0.25,170,2025-03-25 06:45:00,2025-03-25 06:45:00,12.1,6.0,0.0
NH17 Crossing Boko,Kamrup Metropolitan,25.9775,91.23416667,2025-03-25 01:00:00,3,84,50.2,50.2,150.60000000000002,301.20000000000005,12.1,0.0,12.133333333333338,12.2,0.25,170,2025-03-25 07:00:00,2025-03-25 07:00:00,12.2,6.0,0.09999999999999964
NH17 Crossing Boko,Kamrup Metropolitan,25.9775,91.23416667,2025-03-25 01:15:00,3,84,50.2,50.2,150.60000000000002,301.20000000000005,12.1,0.0,12.1,12.2,0.25,170,2025-03-25 07:15:00,2025-03-25 07:15:00,12.1,6.0,0.0
NH17 Crossing Boko,Kamrup Metropolitan,25.9775,91.23416667,2025-03-25 01:30:00,3,84,50.2,50.2,150.60000000000002,301.20000000000005,12.1,0.0,12.1,12.2,0.25,170,2025-03-25 07:30:00,2025-03-25 07:30:00,12.1,6.0,0.0
NH17 Crossing Boko,Kamrup Metropolitan,25.9775,91.23416667,2025-03-25 01:45:00,3,84,50.2,50.2,150.60000000000002,301.20000000000005,12.1,0.0,12.1,12.2,0.25,170,2025-03-25 07:45:00,2025-03-25 07:45:00,12.1,6.0,0.0
NH17 Crossing Boko,Kamrup Metropolitan,25.9775,91.23416667,2025-03-25 02:00:00,3,84,50.2,50.2,150.60000000000002,301.20000000000005,12.1,0.0,12.1,12.1,0.25,170,2025-03-25 08:00:00,2025-03-25 08:00:00,12.1,6.0,0.0
NH17 Crossing Boko,Kamrup Metropolitan,25.9775,91.23416667,2025-03-25 02:15:00,3,84,50.2,50.2,150.60000000000002,301.20000000000005,12.1,0.0,12.1,12.1,0.25,170,2025-03-25 08:15:00,2025-03-25 08:15:00,12.2,6.0,0.09999999999999964
NH17 Crossing Boko,Kamrup Metropolitan,25.9775,91.23416667,2025-03-25 02:30:00,3,84,50.2,50.2,150.60000000000002,301.20000000000005,12.1,0.0,12.1,12.1,0.25,170,2025-03-25 08:30:00,2025-03-25 08:30:00,12.3,6.0,0.20000000000000107
NH17 Crossing Boko,Kamrup Metropolitan,25.9775,91.23416667,2025-03-25 02:45:00,3,84,50.2,50.2,150.60000000000002,301.20000000000005,12.1,0.0,12.1,12.1,0.25,170,2025-03-25 08:45:00,2025-03-25 08:45:00,12.4,6.0,0.3000000000000007
NH17 Crossing Boko,Kamrup Metropolitan,25.9775,91.23416667,2025-03-25 03:00:00,3,84,50.2,50.2,150.60000000000002,301.20000000000005,12.1,0.0,12.1,12.1,0.25,170,2025-03-25 09:00:00,2025-03-25 09:00:00,12.4,6.0,0.3000000000000007
NH17 Crossing Boko,Kamrup Metropolitan,25.9775,91.23416667,2025-03-25 03:15:00,3,84,50.2,50.2,150.60000000000002,301.20000000000005,12.1,0.0,12.1,12.1,0.25,170,2025-03-25 09:15:00,2025-03-25 09:15:00,12.4,6.0,0.3000000000000007
NH17 Crossing Boko,Kamrup Metropolitan,25.9775,91.23416667,2025-03-25 03:30:00,3,84,50.2,50.2,150.60000000000002,301.20000000000005,12.1,0.0,12.1,12.1,0.25,170,2025-03-25 09:30:00,2025-03-25 09:30:00,12.4,6.0,0.3000000000000007
NH17 Crossing Boko,Kamrup Metropolitan,25.9775,91.23416667,2025-03-25 03:45:00,3,84,50.2,50.2,150.60000000000002,301.20000000000005,12.1,0.0,12.1,12.1,0.25,170,2025-03-25 09:45:00,2025-03-25 09:45:00,12.4,6.0,0.3000000000000007
NH17 Crossing Boko,Kamrup Metropolitan,25.9775,91.23416667,2025-03-25 04:00:00,3,84,50.2,50.2,150.60000000000002,301.20000000000005,12.1,0.0,12.1,12.1,0.25,170,2025-03-25 10:00:00,2025-03-25 10:00:00,12.4,6.0,0.3000000000000007
NH17 Crossing Boko,Kamrup Metropolitan,25.9775,91.23416667,2025-03-25 04:15:00,3,84,50.2,50.2,150.60000000000002,301.20000000000005,12.1,0.0,12.1,12.1,0.25,170,2025-03-25 10:15:00,2025-03-25 10:15:00,12.4,6.0,0.3000000000000007
NH17 Crossing Boko,Kamrup Metropolitan,25.9775,91.23416667,2025-03-25 04:30:00,3,84,50.2,50.2,150.60000000000002,301.20000000000005,12.1,0.0,12.1,12.1,0.25,170,2025-03-25 10:30:00,2025-03-25 10:30:00,12.4,6.0,0.3000000000000007
NH17 Crossing Boko,Kamrup Metropolitan,25.9775,91.23416667,2025-03-25 04:45:00,3,84,50.2,50.2,150.60000000000002,301.20000000000005,12.1,0.0,12.1,12.1,0.25,170,2025-03-25 10:45:00,2025-03-25 10:45:00,12.4,6.0,0.3000000000000007
NH17 Crossing Boko,Kamrup Metropolitan,25.9775,91.23416667,2025-03-25 05:00:00,3,84,50.2,50.2,150.60000000000002,301.20000000000005,12.1,0.0,12.1,12.1,0.25,170,2025-03-25 11:00:00,2025-03-25 11:00:00,12.4,6.0,0.3000000000000007
NH17 Crossing Boko,Kamrup Metropolitan,25.9775,91.23416667,2025-03-25 05:15:00,3,84,50.2,50.2,150.60000000000002,301.20000000000005,12.1,0.0,12.1,12.1,0.25,170,2025-03-25 11:15:00,2025-03-25 11:15:00,12.4,6.0,0.3000000000000007
NH17 Crossing Boko,Kamrup Metropolitan,25.9775,91.23416667,2025-03-25 05:30:00,3,84,50.2,50.2,150.60000000000002,301.20000000000005,12.2,0.0999999999999996,12.133333333333338,12.2,0.25,170,2025-03-25 11:30:00,2025-03-25 11:30:00,12.4,6.0,0.20000000000000107
NH17 Crossing Boko,Kamrup Metropolitan,25.9775,91.23416667,2025-03-25 05:45:00,3,84,50.2,50.2,150.60000000000002,301.20000000000005,12.1,-0.0999999999999996,12.133333333333338,12.2,0.25,170,2025-03-25 11:45:00,2025-03-25 11:45:00,12.5,6.0,0.40000000000000036
NH17 Crossing Boko,Kamrup Metropolitan,25.9775,91.23416667,2025-03-25 06:00:00,3,84,50.2,50.2,150.60000000000002,301.20000000000005,12.1,0.0,12.133333333333338,12.2,0.25,170,2025-03-25 12:00:00,2025-03-25 12:00:00,12.5,6.0,0.40000000000000036
NH17 Crossing Boko,Kamrup Metropolitan,25.9775,91.23416667,2025-03-25 06:15:00,3,84,50.2,50.2,150.60000000000002,301.20000000000005,12.1,0.0,12.1,12.2,0.25,170,2025-03-25 12:15:00,2025-03-25 12:15:00,12.5,6.0,0.40000000000000036
NH17 Crossing Boko,Kamrup Metropolitan,25.9775,91.23416667,2025-03-25 06:30:00,3,84,50.2,50.2,150.60000000000002,301.20000000000005,12.1,0.0,12.1,12.2,0.25,170,2025-03-25 12:30:00,2025-03-25 12:30:00,12.5,6.0,0.40000000000000036
NH17 Crossing Boko,Kamrup Metropolitan,25.9775,91.23416667,2025-03-25 06:45:00,3,84,50.2,50.2,150.60000000000002,301.20000000000005,12.1,0.0,12.1,12.2,0.25,170,2025-03-25 12:45:00,2025-03-25 12:45:00,12.6,6.0,0.5
NH17 Crossing Boko,Kamrup Metropolitan,25.9775,91.23416667,2025-03-25 07:00:00,3,84,50.2,50.2,150.60000000000002,301.20000000000005,12.2,0.0999999999999996,12.133333333333338,12.2,0.25,170,2025-03-25 13:00:00,2025-03-25 13:00:00,12.6,6.0,0.40000000000000036
NH17 Crossing Boko,Kamrup Metropolitan,25.9775,91.23416667,2025-03-25 07:15:00,3,84,50.2,50.2,150.60000000000002,301.20000000000005,12.1,-0.0999999999999996,12.133333333333338,12.2,0.25,170,2025-03-25 13:15:00,2025-03-25 13:15:00,12.6,6.0,0.5
NH17 Crossing Boko,Kamrup Metropolitan,25.9775,91.23416667,2025-03-25 07:30:00,3,84,50.2,50.2,150.60000000000002,301.20000000000005,12.1,0.0,12.133333333333338,12.2,0.25,170,2025-03-25 13:30:00,2025-03-25 13:30:00,12.7,6.0,0.5999999999999996
NH17 Crossing Boko,Kamrup Metropolitan,25.9775,91.23416667,2025-03-25 07:45:00,3,84,50.2,50.2,150.60000000000002,301.20000000000005,12.1,0.0,12.1,12.2,0.25,170,2025-03-25 13:45:00,2025-03-25 13:45:00,12.6,6.0,0.5
NH17 Crossing Boko,Kamrup Metropolitan,25.9775,91.23416667,2025-03-25 08:00:00,3,84,50.2,50.2,150.60000000000002,301.20000000000005,12.1,0.0,12.1,12.2,0.25,170,2025-03-25 14:00:00,2025-03-25 14:00:00,12.7,6.0,0.5999999999999996
NH17 Crossing Boko,Kamrup Metropolitan,25.9775,91.23416667,2025-03-25 08:15:00,3,84,50.2,50.2,150.60000000000002,301.20000000000005,12.2,0.0999999999999996,12.133333333333338,12.2,0.25,170,2025-03-25 14:15:00,2025-03-25 14:15:00,12.7,6.0,0.5
NH17 Crossing Boko,Kamrup Metropolitan,25.9775,91.23416667,2025-03-25 08:30:00,3,84,50.2,50.2,150.60000000000002,301.20000000000005,12.3,0.1000000000000014,12.200000000000005,12.3,0.25,170,2025-03-25 14:30:00,2025-03-25 14:30:00,12.6,6.0,0.29999999999999893
NH17 Crossing Boko,Kamrup Metropolitan,25.9775,91.23416667,2025-03-25 08:45:00,3,84,50.2,50.2,150.60000000000002,301.20000000000005,12.4,0.0999999999999996,12.300000000000004,12.4,0.25,170,2025-03-25 14:45:00,2025-03-25 14:45:00,12.6,6.0,0.1999999999999993
NH17 Crossing Boko,Kamrup Metropolitan,25.9775,91.23416667,2025-03-25 09:00:00,3,84,50.2,50.2,150.60000000000002,301.20000000000005,12.4,0.0,12.366666666666672,12.4,0.25,170,2025-03-25 15:00:00,2025-03-25 15:00:00,12.6,6.0,0.1999999999999993
NH17 Crossing Boko,Kamrup Metropolitan,25.9775,91.23416667,2025-03-25 09:15:00,3,84,50.2,50.2,150.60000000000002,301.20000000000005,12.4,0.0,12.4,12.4,0.25,170,2025-03-25 15:15:00,2025-03-25 15:15:00,12.6,6.0,0.1999999999999993
NH17 Crossing Boko,Kamrup Metropolitan,25.9775,91.23416667,2025-03-25 09:30:00,3,84,50.2,50.2,150.60000000000002,301.20000000000005,12.4,0.0,12.4,12.4,0.25,170,2025-03-25 15:30:00,2025-03-25 15:30:00,12.5,6.0,0.09999999999999964
NH17 Crossing Boko,Kamrup Metropolitan,25.9775,91.23416667,2025-03-25 09:45:00,3,84,50.2,50.2,150.60000000000002,301.20000000000005,12.4,0.0,12.4,12.4,0.25,170,2025-03-25 15:45:00,2025-03-25 15:45:00,12.5,6.0,0.09999999999999964
NH17 Crossing Boko,Kamrup Metropolitan,25.9775,91.23416667,2025-03-25 10:00:00,3,84,50.2,50.2,150.60000000000002,301.20000000000005,12.4,0.0,12.4,12.4,0.25,170,2025-03-25 16:00:00,2025-03-25 16:00:00,12.5,6.0,0.09999999999999964
NH17 Crossing Boko,Kamrup Metropolitan,25.9775,91.23416667,2025-03-25 10:15:00,3,84,50.2,50.2,150.60000000000002,301.20000000000005,12.4,0.0,12.4,12.4,0.25,170,2025-03-25 16:15:00,2025-03-25 16:15:00,12.4,6.0,0.0
NH17 Crossing Boko,Kamrup Metropolitan,25.9775,91.23416667,2025-03-25 10:30:00,3,84,50.2,50.2,150.60000000000002,301.20000000000005,12.4,0.0,12.4,12.4,0.25,170,2025-03-25 16:30:00,2025-03-25 16:30:00,12.5,6.0,0.09999999999999964
NH17 Crossing Boko,Kamrup Metropolitan,25.9775,91.23416667,2025-03-25 10:45:00,3,84,50.2,50.2,150.60000000000002,301.20000000000005,12.4,0.0,12.4,12.4,0.25,170,2025-03-25 16:45:00,2025-03-25 16:30:00,12.5,5.75,0.09999999999999964
NH17 Crossing Boko,Kamrup Metropolitan,25.9775,91.23416667,2025-03-25 11:00:00,3,84,50.2,50.2,150.60000000000002,301.20000000000005,12.4,0.0,12.4,12.4,0.25,170,2025-03-25 17:00:00,2025-03-25 17:15:00,12.4,6.25,0.0
NH17 Crossing Boko,Kamrup Metropolitan,25.9775,91.23416667,2025-03-25 11:15:00,3,84,50.2,50.2,150.60000000000002,301.20000000000005,12.4,0.0,12.4,12.4,0.25,170,2025-03-25 17:15:00,2025-03-25 17:15:00,12.4,6.0,0.0
NH17 Crossing Boko,Kamrup Metropolitan,25.9775,91.23416667,2025-03-25 11:30:00,3,84,50.2,50.2,150.60000000000002,301.20000000000005,12.4,0.0,12.4,12.4,0.25,170,2025-03-25 17:30:00,2025-03-25 17:30:00,12.4,6.0,0.0
NH17 Crossing Boko,Kamrup Metropolitan,25.9775,91.23416667,2025-03-25 11:45:00,3,84,50.2,50.2,150.60000000000002,301.20000000000005,12.5,0.0999999999999996,12.433333333333335,12.5,0.25,170,2025-03-25 17:45:00,2025-03-25 17:45:00,12.4,6.0,-0.09999999999999964
NH17 Crossing Boko,Kamrup Metropolitan,25.9775,91.23416667,2025-03-25 12:00:00,3,84,50.2,50.2,150.60000000000002,301.20000000000005,12.5,0.0,12.466666666666674,12.5,0.25,170,2025-03-25 18:00:00,2025-03-25 18:00:00,12.4,6.0,-0.09999999999999964
NH17 Crossing Boko,Kamrup Metropolitan,25.9775,91.23416667,2025-03-25 12:15:00,3,84,50.2,50.2,150.60000000000002,301.20000000000005,12.5,0.0,12.5,12.5,0.25,170,2025-03-25 18:15:00,2025-03-25 18:15:00,12.3,6.0,-0.1999999999999993
NH17 Crossing Boko,Kamrup Metropolitan,25.9775,91.23416667,2025-03-25 12:30:00,3,84,50.2,50.2,150.60000000000002,301.20000000000005,12.5,0.0,12.5,12.5,0.25,170,2025-03-25 18:30:00,2025-03-25 18:30:00,12.2,6.0,-0.3000000000000007
NH17 Crossing Boko,Kamrup Metropolitan,25.9775,91.23416667,2025-03-25 12:45:00,3,84,50.2,50.2,150.60000000000002,301.20000000000005,12.6,0.0999999999999996,12.53333333333334,12.6,0.25,170,2025-03-25 18:45:00,2025-03-25 18:45:00,12.2,6.0,-0.40000000000000036
NH17 Crossing Boko,Kamrup Metropolitan,25.9775,91.23416667,2025-03-25 13:00:00,3,84,50.2,50.2,150.60000000000002,301.20000000000005,12.6,0.0,12.566666666666672,12.6,0.25,170,2025-03-25 19:00:00,2025-03-25 19:00:00,12.2,6.0,-0.40000000000000036
NH17 Crossing Boko,Kamrup Metropolitan,25.9775,91.23416667,2025-03-25 13:15:00,3,84,50.2,50.2,150.60000000000002,301.20000000000005,12.6,0.0,12.6,12.6,0.25,170,2025-03-25 19:15:00,2025-03-25 19:15:00,12.3,6.0,-0.29999999999999893
NH17 Crossing Boko,Kamrup Metropolitan,25.9775,91.23416667,2025-03-25 13:30:00,3,84,50.2,50.2,150.60000000000002,301.20000000000005,12.7,0.0999999999999996,12.633333333333338,12.7,0.25,170,2025-03-25 19:30:00,2025-03-25 19:30:00,12.2,6.0,-0.5
NH17 Crossing Boko,Kamrup Metropolitan,25.9775,91.23416667,2025-03-25 13:45:00,3,84,50.2,50.2,150.60000000000002,301.20000000000005,12.6,-0.0999999999999996,12.633333333333338,12.7,0.25,170,2025-03-25 19:45:00,2025-03-25 19:45:00,12.2,6.0,-0.40000000000000036
NH17 Crossing Boko,Kamrup Metropolitan,25.9775,91.23416667,2025-03-25 14:00:00,3,84,50.2,50.2,150.60000000000002,301.20000000000005,12.7,0.0999999999999996,12.666666666666671,12.7,0.25,170,2025-03-25 20:00:00,2025-03-25 20:00:00,12.2,6.0,-0.5
NH17 Crossing Boko,Kamrup Metropolitan,25.9775,91.23416667,2025-03-25 14:15:00,3,84,50.2,50.2,150.60000000000002,301.20000000000005,12.7,0.0,12.666666666666671,12.7,0.25,170,2025-03-25 20:15:00,2025-03-25 20:15:00,12.2,6.0,-0.5
NH17 Crossing Boko,Kamrup Metropolitan,25.9775,91.23416667,2025-03-25 14:30:00,3,84,50.2,50.2,150.60000000000002,301.20000000000005,12.6,-0.0999999999999996,12.666666666666671,12.7,0.25,170,2025-03-25 20:30:00,2025-03-25 20:15:00,12.2,5.75,-0.40000000000000036
NH17 Crossing Boko,Kamrup Metropolitan,25.9775,91.23416667,2025-03-25 14:45:00,3,84,50.2,50.2,150.60000000000002,301.20000000000005,12.6,0.0,12.633333333333338,12.7,0.25,170,2025-03-25 20:45:00,2025-03-25 21:00:00,12.2,6.25,-0.40000000000000036
NH17 Crossing Boko,Kamrup Metropolitan,25.9775,91.23416667,2025-03-25 15:00:00,3,84,50.2,50.2,150.60000000000002,301.20000000000005,12.6,0.0,12.6,12.7,0.25,170,2025-03-25 21:00:00,2025-03-25 21:00:00,12.2,6.0,-0.40000000000000036
NH17 Crossing Boko,Kamrup Metropolitan,25.9775,91.23416667,2025-03-25 15:15:00,3,84,50.2,50.2,150.60000000000002,301.20000000000005,12.6,0.0,12.6,12.7,0.25,170,2025-03-25 21:15:00,2025-03-25 21:15:00,12.2,6.0,-0.40000000000000036
NH17 Crossing Boko,Kamrup Metropolitan,25.9775,91.23416667,2025-03-25 15:30:00,3,84,50.2,50.2,150.60000000000002,301.20000000000005,12.5,-0.0999999999999996,12.566666666666672,12.7,0.25,170,2025-03-25 21:30:00,2025-03-25 21:30:00,12.2,6.0,-0.3000000000000007
NH17 Crossing Boko,Kamrup Metropolitan,25.9775,91.23416667,2025-03-25 15:45:00,3,84,50.2,50.2,150.60000000000002,301.20000000000005,12.5,0.0,12.533333333333337,12.6,0.25,170,2025-03-25 21:45:00,2025-03-25 21:45:00,12.1,6.0,-0.40000000000000036
NH17 Crossing Boko,Kamrup Metropolitan,25.9775,91.23416667,2025-03-25 16:00:00,3,84,50.2,50.2,150.60000000000002,301.20000000000005,12.5,0.0,12.5,12.6,0.25,170,2025-03-25 22:00:00,2025-03-25 22:00:00,12.1,6.0,-0.40000000000000036
NH17 Crossing Boko,Kamrup Metropolitan,25.9775,91.23416667,2025-03-25 16:15:00,3,84,50.2,50.2,150.60000000000002,301.20000000000005,12.4,-0.0999999999999996,12.46666666666667,12.6,0.25,170,2025-03-25 22:15:00,2025-03-25 22:15:00,12.1,6.0,-0.3000000000000007
NH17 Crossing Boko,Kamrup Metropolitan,25.9775,91.23416667,2025-03-25 16:30:00,3,84,50.2,50.2,150.60000000000002,301.20000000000005,12.5,0.0999999999999996,12.46666666666667,12.6,0.25,170,2025-03-25 22:30:00,2025-03-25 22:30:00,12.1,6.0,-0.40000000000000036
NH17 Crossing Boko,Kamrup Metropolitan,25.9775,91.23416667,2025-03-25 17:15:00,3,84,50.2,50.2,150.60000000000002,301.20000000000005,12.4,-0.0999999999999996,12.433333333333335,12.5,0.75,170,2025-03-25 23:15:00,2025-03-25 23:15:00,12.1,6.0,-0.3000000000000007
NH17 Crossing Boko,Kamrup Metropolitan,25.9775,91.23416667,2025-03-25 17:30:00,3,84,50.2,50.2,150.60000000000002,301.20000000000005,12.4,0.0,12.43333333333334,12.5,0.25,170,2025-03-25 23:30:00,2025-03-25 23:30:00,12.1,6.0,-0.3000000000000007
NH17 Crossing Boko,Kamrup Metropolitan,25.9775,91.23416667,2025-03-25 17:45:00,3,84,50.2,50.2,150.60000000000002,301.20000000000005,12.4,0.0,12.4,12.5,0.25,170,2025-03-25 23:45:00,2025-03-25 23:45:00,12.1,6.0,-0.3000000000000007
NH17 Crossing Boko,Kamrup Metropolitan,25.9775,91.23416667,2025-03-25 18:00:00,3,84,50.2,50.2,150.60000000000002,301.20000000000005,12.4,0.0,12.4,12.5,0.25,170,2025-03-26 00:00:00,2025-03-26 00:00:00,12.1,6.0,-0.3000000000000007
NH17 Crossing Boko,Kamrup Metropolitan,25.9775,91.23416667,2025-03-25 18:15:00,3,84,50.2,50.2,150.60000000000002,301.20000000000005,12.3,-0.0999999999999996,12.366666666666672,12.5,0.25,170,2025-03-26 00:15:00,2025-03-26 00:15:00,12.1,6.0,-0.20000000000000107
NH17 Crossing Boko,Kamrup Metropolitan,25.9775,91.23416667,2025-03-25 18:30:00,3,84,50.2,50.2,150.60000000000002,301.20000000000005,12.2,-0.1000000000000014,12.300000000000004,12.4,0.25,170,2025-03-26 00:30:00,2025-03-26 00:30:00,12.1,6.0,-0.09999999999999964
NH17 Crossing Boko,Kamrup Metropolitan,25.9775,91.23416667,2025-03-25 18:45:00,3,84,50.2,50.2,150.60000000000002,301.20000000000005,12.2,0.0,12.23333333333334,12.4,0.25,170,2025-03-26 00:45:00,2025-03-26 00:45:00,12.2,6.0,0.0
NH17 Crossing Boko,Kamrup Metropolitan,25.9775,91.23416667,2025-03-25 19:00:00,3,84,50.2,50.2,150.60000000000002,301.20000000000005,12.2,0.0,12.2,12.4,0.25,170,2025-03-26 01:00:00,2025-03-26 01:00:00,12.1,6.0,-0.09999999999999964
NH17 Crossing Boko,Kamrup Metropolitan,25.9775,91.23416667,2025-03-25 19:15:00,3,84,50.2,50.2,150.60000000000002,301.20000000000005,12.3,0.1000000000000014,12.23333333333334,12.4,0.25,170,2025-03-26 01:15:00,2025-03-26 01:15:00,12.1,6.0,-0.20000000000000107
NH17 Crossing Boko,Kamrup Metropolitan,25.9775,91.23416667,2025-03-25 19:30:00,3,84,50.2,50.2,150.60000000000002,301.20000000000005,12.2,-0.1000000000000014,12.233333333333336,12.3,0.25,170,2025-03-26 01:30:00,2025-03-26 01:30:00,12.1,6.0,-0.09999999999999964
NH17 Crossing Boko,Kamrup Metropolitan,25.9775,91.23416667,2025-03-25 19:45:00,3,84,50.2,50.2,150.60000000000002,301.20000000000005,12.2,0.0,12.23333333333334,12.3,0.25,170,2025-03-26 01:45:00,2025-03-26 01:45:00,12.1,6.0,-0.09999999999999964
NH17 Crossing Boko,Kamrup Metropolitan,25.9775,91.23416667,2025-03-25 20:00:00,3,84,50.2,50.2,150.60000000000002,301.20000000000005,12.2,0.0,12.2,12.3,0.25,170,2025-03-26 02:00:00,2025-03-26 02:00:00,12.1,6.0,-0.09999999999999964
NH17 Crossing Boko,Kamrup Metropolitan,25.9775,91.23416667,2025-03-25 20:15:00,3,84,50.2,50.2,150.60000000000002,301.20000000000005,12.2,0.0,12.2,12.3,0.25,170,2025-03-26 02:15:00,2025-03-26 02:15:00,12.1,6.0,-0.09999999999999964
NH17 Crossing Boko,Kamrup Metropolitan,25.9775,91.23416667,2025-03-25 21:00:00,3,84,50.2,50.2,150.60000000000002,301.20000000000005,12.2,0.0,12.2,12.3,0.75,170,2025-03-26 03:00:00,2025-03-26 03:00:00,12.1,6.0,-0.09999999999999964
NH17 Crossing Boko,Kamrup Metropolitan,25.9775,91.23416667,2025-03-25 21:15:00,3,84,50.2,50.2,150.60000000000002,301.20000000000005,12.2,0.0,12.2,12.2,0.25,170,2025-03-26 03:15:00,2025-03-26 03:15:00,12.1,6.0,-0.09999999999999964
NH17 Crossing Boko,Kamrup Metropolitan,25.9775,91.23416667,2025-03-25 21:30:00,3,84,50.2,50.2,150.60000000000002,301.20000000000005,12.2,0.0,12.2,12.2,0.25,170,2025-03-26 03:30:00,2025-03-26 03:30:00,12.1,6.0,-0.09999999999999964
NH17 Crossing Boko,Kamrup Metropolitan,25.9775,91.23416667,2025-03-25 21:45:00,3,84,50.2,50.2,150.60000000000002,301.20000000000005,12.1,-0.0999999999999996,12.166666666666671,12.2,0.25,170,2025-03-26 03:45:00,2025-03-26 03:45:00,12.1,6.0,0.0
NH17 Crossing Boko,Kamrup Metropolitan,25.9775,91.23416667,2025-03-25 22:00:00,3,84,50.2,50.2,150.60000000000002,301.20000000000005,12.1,0.0,12.133333333333338,12.2,0.25,170,2025-03-26 04:00:00,2025-03-26 04:00:00,12.1,6.0,0.0
NH17 Crossing Boko,Kamrup Metropolitan,25.9775,91.23416667,2025-03-25 22:15:00,3,84,50.2,50.2,150.60000000000002,301.20000000000005,12.1,0.0,12.1,12.2,0.25,170,2025-03-26 04:15:00,2025-03-26 04:15:00,12.1,6.0,0.0
NH17 Crossing Boko,Kamrup Metropolitan,25.9775,91.23416667,2025-03-25 22:30:00,3,84,50.2,50.2,150.60000000000002,301.20000000000005,12.1,0.0,12.1,12.2,0.25,170,2025-03-26 04:30:00,2025-03-26 04:30:00,12.1,6.0,0.0
NH17 Crossing Boko,Kamrup Metropolitan,25.9775,91.23416667,2025-03-25 22:45:00,3,84,50.2,50.2,150.60000000000002,301.20000000000005,12.1,0.0,12.1,12.2,0.25,170,2025-03-26 04:45:00,2025-03-26 04:45:00,12.1,6.0,0.0
NH17 Crossing Boko,Kamrup Metropolitan,25.9775,91.23416667,2025-03-25 23:00:00,3,84,50.2,50.2,150.60000000000002,301.20000000000005,12.1,0.0,12.1,12.1,0.25,170,2025-03-26 05:00:00,2025-03-26 05:00:00,12.1,6.0,0.0
NH17 Crossing Boko,Kamrup Metropolitan,25.9775,91.23416667,2025-03-25 23:15:00,3,84,50.2,50.2,150.60000000000002,301.20000000000005,12.1,0.0,12.1,12.1,0.25,170,2025-03-26 05:15:00,2025-03-26 05:15:00,12.1,6.0,0.0
NH17 Crossing Boko,Kamrup Metropolitan,25.9775,91.23416667,2025-03-25 23:30:00,3,84,50.2,50.2,150.60000000000002,301.20000000000005,12.1,0.0,12.1,12.1,0.25,170,2025-03-26 05:30:00,2025-03-26 05:30:00,12.1,6.0,0.0
NH17 Crossing Boko,Kamrup Metropolitan,25.9775,91.23416667,2025-03-25 23:45:00,3,84,50.2,50.2,150.60000000000002,301.20000000000005,12.1,0.0,12.1,12.1,0.25,170,2025-03-26 05:45:00,2025-03-26 05:45:00,12.1,6.0,0.0
NH17 Crossing Boko,Kamrup Metropolitan,25.9775,91.23416667,2025-03-26 00:00:00,3,85,50.2,50.2,150.60000000000002,301.20000000000005,12.1,0.0,12.1,12.1,0.25,170,2025-03-26 06:00:00,2025-03-26 06:00:00,12.1,6.0,0.0
NH17 Crossing Boko,Kamrup Metropolitan,25.9775,91.23416667,2025-03-26 00:15:00,3,85,50.2,50.2,150.60000000000002,301.20000000000005,12.1,0.0,12.1,12.1,0.25,170,2025-03-26 06:15:00,2025-03-26 06:15:00,12.1,6.0,0.0
NH17 Crossing Boko,Kamrup Metropolitan,25.9775,91.23416667,2025-03-26 00:30:00,3,85,50.2,50.2,150.60000000000002,301.20000000000005,12.1,0.0,12.1,12.1,0.25,170,2025-03-26 06:30:00,2025-03-26 06:30:00,12.1,6.0,0.0
NH17 Crossing Boko,Kamrup Metropolitan,25.9775,91.23416667,2025-03-26 00:45:00,3,85,50.2,50.2,150.60000000000002,301.20000000000005,12.2,0.0999999999999996,12.133333333333338,12.2,0.25,170,2025-03-26 06:45:00,2025-03-26 06:45:00,12.1,6.0,-0.09999999999999964
NH17 Crossing Boko,Kamrup Metropolitan,25.9775,91.23416667,2025-03-26 01:00:00,3,85,50.2,50.2,150.60000000000002,301.20000000000005,12.1,-0.0999999999999996,12.133333333333338,12.2,0.25,170,2025-03-26 07:00:00,2025-03-26 07:00:00,12.1,6.0,0.0
NH17 Crossing Boko,Kamrup Metropolitan,25.9775,91.23416667,2025-03-26 01:15:00,3,85,50.2,50.2,150.60000000000002,301.20000000000005,12.1,0.0,12.133333333333338,12.2,0.25,170,2025-03-26 07:15:00,2025-03-26 07:15:00,12.1,6.0,0.0
NH17 Crossing Boko,Kamrup Metropolitan,25.9775,91.23416667,2025-03-26 01:30:00,3,85,50.2,50.2,150.60000000000002,301.20000000000005,12.1,0.0,12.1,12.2,0.25,170,2025-03-26 07:30:00,2025-03-26 07:30:00,12.1,6.0,0.0
NH17 Crossing Boko,Kamrup Metropolitan,25.9775,91.23416667,2025-03-26 01:45:00,3,85,50.2,50.2,150.60000000000002,301.20000000000005,12.1,0.0,12.1,12.2,0.25,170,2025-03-26 07:45:00,2025-03-26 07:45:00,12.1,6.0,0.0
NH17 Crossing Boko,Kamrup Metropolitan,25.9775,91.23416667,2025-03-26 02:00:00,3,85,50.2,50.2,150.60000000000002,301.20000000000005,12.1,0.0,12.1,12.2,0.25,170,2025-03-26 08:00:00,2025-03-26 08:00:00,12.1,6.0,0.0
NH17 Crossing Boko,Kamrup Metropolitan,25.9775,91.23416667,2025-03-26 02:15:00,3,85,50.2,50.2,150.60000000000002,301.20000000000005,12.1,0.0,12.1,12.1,0.25,170,2025-03-26 08:15:00,2025-03-26 08:15:00,12.2,6.0,0.09999999999999964
NH17 Crossing Boko,Kamrup Metropolitan,25.9775,91.23416667,2025-03-26 02:30:00,3,85,50.2,50.2,150.60000000000002,301.20000000000005,12.1,0.0,12.1,12.1,0.25,170,2025-03-26 08:30:00,2025-03-26 08:30:00,12.2,6.0,0.09999999999999964
NH17 Crossing Boko,Kamrup Metropolitan,25.9775,91.23416667,2025-03-26 02:45:00,3,85,50.2,50.2,150.60000000000002,301.20000000000005,12.1,0.0,12.1,12.1,0.25,170,2025-03-26 08:45:00,2025-03-26 08:45:00,12.2,6.0,0.09999999999999964
NH17 Crossing Boko,Kamrup Metropolitan,25.9775,91.23416667,2025-03-26 03:00:00,3,85,50.2,50.2,150.60000000000002,301.20000000000005,12.1,0.0,12.1,12.1,0.25,170,2025-03-26 09:00:00,2025-03-26 09:00:00,12.2,6.0,0.09999999999999964
NH17 Crossing Boko,Kamrup Metropolitan,25.9775,91.23416667,2025-03-26 03:15:00,3,85,50.2,50.2,150.60000000000002,301.20000000000005,12.1,0.0,12.1,12.1,0.25,170,2025-03-26 09:15:00,2025-03-26 09:15:00,12.4,6.0,0.3000000000000007
NH17 Crossing Boko,Kamrup Metropolitan,25.9775,91.23416667,2025-03-26 03:30:00,3,85,50.2,50.2,150.60000000000002,301.20000000000005,12.1,0.0,12.1,12.1,0.25,170,2025-03-26 09:30:00,2025-03-26 09:30:00,12.4,6.0,0.3000000000000007
NH17 Crossing Boko,Kamrup Metropolitan,25.9775,91.23416667,2025-03-26 03:45:00,3,85,50.2,50.2,150.60000000000002,301.20000000000005,12.1,0.0,12.1,12.1,0.25,170,2025-03-26 09:45:00,2025-03-26 09:45:00,12.4,6.0,0.3000000000000007
NH17 Crossing Boko,Kamrup Metropolitan,25.9775,91.23416667,2025-03-26 04:00:00,3,85,50.2,50.2,150.60000000000002,301.20000000000005,12.1,0.0,12.1,12.1,0.25,170,2025-03-26 10:00:00,2025-03-26 10:00:00,12.4,6.0,0.3000000000000007
NH17 Crossing Boko,Kamrup Metropolitan,25.9775,91.23416667,2025-03-26 04:15:00,3,85,50.2,50.2,150.60000000000002,301.20000000000005,12.1,0.0,12.1,12.1,0.25,170,2025-03-26 10:15:00,2025-03-26 10:15:00,12.4,6.0,0.3000000000000007
NH17 Crossing Boko,Kamrup Metropolitan,25.9775,91.23416667,2025-03-26 04:30:00,3,85,50.2,50.2,150.60000000000002,301.20000000000005,12.1,0.0,12.1,12.1,0.25,170,2025-03-26 10:30:00,2025-03-26 10:30:00,12.4,6.0,0.3000000000000007
NH17 Crossing Boko,Kamrup Metropolitan,25.9775,91.23416667,2025-03-26 04:45:00,3,85,50.2,50.2,150.60000000000002,301.20000000000005,12.1,0.0,12.1,12.1,0.25,170,2025-03-26 10:45:00,2025-03-26 10:45:00,12.4,6.0,0.3000000000000007
NH17 Crossing Boko,Kamrup Metropolitan,25.9775,91.23416667,2025-03-26 05:00:00,3,85,50.2,50.2,150.60000000000002,301.20000000000005,12.1,0.0,12.1,12.1,0.25,170,2025-03-26 11:00:00,2025-03-26 11:00:00,12.5,6.0,0.40000000000000036
NH17 Crossing Boko,Kamrup Metropolitan,25.9775,91.23416667,2025-03-26 05:15:00,3,85,50.2,50.2,150.60000000000002,301.20000000000005,12.1,0.0,12.1,12.1,0.25,170,2025-03-26 11:15:00,2025-03-26 11:15:00,12.4,6.0,0.3000000000000007
NH17 Crossing Boko,Kamrup Metropolitan,25.9775,91.23416667,2025-03-26 05:30:00,3,85,50.2,50.2,150.60000000000002,301.20000000000005,12.1,0.0,12.1,12.1,0.25,170,2025-03-26 11:30:00,2025-03-26 11:30:00,12.4,6.0,0.3000000000000007
NH17 Crossing Boko,Kamrup Metropolitan,25.9775,91.23416667,2025-03-26 05:45:00,3,85,50.2,50.2,150.60000000000002,301.20000000000005,12.1,0.0,12.1,12.1,0.25,170,2025-03-26 11:45:00,2025-03-26 11:45:00,12.5,6.0,0.40000000000000036
NH17 Crossing Boko,Kamrup Metropolitan,25.9775,91.23416667,2025-03-26 06:00:00,3,85,50.2,50.2,150.60000000000002,301.20000000000005,12.1,0.0,12.1,12.1,0.25,170,2025-03-26 12:00:00,2025-03-26 12:00:00,12.5,6.0,0.40000000000000036
NH17 Crossing Boko,Kamrup Metropolitan,25.9775,91.23416667,2025-03-26 06:15:00,3,85,50.2,50.2,150.60000000000002,301.20000000000005,12.1,0.0,12.1,12.1,0.25,170,2025-03-26 12:15:00,2025-03-26 12:15:00,12.5,6.0,0.40000000000000036
NH17 Crossing Boko,Kamrup Metropolitan,25.9775,91.23416667,2025-03-26 06:30:00,3,85,50.2,50.2,150.60000000000002,301.20000000000005,12.1,0.0,12.1,12.1,0.25,170,2025-03-26 12:30:00,2025-03-26 12:30:00,12.5,6.0,0.40000000000000036
NH17 Crossing Boko,Kamrup Metropolitan,25.9775,91.23416667,2025-03-26 06:45:00,3,85,50.2,50.2,150.60000000000002,301.20000000000005,12.1,0.0,12.1,12.1,0.25,170,2025-03-26 12:45:00,2025-03-26 12:45:00,12.5,6.0,0.40000000000000036
NH17 Crossing Boko,Kamrup Metropolitan,25.9775,91.23416667,2025-03-26 07:00:00,3,85,50.2,50.2,150.60000000000002,301.20000000000005,12.1,0.0,12.1,12.1,0.25,170,2025-03-26 13:00:00,2025-03-26 13:00:00,12.6,6.0,0.5
NH17 Crossing Boko,Kamrup Metropolitan,25.9775,91.23416667,2025-03-26 07:15:00,3,85,50.2,50.2,150.60000000000002,301.20000000000005,12.1,0.0,12.1,12.1,0.25,170,2025-03-26 13:15:00,2025-03-26 13:15:00,12.6,6.0,0.5
NH17 Crossing Boko,Kamrup Metropolitan,25.9775,91.23416667,2025-03-26 07:30:00,3,85,50.2,50.2,150.60000000000002,301.20000000000005,12.1,0.0,12.1,12.1,0.25,170,2025-03-26 13:30:00,2025-03-26 13:30:00,12.6,6.0,0.5
NH17 Crossing Boko,Kamrup Metropolitan,25.9775,91.23416667,2025-03-26 07:45:00,3,85,50.2,50.2,150.60000000000002,301.20000000000005,12.1,0.0,12.1,12.1,0.25,170,2025-03-26 13:45:00,2025-03-26 13:45:00,12.6,6.0,0.5
NH17 Crossing Boko,Kamrup Metropolitan,25.9775,91.23416667,2025-03-26 08:00:00,3,85,50.2,50.2,150.60000000000002,301.20000000000005,12.1,0.0,12.1,12.1,0.25,170,2025-03-26 14:00:00,2025-03-26 14:00:00,12.7,6.0,0.5999999999999996
NH17 Crossing Boko,Kamrup Metropolitan,25.9775,91.23416667,2025-03-26 08:15:00,3,85,50.2,50.2,150.60000000000002,301.20000000000005,12.2,0.0999999999999996,12.133333333333338,12.2,0.25,170,2025-03-26 14:15:00,2025-03-26 14:15:00,12.6,6.0,0.40000000000000036
NH17 Crossing Boko,Kamrup Metropolitan,25.9775,91.23416667,2025-03-26 08:30:00,3,85,50.2,50.2,150.60000000000002,301.20000000000005,12.2,0.0,12.166666666666671,12.2,0.25,170,2025-03-26 14:30:00,2025-03-26 14:30:00,12.6,6.0,0.40000000000000036
NH17 Crossing Boko,Kamrup Metropolitan,25.9775,91.23416667,2025-03-26 08:45:00,3,85,50.2,50.2,150.60000000000002,301.20000000000005,12.2,0.0,12.2,12.2,0.25,170,2025-03-26 14:45:00,2025-03-26 14:45:00,12.6,6.0,0.40000000000000036
NH17 Crossing Boko,Kamrup Metropolitan,25.9775,91.23416667,2025-03-26 09:00:00,3,85,50.2,50.2,150.60000000000002,301.20000000000005,12.2,0.0,12.2,12.2,0.25,170,2025-03-26 15:00:00,2025-03-26 15:00:00,12.6,6.0,0.40000000000000036
NH17 Crossing Boko,Kamrup Metropolitan,25.9775,91.23416667,2025-03-26 09:15:00,3,85,50.2,50.2,150.60000000000002,301.20000000000005,12.4,0.200000000000001,12.266666666666673,12.4,0.25,170,2025-03-26 15:15:00,2025-03-26 15:15:00,12.5,6.0,0.09999999999999964
NH17 Crossing Boko,Kamrup Metropolitan,25.9775,91.23416667,2025-03-26 09:30:00,3,85,50.2,50.2,150.60000000000002,301.20000000000005,12.4,0.0,12.333333333333336,12.4,0.25,170,2025-03-26 15:30:00,2025-03-26 15:30:00,12.5,6.0,0.09999999999999964
NH17 Crossing Boko,Kamrup Metropolitan,25.9775,91.23416667,2025-03-26 09:45:00,3,85,50.2,50.2,150.60000000000002,301.20000000000005,12.4,0.0,12.4,12.4,0.25,170,2025-03-26 15:45:00,2025-03-26 15:45:00,12.5,6.0,0.09999999999999964
NH17 Crossing Boko,Kamrup Metropolitan,25.9775,91.23416667,2025-03-26 10:00:00,3,85,50.2,50.2,150.60000000000002,301.20000000000005,12.4,0.0,12.4,12.4,0.25,170,2025-03-26 16:00:00,2025-03-26 16:00:00,12.4,6.0,0.0
NH17 Crossing Boko,Kamrup Metropolitan,25.9775,91.23416667,2025-03-26 10:15:00,3,85,50.2,50.2,150.60000000000002,301.20000000000005,12.4,0.0,12.4,12.4,0.25,170,2025-03-26 16:15:00,2025-03-26 16:15:00,12.4,6.0,0.0
NH17 Crossing Boko,Kamrup Metropolitan,25.9775,91.23416667,2025-03-26 10:30:00,3,85,50.2,50.2,150.60000000000002,301.20000000000005,12.4,0.0,12.4,12.4,0.25,170,2025-03-26 16:30:00,2025-03-26 16:30:00,12.4,6.0,0.0
NH17 Crossing Boko,Kamrup Metropolitan,25.9775,91.23416667,2025-03-26 10:45:00,3,85,50.2,50.2,150.60000000000002,301.20000000000005,12.4,0.0,12.4,12.4,0.25,170,2025-03-26 16:45:00,2025-03-26 16:45:00,12.4,6.0,0.0
NH17 Crossing Boko,Kamrup Metropolitan,25.9775,91.23416667,2025-03-26 11:00:00,3,85,50.2,50.2,150.60000000000002,301.20000000000005,12.5,0.0999999999999996,12.43333333333334,12.5,0.25,170,2025-03-26 17:00:00,2025-03-26 17:00:00,12.4,6.0,-0.09999999999999964
NH17 Crossing Boko,Kamrup Metropolitan,25.9775,91.23416667,2025-03-26 11:15:00,3,85,50.2,50.2,150.60000000000002,301.20000000000005,12.4,-0.0999999999999996,12.433333333333335,12.5,0.25,170,2025-03-26 17:15:00,2025-03-26 17:15:00,12.4,6.0,0.0
NH17 Crossing Boko,Kamrup Metropolitan,25.9775,91.23416667,2025-03-26 11:30:00,3,85,50.2,50.2,150.60000000000002,301.20000000000005,12.4,0.0,12.43333333333334,12.5,0.25,170,2025-03-26 17:30:00,2025-03-26 17:30:00,12.4,6.0,0.0
NH17 Crossing Boko,Kamrup Metropolitan,25.9775,91.23416667,2025-03-26 11:45:00,3,85,50.2,50.2,150.60000000000002,301.20000000000005,12.5,0.0999999999999996,12.43333333333334,12.5,0.25,170,2025-03-26 17:45:00,2025-03-26 17:45:00,12.3,6.0,-0.1999999999999993
NH17 Crossing Boko,Kamrup Metropolitan,25.9775,91.23416667,2025-03-26 12:00:00,3,85,50.2,50.2,150.60000000000002,301.20000000000005,12.5,0.0,12.46666666666667,12.5,0.25,170,2025-03-26 18:00:00,2025-03-26 18:00:00,12.2,6.0,-0.3000000000000007
NH17 Crossing Boko,Kamrup Metropolitan,25.9775,91.23416667,2025-03-26 12:15:00,3,85,50.2,50.2,150.60000000000002,301.20000000000005,12.5,0.0,12.5,12.5,0.25,170,2025-03-26 18:15:00,2025-03-26 18:15:00,12.2,6.0,-0.3000000000000007
NH17 Crossing Boko,Kamrup Metropolitan,25.9775,91.23416667,2025-03-26 12:30:00,3,85,50.2,50.2,150.60000000000002,301.20000000000005,12.5,0.0,12.5,12.5,0.25,170,2025-03-26 18:30:00,2025-03-26 18:30:00,12.2,6.0,-0.3000000000000007
NH17 Crossing Boko,Kamrup Metropolitan,25.9775,91.23416667,2025-03-26 12:45:00,3,85,50.2,50.2,150.60000000000002,301.20000000000005,12.5,0.0,12.5,12.5,0.25,170,2025-03-26 18:45:00,2025-03-26 18:45:00,12.2,6.0,-0.3000000000000007
NH17 Crossing Boko,Kamrup Metropolitan,25.9775,91.23416667,2025-03-26 13:00:00,3,85,50.2,50.2,150.60000000000002,301.20000000000005,12.6,0.0999999999999996,12.53333333333334,12.6,0.25,170,2025-03-26 19:00:00,2025-03-26 19:00:00,12.2,6.0,-0.40000000000000036
NH17 Crossing Boko,Kamrup Metropolitan,25.9775,91.23416667,2025-03-26 13:15:00,3,85,50.2,50.2,150.60000000000002,301.20000000000005,12.6,0.0,12.566666666666672,12.6,0.25,170,2025-03-26 19:15:00,2025-03-26 19:15:00,12.2,6.0,-0.40000000000000036
NH17 Crossing Boko,Kamrup Metropolitan,25.9775,91.23416667,2025-03-26 13:30:00,3,85,50.2,50.2,150.60000000000002,301.20000000000005,12.6,0.0,12.6,12.6,0.25,170,2025-03-26 19:30:00,2025-03-26 19:15:00,12.2,5.75,-0.40000000000000036
NH17 Crossing Boko,Kamrup Metropolitan,25.9775,91.23416667,2025-03-26 13:45:00,3,85,50.2,50.2,150.60000000000002,301.20000000000005,12.6,0.0,12.6,12.6,0.25,170,2025-03-26 19:45:00,2025-03-26 19:45:00,12.2,6.0,-0.40000000000000036
NH17 Crossing Boko,Kamrup Metropolitan,25.9775,91.23416667,2025-03-26 14:00:00,3,85,50.2,50.2,150.60000000000002,301.20000000000005,12.7,0.0999999999999996,12.633333333333338,12.7,0.25,170,2025-03-26 20:00:00,2025-03-26 20:00:00,12.2,6.0,-0.5
NH17 Crossing Boko,Kamrup Metropolitan,25.9775,91.23416667,2025-03-26 14:15:00,3,85,50.2,50.2,150.60000000000002,301.20000000000005,12.6,-0.0999999999999996,12.633333333333338,12.7,0.25,170,2025-03-26 20:15:00,2025-03-26 20:15:00,12.2,6.0,-0.40000000000000036
NH17 Crossing Boko,Kamrup Metropolitan,25.9775,91.23416667,2025-03-26 14:30:00,3,85,50.2,50.2,150.60000000000002,301.20000000000005,12.6,0.0,12.633333333333338,12.7,0.25,170,2025-03-26 20:30:00,2025-03-26 20:30:00,12.2,6.0,-0.40000000000000036
NH17 Crossing Boko,Kamrup Metropolitan,25.9775,91.23416667,2025-03-26 14:45:00,3,85,50.2,50.2,150.60000000000002,301.20000000000005,12.6,0.0,12.6,12.7,0.25,170,2025-03-26 20:45:00,2025-03-26 20:45:00,12.2,6.0,-0.40000000000000036
NH17 Crossing Boko,Kamrup Metropolitan,25.9775,91.23416667,2025-03-26 15:00:00,3,85,50.2,50.2,150.60000000000002,301.20000000000005,12.6,0.0,12.6,12.7,0.25,170,2025-03-26 21:00:00,2025-03-26 21:00:00,12.2,6.0,-0.40000000000000036
NH17 Crossing Boko,Kamrup Metropolitan,25.9775,91.23416667,2025-03-26 15:15:00,3,85,50.2,50.2,150.60000000000002,301.20000000000005,12.5,-0.0999999999999996,12.56666666666667,12.7,0.25,170,2025-03-26 21:15:00,2025-03-26 21:15:00,12.1,6.0,-0.40000000000000036
NH17 Crossing Boko,Kamrup Metropolitan,25.9775,91.23416667,2025-03-26 15:30:00,3,85,50.2,50.2,150.60000000000002,301.20000000000005,12.5,0.0,12.53333333333334,12.6,0.25,170,2025-03-26 21:30:00,2025-03-26 21:30:00,12.2,6.0,-0.3000000000000007
NH17 Crossing Boko,Kamrup Metropolitan,25.9775,91.23416667,2025-03-26 15:45:00,3,85,50.2,50.2,150.60000000000002,301.20000000000005,12.5,0.0,12.5,12.6,0.25,170,2025-03-26 21:45:00,2025-03-26 21:45:00,12.2,6.0,-0.3000000000000007
NH17 Crossing Boko,Kamrup Metropolitan,25.9775,91.23416667,2025-03-26 16:00:00,3,85,50.2,50.2,150.60000000000002,301.20000000000005,12.4,-0.0999999999999996,12.46666666666667,12.6,0.25,170,2025-03-26 22:00:00,2025-03-26 22:00:00,12.1,6.0,-0.3000000000000007
NH17 Crossing Boko,Kamrup Metropolitan,25.9775,91.23416667,2025-03-26 16:15:00,3,85,50.2,50.2,150.60000000000002,301.20000000000005,12.4,0.0,12.433333333333335,12.6,0.25,170,2025-03-26 22:15:00,2025-03-26 22:15:00,12.1,6.0,-0.3000000000000007
NH17 Crossing Boko,Kamrup Metropolitan,25.9775,91.23416667,2025-03-26 16:30:00,3,85,50.2,50.2,150.60000000000002,301.20000000000005,12.4,0.0,12.4,12.5,0.25,170,2025-03-26 22:30:00,2025-03-26 22:30:00,12.1,6.0,-0.3000000000000007
NH17 Crossing Boko,Kamrup Metropolitan,25.9775,91.23416667,2025-03-26 16:45:00,3,85,50.2,50.2,150.60000000000002,301.20000000000005,12.4,0.0,12.4,12.5,0.25,170,2025-03-26 22:45:00,2025-03-26 22:45:00,12.1,6.0,-0.3000000000000007
NH17 Crossing Boko,Kamrup Metropolitan,25.9775,91.23416667,2025-03-26 17:00:00,3,85,50.2,50.2,150.60000000000002,301.20000000000005,12.4,0.0,12.4,12.5,0.25,170,2025-03-26 23:00:00,2025-03-26 23:00:00,12.1,6.0,-0.3000000000000007
NH17 Crossing Boko,Kamrup Metropolitan,25.9775,91.23416667,2025-03-26 17:15:00,3,85,50.2,50.2,150.60000000000002,301.20000000000005,12.4,0.0,12.4,12.4,0.25,170,2025-03-26 23:15:00,2025-03-26 23:15:00,12.1,6.0,-0.3000000000000007
NH17 Crossing Boko,Kamrup Metropolitan,25.9775,91.23416667,2025-03-26 17:30:00,3,85,50.2,50.2,150.60000000000002,301.20000000000005,12.4,0.0,12.4,12.4,0.25,170,2025-03-26 23:30:00,2025-03-26 23:30:00,12.1,6.0,-0.3000000000000007
NH17 Crossing Boko,Kamrup Metropolitan,25.9775,91.23416667,2025-03-26 17:45:00,3,85,50.2,50.2,150.60000000000002,301.20000000000005,12.3,-0.0999999999999996,12.366666666666672,12.4,0.25,170,2025-03-26 23:45:00,2025-03-26 23:45:00,12.1,6.0,-0.20000000000000107
NH17 Crossing Boko,Kamrup Metropolitan,25.9775,91.23416667,2025-03-26 18:00:00,3,85,50.2,50.2,150.60000000000002,301.20000000000005,12.2,-0.1000000000000014,12.300000000000006,12.4,0.25,170,2025-03-27 00:00:00,2025-03-27 00:00:00,12.2,6.0,0.0
NH17 Crossing Boko,Kamrup Metropolitan,25.9775,91.23416667,2025-03-26 18:15:00,3,85,50.2,50.2,150.60000000000002,301.20000000000005,12.2,0.0,12.23333333333334,12.4,0.25,170,2025-03-27 00:15:00,2025-03-27 00:15:00,12.1,6.0,-0.09999999999999964
NH17 Crossing Boko,Kamrup Metropolitan,25.9775,91.23416667,2025-03-26 18:30:00,3,85,50.2,50.2,150.60000000000002,301.20000000000005,12.2,0.0,12.2,12.4,0.25,170,2025-03-27 00:30:00,2025-03-27 00:30:00,12.1,6.0,-0.09999999999999964
NH17 Crossing Boko,Kamrup Metropolitan,25.9775,91.23416667,2025-03-26 18:45:00,3,85,50.2,50.2,150.60000000000002,301.20000000000005,12.2,0.0,12.2,12.4,0.25,170,2025-03-27 00:45:00,2025-03-27 00:45:00,12.2,6.0,0.0
NH17 Crossing Boko,Kamrup Metropolitan,25.9775,91.23416667,2025-03-26 19:00:00,3,85,50.2,50.2,150.60000000000002,301.20000000000005,12.2,0.0,12.2,12.3,0.25,170,2025-03-27 01:00:00,2025-03-27 01:00:00,12.1,6.0,-0.09999999999999964
NH17 Crossing Boko,Kamrup Metropolitan,25.9775,91.23416667,2025-03-26 19:15:00,3,85,50.2,50.2,150.60000000000002,301.20000000000005,12.2,0.0,12.2,12.2,0.25,170,2025-03-27 01:15:00,2025-03-27 01:15:00,12.1,6.0,-0.09999999999999964
NH17 Crossing Boko,Kamrup Metropolitan,25.9775,91.23416667,2025-03-26 19:45:00,3,85,50.2,50.2,150.60000000000002,301.20000000000005,12.2,0.0,12.2,12.2,0.5,170,2025-03-27 01:45:00,2025-03-27 01:45:00,12.1,6.0,-0.09999999999999964
NH17 Crossing Boko,Kamrup Metropolitan,25.9775,91.23416667,2025-03-26 20:00:00,3,85,50.2,50.2,150.60000000000002,301.20000000000005,12.2,0.0,12.2,12.2,0.25,170,2025-03-27 02:00:00,2025-03-27 02:00:00,12.1,6.0,-0.09999999999999964
NH17 Crossing Boko,Kamrup Metropolitan,25.9775,91.23416667,2025-03-26 20:15:00,3,85,50.2,50.2,150.60000000000002,301.20000000000005,12.2,0.0,12.2,12.2,0.25,170,2025-03-27 02:15:00,2025-03-27 02:15:00,12.1,6.0,-0.09999999999999964
NH17 Crossing Boko,Kamrup Metropolitan,25.9775,91.23416667,2025-03-26 20:30:00,3,85,50.2,50.2,150.60000000000002,301.20000000000005,12.2,0.0,12.2,12.2,0.25,170,2025-03-27 02:30:00,2025-03-27 02:30:00,12.1,6.0,-0.09999999999999964
NH17 Crossing Boko,Kamrup Metropolitan,25.9775,91.23416667,2025-03-26 20:45:00,3,85,50.2,50.2,150.60000000000002,301.20000000000005,12.2,0.0,12.2,12.2,0.25,170,2025-03-27 02:45:00,2025-03-27 02:45:00,12.1,6.0,-0.09999999999999964
NH17 Crossing Boko,Kamrup Metropolitan,25.9775,91.23416667,2025-03-26 21:00:00,3,85,50.2,50.2,150.60000000000002,301.20000000000005,12.2,0.0,12.2,12.2,0.25,170,2025-03-27 03:00:00,2025-03-27 03:00:00,12.1,6.0,-0.09999999999999964
NH17 Crossing Boko,Kamrup Metropolitan,25.9775,91.23416667,2025-03-26 21:15:00,3,85,50.2,50.2,150.60000000000002,301.20000000000005,12.1,-0.0999999999999996,12.166666666666671,12.2,0.25,170,2025-03-27 03:15:00,2025-03-27 03:15:00,12.1,6.0,0.0
NH17 Crossing Boko,Kamrup Metropolitan,25.9775,91.23416667,2025-03-26 21:30:00,3,85,50.2,50.2,150.60000000000002,301.20000000000005,12.2,0.0999999999999996,12.166666666666671,12.2,0.25,170,2025-03-27 03:30:00,2025-03-27 03:30:00,12.1,6.0,-0.09999999999999964
NH17 Crossing Boko,Kamrup Metropolitan,25.9775,91.23416667,2025-03-26 21:45:00,3,85,50.2,50.2,150.60000000000002,301.20000000000005,12.2,0.0,12.166666666666671,12.2,0.25,170,2025-03-27 03:45:00,2025-03-27 03:45:00,12.1,6.0,-0.09999999999999964
NH17 Crossing Boko,Kamrup Metropolitan,25.9775,91.23416667,2025-03-26 22:00:00,3,85,50.2,50.2,150.60000000000002,301.20000000000005,12.1,-0.0999999999999996,12.166666666666671,12.2,0.25,170,2025-03-27 04:00:00,2025-03-27 04:00:00,12.1,6.0,0.0
NH17 Crossing Boko,Kamrup Metropolitan,25.9775,91.23416667,2025-03-26 22:15:00,3,85,50.2,50.2,150.60000000000002,301.20000000000005,12.1,0.0,12.133333333333338,12.2,0.25,170,2025-03-27 04:15:00,2025-03-27 04:15:00,12.1,6.0,0.0
NH17 Crossing Boko,Kamrup Metropolitan,25.9775,91.23416667,2025-03-26 22:30:00,3,85,50.2,50.2,150.60000000000002,301.20000000000005,12.1,0.0,12.1,12.2,0.25,170,2025-03-27 04:30:00,2025-03-27 04:30:00,12.1,6.0,0.0
NH17 Crossing Boko,Kamrup Metropolitan,25.9775,91.23416667,2025-03-26 22:45:00,3,85,50.2,50.2,150.60000000000002,301.20000000000005,12.1,0.0,12.1,12.2,0.25,170,2025-03-27 04:45:00,2025-03-27 04:45:00,12.1,6.0,0.0
NH17 Crossing Boko,Kamrup Metropolitan,25.9775,91.23416667,2025-03-26 23:00:00,3,85,50.2,50.2,150.60000000000002,301.20000000000005,12.1,0.0,12.1,12.2,0.25,170,2025-03-27 05:00:00,2025-03-27 05:00:00,12.1,6.0,0.0
NH17 Crossing Boko,Kamrup Metropolitan,25.9775,91.23416667,2025-03-26 23:15:00,3,85,50.2,50.2,150.60000000000002,301.20000000000005,12.1,0.0,12.1,12.1,0.25,170,2025-03-27 05:15:00,2025-03-27 05:15:00,12.1,6.0,0.0
NH17 Crossing Boko,Kamrup Metropolitan,25.9775,91.23416667,2025-03-26 23:30:00,3,85,50.2,50.2,150.60000000000002,301.20000000000005,12.1,0.0,12.1,12.1,0.25,170,2025-03-27 05:30:00,2025-03-27 05:30:00,12.1,6.0,0.0
NH17 Crossing Boko,Kamrup Metropolitan,25.9775,91.23416667,2025-03-26 23:45:00,3,85,50.2,50.2,150.60000000000002,301.20000000000005,12.1,0.0,12.1,12.1,0.25,170,2025-03-27 05:45:00,2025-03-27 05:45:00,12.1,6.0,0.0
NH17 Crossing Boko,Kamrup Metropolitan,25.9775,91.23416667,2025-03-27 00:00:00,3,86,50.2,50.2,150.60000000000002,301.20000000000005,12.2,0.0999999999999996,12.133333333333338,12.2,0.25,170,2025-03-27 06:00:00,2025-03-27 06:00:00,12.1,6.0,-0.09999999999999964
NH17 Crossing Boko,Kamrup Metropolitan,25.9775,91.23416667,2025-03-27 00:15:00,3,86,50.2,50.2,150.60000000000002,301.20000000000005,12.1,-0.0999999999999996,12.133333333333338,12.2,0.25,170,2025-03-27 06:15:00,2025-03-27 06:15:00,12.1,6.0,0.0
NH17 Crossing Boko,Kamrup Metropolitan,25.9775,91.23416667,2025-03-27 00:30:00,3,86,50.2,50.2,150.60000000000002,301.20000000000005,12.1,0.0,12.133333333333338,12.2,0.25,170,2025-03-27 06:30:00,2025-03-27 06:30:00,12.1,6.0,0.0
NH17 Crossing Boko,Kamrup Metropolitan,25.9775,91.23416667,2025-03-27 00:45:00,3,86,50.2,50.2,150.60000000000002,301.20000000000005,12.2,0.0999999999999996,12.133333333333338,12.2,0.25,170,2025-03-27 06:45:00,2025-03-27 06:45:00,12.1,6.0,-0.09999999999999964
NH17 Crossing Boko,Kamrup Metropolitan,25.9775,91.23416667,2025-03-27 01:00:00,3,86,50.2,50.2,150.60000000000002,301.20000000000005,12.1,-0.0999999999999996,12.133333333333338,12.2,0.25,170,2025-03-27 07:00:00,2025-03-27 07:00:00,12.1,6.0,0.0
NH17 Crossing Boko,Kamrup Metropolitan,25.9775,91.23416667,2025-03-27 01:15:00,3,86,50.2,50.2,150.60000000000002,301.20000000000005,12.1,0.0,12.133333333333338,12.2,0.25,170,2025-03-27 07:15:00,2025-03-27 07:15:00,12.1,6.0,0.0
NH17 Crossing Boko,Kamrup Metropolitan,25.9775,91.23416667,2025-03-27 01:30:00,3,86,50.2,50.2,150.60000000000002,301.20000000000005,12.1,0.0,12.1,12.2,0.25,170,2025-03-27 07:30:00,2025-03-27 07:30:00,12.1,6.0,0.0
NH17 Crossing Boko,Kamrup Metropolitan,25.9775,91.23416667,2025-03-27 01:45:00,3,86,50.2,50.2,150.60000000000002,301.20000000000005,12.1,0.0,12.1,12.2,0.25,170,2025-03-27 07:45:00,2025-03-27 07:45:00,12.1,6.0,0.0
NH17 Crossing Boko,Kamrup Metropolitan,25.9775,91.23416667,2025-03-27 02:00:00,3,86,50.2,50.2,150.60000000000002,301.20000000000005,12.1,0.0,12.1,12.2,0.25,170,2025-03-27 08:00:00,2025-03-27 08:00:00,12.1,6.0,0.0
NH17 Crossing Boko,Kamrup Metropolitan,25.9775,91.23416667,2025-03-27 02:15:00,3,86,50.2,50.2,150.60000000000002,301.20000000000005,12.1,0.0,12.1,12.1,0.25,170,2025-03-27 08:15:00,2025-03-27 08:15:00,12.1,6.0,0.0
NH17 Crossing Boko,Kamrup Metropolitan,25.9775,91.23416667,2025-03-27 02:30:00,3,86,50.2,50.2,150.60000000000002,301.20000000000005,12.1,0.0,12.1,12.1,0.25,170,2025-03-27 08:30:00,2025-03-27 08:30:00,12.1,6.0,0.0
NH17 Crossing Boko,Kamrup Metropolitan,25.9775,91.23416667,2025-03-27 02:45:00,3,86,50.2,50.2,150.60000000000002,301.20000000000005,12.1,0.0,12.1,12.1,0.25,170,2025-03-27 08:45:00,2025-03-27 08:45:00,12.1,6.0,0.0
NH17 Crossing Boko,Kamrup Metropolitan,25.9775,91.23416667,2025-03-27 03:00:00,3,86,50.2,50.2,150.60000000000002,301.20000000000005,12.1,0.0,12.1,12.1,0.25,170,2025-03-27 09:00:00,2025-03-27 09:00:00,12.2,6.0,0.09999999999999964
NH17 Crossing Boko,Kamrup Metropolitan,25.9775,91.23416667,2025-03-27 03:15:00,3,86,50.2,50.2,150.60000000000002,301.20000000000005,12.1,0.0,12.1,12.1,0.25,170,2025-03-27 09:15:00,2025-03-27 09:15:00,12.2,6.0,0.09999999999999964
NH17 Crossing Boko,Kamrup Metropolitan,25.9775,91.23416667,2025-03-27 03:30:00,3,86,50.2,50.2,150.60000000000002,301.20000000000005,12.1,0.0,12.1,12.1,0.25,170,2025-03-27 09:30:00,2025-03-27 09:30:00,12.3,6.0,0.20000000000000107
NH17 Crossing Boko,Kamrup Metropolitan,25.9775,91.23416667,2025-03-27 03:45:00,3,86,50.2,50.2,150.60000000000002,301.20000000000005,12.1,0.0,12.1,12.1,0.25,170,2025-03-27 09:45:00,2025-03-27 09:45:00,12.3,6.0,0.20000000000000107
NH17 Crossing Boko,Kamrup Metropolitan,25.9775,91.23416667,2025-03-27 04:00:00,3,86,50.2,50.2,150.60000000000002,301.20000000000005,12.1,0.0,12.1,12.1,0.25,170,2025-03-27 10:00:00,2025-03-27 10:00:00,12.4,6.0,0.3000000000000007
NH17 Crossing Boko,Kamrup Metropolitan,25.9775,91.23416667,2025-03-27 04:15:00,3,86,50.2,50.2,150.60000000000002,301.20000000000005,12.1,0.0,12.1,12.1,0.25,170,2025-03-27 10:15:00,2025-03-27 10:15:00,12.4,6.0,0.3000000000000007
NH17 Crossing Boko,Kamrup Metropolitan,25.9775,91.23416667,2025-03-27 04:30:00,3,86,50.2,50.2,150.60000000000002,301.20000000000005,12.1,0.0,12.1,12.1,0.25,170,2025-03-27 10:30:00,2025-03-27 10:30:00,12.4,6.0,0.3000000000000007
NH17 Crossing Boko,Kamrup Metropolitan,25.9775,91.23416667,2025-03-27 04:45:00,3,86,50.2,50.2,150.60000000000002,301.20000000000005,12.1,0.0,12.1,12.1,0.25,170,2025-03-27 10:45:00,2025-03-27 10:45:00,12.4,6.0,0.3000000000000007
NH17 Crossing Boko,Kamrup Metropolitan,25.9775,91.23416667,2025-03-27 05:00:00,3,86,50.2,50.2,150.60000000000002,301.20000000000005,12.1,0.0,12.1,12.1,0.25,170,2025-03-27 11:00:00,2025-03-27 11:00:00,12.4,6.0,0.3000000000000007
NH17 Crossing Boko,Kamrup Metropolitan,25.9775,91.23416667,2025-03-27 05:15:00,3,86,50.2,50.2,150.60000000000002,301.20000000000005,12.1,0.0,12.1,12.1,0.25,170,2025-03-27 11:15:00,2025-03-27 11:15:00,12.4,6.0,0.3000000000000007
NH17 Crossing Boko,Kamrup Metropolitan,25.9775,91.23416667,2025-03-27 05:30:00,3,86,50.2,50.2,150.60000000000002,301.20000000000005,12.1,0.0,12.1,12.1,0.25,170,2025-03-27 11:30:00,2025-03-27 11:30:00,12.4,6.0,0.3000000000000007
NH17 Crossing Boko,Kamrup Metropolitan,25.9775,91.23416667,2025-03-27 05:45:00,3,86,50.2,50.2,150.60000000000002,301.20000000000005,12.1,0.0,12.1,12.1,0.25,170,2025-03-27 11:45:00,2025-03-27 11:45:00,12.4,6.0,0.3000000000000007
NH17 Crossing Boko,Kamrup Metropolitan,25.9775,91.23416667,2025-03-27 06:00:00,3,86,50.2,50.2,150.60000000000002,301.20000000000005,12.1,0.0,12.1,12.1,0.25,170,2025-03-27 12:00:00,2025-03-27 12:00:00,12.4,6.0,0.3000000000000007
NH17 Crossing Boko,Kamrup Metropolitan,25.9775,91.23416667,2025-03-27 06:15:00,3,86,50.2,50.2,150.60000000000002,301.20000000000005,12.1,0.0,12.1,12.1,0.25,170,2025-03-27 12:15:00,2025-03-27 12:15:00,12.4,6.0,0.3000000000000007
NH17 Crossing Boko,Kamrup Metropolitan,25.9775,91.23416667,2025-03-27 06:30:00,3,86,50.2,50.2,150.60000000000002,301.20000000000005,12.1,0.0,12.1,12.1,0.25,170,2025-03-27 12:30:00,2025-03-27 12:30:00,12.4,6.0,0.3000000000000007
NH17 Crossing Boko,Kamrup Metropolitan,25.9775,91.23416667,2025-03-27 06:45:00,3,86,50.2,50.2,150.60000000000002,301.20000000000005,12.1,0.0,12.1,12.1,0.25,170,2025-03-27 12:45:00,2025-03-27 12:45:00,12.5,6.0,0.40000000000000036
NH17 Crossing Boko,Kamrup Metropolitan,25.9775,91.23416667,2025-03-27 07:00:00,3,86,50.2,50.2,150.60000000000002,301.20000000000005,12.1,0.0,12.1,12.1,0.25,170,2025-03-27 13:00:00,2025-03-27 13:00:00,12.5,6.0,0.40000000000000036
NH17 Crossing Boko,Kamrup Metropolitan,25.9775,91.23416667,2025-03-27 07:15:00,3,86,50.2,50.2,150.60000000000002,301.20000000000005,12.1,0.0,12.1,12.1,0.25,170,2025-03-27 13:15:00,2025-03-27 13:15:00,12.5,6.0,0.40000000000000036
NH17 Crossing Boko,Kamrup Metropolitan,25.9775,91.23416667,2025-03-27 07:30:00,3,86,50.2,50.2,150.60000000000002,301.20000000000005,12.1,0.0,12.1,12.1,0.25,170,2025-03-27 13:30:00,2025-03-27 13:30:00,12.5,6.0,0.40000000000000036
NH17 Crossing Boko,Kamrup Metropolitan,25.9775,91.23416667,2025-03-27 07:45:00,3,86,50.2,50.2,150.60000000000002,301.20000000000005,12.1,0.0,12.1,12.1,0.25,170,2025-03-27 13:45:00,2025-03-27 13:45:00,12.5,6.0,0.40000000000000036
NH17 Crossing Boko,Kamrup Metropolitan,25.9775,91.23416667,2025-03-27 08:00:00,3,86,50.2,50.2,150.60000000000002,301.20000000000005,12.1,0.0,12.1,12.1,0.25,170,2025-03-27 14:00:00,2025-03-27 14:00:00,12.5,6.0,0.40000000000000036
NH17 Crossing Boko,Kamrup Metropolitan,25.9775,91.23416667,2025-03-27 08:15:00,3,86,50.2,50.2,150.60000000000002,301.20000000000005,12.1,0.0,12.1,12.1,0.25,170,2025-03-27 14:15:00,2025-03-27 14:15:00,12.4,6.0,0.3000000000000007
NH17 Crossing Boko,Kamrup Metropolitan,25.9775,91.23416667,2025-03-27 08:30:00,3,86,50.2,50.2,150.60000000000002,301.20000000000005,12.1,0.0,12.1,12.1,0.25,170,2025-03-27 14:30:00,2025-03-27 14:30:00,12.4,6.0,0.3000000000000007
NH17 Crossing Boko,Kamrup Metropolitan,25.9775,91.23416667,2025-03-27 08:45:00,3,86,50.2,50.2,150.60000000000002,301.20000000000005,12.1,0.0,12.1,12.1,0.25,170,2025-03-27 14:45:00,2025-03-27 14:45:00,12.4,6.0,0.3000000000000007
NH17 Crossing Boko,Kamrup Metropolitan,25.9775,91.23416667,2025-03-27 09:00:00,3,86,50.2,50.2,150.60000000000002,301.20000000000005,12.2,0.0999999999999996,12.133333333333338,12.2,0.25,170,2025-03-27 15:00:00,2025-03-27 15:00:00,12.4,6.0,0.20000000000000107
NH17 Crossing Boko,Kamrup Metropolitan,25.9775,91.23416667,2025-03-27 09:15:00,3,86,50.2,50.2,150.60000000000002,301.20000000000005,12.2,0.0,12.166666666666671,12.2,0.25,170,2025-03-27 15:15:00,2025-03-27 15:00:00,12.4,5.75,0.20000000000000107
NH17 Crossing Boko,Kamrup Metropolitan,25.9775,91.23416667,2025-03-27 09:30:00,3,86,50.2,50.2,150.60000000000002,301.20000000000005,12.3,0.1000000000000014,12.233333333333336,12.3,0.25,170,2025-03-27 15:30:00,2025-03-27 15:30:00,12.4,6.0,0.09999999999999964
NH17 Crossing Boko,Kamrup Metropolitan,25.9775,91.23416667,2025-03-27 09:45:00,3,86,50.2,50.2,150.60000000000002,301.20000000000005,12.3,0.0,12.266666666666673,12.3,0.25,170,2025-03-27 15:45:00,2025-03-27 15:45:00,12.4,6.0,0.09999999999999964
NH17 Crossing Boko,Kamrup Metropolitan,25.9775,91.23416667,2025-03-27 10:00:00,3,86,50.2,50.2,150.60000000000002,301.20000000000005,12.4,0.0999999999999996,12.333333333333336,12.4,0.25,170,2025-03-27 16:00:00,2025-03-27 15:45:00,12.4,5.75,0.0
NH17 Crossing Boko,Kamrup Metropolitan,25.9775,91.23416667,2025-03-27 10:15:00,3,86,50.2,50.2,150.60000000000002,301.20000000000005,12.4,0.0,12.366666666666672,12.4,0.25,170,2025-03-27 16:15:00,2025-03-27 16:15:00,12.3,6.0,-0.09999999999999964
NH17 Crossing Boko,Kamrup Metropolitan,25.9775,91.23416667,2025-03-27 10:30:00,3,86,50.2,50.2,150.60000000000002,301.20000000000005,12.4,0.0,12.4,12.4,0.25,170,2025-03-27 16:30:00,2025-03-27 16:30:00,12.2,6.0,-0.20000000000000107
NH17 Crossing Boko,Kamrup Metropolitan,25.9775,91.23416667,2025-03-27 10:45:00,3,86,50.2,50.2,150.60000000000002,301.20000000000005,12.4,0.0,12.4,12.4,0.25,170,2025-03-27 16:45:00,2025-03-27 16:45:00,12.3,6.0,-0.09999999999999964
NH17 Crossing Boko,Kamrup Metropolitan,25.9775,91.23416667,2025-03-27 11:00:00,3,86,50.2,50.2,150.60000000000002,301.20000000000005,12.4,0.0,12.4,12.4,0.25,170,2025-03-27 17:00:00,2025-03-27 17:00:00,12.2,6.0,-0.20000000000000107
NH17 Crossing Boko,Kamrup Metropolitan,25.9775,91.23416667,2025-03-27 11:15:00,3,86,50.2,50.2,150.60000000000002,301.20000000000005,12.4,0.0,12.4,12.4,0.25,170,2025-03-27 17:15:00,2025-03-27 17:15:00,12.2,6.0,-0.20000000000000107
NH17 Crossing Boko,Kamrup Metropolitan,25.9775,91.23416667,2025-03-27 11:30:00,3,86,50.2,50.2,150.60000000000002,301.20000000000005,12.4,0.0,12.4,12.4,0.25,170,2025-03-27 17:30:00,2025-03-27 17:30:00,12.2,6.0,-0.20000000000000107
NH17 Crossing Boko,Kamrup Metropolitan,25.9775,91.23416667,2025-03-27 11:45:00,3,86,50.2,50.2,150.60000000000002,301.20000000000005,12.4,0.0,12.4,12.4,0.25,170,2025-03-27 17:45:00,2025-03-27 17:45:00,12.2,6.0,-0.20000000000000107
NH17 Crossing Boko,Kamrup Metropolitan,25.9775,91.23416667,2025-03-27 12:00:00,3,86,50.2,50.2,150.60000000000002,301.20000000000005,12.4,0.0,12.4,12.4,0.25,170,2025-03-27 18:00:00,2025-03-27 18:00:00,12.2,6.0,-0.20000000000000107
NH17 Crossing Boko,Kamrup Metropolitan,25.9775,91.23416667,2025-03-27 12:15:00,3,86,50.2,50.2,150.60000000000002,301.20000000000005,12.4,0.0,12.4,12.4,0.25,170,2025-03-27 18:15:00,2025-03-27 18:15:00,12.2,6.0,-0.20000000000000107
NH17 Crossing Boko,Kamrup Metropolitan,25.9775,91.23416667,2025-03-27 12:30:00,3,86,50.2,50.2,150.60000000000002,301.20000000000005,12.4,0.0,12.4,12.4,0.25,170,2025-03-27 18:30:00,2025-03-27 18:30:00,12.1,6.0,-0.3000000000000007
NH17 Crossing Boko,Kamrup Metropolitan,25.9775,91.23416667,2025-03-27 12:45:00,3,86,50.2,50.2,150.60000000000002,301.20000000000005,12.5,0.0999999999999996,12.433333333333335,12.5,0.25,170,2025-03-27 18:45:00,2025-03-27 18:45:00,12.2,6.0,-0.3000000000000007
NH17 Crossing Boko,Kamrup Metropolitan,25.9775,91.23416667,2025-03-27 13:00:00,3,86,50.2,50.2,150.60000000000002,301.20000000000005,12.5,0.0,12.466666666666674,12.5,0.25,170,2025-03-27 19:00:00,2025-03-27 19:00:00,12.1,6.0,-0.40000000000000036
NH17 Crossing Boko,Kamrup Metropolitan,25.9775,91.23416667,2025-03-27 13:15:00,3,86,50.2,50.2,150.60000000000002,301.20000000000005,12.5,0.0,12.5,12.5,0.25,170,2025-03-27 19:15:00,2025-03-27 19:15:00,12.1,6.0,-0.40000000000000036
NH17 Crossing Boko,Kamrup Metropolitan,25.9775,91.23416667,2025-03-27 13:30:00,3,86,50.2,50.2,150.60000000000002,301.20000000000005,12.5,0.0,12.5,12.5,0.25,170,2025-03-27 19:30:00,2025-03-27 19:30:00,12.1,6.0,-0.40000000000000036
NH17 Crossing Boko,Kamrup Metropolitan,25.9775,91.23416667,2025-03-27 13:45:00,3,86,50.2,50.2,150.60000000000002,301.20000000000005,12.5,0.0,12.5,12.5,0.25,170,2025-03-27 19:45:00,2025-03-27 19:30:00,12.1,5.75,-0.40000000000000036
NH17 Crossing Boko,Kamrup Metropolitan,25.9775,91.23416667,2025-03-27 14:00:00,3,86,50.2,50.2,150.60000000000002,301.20000000000005,12.5,0.0,12.5,12.5,0.25,170,2025-03-27 20:00:00,2025-03-27 20:00:00,12.1,6.0,-0.40000000000000036
NH17 Crossing Boko,Kamrup Metropolitan,25.9775,91.23416667,2025-03-27 14:15:00,3,86,50.2,50.2,150.60000000000002,301.20000000000005,12.4,-0.0999999999999996,12.46666666666667,12.5,0.25,170,2025-03-27 20:15:00,2025-03-27 20:15:00,12.1,6.0,-0.3000000000000007
NH17 Crossing Boko,Kamrup Metropolitan,25.9775,91.23416667,2025-03-27 14:30:00,3,86,50.2,50.2,150.60000000000002,301.20000000000005,12.4,0.0,12.433333333333335,12.5,0.25,170,2025-03-27 20:30:00,2025-03-27 20:15:00,12.1,5.75,-0.3000000000000007
NH17 Crossing Boko,Kamrup Metropolitan,25.9775,91.23416667,2025-03-27 14:45:00,3,86,50.2,50.2,150.60000000000002,301.20000000000005,12.4,0.0,12.4,12.5,0.25,170,2025-03-27 20:45:00,2025-03-27 20:45:00,12.1,6.0,-0.3000000000000007
NH17 Crossing Boko,Kamrup Metropolitan,25.9775,91.23416667,2025-03-27 15:00:00,3,86,50.2,50.2,150.60000000000002,301.20000000000005,12.4,0.0,12.4,12.5,0.25,170,2025-03-27 21:00:00,2025-03-27 21:00:00,12.1,6.0,-0.3000000000000007
NH17 Crossing Boko,Kamrup Metropolitan,25.9775,91.23416667,2025-03-27 15:30:00,3,86,50.2,50.2,150.60000000000002,301.20000000000005,12.4,0.0,12.4,12.5,0.5,170,2025-03-27 21:30:00,2025-03-27 21:30:00,12.1,6.0,-0.3000000000000007
NH17 Crossing Boko,Kamrup Metropolitan,25.9775,91.23416667,2025-03-27 15:45:00,3,86,50.2,50.2,150.60000000000002,301.20000000000005,12.4,0.0,12.4,12.4,0.25,170,2025-03-27 21:45:00,2025-03-27 21:45:00,12.1,6.0,-0.3000000000000007
NH17 Crossing Boko,Kamrup Metropolitan,25.9775,91.23416667,2025-03-27 16:15:00,3,86,50.2,50.2,150.60000000000002,301.20000000000005,12.3,-0.0999999999999996,12.366666666666672,12.4,0.5,170,2025-03-27 22:15:00,2025-03-27 22:15:00,12.1,6.0,-0.20000000000000107
NH17 Crossing Boko,Kamrup Metropolitan,25.9775,91.23416667,2025-03-27 16:30:00,3,86,50.2,50.2,150.60000000000002,301.20000000000005,12.2,-0.1000000000000014,12.300000000000006,12.4,0.25,170,2025-03-27 22:30:00,2025-03-27 22:30:00,12.1,6.0,-0.09999999999999964
NH17 Crossing Boko,Kamrup Metropolitan,25.9775,91.23416667,2025-03-27 16:45:00,3,86,50.2,50.2,150.60000000000002,301.20000000000005,12.3,0.1000000000000014,12.266666666666673,12.4,0.25,170,2025-03-27 22:45:00,2025-03-27 22:45:00,12.1,6.0,-0.20000000000000107
NH17 Crossing Boko,Kamrup Metropolitan,25.9775,91.23416667,2025-03-27 17:00:00,3,86,50.2,50.2,150.60000000000002,301.20000000000005,12.2,-0.1000000000000014,12.23333333333334,12.4,0.25,170,2025-03-27 23:00:00,2025-03-27 23:00:00,12.1,6.0,-0.09999999999999964
NH17 Crossing Boko,Kamrup Metropolitan,25.9775,91.23416667,2025-03-27 17:15:00,3,86,50.2,50.2,150.60000000000002,301.20000000000005,12.2,0.0,12.23333333333334,12.4,0.25,170,2025-03-27 23:15:00,2025-03-27 23:15:00,12.1,6.0,-0.09999999999999964
NH17 Crossing Boko,Kamrup Metropolitan,25.9775,91.23416667,2025-03-27 17:30:00,3,86,50.2,50.2,150.60000000000002,301.20000000000005,12.2,0.0,12.2,12.3,0.25,170,2025-03-27 23:30:00,2025-03-27 23:30:00,12.1,6.0,-0.09999999999999964
NH17 Crossing Boko,Kamrup Metropolitan,25.9775,91.23416667,2025-03-27 17:45:00,3,86,50.2,50.2,150.60000000000002,301.20000000000005,12.2,0.0,12.2,12.3,0.25,170,2025-03-27 23:45:00,2025-03-27 23:45:00,12.1,6.0,-0.09999999999999964
NH17 Crossing Boko,Kamrup Metropolitan,25.9775,91.23416667,2025-03-27 18:00:00,3,86,50.2,50.2,150.60000000000002,301.20000000000005,12.2,0.0,12.2,12.3,0.25,170,2025-03-28 00:00:00,2025-03-28 00:00:00,12.1,6.0,-0.09999999999999964
NH17 Crossing Boko,Kamrup Metropolitan,25.9775,91.23416667,2025-03-27 18:15:00,3,86,50.2,50.2,150.60000000000002,301.20000000000005,12.2,0.0,12.2,12.2,0.25,170,2025-03-28 00:15:00,2025-03-28 00:15:00,12.1,6.0,-0.09999999999999964
NH17 Crossing Boko,Kamrup Metropolitan,25.9775,91.23416667,2025-03-27 18:30:00,3,86,50.2,50.2,150.60000000000002,301.20000000000005,12.1,-0.0999999999999996,12.166666666666671,12.2,0.25,170,2025-03-28 00:30:00,2025-03-28 00:30:00,12.1,6.0,0.0
NH17 Crossing Boko,Kamrup Metropolitan,25.9775,91.23416667,2025-03-27 18:45:00,3,86,50.2,50.2,150.60000000000002,301.20000000000005,12.2,0.0999999999999996,12.166666666666671,12.2,0.25,170,2025-03-28 00:45:00,2025-03-28 00:45:00,12.1,6.0,-0.09999999999999964
NH17 Crossing Boko,Kamrup Metropolitan,25.9775,91.23416667,2025-03-27 19:00:00,3,86,50.2,50.2,150.60000000000002,301.20000000000005,12.1,-0.0999999999999996,12.133333333333338,12.2,0.25,170,2025-03-28 01:00:00,2025-03-28 01:00:00,12.1,6.0,0.0
NH17 Crossing Boko,Kamrup Metropolitan,25.9775,91.23416667,2025-03-27 19:15:00,3,86,50.2,50.2,150.60000000000002,301.20000000000005,12.1,0.0,12.133333333333338,12.2,0.25,170,2025-03-28 01:15:00,2025-03-28 01:15:00,12.1,6.0,0.0
NH17 Crossing Boko,Kamrup Metropolitan,25.9775,91.23416667,2025-03-27 19:30:00,3,86,50.2,50.2,150.60000000000002,301.20000000000005,12.1,0.0,12.1,12.2,0.25,170,2025-03-28 01:30:00,2025-03-28 01:30:00,12.1,6.0,0.0
NH17 Crossing Boko,Kamrup Metropolitan,25.9775,91.23416667,2025-03-27 20:00:00,3,86,50.2,50.2,150.60000000000002,301.20000000000005,12.1,0.0,12.1,12.2,0.5,170,2025-03-28 02:00:00,2025-03-28 02:00:00,12.1,6.0,0.0
NH17 Crossing Boko,Kamrup Metropolitan,25.9775,91.23416667,2025-03-27 20:15:00,3,86,50.2,50.2,150.60000000000002,301.20000000000005,12.1,0.0,12.1,12.2,0.25,170,2025-03-28 02:15:00,2025-03-28 02:15:00,12.1,6.0,0.0
NH17 Crossing Boko,Kamrup Metropolitan,25.9775,91.23416667,2025-03-27 20:45:00,3,86,50.2,50.2,150.60000000000002,301.20000000000005,12.1,0.0,12.1,12.1,0.5,170,2025-03-28 02:45:00,2025-03-28 02:45:00,12.1,6.0,0.0
NH17 Crossing Boko,Kamrup Metropolitan,25.9775,91.23416667,2025-03-27 21:00:00,3,86,50.2,50.2,150.60000000000002,301.20000000000005,12.1,0.0,12.1,12.1,0.25,170,2025-03-28 03:00:00,2025-03-28 03:00:00,12.1,6.0,0.0
NH17 Crossing Boko,Kamrup Metropolitan,25.9775,91.23416667,2025-03-27 21:15:00,3,86,50.2,50.2,150.60000000000002,301.20000000000005,12.1,0.0,12.1,12.1,0.25,170,2025-03-28 03:15:00,2025-03-28 03:15:00,12.1,6.0,0.0
NH17 Crossing Boko,Kamrup Metropolitan,25.9775,91.23416667,2025-03-27 21:30:00,3,86,50.2,50.2,150.60000000000002,301.20000000000005,12.1,0.0,12.1,12.1,0.25,170,2025-03-28 03:30:00,2025-03-28 03:30:00,12.1,6.0,0.0
NH17 Crossing Boko,Kamrup Metropolitan,25.9775,91.23416667,2025-03-27 21:45:00,3,86,50.2,50.2,150.60000000000002,301.20000000000005,12.1,0.0,12.1,12.1,0.25,170,2025-03-28 03:45:00,2025-03-28 03:45:00,12.1,6.0,0.0
NH17 Crossing Boko,Kamrup Metropolitan,25.9775,91.23416667,2025-03-27 22:00:00,3,86,50.2,50.2,150.60000000000002,301.20000000000005,12.1,0.0,12.1,12.1,0.25,170,2025-03-28 04:00:00,2025-03-28 04:00:00,12.1,6.0,0.0
NH17 Crossing Boko,Kamrup Metropolitan,25.9775,91.23416667,2025-03-27 22:15:00,3,86,50.2,50.2,150.60000000000002,301.20000000000005,12.1,0.0,12.1,12.1,0.25,170,2025-03-28 04:15:00,2025-03-28 04:15:00,12.1,6.0,0.0
NH17 Crossing Boko,Kamrup Metropolitan,25.9775,91.23416667,2025-03-27 22:30:00,3,86,50.2,50.2,150.60000000000002,301.20000000000005,12.1,0.0,12.1,12.1,0.25,170,2025-03-28 04:30:00,2025-03-28 04:30:00,12.0,6.0,-0.09999999999999964
NH17 Crossing Boko,Kamrup Metropolitan,25.9775,91.23416667,2025-03-27 22:45:00,3,86,50.2,50.2,150.60000000000002,301.20000000000005,12.1,0.0,12.1,12.1,0.25,170,2025-03-28 04:45:00,2025-03-28 04:45:00,12.1,6.0,0.0
NH17 Crossing Boko,Kamrup Metropolitan,25.9775,91.23416667,2025-03-27 23:00:00,3,86,50.2,50.2,150.60000000000002,301.20000000000005,12.1,0.0,12.1,12.1,0.25,170,2025-03-28 05:00:00,2025-03-28 05:00:00,12.1,6.0,0.0
NH17 Crossing Boko,Kamrup Metropolitan,25.9775,91.23416667,2025-03-27 23:15:00,3,86,50.2,50.2,150.60000000000002,301.20000000000005,12.1,0.0,12.1,12.1,0.25,170,2025-03-28 05:15:00,2025-03-28 05:15:00,12.1,6.0,0.0
NH17 Crossing Boko,Kamrup Metropolitan,25.9775,91.23416667,2025-03-27 23:30:00,3,86,50.2,50.2,150.60000000000002,301.20000000000005,12.1,0.0,12.1,12.1,0.25,170,2025-03-28 05:30:00,2025-03-28 05:30:00,12.1,6.0,0.0
NH17 Crossing Boko,Kamrup Metropolitan,25.9775,91.23416667,2025-03-27 23:45:00,3,86,50.2,50.2,150.60000000000002,301.20000000000005,12.1,0.0,12.1,12.1,0.25,170,2025-03-28 05:45:00,2025-03-28 05:45:00,12.0,6.0,-0.09999999999999964
NH17 Crossing Boko,Kamrup Metropolitan,25.9775,91.23416667,2025-03-28 00:00:00,3,87,50.2,50.2,150.60000000000002,301.20000000000005,12.1,0.0,12.1,12.1,0.25,170,2025-03-28 06:00:00,2025-03-28 06:00:00,12.0,6.0,-0.09999999999999964
NH17 Crossing Boko,Kamrup Metropolitan,25.9775,91.23416667,2025-03-28 00:15:00,3,87,50.2,50.2,150.60000000000002,301.20000000000005,12.1,0.0,12.1,12.1,0.25,170,2025-03-28 06:15:00,2025-03-28 06:15:00,12.0,6.0,-0.09999999999999964
NH17 Crossing Boko,Kamrup Metropolitan,25.9775,91.23416667,2025-03-28 00:30:00,3,87,50.2,50.2,150.60000000000002,301.20000000000005,12.1,0.0,12.1,12.1,0.25,170,2025-03-28 06:30:00,2025-03-28 06:30:00,12.0,6.0,-0.09999999999999964
NH17 Crossing Boko,Kamrup Metropolitan,25.9775,91.23416667,2025-03-28 00:45:00,3,87,50.2,50.2,150.60000000000002,301.20000000000005,12.1,0.0,12.1,12.1,0.25,170,2025-03-28 06:45:00,2025-03-28 06:30:00,12.0,5.75,-0.09999999999999964
NH17 Crossing Boko,Kamrup Metropolitan,25.9775,91.23416667,2025-03-28 01:00:00,3,87,50.2,50.2,150.60000000000002,301.20000000000005,12.1,0.0,12.1,12.1,0.25,170,2025-03-28 07:00:00,2025-03-28 07:00:00,12.1,6.0,0.0
NH17 Crossing Boko,Kamrup Metropolitan,25.9775,91.23416667,2025-03-28 01:15:00,3,87,50.2,50.2,150.60000000000002,301.20000000000005,12.1,0.0,12.1,12.1,0.25,170,2025-03-28 07:15:00,2025-03-28 07:15:00,12.1,6.0,0.0
NH17 Crossing Boko,Kamrup Metropolitan,25.9775,91.23416667,2025-03-28 01:30:00,3,87,50.2,50.2,150.60000000000002,301.20000000000005,12.1,0.0,12.1,12.1,0.25,170,2025-03-28 07:30:00,2025-03-28 07:30:00,12.1,6.0,0.0
NH17 Crossing Boko,Kamrup Metropolitan,25.9775,91.23416667,2025-03-28 02:00:00,3,87,50.2,50.2,150.60000000000002,301.20000000000005,12.1,0.0,12.1,12.1,0.5,170,2025-03-28 08:00:00,2025-03-28 08:00:00,12.1,6.0,0.0
NH17 Crossing Boko,Kamrup Metropolitan,25.9775,91.23416667,2025-03-28 02:15:00,3,87,50.2,50.2,150.60000000000002,301.20000000000005,12.1,0.0,12.1,12.1,0.25,170,2025-03-28 08:15:00,2025-03-28 08:15:00,12.1,6.0,0.0
NH17 Crossing Boko,Kamrup Metropolitan,25.9775,91.23416667,2025-03-28 02:30:00,3,87,50.2,50.2,150.60000000000002,301.20000000000005,12.1,0.0,12.1,12.1,0.25,170,2025-03-28 08:30:00,2025-03-28 08:30:00,12.1,6.0,0.0
NH17 Crossing Boko,Kamrup Metropolitan,25.9775,91.23416667,2025-03-28 02:45:00,3,87,50.2,50.2,150.60000000000002,301.20000000000005,12.1,0.0,12.1,12.1,0.25,170,2025-03-28 08:45:00,2025-03-28 08:45:00,12.1,6.0,0.0
NH17 Crossing Boko,Kamrup Metropolitan,25.9775,91.23416667,2025-03-28 03:00:00,3,87,50.2,50.2,150.60000000000002,301.20000000000005,12.1,0.0,12.1,12.1,0.25,170,2025-03-28 09:00:00,2025-03-28 09:00:00,12.1,6.0,0.0
NH17 Crossing Boko,Kamrup Metropolitan,25.9775,91.23416667,2025-03-28 03:15:00,3,87,50.2,50.2,150.60000000000002,301.20000000000005,12.1,0.0,12.1,12.1,0.25,170,2025-03-28 09:15:00,2025-03-28 09:15:00,12.2,6.0,0.09999999999999964
NH17 Crossing Boko,Kamrup Metropolitan,25.9775,91.23416667,2025-03-28 03:30:00,3,87,50.2,50.2,150.60000000000002,301.20000000000005,12.1,0.0,12.1,12.1,0.25,170,2025-03-28 09:30:00,2025-03-28 09:30:00,12.2,6.0,0.09999999999999964
NH17 Crossing Boko,Kamrup Metropolitan,25.9775,91.23416667,2025-03-28 03:45:00,3,87,50.2,50.2,150.60000000000002,301.20000000000005,12.1,0.0,12.1,12.1,0.25,170,2025-03-28 09:45:00,2025-03-28 09:45:00,12.2,6.0,0.09999999999999964
NH17 Crossing Boko,Kamrup Metropolitan,25.9775,91.23416667,2025-03-28 04:00:00,3,87,50.2,50.2,150.60000000000002,301.20000000000005,12.1,0.0,12.1,12.1,0.25,170,2025-03-28 10:00:00,2025-03-28 10:00:00,12.2,6.0,0.09999999999999964
NH17 Crossing Boko,Kamrup Metropolitan,25.9775,91.23416667,2025-03-28 04:15:00,3,87,50.2,50.2,150.60000000000002,301.20000000000005,12.1,0.0,12.1,12.1,0.25,170,2025-03-28 10:15:00,2025-03-28 10:15:00,12.3,6.0,0.20000000000000107
NH17 Crossing Boko,Kamrup Metropolitan,25.9775,91.23416667,2025-03-28 04:30:00,3,87,50.2,50.2,150.60000000000002,301.20000000000005,12.0,-0.0999999999999996,12.066666666666672,12.1,0.25,170,2025-03-28 10:30:00,2025-03-28 10:30:00,12.3,6.0,0.3000000000000007
NH17 Crossing Boko,Kamrup Metropolitan,25.9775,91.23416667,2025-03-28 04:45:00,3,87,50.2,50.2,150.60000000000002,301.20000000000005,12.1,0.0999999999999996,12.06666666666667,12.1,0.25,170,2025-03-28 10:45:00,2025-03-28 10:45:00,12.3,6.0,0.20000000000000107
NH17 Crossing Boko,Kamrup Metropolitan,25.9775,91.23416667,2025-03-28 05:00:00,3,87,50.2,50.2,150.60000000000002,301.20000000000005,12.1,0.0,12.066666666666672,12.1,0.25,170,2025-03-28 11:00:00,2025-03-28 11:00:00,12.4,6.0,0.3000000000000007
NH17 Crossing Boko,Kamrup Metropolitan,25.9775,91.23416667,2025-03-28 05:15:00,3,87,50.2,50.2,150.60000000000002,301.20000000000005,12.1,0.0,12.1,12.1,0.25,170,2025-03-28 11:15:00,2025-03-28 11:00:00,12.4,5.75,0.3000000000000007
NH17 Crossing Boko,Kamrup Metropolitan,25.9775,91.23416667,2025-03-28 05:30:00,3,87,50.2,50.2,150.60000000000002,301.20000000000005,12.1,0.0,12.1,12.1,0.25,170,2025-03-28 11:30:00,2025-03-28 11:45:00,12.4,6.25,0.3000000000000007
NH17 Crossing Boko,Kamrup Metropolitan,25.9775,91.23416667,2025-03-28 05:45:00,3,87,50.2,50.2,150.60000000000002,301.20000000000005,12.0,-0.0999999999999996,12.066666666666672,12.1,0.25,170,2025-03-28 11:45:00,2025-03-28 11:45:00,12.4,6.0,0.40000000000000036
NH17 Crossing Boko,Kamrup Metropolitan,25.9775,91.23416667,2025-03-28 06:00:00,3,87,50.2,50.2,150.60000000000002,301.20000000000005,12.0,0.0,12.033333333333337,12.1,0.25,170,2025-03-28 12:00:00,2025-03-28 12:00:00,12.4,6.0,0.40000000000000036
NH17 Crossing Boko,Kamrup Metropolitan,25.9775,91.23416667,2025-03-28 06:15:00,3,87,50.2,50.2,150.60000000000002,301.20000000000005,12.0,0.0,12.0,12.1,0.25,170,2025-03-28 12:15:00,2025-03-28 12:15:00,12.4,6.0,0.40000000000000036
NH17 Crossing Boko,Kamrup Metropolitan,25.9775,91.23416667,2025-03-28 06:30:00,3,87,50.2,50.2,150.60000000000002,301.20000000000005,12.0,0.0,12.0,12.1,0.25,170,2025-03-28 12:30:00,2025-03-28 12:30:00,12.4,6.0,0.40000000000000036
NH17 Crossing Boko,Kamrup Metropolitan,25.9775,91.23416667,2025-03-28 07:00:00,3,87,50.2,50.2,150.60000000000002,301.20000000000005,12.1,0.0999999999999996,12.03333333333334,12.1,0.5,170,2025-03-28 13:00:00,2025-03-28 13:00:00,12.5,6.0,0.40000000000000036
NH17 Crossing Boko,Kamrup Metropolitan,25.9775,91.23416667,2025-03-28 07:15:00,3,87,50.2,50.2,150.60000000000002,301.20000000000005,12.1,0.0,12.066666666666672,12.1,0.25,170,2025-03-28 13:15:00,2025-03-28 13:15:00,12.5,6.0,0.40000000000000036
NH17 Crossing Boko,Kamrup Metropolitan,25.9775,91.23416667,2025-03-28 07:30:00,3,87,50.2,50.2,150.60000000000002,301.20000000000005,12.1,0.0,12.1,12.1,0.25,170,2025-03-28 13:30:00,2025-03-28 13:30:00,12.5,6.0,0.40000000000000036
NH17 Crossing Boko,Kamrup Metropolitan,25.9775,91.23416667,2025-03-28 07:45:00,3,87,50.2,50.2,150.60000000000002,301.20000000000005,12.1,0.0,12.1,12.1,0.25,170,2025-03-28 13:45:00,2025-03-28 13:45:00,12.5,6.0,0.40000000000000036
NH17 Crossing Boko,Kamrup Metropolitan,25.9775,91.23416667,2025-03-28 08:00:00,3,87,50.2,50.2,150.60000000000002,301.20000000000005,12.1,0.0,12.1,12.1,0.25,170,2025-03-28 14:00:00,2025-03-28 14:00:00,12.5,6.0,0.40000000000000036
NH17 Crossing Boko,Kamrup Metropolitan,25.9775,91.23416667,2025-03-28 08:15:00,3,87,50.2,50.2,150.60000000000002,301.20000000000005,12.1,0.0,12.1,12.1,0.25,170,2025-03-28 14:15:00,2025-03-28 14:15:00,12.5,6.0,0.40000000000000036
NH17 Crossing Boko,Kamrup Metropolitan,25.9775,91.23416667,2025-03-28 08:30:00,3,87,50.2,50.2,150.60000000000002,301.20000000000005,12.1,0.0,12.1,12.1,0.25,170,2025-03-28 14:30:00,2025-03-28 14:30:00,12.5,6.0,0.40000000000000036
NH17 Crossing Boko,Kamrup Metropolitan,25.9775,91.23416667,2025-03-28 08:45:00,3,87,50.2,50.2,150.60000000000002,301.20000000000005,12.1,0.0,12.1,12.1,0.25,170,2025-03-28 14:45:00,2025-03-28 14:45:00,12.5,6.0,0.40000000000000036
NH17 Crossing Boko,Kamrup Metropolitan,25.9775,91.23416667,2025-03-28 09:00:00,3,87,50.2,50.2,150.60000000000002,301.20000000000005,12.1,0.0,12.1,12.1,0.25,170,2025-03-28 15:00:00,2025-03-28 15:00:00,12.5,6.0,0.40000000000000036
NH17 Crossing Boko,Kamrup Metropolitan,25.9775,91.23416667,2025-03-28 09:15:00,3,87,50.2,50.2,150.60000000000002,301.20000000000005,12.2,0.0999999999999996,12.133333333333338,12.2,0.25,170,2025-03-28 15:15:00,2025-03-28 15:15:00,12.4,6.0,0.20000000000000107
NH17 Crossing Boko,Kamrup Metropolitan,25.9775,91.23416667,2025-03-28 09:30:00,3,87,50.2,50.2,150.60000000000002,301.20000000000005,12.2,0.0,12.166666666666671,12.2,0.25,170,2025-03-28 15:30:00,2025-03-28 15:30:00,12.4,6.0,0.20000000000000107
NH17 Crossing Boko,Kamrup Metropolitan,25.9775,91.23416667,2025-03-28 09:45:00,3,87,50.2,50.2,150.60000000000002,301.20000000000005,12.2,0.0,12.2,12.2,0.25,170,2025-03-28 15:45:00,2025-03-28 15:45:00,12.4,6.0,0.20000000000000107
NH17 Crossing Boko,Kamrup Metropolitan,25.9775,91.23416667,2025-03-28 10:00:00,3,87,50.2,50.2,150.60000000000002,301.20000000000005,12.2,0.0,12.2,12.2,0.25,170,2025-03-28 16:00:00,2025-03-28 15:45:00,12.4,5.75,0.20000000000000107
NH17 Crossing Boko,Kamrup Metropolitan,25.9775,91.23416667,2025-03-28 10:15:00,3,87,50.2,50.2,150.60000000000002,301.20000000000005,12.3,0.1000000000000014,12.233333333333336,12.3,0.25,170,2025-03-28 16:15:00,2025-03-28 16:15:00,12.4,6.0,0.09999999999999964
NH17 Crossing Boko,Kamrup Metropolitan,25.9775,91.23416667,2025-03-28 10:30:00,3,87,50.2,50.2,150.60000000000002,301.20000000000005,12.3,0.0,12.266666666666673,12.3,0.25,170,2025-03-28 16:30:00,2025-03-28 16:30:00,12.4,6.0,0.09999999999999964
NH17 Crossing Boko,Kamrup Metropolitan,25.9775,91.23416667,2025-03-28 10:45:00,3,87,50.2,50.2,150.60000000000002,301.20000000000005,12.3,0.0,12.3,12.3,0.25,170,2025-03-28 16:45:00,2025-03-28 16:45:00,12.2,6.0,-0.10000000000000142
NH17 Crossing Boko,Kamrup Metropolitan,25.9775,91.23416667,2025-03-28 11:00:00,3,87,50.2,50.2,150.60000000000002,301.20000000000005,12.4,0.0999999999999996,12.333333333333336,12.4,0.25,170,2025-03-28 17:00:00,2025-03-28 17:00:00,12.2,6.0,-0.20000000000000107
NH17 Crossing Boko,Kamrup Metropolitan,25.9775,91.23416667,2025-03-28 11:45:00,3,87,50.2,50.2,150.60000000000002,301.20000000000005,12.4,0.0,12.366666666666672,12.4,0.75,170,2025-03-28 17:45:00,2025-03-28 17:45:00,12.2,6.0,-0.20000000000000107
NH17 Crossing Boko,Kamrup Metropolitan,25.9775,91.23416667,2025-03-28 12:00:00,3,87,50.2,50.2,150.60000000000002,301.20000000000005,12.4,0.0,12.4,12.4,0.25,170,2025-03-28 18:00:00,2025-03-28 18:00:00,12.1,6.0,-0.3000000000000007
NH17 Crossing Boko,Kamrup Metropolitan,25.9775,91.23416667,2025-03-28 12:15:00,3,87,50.2,50.2,150.60000000000002,301.20000000000005,12.4,0.0,12.4,12.4,0.25,170,2025-03-28 18:15:00,2025-03-28 18:15:00,12.1,6.0,-0.3000000000000007
NH17 Crossing Boko,Kamrup Metropolitan,25.9775,91.23416667,2025-03-28 12:30:00,3,87,50.2,50.2,150.60000000000002,301.20000000000005,12.4,0.0,12.4,12.4,0.25,170,2025-03-28 18:30:00,2025-03-28 18:30:00,12.1,6.0,-0.3000000000000007
NH17 Crossing Boko,Kamrup Metropolitan,25.9775,91.23416667,2025-03-28 12:45:00,3,87,50.2,50.2,150.60000000000002,301.20000000000005,12.5,0.0999999999999996,12.433333333333335,12.5,0.25,170,2025-03-28 18:45:00,2025-03-28 18:45:00,12.1,6.0,-0.40000000000000036
NH17 Crossing Boko,Kamrup Metropolitan,25.9775,91.23416667,2025-03-28 13:00:00,3,87,50.2,50.2,150.60000000000002,301.20000000000005,12.5,0.0,12.466666666666674,12.5,0.25,170,2025-03-28 19:00:00,2025-03-28 19:00:00,12.1,6.0,-0.40000000000000036
NH17 Crossing Boko,Kamrup Metropolitan,25.9775,91.23416667,2025-03-28 13:15:00,3,87,50.2,50.2,150.60000000000002,301.20000000000005,12.5,0.0,12.5,12.5,0.25,170,2025-03-28 19:15:00,2025-03-28 19:15:00,12.1,6.0,-0.40000000000000036
NH17 Crossing Boko,Kamrup Metropolitan,25.9775,91.23416667,2025-03-28 13:30:00,3,87,50.2,50.2,150.60000000000002,301.20000000000005,12.5,0.0,12.5,12.5,0.25,170,2025-03-28 19:30:00,2025-03-28 19:30:00,12.1,6.0,-0.40000000000000036
NH17 Crossing Boko,Kamrup Metropolitan,25.9775,91.23416667,2025-03-28 13:45:00,3,87,50.2,50.2,150.60000000000002,301.20000000000005,12.5,0.0,12.5,12.5,0.25,170,2025-03-28 19:45:00,2025-03-28 19:45:00,12.1,6.0,-0.40000000000000036
NH17 Crossing Boko,Kamrup Metropolitan,25.9775,91.23416667,2025-03-28 14:00:00,3,87,50.2,50.2,150.60000000000002,301.20000000000005,12.5,0.0,12.5,12.5,0.25,170,2025-03-28 20:00:00,2025-03-28 20:00:00,12.1,6.0,-0.40000000000000036
NH17 Crossing Boko,Kamrup Metropolitan,25.9775,91.23416667,2025-03-28 14:15:00,3,87,50.2,50.2,150.60000000000002,301.20000000000005,12.5,0.0,12.5,12.5,0.25,170,2025-03-28 20:15:00,2025-03-28 20:15:00,12.1,6.0,-0.40000000000000036
NH17 Crossing Boko,Kamrup Metropolitan,25.9775,91.23416667,2025-03-28 14:30:00,3,87,50.2,50.2,150.60000000000002,301.20000000000005,12.5,0.0,12.5,12.5,0.25,170,2025-03-28 20:30:00,2025-03-28 20:30:00,12.1,6.0,-0.40000000000000036
NH17 Crossing Boko,Kamrup Metropolitan,25.9775,91.23416667,2025-03-28 14:45:00,3,87,50.2,50.2,150.60000000000002,301.20000000000005,12.5,0.0,12.5,12.5,0.25,170,2025-03-28 20:45:00,2025-03-28 20:45:00,12.1,6.0,-0.40000000000000036
NH17 Crossing Boko,Kamrup Metropolitan,25.9775,91.23416667,2025-03-28 15:00:00,3,87,50.2,50.2,150.60000000000002,301.20000000000005,12.5,0.0,12.5,12.5,0.25,170,2025-03-28 21:00:00,2025-03-28 21:00:00,12.1,6.0,-0.40000000000000036
NH17 Crossing Boko,Kamrup Metropolitan,25.9775,91.23416667,2025-03-28 15:15:00,3,87,50.2,50.2,150.60000000000002,301.20000000000005,12.4,-0.0999999999999996,12.46666666666667,12.5,0.25,170,2025-03-28 21:15:00,2025-03-28 21:15:00,12.1,6.0,-0.3000000000000007
NH17 Crossing Boko,Kamrup Metropolitan,25.9775,91.23416667,2025-03-28 15:30:00,3,87,50.2,50.2,150.60000000000002,301.20000000000005,12.4,0.0,12.433333333333335,12.5,0.25,170,2025-03-28 21:30:00,2025-03-28 21:30:00,12.1,6.0,-0.3000000000000007
NH17 Crossing Boko,Kamrup Metropolitan,25.9775,91.23416667,2025-03-28 15:45:00,3,87,50.2,50.2,150.60000000000002,301.20000000000005,12.4,0.0,12.4,12.5,0.25,170,2025-03-28 21:45:00,2025-03-28 21:45:00,12.1,6.0,-0.3000000000000007
NH17 Crossing Boko,Kamrup Metropolitan,25.9775,91.23416667,2025-03-28 16:15:00,3,87,50.2,50.2,150.60000000000002,301.20000000000005,12.4,0.0,12.4,12.5,0.5,170,2025-03-28 22:15:00,2025-03-28 22:15:00,12.1,6.0,-0.3000000000000007
NH17 Crossing Boko,Kamrup Metropolitan,25.9775,91.23416667,2025-03-28 16:30:00,3,87,50.2,50.2,150.60000000000002,301.20000000000005,12.4,0.0,12.4,12.5,0.25,170,2025-03-28 22:30:00,2025-03-28 22:30:00,12.1,6.0,-0.3000000000000007
NH17 Crossing Boko,Kamrup Metropolitan,25.9775,91.23416667,2025-03-28 16:45:00,3,87,50.2,50.2,150.60000000000002,301.20000000000005,12.2,-0.200000000000001,12.333333333333336,12.4,0.25,170,2025-03-28 22:45:00,2025-03-28 22:45:00,12.1,6.0,-0.09999999999999964
NH17 Crossing Boko,Kamrup Metropolitan,25.9775,91.23416667,2025-03-28 17:00:00,3,87,50.2,50.2,150.60000000000002,301.20000000000005,12.2,0.0,12.266666666666673,12.4,0.25,170,2025-03-28 23:00:00,2025-03-28 23:00:00,12.1,6.0,-0.09999999999999964
NH17 Crossing Boko,Kamrup Metropolitan,25.9775,91.23416667,2025-03-28 17:15:00,3,87,50.2,50.2,150.60000000000002,301.20000000000005,12.2,0.0,12.2,12.4,0.25,170,2025-03-28 23:15:00,2025-03-28 23:15:00,12.1,6.0,-0.09999999999999964
NH17 Crossing Boko,Kamrup Metropolitan,25.9775,91.23416667,2025-03-28 17:30:00,3,87,50.2,50.2,150.60000000000002,301.20000000000005,12.2,0.0,12.2,12.4,0.25,170,2025-03-28 23:30:00,2025-03-28 23:30:00,12.1,6.0,-0.09999999999999964
NH17 Crossing Boko,Kamrup Metropolitan,25.9775,91.23416667,2025-03-28 17:45:00,3,87,50.2,50.2,150.60000000000002,301.20000000000005,12.2,0.0,12.2,12.4,0.25,170,2025-03-28 23:45:00,2025-03-28 23:45:00,12.1,6.0,-0.09999999999999964
NH17 Crossing Boko,Kamrup Metropolitan,25.9775,91.23416667,2025-03-28 18:00:00,3,87,50.2,50.2,150.60000000000002,301.20000000000005,12.1,-0.0999999999999996,12.166666666666671,12.2,0.25,170,2025-03-29 00:00:00,2025-03-29 00:00:00,12.1,6.0,0.0
NH17 Crossing Boko,Kamrup Metropolitan,25.9775,91.23416667,2025-03-28 18:15:00,3,87,50.2,50.2,150.60000000000002,301.20000000000005,12.1,0.0,12.133333333333338,12.2,0.25,170,2025-03-29 00:15:00,2025-03-29 00:15:00,12.1,6.0,0.0
NH17 Crossing Boko,Kamrup Metropolitan,25.9775,91.23416667,2025-03-28 18:30:00,3,87,50.2,50.2,150.60000000000002,301.20000000000005,12.1,0.0,12.1,12.2,0.25,170,2025-03-29 00:30:00,2025-03-29 00:30:00,12.1,6.0,0.0
NH17 Crossing Boko,Kamrup Metropolitan,25.9775,91.23416667,2025-03-28 18:45:00,3,87,50.2,50.2,150.60000000000002,301.20000000000005,12.1,0.0,12.1,12.2,0.25,170,2025-03-29 00:45:00,2025-03-29 00:45:00,12.1,6.0,0.0
NH17 Crossing Boko,Kamrup Metropolitan,25.9775,91.23416667,2025-03-28 19:00:00,3,87,50.2,50.2,150.60000000000002,301.20000000000005,12.1,0.0,12.1,12.2,0.25,170,2025-03-29 01:00:00,2025-03-29 01:00:00,12.1,6.0,0.0
NH17 Crossing Boko,Kamrup Metropolitan,25.9775,91.23416667,2025-03-28 19:15:00,3,87,50.2,50.2,150.60000000000002,301.20000000000005,12.1,0.0,12.1,12.1,0.25,170,2025-03-29 01:15:00,2025-03-29 01:15:00,12.1,6.0,0.0
NH17 Crossing Boko,Kamrup Metropolitan,25.9775,91.23416667,2025-03-28 19:30:00,3,87,50.2,50.2,150.60000000000002,301.20000000000005,12.1,0.0,12.1,12.1,0.25,170,2025-03-29 01:30:00,2025-03-29 01:30:00,12.0,6.0,-0.09999999999999964
NH17 Crossing Boko,Kamrup Metropolitan,25.9775,91.23416667,2025-03-28 19:45:00,3,87,50.2,50.2,150.60000000000002,301.20000000000005,12.1,0.0,12.1,12.1,0.25,170,2025-03-29 01:45:00,2025-03-29 01:45:00,12.1,6.0,0.0
NH17 Crossing Boko,Kamrup Metropolitan,25.9775,91.23416667,2025-03-28 20:00:00,3,87,50.2,50.2,150.60000000000002,301.20000000000005,12.1,0.0,12.1,12.1,0.25,170,2025-03-29 02:00:00,2025-03-29 02:00:00,12.1,6.0,0.0
NH17 Crossing Boko,Kamrup Metropolitan,25.9775,91.23416667,2025-03-28 20:15:00,3,87,50.2,50.2,150.60000000000002,301.20000000000005,12.1,0.0,12.1,12.1,0.25,170,2025-03-29 02:15:00,2025-03-29 02:15:00,12.0,6.0,-0.09999999999999964
NH17 Crossing Boko,Kamrup Metropolitan,25.9775,91.23416667,2025-03-28 20:30:00,3,87,50.2,50.2,150.60000000000002,301.20000000000005,12.1,0.0,12.1,12.1,0.25,170,2025-03-29 02:30:00,2025-03-29 02:30:00,12.0,6.0,-0.09999999999999964
NH17 Crossing Boko,Kamrup Metropolitan,25.9775,91.23416667,2025-03-28 20:45:00,3,87,50.2,50.2,150.60000000000002,301.20000000000005,12.1,0.0,12.1,12.1,0.25,170,2025-03-29 02:45:00,2025-03-29 02:45:00,12.0,6.0,-0.09999999999999964
NH17 Crossing Boko,Kamrup Metropolitan,25.9775,91.23416667,2025-03-28 21:00:00,3,87,50.2,50.2,150.60000000000002,301.20000000000005,12.1,0.0,12.1,12.1,0.25,170,2025-03-29 03:00:00,2025-03-29 03:00:00,12.0,6.0,-0.09999999999999964
NH17 Crossing Boko,Kamrup Metropolitan,25.9775,91.23416667,2025-03-28 21:15:00,3,87,50.2,50.2,150.60000000000002,301.20000000000005,12.1,0.0,12.1,12.1,0.25,170,2025-03-29 03:15:00,2025-03-29 03:15:00,12.0,6.0,-0.09999999999999964
NH17 Crossing Boko,Kamrup Metropolitan,25.9775,91.23416667,2025-03-28 21:30:00,3,87,50.2,50.2,150.60000000000002,301.20000000000005,12.1,0.0,12.1,12.1,0.25,170,2025-03-29 03:30:00,2025-03-29 03:30:00,12.0,6.0,-0.09999999999999964
NH17 Crossing Boko,Kamrup Metropolitan,25.9775,91.23416667,2025-03-28 21:45:00,3,87,50.2,50.2,150.60000000000002,301.20000000000005,12.1,0.0,12.1,12.1,0.25,170,2025-03-29 03:45:00,2025-03-29 03:45:00,12.0,6.0,-0.09999999999999964
NH17 Crossing Boko,Kamrup Metropolitan,25.9775,91.23416667,2025-03-28 22:00:00,3,87,50.2,50.2,150.60000000000002,301.20000000000005,12.1,0.0,12.1,12.1,0.25,170,2025-03-29 04:00:00,2025-03-29 04:00:00,12.0,6.0,-0.09999999999999964
NH17 Crossing Boko,Kamrup Metropolitan,25.9775,91.23416667,2025-03-28 22:15:00,3,87,50.2,50.2,150.60000000000002,301.20000000000005,12.1,0.0,12.1,12.1,0.25,170,2025-03-29 04:15:00,2025-03-29 04:15:00,12.0,6.0,-0.09999999999999964
NH17 Crossing Boko,Kamrup Metropolitan,25.9775,91.23416667,2025-03-28 22:30:00,3,87,50.2,50.2,150.60000000000002,301.20000000000005,12.1,0.0,12.1,12.1,0.25,170,2025-03-29 04:30:00,2025-03-29 04:30:00,12.0,6.0,-0.09999999999999964
NH17 Crossing Boko,Kamrup Metropolitan,25.9775,91.23416667,2025-03-28 22:45:00,3,87,50.2,50.2,150.60000000000002,301.20000000000005,12.1,0.0,12.1,12.1,0.25,170,2025-03-29 04:45:00,2025-03-29 04:45:00,12.0,6.0,-0.09999999999999964
NH17 Crossing Boko,Kamrup Metropolitan,25.9775,91.23416667,2025-03-28 23:00:00,3,87,50.2,50.2,150.60000000000002,301.20000000000005,12.1,0.0,12.1,12.1,0.25,170,2025-03-29 05:00:00,2025-03-29 05:00:00,12.0,6.0,-0.09999999999999964
NH17 Crossing Boko,Kamrup Metropolitan,25.9775,91.23416667,2025-03-28 23:15:00,3,87,50.2,50.2,150.60000000000002,301.20000000000005,12.1,0.0,12.1,12.1,0.25,170,2025-03-29 05:15:00,2025-03-29 05:15:00,12.0,6.0,-0.09999999999999964
NH17 Crossing Boko,Kamrup Metropolitan,25.9775,91.23416667,2025-03-28 23:30:00,3,87,50.2,50.2,150.60000000000002,301.20000000000005,12.1,0.0,12.1,12.1,0.25,170,2025-03-29 05:30:00,2025-03-29 05:30:00,12.0,6.0,-0.09999999999999964
NH17 Crossing Boko,Kamrup Metropolitan,25.9775,91.23416667,2025-03-28 23:45:00,3,87,50.2,50.2,150.60000000000002,301.20000000000005,12.1,0.0,12.1,12.1,0.25,170,2025-03-29 05:45:00,2025-03-29 05:45:00,12.0,6.0,-0.09999999999999964
NH17 Crossing Boko,Kamrup Metropolitan,25.9775,91.23416667,2025-03-29 00:00:00,3,88,50.2,50.2,150.60000000000002,301.20000000000005,12.1,0.0,12.1,12.1,0.25,170,2025-03-29 06:00:00,2025-03-29 06:00:00,12.0,6.0,-0.09999999999999964
NH17 Crossing Boko,Kamrup Metropolitan,25.9775,91.23416667,2025-03-29 00:15:00,3,88,50.2,50.2,150.60000000000002,301.20000000000005,12.1,0.0,12.1,12.1,0.25,170,2025-03-29 06:15:00,2025-03-29 06:15:00,12.0,6.0,-0.09999999999999964
NH17 Crossing Boko,Kamrup Metropolitan,25.9775,91.23416667,2025-03-29 00:30:00,3,88,50.2,50.2,150.60000000000002,301.20000000000005,12.1,0.0,12.1,12.1,0.25,170,2025-03-29 06:30:00,2025-03-29 06:30:00,12.0,6.0,-0.09999999999999964
NH17 Crossing Boko,Kamrup Metropolitan,25.9775,91.23416667,2025-03-29 00:45:00,3,88,50.2,50.2,150.60000000000002,301.20000000000005,12.1,0.0,12.1,12.1,0.25,170,2025-03-29 06:45:00,2025-03-29 06:45:00,12.0,6.0,-0.09999999999999964
NH17 Crossing Boko,Kamrup Metropolitan,25.9775,91.23416667,2025-03-29 01:00:00,3,88,50.2,50.2,150.60000000000002,301.20000000000005,12.1,0.0,12.1,12.1,0.25,170,2025-03-29 07:00:00,2025-03-29 07:00:00,12.0,6.0,-0.09999999999999964
NH17 Crossing Boko,Kamrup Metropolitan,25.9775,91.23416667,2025-03-29 01:15:00,3,88,50.2,50.2,150.60000000000002,301.20000000000005,12.1,0.0,12.1,12.1,0.25,170,2025-03-29 07:15:00,2025-03-29 07:15:00,12.0,6.0,-0.09999999999999964
NH17 Crossing Boko,Kamrup Metropolitan,25.9775,91.23416667,2025-03-29 01:30:00,3,88,50.2,50.2,150.60000000000002,301.20000000000005,12.0,-0.0999999999999996,12.06666666666667,12.1,0.25,170,2025-03-29 07:30:00,2025-03-29 07:30:00,12.0,6.0,0.0
NH17 Crossing Boko,Kamrup Metropolitan,25.9775,91.23416667,2025-03-29 01:45:00,3,88,50.2,50.2,150.60000000000002,301.20000000000005,12.1,0.0999999999999996,12.066666666666672,12.1,0.25,170,2025-03-29 07:45:00,2025-03-29 07:45:00,12.0,6.0,-0.09999999999999964
NH17 Crossing Boko,Kamrup Metropolitan,25.9775,91.23416667,2025-03-29 02:00:00,3,88,50.2,50.2,150.60000000000002,301.20000000000005,12.1,0.0,12.06666666666667,12.1,0.25,170,2025-03-29 08:00:00,2025-03-29 08:00:00,12.0,6.0,-0.09999999999999964
NH17 Crossing Boko,Kamrup Metropolitan,25.9775,91.23416667,2025-03-29 02:15:00,3,88,50.2,50.2,150.60000000000002,301.20000000000005,12.0,-0.0999999999999996,12.06666666666667,12.1,0.25,170,2025-03-29 08:15:00,2025-03-29 08:15:00,12.1,6.0,0.09999999999999964
NH17 Crossing Boko,Kamrup Metropolitan,25.9775,91.23416667,2025-03-29 02:30:00,3,88,50.2,50.2,150.60000000000002,301.20000000000005,12.0,0.0,12.03333333333334,12.1,0.25,170,2025-03-29 08:30:00,2025-03-29 08:30:00,12.1,6.0,0.09999999999999964
NH17 Crossing Boko,Kamrup Metropolitan,25.9775,91.23416667,2025-03-29 02:45:00,3,88,50.2,50.2,150.60000000000002,301.20000000000005,12.0,0.0,12.0,12.1,0.25,170,2025-03-29 08:45:00,2025-03-29 08:45:00,12.1,6.0,0.09999999999999964
NH17 Crossing Boko,Kamrup Metropolitan,25.9775,91.23416667,2025-03-29 03:00:00,3,88,50.2,50.2,150.60000000000002,301.20000000000005,12.0,0.0,12.0,12.1,0.25,170,2025-03-29 09:00:00,2025-03-29 09:00:00,12.1,6.0,0.09999999999999964
NH17 Crossing Boko,Kamrup Metropolitan,25.9775,91.23416667,2025-03-29 03:15:00,3,88,50.2,50.2,150.60000000000002,301.20000000000005,12.0,0.0,12.0,12.1,0.25,170,2025-03-29 09:15:00,2025-03-29 09:15:00,12.1,6.0,0.09999999999999964
NH17 Crossing Boko,Kamrup Metropolitan,25.9775,91.23416667,2025-03-29 03:30:00,3,88,50.2,50.2,150.60000000000002,301.20000000000005,12.0,0.0,12.0,12.0,0.25,170,2025-03-29 09:30:00,2025-03-29 09:30:00,12.1,6.0,0.09999999999999964
NH17 Crossing Boko,Kamrup Metropolitan,25.9775,91.23416667,2025-03-29 03:45:00,3,88,50.2,50.2,150.60000000000002,301.20000000000005,12.0,0.0,12.0,12.0,0.25,170,2025-03-29 09:45:00,2025-03-29 09:45:00,12.1,6.0,0.09999999999999964
NH17 Crossing Boko,Kamrup Metropolitan,25.9775,91.23416667,2025-03-29 04:00:00,3,88,50.2,50.2,150.60000000000002,301.20000000000005,12.0,0.0,12.0,12.0,0.25,170,2025-03-29 10:00:00,2025-03-29 10:00:00,12.2,6.0,0.1999999999999993
NH17 Crossing Boko,Kamrup Metropolitan,25.9775,91.23416667,2025-03-29 04:15:00,3,88,50.2,50.2,150.60000000000002,301.20000000000005,12.0,0.0,12.0,12.0,0.25,170,2025-03-29 10:15:00,2025-03-29 10:15:00,12.2,6.0,0.1999999999999993
NH17 Crossing Boko,Kamrup Metropolitan,25.9775,91.23416667,2025-03-29 04:30:00,3,88,50.2,50.2,150.60000000000002,301.20000000000005,12.0,0.0,12.0,12.0,0.25,170,2025-03-29 10:30:00,2025-03-29 10:30:00,12.2,6.0,0.1999999999999993
NH17 Crossing Boko,Kamrup Metropolitan,25.9775,91.23416667,2025-03-29 04:45:00,3,88,50.2,50.2,150.60000000000002,301.20000000000005,12.0,0.0,12.0,12.0,0.25,170,2025-03-29 10:45:00,2025-03-29 10:45:00,12.2,6.0,0.1999999999999993
NH17 Crossing Boko,Kamrup Metropolitan,25.9775,91.23416667,2025-03-29 05:00:00,3,88,50.2,50.2,150.60000000000002,301.20000000000005,12.0,0.0,12.0,12.0,0.25,170,2025-03-29 11:00:00,2025-03-29 11:00:00,12.2,6.0,0.1999999999999993
NH17 Crossing Boko,Kamrup Metropolitan,25.9775,91.23416667,2025-03-29 05:15:00,3,88,50.2,50.2,150.60000000000002,301.20000000000005,12.0,0.0,12.0,12.0,0.25,170,2025-03-29 11:15:00,2025-03-29 11:15:00,12.3,6.0,0.3000000000000007
NH17 Crossing Boko,Kamrup Metropolitan,25.9775,91.23416667,2025-03-29 05:30:00,3,88,50.2,50.2,150.60000000000002,301.20000000000005,12.0,0.0,12.0,12.0,0.25,170,2025-03-29 11:30:00,2025-03-29 11:30:00,12.2,6.0,0.1999999999999993
NH17 Crossing Boko,Kamrup Metropolitan,25.9775,91.23416667,2025-03-29 05:45:00,3,88,50.2,50.2,150.60000000000002,301.20000000000005,12.0,0.0,12.0,12.0,0.25,170,2025-03-29 11:45:00,2025-03-29 11:45:00,12.3,6.0,0.3000000000000007
NH17 Crossing Boko,Kamrup Metropolitan,25.9775,91.23416667,2025-03-29 06:00:00,3,88,50.2,50.2,150.60000000000002,301.20000000000005,12.0,0.0,12.0,12.0,0.25,170,2025-03-29 12:00:00,2025-03-29 12:00:00,12.4,6.0,0.40000000000000036
NH17 Crossing Boko,Kamrup Metropolitan,25.9775,91.23416667,2025-03-29 06:15:00,3,88,50.2,50.2,150.60000000000002,301.20000000000005,12.0,0.0,12.0,12.0,0.25,170,2025-03-29 12:15:00,2025-03-29 12:15:00,12.4,6.0,0.40000000000000036
NH17 Crossing Boko,Kamrup Metropolitan,25.9775,91.23416667,2025-03-29 06:30:00,3,88,50.2,50.2,150.60000000000002,301.20000000000005,12.0,0.0,12.0,12.0,0.25,170,2025-03-29 12:30:00,2025-03-29 12:30:00,12.4,6.0,0.40000000000000036
NH17 Crossing Boko,Kamrup Metropolitan,25.9775,91.23416667,2025-03-29 06:45:00,3,88,50.2,50.2,150.60000000000002,301.20000000000005,12.0,0.0,12.0,12.0,0.25,170,2025-03-29 12:45:00,2025-03-29 12:45:00,12.4,6.0,0.40000000000000036
NH17 Crossing Boko,Kamrup Metropolitan,25.9775,91.23416667,2025-03-29 07:00:00,3,88,50.2,50.2,150.60000000000002,301.20000000000005,12.0,0.0,12.0,12.0,0.25,170,2025-03-29 13:00:00,2025-03-29 13:00:00,12.4,6.0,0.40000000000000036
NH17 Crossing Boko,Kamrup Metropolitan,25.9775,91.23416667,2025-03-29 07:15:00,3,88,50.2,50.2,150.60000000000002,301.20000000000005,12.0,0.0,12.0,12.0,0.25,170,2025-03-29 13:15:00,2025-03-29 13:15:00,12.4,6.0,0.40000000000000036
NH17 Crossing Boko,Kamrup Metropolitan,25.9775,91.23416667,2025-03-29 07:30:00,3,88,50.2,50.2,150.60000000000002,301.20000000000005,12.0,0.0,12.0,12.0,0.25,170,2025-03-29 13:30:00,2025-03-29 13:30:00,12.4,6.0,0.40000000000000036
NH17 Crossing Boko,Kamrup Metropolitan,25.9775,91.23416667,2025-03-29 07:45:00,3,88,50.2,50.2,150.60000000000002,301.20000000000005,12.0,0.0,12.0,12.0,0.25,170,2025-03-29 13:45:00,2025-03-29 13:45:00,12.5,6.0,0.5
NH17 Crossing Boko,Kamrup Metropolitan,25.9775,91.23416667,2025-03-29 08:00:00,3,88,50.2,50.2,150.60000000000002,301.20000000000005,12.0,0.0,12.0,12.0,0.25,170,2025-03-29 14:00:00,2025-03-29 14:00:00,12.5,6.0,0.5
NH17 Crossing Boko,Kamrup Metropolitan,25.9775,91.23416667,2025-03-29 08:15:00,3,88,50.2,50.2,150.60000000000002,301.20000000000005,12.1,0.0999999999999996,12.033333333333337,12.1,0.25,170,2025-03-29 14:15:00,2025-03-29 14:15:00,12.5,6.0,0.40000000000000036
NH17 Crossing Boko,Kamrup Metropolitan,25.9775,91.23416667,2025-03-29 08:30:00,3,88,50.2,50.2,150.60000000000002,301.20000000000005,12.1,0.0,12.06666666666667,12.1,0.25,170,2025-03-29 14:30:00,2025-03-29 14:30:00,12.5,6.0,0.40000000000000036
NH17 Crossing Boko,Kamrup Metropolitan,25.9775,91.23416667,2025-03-29 08:45:00,3,88,50.2,50.2,150.60000000000002,301.20000000000005,12.1,0.0,12.1,12.1,0.25,170,2025-03-29 14:45:00,2025-03-29 14:45:00,12.4,6.0,0.3000000000000007
NH17 Crossing Boko,Kamrup Metropolitan,25.9775,91.23416667,2025-03-29 09:00:00,3,88,50.2,50.2,150.60000000000002,301.20000000000005,12.1,0.0,12.1,12.1,0.25,170,2025-03-29 15:00:00,2025-03-29 15:00:00,12.4,6.0,0.3000000000000007
NH17 Crossing Boko,Kamrup Metropolitan,25.9775,91.23416667,2025-03-29 09:15:00,3,88,50.2,50.2,150.60000000000002,301.20000000000005,12.1,0.0,12.1,12.1,0.25,170,2025-03-29 15:15:00,2025-03-29 15:15:00,12.4,6.0,0.3000000000000007
NH17 Crossing Boko,Kamrup Metropolitan,25.9775,91.23416667,2025-03-29 09:30:00,3,88,50.2,50.2,150.60000000000002,301.20000000000005,12.1,0.0,12.1,12.1,0.25,170,2025-03-29 15:30:00,2025-03-29 15:30:00,12.4,6.0,0.3000000000000007
NH17 Crossing Boko,Kamrup Metropolitan,25.9775,91.23416667,2025-03-29 09:45:00,3,88,50.2,50.2,150.60000000000002,301.20000000000005,12.1,0.0,12.1,12.1,0.25,170,2025-03-29 15:45:00,2025-03-29 15:45:00,12.4,6.0,0.3000000000000007
NH17 Crossing Boko,Kamrup Metropolitan,25.9775,91.23416667,2025-03-29 10:00:00,3,88,50.2,50.2,150.60000000000002,301.20000000000005,12.2,0.0999999999999996,12.133333333333338,12.2,0.25,170,2025-03-29 16:00:00,2025-03-29 16:00:00,12.4,6.0,0.20000000000000107
NH17 Crossing Boko,Kamrup Metropolitan,25.9775,91.23416667,2025-03-29 10:15:00,3,88,50.2,50.2,150.60000000000002,301.20000000000005,12.2,0.0,12.166666666666671,12.2,0.25,170,2025-03-29 16:15:00,2025-03-29 16:15:00,12.2,6.0,0.0
NH17 Crossing Boko,Kamrup Metropolitan,25.9775,91.23416667,2025-03-29 10:30:00,3,88,50.2,50.2,150.60000000000002,301.20000000000005,12.2,0.0,12.2,12.2,0.25,170,2025-03-29 16:30:00,2025-03-29 16:30:00,12.2,6.0,0.0
NH17 Crossing Boko,Kamrup Metropolitan,25.9775,91.23416667,2025-03-29 10:45:00,3,88,50.2,50.2,150.60000000000002,301.20000000000005,12.2,0.0,12.2,12.2,0.25,170,2025-03-29 16:45:00,2025-03-29 16:45:00,12.2,6.0,0.0
NH17 Crossing Boko,Kamrup Metropolitan,25.9775,91.23416667,2025-03-29 11:00:00,3,88,50.2,50.2,150.60000000000002,301.20000000000005,12.2,0.0,12.2,12.2,0.25,170,2025-03-29 17:00:00,2025-03-29 17:00:00,12.2,6.0,0.0
NH17 Crossing Boko,Kamrup Metropolitan,25.9775,91.23416667,2025-03-29 11:15:00,3,88,50.2,50.2,150.60000000000002,301.20000000000005,12.3,0.1000000000000014,12.23333333333334,12.3,0.25,170,2025-03-29 17:15:00,2025-03-29 17:15:00,12.2,6.0,-0.10000000000000142
NH17 Crossing Boko,Kamrup Metropolitan,25.9775,91.23416667,2025-03-29 11:30:00,3,88,50.2,50.2,150.60000000000002,301.20000000000005,12.2,-0.1000000000000014,12.23333333333334,12.3,0.25,170,2025-03-29 17:30:00,2025-03-29 17:30:00,12.1,6.0,-0.09999999999999964
NH17 Crossing Boko,Kamrup Metropolitan,25.9775,91.23416667,2025-03-29 11:45:00,3,88,50.2,50.2,150.60000000000002,301.20000000000005,12.3,0.1000000000000014,12.266666666666673,12.3,0.25,170,2025-03-29 17:45:00,2025-03-29 17:45:00,12.1,6.0,-0.20000000000000107
NH17 Crossing Boko,Kamrup Metropolitan,25.9775,91.23416667,2025-03-29 12:00:00,3,88,50.2,50.2,150.60000000000002,301.20000000000005,12.4,0.0999999999999996,12.300000000000004,12.4,0.25,170,2025-03-29 18:00:00,2025-03-29 18:00:00,12.1,6.0,-0.3000000000000007
NH17 Crossing Boko,Kamrup Metropolitan,25.9775,91.23416667,2025-03-29 12:15:00,3,88,50.2,50.2,150.60000000000002,301.20000000000005,12.4,0.0,12.366666666666672,12.4,0.25,170,2025-03-29 18:15:00,2025-03-29 18:15:00,12.1,6.0,-0.3000000000000007
NH17 Crossing Boko,Kamrup Metropolitan,25.9775,91.23416667,2025-03-29 12:30:00,3,88,50.2,50.2,150.60000000000002,301.20000000000005,12.4,0.0,12.4,12.4,0.25,170,2025-03-29 18:30:00,2025-03-29 18:30:00,12.1,6.0,-0.3000000000000007
NH17 Crossing Boko,Kamrup Metropolitan,25.9775,91.23416667,2025-03-29 12:45:00,3,88,50.2,50.2,150.60000000000002,301.20000000000005,12.4,0.0,12.4,12.4,0.25,170,2025-03-29 18:45:00,2025-03-29 18:45:00,12.1,6.0,-0.3000000000000007
NH17 Crossing Boko,Kamrup Metropolitan,25.9775,91.23416667,2025-03-29 13:00:00,3,88,50.2,50.2,150.60000000000002,301.20000000000005,12.4,0.0,12.4,12.4,0.25,170,2025-03-29 19:00:00,2025-03-29 19:00:00,12.1,6.0,-0.3000000000000007
NH17 Crossing Boko,Kamrup Metropolitan,25.9775,91.23416667,2025-03-29 13:15:00,3,88,50.2,50.2,150.60000000000002,301.20000000000005,12.4,0.0,12.4,12.4,0.25,170,2025-03-29 19:15:00,2025-03-29 19:15:00,12.1,6.0,-0.3000000000000007
NH17 Crossing Boko,Kamrup Metropolitan,25.9775,91.23416667,2025-03-29 13:30:00,3,88,50.2,50.2,150.60000000000002,301.20000000000005,12.4,0.0,12.4,12.4,0.25,170,2025-03-29 19:30:00,2025-03-29 19:30:00,12.1,6.0,-0.3000000000000007
NH17 Crossing Boko,Kamrup Metropolitan,25.9775,91.23416667,2025-03-29 13:45:00,3,88,50.2,50.2,150.60000000000002,301.20000000000005,12.5,0.0999999999999996,12.43333333333334,12.5,0.25,170,2025-03-29 19:45:00,2025-03-29 19:45:00,12.1,6.0,-0.40000000000000036
NH17 Crossing Boko,Kamrup Metropolitan,25.9775,91.23416667,2025-03-29 14:00:00,3,88,50.2,50.2,150.60000000000002,301.20000000000005,12.5,0.0,12.46666666666667,12.5,0.25,170,2025-03-29 20:00:00,2025-03-29 20:00:00,12.1,6.0,-0.40000000000000036
NH17 Crossing Boko,Kamrup Metropolitan,25.9775,91.23416667,2025-03-29 14:15:00,3,88,50.2,50.2,150.60000000000002,301.20000000000005,12.5,0.0,12.5,12.5,0.25,170,2025-03-29 20:15:00,2025-03-29 20:15:00,12.1,6.0,-0.40000000000000036
NH17 Crossing Boko,Kamrup Metropolitan,25.9775,91.23416667,2025-03-29 14:30:00,3,88,50.2,50.2,150.60000000000002,301.20000000000005,12.5,0.0,12.5,12.5,0.25,170,2025-03-29 20:30:00,2025-03-29 20:30:00,12.0,6.0,-0.5
NH17 Crossing Boko,Kamrup Metropolitan,25.9775,91.23416667,2025-03-29 14:45:00,3,88,50.2,50.2,150.60000000000002,301.20000000000005,12.4,-0.0999999999999996,12.466666666666674,12.5,0.25,170,2025-03-29 20:45:00,2025-03-29 20:45:00,12.0,6.0,-0.40000000000000036
NH17 Crossing Boko,Kamrup Metropolitan,25.9775,91.23416667,2025-03-29 15:00:00,3,88,50.2,50.2,150.60000000000002,301.20000000000005,12.4,0.0,12.43333333333334,12.5,0.25,170,2025-03-29 21:00:00,2025-03-29 21:00:00,12.0,6.0,-0.40000000000000036
NH17 Crossing Boko,Kamrup Metropolitan,25.9775,91.23416667,2025-03-29 15:15:00,3,88,50.2,50.2,150.60000000000002,301.20000000000005,12.4,0.0,12.4,12.5,0.25,170,2025-03-29 21:15:00,2025-03-29 21:15:00,12.0,6.0,-0.40000000000000036
NH17 Crossing Boko,Kamrup Metropolitan,25.9775,91.23416667,2025-03-29 15:30:00,3,88,50.2,50.2,150.60000000000002,301.20000000000005,12.4,0.0,12.4,12.5,0.25,170,2025-03-29 21:30:00,2025-03-29 21:30:00,12.0,6.0,-0.40000000000000036
NH17 Crossing Boko,Kamrup Metropolitan,25.9775,91.23416667,2025-03-29 15:45:00,3,88,50.2,50.2,150.60000000000002,301.20000000000005,12.4,0.0,12.4,12.5,0.25,170,2025-03-29 21:45:00,2025-03-29 21:45:00,12.0,6.0,-0.40000000000000036
NH17 Crossing Boko,Kamrup Metropolitan,25.9775,91.23416667,2025-03-29 16:00:00,3,88,50.2,50.2,150.60000000000002,301.20000000000005,12.4,0.0,12.4,12.4,0.25,170,2025-03-29 22:00:00,2025-03-29 22:00:00,12.0,6.0,-0.40000000000000036
NH17 Crossing Boko,Kamrup Metropolitan,25.9775,91.23416667,2025-03-29 16:15:00,3,88,50.2,50.2,150.60000000000002,301.20000000000005,12.2,-0.200000000000001,12.333333333333336,12.4,0.25,170,2025-03-29 22:15:00,2025-03-29 22:15:00,12.0,6.0,-0.1999999999999993
NH17 Crossing Boko,Kamrup Metropolitan,25.9775,91.23416667,2025-03-29 16:30:00,3,88,50.2,50.2,150.60000000000002,301.20000000000005,12.2,0.0,12.266666666666673,12.4,0.25,170,2025-03-29 22:30:00,2025-03-29 22:30:00,12.0,6.0,-0.1999999999999993
NH17 Crossing Boko,Kamrup Metropolitan,25.9775,91.23416667,2025-03-29 16:45:00,3,88,50.2,50.2,150.60000000000002,301.20000000000005,12.2,0.0,12.2,12.4,0.25,170,2025-03-29 22:45:00,2025-03-29 22:45:00,12.0,6.0,-0.1999999999999993
NH17 Crossing Boko,Kamrup Metropolitan,25.9775,91.23416667,2025-03-29 17:00:00,3,88,50.2,50.2,150.60000000000002,301.20000000000005,12.2,0.0,12.2,12.4,0.25,170,2025-03-29 23:00:00,2025-03-29 23:00:00,12.0,6.0,-0.1999999999999993
NH17 Crossing Boko,Kamrup Metropolitan,25.9775,91.23416667,2025-03-29 17:15:00,3,88,50.2,50.2,150.60000000000002,301.20000000000005,12.2,0.0,12.2,12.4,0.25,170,2025-03-29 23:15:00,2025-03-29 23:15:00,12.0,6.0,-0.1999999999999993
NH17 Crossing Boko,Kamrup Metropolitan,25.9775,91.23416667,2025-03-29 17:30:00,3,88,50.2,50.2,150.60000000000002,301.20000000000005,12.1,-0.0999999999999996,12.166666666666671,12.2,0.25,170,2025-03-29 23:30:00,2025-03-29 23:30:00,12.0,6.0,-0.09999999999999964
NH17 Crossing Boko,Kamrup Metropolitan,25.9775,91.23416667,2025-03-29 17:45:00,3,88,50.2,50.2,150.60000000000002,301.20000000000005,12.1,0.0,12.133333333333338,12.2,0.25,170,2025-03-29 23:45:00,2025-03-29 23:45:00,12.0,6.0,-0.09999999999999964
NH17 Crossing Boko,Kamrup Metropolitan,25.9775,91.23416667,2025-03-29 18:00:00,3,88,50.2,50.2,150.60000000000002,301.20000000000005,12.1,0.0,12.1,12.2,0.25,170,2025-03-30 00:00:00,2025-03-30 00:00:00,12.0,6.0,-0.09999999999999964
NH17 Crossing Boko,Kamrup Metropolitan,25.9775,91.23416667,2025-03-29 18:15:00,3,88,50.2,50.2,150.60000000000002,301.20000000000005,12.1,0.0,12.1,12.2,0.25,170,2025-03-30 00:15:00,2025-03-30 00:15:00,12.0,6.0,-0.09999999999999964
NH17 Crossing Boko,Kamrup Metropolitan,25.9775,91.23416667,2025-03-29 18:30:00,3,88,50.2,50.2,150.60000000000002,301.20000000000005,12.1,0.0,12.1,12.2,0.25,170,2025-03-30 00:30:00,2025-03-30 00:30:00,12.0,6.0,-0.09999999999999964
NH17 Crossing Boko,Kamrup Metropolitan,25.9775,91.23416667,2025-03-29 18:45:00,3,88,50.2,50.2,150.60000000000002,301.20000000000005,12.1,0.0,12.1,12.1,0.25,170,2025-03-30 00:45:00,2025-03-30 00:45:00,12.0,6.0,-0.09999999999999964
NH17 Crossing Boko,Kamrup Metropolitan,25.9775,91.23416667,2025-03-29 19:00:00,3,88,50.2,50.2,150.60000000000002,301.20000000000005,12.1,0.0,12.1,12.1,0.25,170,2025-03-30 01:00:00,2025-03-30 01:00:00,12.0,6.0,-0.09999999999999964
NH17 Crossing Boko,Kamrup Metropolitan,25.9775,91.23416667,2025-03-29 19:15:00,3,88,50.2,50.2,150.60000000000002,301.20000000000005,12.1,0.0,12.1,12.1,0.25,170,2025-03-30 01:15:00,2025-03-30 01:15:00,12.0,6.0,-0.09999999999999964
NH17 Crossing Boko,Kamrup Metropolitan,25.9775,91.23416667,2025-03-29 19:30:00,3,88,50.2,50.2,150.60000000000002,301.20000000000005,12.1,0.0,12.1,12.1,0.25,170,2025-03-30 01:30:00,2025-03-30 01:30:00,12.0,6.0,-0.09999999999999964
NH17 Crossing Boko,Kamrup Metropolitan,25.9775,91.23416667,2025-03-29 19:45:00,3,88,50.2,50.2,150.60000000000002,301.20000000000005,12.1,0.0,12.1,12.1,0.25,170,2025-03-30 01:45:00,2025-03-30 01:45:00,12.0,6.0,-0.09999999999999964
NH17 Crossing Boko,Kamrup Metropolitan,25.9775,91.23416667,2025-03-29 20:00:00,3,88,50.2,50.2,150.60000000000002,301.20000000000005,12.1,0.0,12.1,12.1,0.25,170,2025-03-30 02:00:00,2025-03-30 02:00:00,11.9,6.0,-0.1999999999999993
NH17 Crossing Boko,Kamrup Metropolitan,25.9775,91.23416667,2025-03-29 20:15:00,3,88,50.2,50.2,150.60000000000002,301.20000000000005,12.1,0.0,12.1,12.1,0.25,170,2025-03-30 02:15:00,2025-03-30 02:15:00,11.9,6.0,-0.1999999999999993
NH17 Crossing Boko,Kamrup Metropolitan,25.9775,91.23416667,2025-03-29 20:30:00,3,88,50.2,50.2,150.60000000000002,301.20000000000005,12.0,-0.0999999999999996,12.06666666666667,12.1,0.25,170,2025-03-30 02:30:00,2025-03-30 02:30:00,12.0,6.0,0.0
NH17 Crossing Boko,Kamrup Metropolitan,25.9775,91.23416667,2025-03-29 20:45:00,3,88,50.2,50.2,150.60000000000002,301.20000000000005,12.0,0.0,12.03333333333334,12.1,0.25,170,2025-03-30 02:45:00,2025-03-30 02:45:00,12.0,6.0,0.0
NH17 Crossing Boko,Kamrup Metropolitan,25.9775,91.23416667,2025-03-29 21:00:00,3,88,50.2,50.2,150.60000000000002,301.20000000000005,12.0,0.0,12.0,12.1,0.25,170,2025-03-30 03:00:00,2025-03-30 03:00:00,12.0,6.0,0.0
NH17 Crossing Boko,Kamrup Metropolitan,25.9775,91.23416667,2025-03-29 21:15:00,3,88,50.2,50.2,150.60000000000002,301.20000000000005,12.0,0.0,12.0,12.1,0.25,170,2025-03-30 03:15:00,2025-03-30 03:15:00,12.0,6.0,0.0
NH17 Crossing Boko,Kamrup Metropolitan,25.9775,91.23416667,2025-03-29 21:30:00,3,88,50.2,50.2,150.60000000000002,301.20000000000005,12.0,0.0,12.0,12.1,0.25,170,2025-03-30 03:30:00,2025-03-30 03:30:00,11.9,6.0,-0.09999999999999964
NH17 Crossing Boko,Kamrup Metropolitan,25.9775,91.23416667,2025-03-29 21:45:00,3,88,50.2,50.2,150.60000000000002,301.20000000000005,12.0,0.0,12.0,12.0,0.25,170,2025-03-30 03:45:00,2025-03-30 03:45:00,12.0,6.0,0.0
NH17 Crossing Boko,Kamrup Metropolitan,25.9775,91.23416667,2025-03-29 22:00:00,3,88,50.2,50.2,150.60000000000002,301.20000000000005,12.0,0.0,12.0,12.0,0.25,170,2025-03-30 04:00:00,2025-03-30 04:00:00,12.0,6.0,0.0
NH17 Crossing Boko,Kamrup Metropolitan,25.9775,91.23416667,2025-03-29 22:15:00,3,88,50.2,50.2,150.60000000000002,301.20000000000005,12.0,0.0,12.0,12.0,0.25,170,2025-03-30 04:15:00,2025-03-30 04:15:00,11.9,6.0,-0.09999999999999964
NH17 Crossing Boko,Kamrup Metropolitan,25.9775,91.23416667,2025-03-29 22:30:00,3,88,50.2,50.2,150.60000000000002,301.20000000000005,12.0,0.0,12.0,12.0,0.25,170,2025-03-30 04:30:00,2025-03-30 04:30:00,11.9,6.0,-0.09999999999999964
NH17 Crossing Boko,Kamrup Metropolitan,25.9775,91.23416667,2025-03-29 22:45:00,3,88,50.2,50.2,150.60000000000002,301.20000000000005,12.0,0.0,12.0,12.0,0.25,170,2025-03-30 04:45:00,2025-03-30 04:45:00,12.0,6.0,0.0
NH17 Crossing Boko,Kamrup Metropolitan,25.9775,91.23416667,2025-03-29 23:00:00,3,88,50.2,50.2,150.60000000000002,301.20000000000005,12.0,0.0,12.0,12.0,0.25,170,2025-03-30 05:00:00,2025-03-30 05:00:00,12.0,6.0,0.0
NH17 Crossing Boko,Kamrup Metropolitan,25.9775,91.23416667,2025-03-29 23:15:00,3,88,50.2,50.2,150.60000000000002,301.20000000000005,12.0,0.0,12.0,12.0,0.25,170,2025-03-30 05:15:00,2025-03-30 05:15:00,11.9,6.0,-0.09999999999999964
NH17 Crossing Boko,Kamrup Metropolitan,25.9775,91.23416667,2025-03-29 23:30:00,3,88,50.2,50.2,150.60000000000002,301.20000000000005,12.0,0.0,12.0,12.0,0.25,170,2025-03-30 05:30:00,2025-03-30 05:30:00,11.9,6.0,-0.09999999999999964
NH17 Crossing Boko,Kamrup Metropolitan,25.9775,91.23416667,2025-03-29 23:45:00,3,88,50.2,50.2,150.60000000000002,301.20000000000005,12.0,0.0,12.0,12.0,0.25,170,2025-03-30 05:45:00,2025-03-30 05:45:00,11.9,6.0,-0.09999999999999964
NH17 Crossing Boko,Kamrup Metropolitan,25.9775,91.23416667,2025-03-30 00:00:00,3,89,50.2,50.2,150.60000000000002,301.20000000000005,12.0,0.0,12.0,12.0,0.25,170,2025-03-30 06:00:00,2025-03-30 06:00:00,12.0,6.0,0.0
NH17 Crossing Boko,Kamrup Metropolitan,25.9775,91.23416667,2025-03-30 00:15:00,3,89,50.2,50.2,150.60000000000002,301.20000000000005,12.0,0.0,12.0,12.0,0.25,170,2025-03-30 06:15:00,2025-03-30 06:15:00,12.0,6.0,0.0
NH17 Crossing Boko,Kamrup Metropolitan,25.9775,91.23416667,2025-03-30 00:30:00,3,89,50.2,50.2,150.60000000000002,301.20000000000005,12.0,0.0,12.0,12.0,0.25,170,2025-03-30 06:30:00,2025-03-30 06:15:00,12.0,5.75,0.0
NH17 Crossing Boko,Kamrup Metropolitan,25.9775,91.23416667,2025-03-30 00:45:00,3,89,50.2,50.2,150.60000000000002,301.20000000000005,12.0,0.0,12.0,12.0,0.25,170,2025-03-30 06:45:00,2025-03-30 06:45:00,11.9,6.0,-0.09999999999999964
NH17 Crossing Boko,Kamrup Metropolitan,25.9775,91.23416667,2025-03-30 01:00:00,3,89,50.2,50.2,150.60000000000002,301.20000000000005,12.0,0.0,12.0,12.0,0.25,170,2025-03-30 07:00:00,2025-03-30 07:00:00,11.9,6.0,-0.09999999999999964
NH17 Crossing Boko,Kamrup Metropolitan,25.9775,91.23416667,2025-03-30 01:15:00,3,89,50.2,50.2,150.60000000000002,301.20000000000005,12.0,0.0,12.0,12.0,0.25,170,2025-03-30 07:15:00,2025-03-30 07:15:00,11.9,6.0,-0.09999999999999964
NH17 Crossing Boko,Kamrup Metropolitan,25.9775,91.23416667,2025-03-30 01:30:00,3,89,50.2,50.2,150.60000000000002,301.20000000000005,12.0,0.0,12.0,12.0,0.25,170,2025-03-30 07:30:00,2025-03-30 07:30:00,12.0,6.0,0.0
NH17 Crossing Boko,Kamrup Metropolitan,25.9775,91.23416667,2025-03-30 01:45:00,3,89,50.2,50.2,150.60000000000002,301.20000000000005,12.0,0.0,12.0,12.0,0.25,170,2025-03-30 07:45:00,2025-03-30 07:45:00,12.0,6.0,0.0
NH17 Crossing Boko,Kamrup Metropolitan,25.9775,91.23416667,2025-03-30 02:00:00,3,89,50.2,50.2,150.60000000000002,301.20000000000005,11.9,-0.0999999999999996,11.96666666666667,12.0,0.25,170,2025-03-30 08:00:00,2025-03-30 08:00:00,12.0,6.0,0.09999999999999964
NH17 Crossing Boko,Kamrup Metropolitan,25.9775,91.23416667,2025-03-30 02:15:00,3,89,50.2,50.2,150.60000000000002,301.20000000000005,11.9,0.0,11.933333333333335,12.0,0.25,170,2025-03-30 08:15:00,2025-03-30 08:15:00,12.0,6.0,0.09999999999999964
NH17 Crossing Boko,Kamrup Metropolitan,25.9775,91.23416667,2025-03-30 02:30:00,3,89,50.2,50.2,150.60000000000002,301.20000000000005,12.0,0.0999999999999996,11.933333333333335,12.0,0.25,170,2025-03-30 08:30:00,2025-03-30 08:15:00,12.0,5.75,0.0
NH17 Crossing Boko,Kamrup Metropolitan,25.9775,91.23416667,2025-03-30 02:45:00,3,89,50.2,50.2,150.60000000000002,301.20000000000005,12.0,0.0,11.96666666666667,12.0,0.25,170,2025-03-30 08:45:00,2025-03-30 08:45:00,12.1,6.0,0.09999999999999964
NH17 Crossing Boko,Kamrup Metropolitan,25.9775,91.23416667,2025-03-30 03:00:00,3,89,50.2,50.2,150.60000000000002,301.20000000000005,12.0,0.0,12.0,12.0,0.25,170,2025-03-30 09:00:00,2025-03-30 09:00:00,12.1,6.0,0.09999999999999964
NH17 Crossing Boko,Kamrup Metropolitan,25.9775,91.23416667,2025-03-30 03:15:00,3,89,50.2,50.2,150.60000000000002,301.20000000000005,12.0,0.0,12.0,12.0,0.25,170,2025-03-30 09:15:00,2025-03-30 09:15:00,12.1,6.0,0.09999999999999964
NH17 Crossing Boko,Kamrup Metropolitan,25.9775,91.23416667,2025-03-30 03:30:00,3,89,50.2,50.2,150.60000000000002,301.20000000000005,11.9,-0.0999999999999996,11.966666666666674,12.0,0.25,170,2025-03-30 09:30:00,2025-03-30 09:30:00,12.1,6.0,0.1999999999999993
NH17 Crossing Boko,Kamrup Metropolitan,25.9775,91.23416667,2025-03-30 03:45:00,3,89,50.2,50.2,150.60000000000002,301.20000000000005,12.0,0.0999999999999996,11.966666666666674,12.0,0.25,170,2025-03-30 09:45:00,2025-03-30 09:45:00,12.1,6.0,0.09999999999999964
NH17 Crossing Boko,Kamrup Metropolitan,25.9775,91.23416667,2025-03-30 04:00:00,3,89,50.2,50.2,150.60000000000002,301.20000000000005,12.0,0.0,11.966666666666674,12.0,0.25,170,2025-03-30 10:00:00,2025-03-30 10:00:00,12.2,6.0,0.1999999999999993
NH17 Crossing Boko,Kamrup Metropolitan,25.9775,91.23416667,2025-03-30 04:15:00,3,89,50.2,50.2,150.60000000000002,301.20000000000005,11.9,-0.0999999999999996,11.96666666666667,12.0,0.25,170,2025-03-30 10:15:00,2025-03-30 10:15:00,12.2,6.0,0.29999999999999893
NH17 Crossing Boko,Kamrup Metropolitan,25.9775,91.23416667,2025-03-30 04:30:00,3,89,50.2,50.2,150.60000000000002,301.20000000000005,11.9,0.0,11.933333333333335,12.0,0.25,170,2025-03-30 10:30:00,2025-03-30 10:30:00,12.2,6.0,0.29999999999999893
NH17 Crossing Boko,Kamrup Metropolitan,25.9775,91.23416667,2025-03-30 04:45:00,3,89,50.2,50.2,150.60000000000002,301.20000000000005,12.0,0.0999999999999996,11.933333333333335,12.0,0.25,170,2025-03-30 10:45:00,2025-03-30 10:45:00,12.2,6.0,0.1999999999999993
NH17 Crossing Boko,Kamrup Metropolitan,25.9775,91.23416667,2025-03-30 05:00:00,3,89,50.2,50.2,150.60000000000002,301.20000000000005,12.0,0.0,11.966666666666674,12.0,0.25,170,2025-03-30 11:00:00,2025-03-30 11:00:00,12.2,6.0,0.1999999999999993
NH17 Crossing Boko,Kamrup Metropolitan,25.9775,91.23416667,2025-03-30 05:15:00,3,89,50.2,50.2,150.60000000000002,301.20000000000005,11.9,-0.0999999999999996,11.96666666666667,12.0,0.25,170,2025-03-30 11:15:00,2025-03-30 11:15:00,12.2,6.0,0.29999999999999893
NH17 Crossing Boko,Kamrup Metropolitan,25.9775,91.23416667,2025-03-30 05:30:00,3,89,50.2,50.2,150.60000000000002,301.20000000000005,11.9,0.0,11.933333333333335,12.0,0.25,170,2025-03-30 11:30:00,2025-03-30 11:30:00,12.2,6.0,0.29999999999999893
NH17 Crossing Boko,Kamrup Metropolitan,25.9775,91.23416667,2025-03-30 05:45:00,3,89,50.2,50.2,150.60000000000002,301.20000000000005,11.9,0.0,11.9,12.0,0.25,170,2025-03-30 11:45:00,2025-03-30 11:45:00,12.2,6.0,0.29999999999999893
NH17 Crossing Boko,Kamrup Metropolitan,25.9775,91.23416667,2025-03-30 06:00:00,3,89,50.2,50.2,150.60000000000002,301.20000000000005,12.0,0.0999999999999996,11.93333333333334,12.0,0.25,170,2025-03-30 12:00:00,2025-03-30 12:00:00,12.3,6.0,0.3000000000000007
NH17 Crossing Boko,Kamrup Metropolitan,25.9775,91.23416667,2025-03-30 06:15:00,3,89,50.2,50.2,150.60000000000002,301.20000000000005,12.0,0.0,11.96666666666667,12.0,0.25,170,2025-03-30 12:15:00,2025-03-30 12:15:00,12.4,6.0,0.40000000000000036
NH17 Crossing Boko,Kamrup Metropolitan,25.9775,91.23416667,2025-03-30 06:45:00,3,89,50.2,50.2,150.60000000000002,301.20000000000005,11.9,-0.0999999999999996,11.966666666666674,12.0,0.5,170,2025-03-30 12:45:00,2025-03-30 12:45:00,12.4,6.0,0.5
NH17 Crossing Boko,Kamrup Metropolitan,25.9775,91.23416667,2025-03-30 07:00:00,3,89,50.2,50.2,150.60000000000002,301.20000000000005,11.9,0.0,11.93333333333334,12.0,0.25,170,2025-03-30 13:00:00,2025-03-30 13:00:00,12.4,6.0,0.5
NH17 Crossing Boko,Kamrup Metropolitan,25.9775,91.23416667,2025-03-30 07:15:00,3,89,50.2,50.2,150.60000000000002,301.20000000000005,11.9,0.0,11.9,12.0,0.25,170,2025-03-30 13:15:00,2025-03-30 13:15:00,12.4,6.0,0.5
NH17 Crossing Boko,Kamrup Metropolitan,25.9775,91.23416667,2025-03-30 07:30:00,3,89,50.2,50.2,150.60000000000002,301.20000000000005,12.0,0.0999999999999996,11.933333333333335,12.0,0.25,170,2025-03-30 13:30:00,2025-03-30 13:30:00,12.5,6.0,0.5
NH17 Crossing Boko,Kamrup Metropolitan,25.9775,91.23416667,2025-03-30 07:45:00,3,89,50.2,50.2,150.60000000000002,301.20000000000005,12.0,0.0,11.966666666666674,12.0,0.25,170,2025-03-30 13:45:00,2025-03-30 13:45:00,12.4,6.0,0.40000000000000036
NH17 Crossing Boko,Kamrup Metropolitan,25.9775,91.23416667,2025-03-30 08:00:00,3,89,50.2,50.2,150.60000000000002,301.20000000000005,12.0,0.0,12.0,12.0,0.25,170,2025-03-30 14:00:00,2025-03-30 13:45:00,12.4,5.75,0.40000000000000036
NH17 Crossing Boko,Kamrup Metropolitan,25.9775,91.23416667,2025-03-30 08:15:00,3,89,50.2,50.2,150.60000000000002,301.20000000000005,12.0,0.0,12.0,12.0,0.25,170,2025-03-30 14:15:00,2025-03-30 14:15:00,12.5,6.0,0.5
NH17 Crossing Boko,Kamrup Metropolitan,25.9775,91.23416667,2025-03-30 08:45:00,3,89,50.2,50.2,150.60000000000002,301.20000000000005,12.1,0.0999999999999996,12.03333333333334,12.1,0.5,170,2025-03-30 14:45:00,2025-03-30 14:45:00,12.4,6.0,0.3000000000000007
NH17 Crossing Boko,Kamrup Metropolitan,25.9775,91.23416667,2025-03-30 09:00:00,3,89,50.2,50.2,150.60000000000002,301.20000000000005,12.1,0.0,12.066666666666672,12.1,0.25,170,2025-03-30 15:00:00,2025-03-30 14:45:00,12.4,5.75,0.3000000000000007
NH17 Crossing Boko,Kamrup Metropolitan,25.9775,91.23416667,2025-03-30 09:15:00,3,89,50.2,50.2,150.60000000000002,301.20000000000005,12.1,0.0,12.1,12.1,0.25,170,2025-03-30 15:15:00,2025-03-30 15:15:00,12.4,6.0,0.3000000000000007
NH17 Crossing Boko,Kamrup Metropolitan,25.9775,91.23416667,2025-03-30 09:30:00,3,89,50.2,50.2,150.60000000000002,301.20000000000005,12.1,0.0,12.1,12.1,0.25,170,2025-03-30 15:30:00,2025-03-30 15:30:00,12.4,6.0,0.3000000000000007
NH17 Crossing Boko,Kamrup Metropolitan,25.9775,91.23416667,2025-03-30 09:45:00,3,89,50.2,50.2,150.60000000000002,301.20000000000005,12.1,0.0,12.1,12.1,0.25,170,2025-03-30 15:45:00,2025-03-30 15:45:00,12.3,6.0,0.20000000000000107
NH17 Crossing Boko,Kamrup Metropolitan,25.9775,91.23416667,2025-03-30 10:00:00,3,89,50.2,50.2,150.60000000000002,301.20000000000005,12.2,0.0999999999999996,12.133333333333338,12.2,0.25,170,2025-03-30 16:00:00,2025-03-30 16:00:00,12.2,6.0,0.0
NH17 Crossing Boko,Kamrup Metropolitan,25.9775,91.23416667,2025-03-30 10:15:00,3,89,50.2,50.2,150.60000000000002,301.20000000000005,12.2,0.0,12.166666666666671,12.2,0.25,170,2025-03-30 16:15:00,2025-03-30 16:15:00,12.2,6.0,0.0
NH17 Crossing Boko,Kamrup Metropolitan,25.9775,91.23416667,2025-03-30 10:30:00,3,89,50.2,50.2,150.60000000000002,301.20000000000005,12.2,0.0,12.2,12.2,0.25,170,2025-03-30 16:30:00,2025-03-30 16:30:00,12.2,6.0,0.0
NH17 Crossing Boko,Kamrup Metropolitan,25.9775,91.23416667,2025-03-30 10:45:00,3,89,50.2,50.2,150.60000000000002,301.20000000000005,12.2,0.0,12.2,12.2,0.25,170,2025-03-30 16:45:00,2025-03-30 16:45:00,12.2,6.0,0.0
NH17 Crossing Boko,Kamrup Metropolitan,25.9775,91.23416667,2025-03-30 11:00:00,3,89,50.2,50.2,150.60000000000002,301.20000000000005,12.2,0.0,12.2,12.2,0.25,170,2025-03-30 17:00:00,2025-03-30 17:00:00,12.1,6.0,-0.09999999999999964
NH17 Crossing Boko,Kamrup Metropolitan,25.9775,91.23416667,2025-03-30 11:15:00,3,89,50.2,50.2,150.60000000000002,301.20000000000005,12.2,0.0,12.2,12.2,0.25,170,2025-03-30 17:15:00,2025-03-30 17:15:00,12.1,6.0,-0.09999999999999964
NH17 Crossing Boko,Kamrup Metropolitan,25.9775,91.23416667,2025-03-30 11:30:00,3,89,50.2,50.2,150.60000000000002,301.20000000000005,12.2,0.0,12.2,12.2,0.25,170,2025-03-30 17:30:00,2025-03-30 17:30:00,12.1,6.0,-0.09999999999999964
NH17 Crossing Boko,Kamrup Metropolitan,25.9775,91.23416667,2025-03-30 11:45:00,3,89,50.2,50.2,150.60000000000002,301.20000000000005,12.2,0.0,12.2,12.2,0.25,170,2025-03-30 17:45:00,2025-03-30 17:45:00,12.1,6.0,-0.09999999999999964
NH17 Crossing Boko,Kamrup Metropolitan,25.9775,91.23416667,2025-03-30 12:00:00,3,89,50.2,50.2,150.60000000000002,301.20000000000005,12.3,0.1000000000000014,12.233333333333336,12.3,0.25,170,2025-03-30 18:00:00,2025-03-30 18:00:00,12.1,6.0,-0.20000000000000107
NH17 Crossing Boko,Kamrup Metropolitan,25.9775,91.23416667,2025-03-30 12:15:00,3,89,50.2,50.2,150.60000000000002,301.20000000000005,12.4,0.0999999999999996,12.300000000000006,12.4,0.25,170,2025-03-30 18:15:00,2025-03-30 18:15:00,12.1,6.0,-0.3000000000000007
NH17 Crossing Boko,Kamrup Metropolitan,25.9775,91.23416667,2025-03-30 12:30:00,3,89,50.2,50.2,150.60000000000002,301.20000000000005,12.4,0.0,12.366666666666672,12.4,0.25,170,2025-03-30 18:30:00,2025-03-30 18:30:00,12.1,6.0,-0.3000000000000007
NH17 Crossing Boko,Kamrup Metropolitan,25.9775,91.23416667,2025-03-30 12:45:00,3,89,50.2,50.2,150.60000000000002,301.20000000000005,12.4,0.0,12.4,12.4,0.25,170,2025-03-30 18:45:00,2025-03-30 18:45:00,12.0,6.0,-0.40000000000000036
NH17 Crossing Boko,Kamrup Metropolitan,25.9775,91.23416667,2025-03-30 13:00:00,3,89,50.2,50.2,150.60000000000002,301.20000000000005,12.4,0.0,12.4,12.4,0.25,170,2025-03-30 19:00:00,2025-03-30 19:00:00,12.0,6.0,-0.40000000000000036
NH17 Crossing Boko,Kamrup Metropolitan,25.9775,91.23416667,2025-03-30 13:15:00,3,89,50.2,50.2,150.60000000000002,301.20000000000005,12.4,0.0,12.4,12.4,0.25,170,2025-03-30 19:15:00,2025-03-30 19:15:00,12.0,6.0,-0.40000000000000036
NH17 Crossing Boko,Kamrup Metropolitan,25.9775,91.23416667,2025-03-30 13:30:00,3,89,50.2,50.2,150.60000000000002,301.20000000000005,12.5,0.0999999999999996,12.433333333333335,12.5,0.25,170,2025-03-30 19:30:00,2025-03-30 19:30:00,12.0,6.0,-0.5
NH17 Crossing Boko,Kamrup Metropolitan,25.9775,91.23416667,2025-03-30 13:45:00,3,89,50.2,50.2,150.60000000000002,301.20000000000005,12.4,-0.0999999999999996,12.43333333333334,12.5,0.25,170,2025-03-30 19:45:00,2025-03-30 19:45:00,12.0,6.0,-0.40000000000000036
NH17 Crossing Boko,Kamrup Metropolitan,25.9775,91.23416667,2025-03-30 14:15:00,3,89,50.2,50.2,150.60000000000002,301.20000000000005,12.5,0.0999999999999996,12.46666666666667,12.5,0.5,170,2025-03-30 20:15:00,2025-03-30 20:15:00,12.0,6.0,-0.5
NH17 Crossing Boko,Kamrup Metropolitan,25.9775,91.23416667,2025-03-30 14:30:00,3,89,50.2,50.2,150.60000000000002,301.20000000000005,12.4,-0.0999999999999996,12.433333333333335,12.5,0.25,170,2025-03-30 20:30:00,2025-03-30 20:30:00,12.0,6.0,-0.40000000000000036
NH17 Crossing Boko,Kamrup Metropolitan,25.9775,91.23416667,2025-03-30 14:45:00,3,89,50.2,50.2,150.60000000000002,301.20000000000005,12.4,0.0,12.43333333333334,12.5,0.25,170,2025-03-30 20:45:00,2025-03-30 20:45:00,12.0,6.0,-0.40000000000000036
NH17 Crossing Boko,Kamrup Metropolitan,25.9775,91.23416667,2025-03-30 15:15:00,3,89,50.2,50.2,150.60000000000002,301.20000000000005,12.4,0.0,12.4,12.5,0.5,170,2025-03-30 21:15:00,2025-03-30 21:15:00,12.0,6.0,-0.40000000000000036
NH17 Crossing Boko,Kamrup Metropolitan,25.9775,91.23416667,2025-03-30 15:30:00,3,89,50.2,50.2,150.60000000000002,301.20000000000005,12.4,0.0,12.4,12.5,0.25,170,2025-03-30 21:30:00,2025-03-30 21:30:00,12.0,6.0,-0.40000000000000036
NH17 Crossing Boko,Kamrup Metropolitan,25.9775,91.23416667,2025-03-30 15:45:00,3,89,50.2,50.2,150.60000000000002,301.20000000000005,12.3,-0.0999999999999996,12.366666666666672,12.5,0.25,170,2025-03-30 21:45:00,2025-03-30 21:45:00,12.0,6.0,-0.3000000000000007
NH17 Crossing Boko,Kamrup Metropolitan,25.9775,91.23416667,2025-03-30 16:00:00,3,89,50.2,50.2,150.60000000000002,301.20000000000005,12.2,-0.1000000000000014,12.300000000000004,12.4,0.25,170,2025-03-30 22:00:00,2025-03-30 22:00:00,12.0,6.0,-0.1999999999999993
NH17 Crossing Boko,Kamrup Metropolitan,25.9775,91.23416667,2025-03-30 16:15:00,3,89,50.2,50.2,150.60000000000002,301.20000000000005,12.2,0.0,12.23333333333334,12.4,0.25,170,2025-03-30 22:15:00,2025-03-30 22:15:00,12.0,6.0,-0.1999999999999993
NH17 Crossing Boko,Kamrup Metropolitan,25.9775,91.23416667,2025-03-30 16:30:00,3,89,50.2,50.2,150.60000000000002,301.20000000000005,12.2,0.0,12.2,12.4,0.25,170,2025-03-30 22:30:00,2025-03-30 22:30:00,12.0,6.0,-0.1999999999999993
NH17 Crossing Boko,Kamrup Metropolitan,25.9775,91.23416667,2025-03-30 16:45:00,3,89,50.2,50.2,150.60000000000002,301.20000000000005,12.2,0.0,12.2,12.4,0.25,170,2025-03-30 22:45:00,2025-03-30 22:45:00,12.0,6.0,-0.1999999999999993
NH17 Crossing Boko,Kamrup Metropolitan,25.9775,91.23416667,2025-03-30 17:00:00,3,89,50.2,50.2,150.60000000000002,301.20000000000005,12.1,-0.0999999999999996,12.166666666666671,12.3,0.25,170,2025-03-30 23:00:00,2025-03-30 23:00:00,12.0,6.0,-0.09999999999999964
NH17 Crossing Boko,Kamrup Metropolitan,25.9775,91.23416667,2025-03-30 17:15:00,3,89,50.2,50.2,150.60000000000002,301.20000000000005,12.1,0.0,12.133333333333338,12.2,0.25,170,2025-03-30 23:15:00,2025-03-30 23:15:00,11.9,6.0,-0.1999999999999993
NH17 Crossing Boko,Kamrup Metropolitan,25.9775,91.23416667,2025-03-30 17:30:00,3,89,50.2,50.2,150.60000000000002,301.20000000000005,12.1,0.0,12.1,12.2,0.25,170,2025-03-30 23:30:00,2025-03-30 23:30:00,11.9,6.0,-0.1999999999999993
NH17 Crossing Boko,Kamrup Metropolitan,25.9775,91.23416667,2025-03-30 17:45:00,3,89,50.2,50.2,150.60000000000002,301.20000000000005,12.1,0.0,12.1,12.2,0.25,170,2025-03-30 23:45:00,2025-03-30 23:45:00,12.0,6.0,-0.09999999999999964
NH17 Crossing Boko,Kamrup Metropolitan,25.9775,91.23416667,2025-03-30 18:00:00,3,89,50.2,50.2,150.60000000000002,301.20000000000005,12.1,0.0,12.1,12.2,0.25,170,2025-03-31 00:00:00,2025-03-31 00:00:00,11.9,6.0,-0.1999999999999993
NH17 Crossing Boko,Kamrup Metropolitan,25.9775,91.23416667,2025-03-30 18:15:00,3,89,50.2,50.2,150.60000000000002,301.20000000000005,12.1,0.0,12.1,12.1,0.25,170,2025-03-31 00:15:00,2025-03-31 00:15:00,11.9,6.0,-0.1999999999999993
NH17 Crossing Boko,Kamrup Metropolitan,25.9775,91.23416667,2025-03-30 18:30:00,3,89,50.2,50.2,150.60000000000002,301.20000000000005,12.1,0.0,12.1,12.1,0.25,170,2025-03-31 00:30:00,2025-03-31 00:30:00,12.0,6.0,-0.09999999999999964
NH17 Crossing Boko,Kamrup Metropolitan,25.9775,91.23416667,2025-03-30 18:45:00,3,89,50.2,50.2,150.60000000000002,301.20000000000005,12.0,-0.0999999999999996,12.066666666666672,12.1,0.25,170,2025-03-31 00:45:00,2025-03-31 00:45:00,11.9,6.0,-0.09999999999999964
NH17 Crossing Boko,Kamrup Metropolitan,25.9775,91.23416667,2025-03-30 19:00:00,3,89,50.2,50.2,150.60000000000002,301.20000000000005,12.0,0.0,12.033333333333337,12.1,0.25,170,2025-03-31 01:00:00,2025-03-31 01:00:00,11.9,6.0,-0.09999999999999964
NH17 Crossing Boko,Kamrup Metropolitan,25.9775,91.23416667,2025-03-30 19:15:00,3,89,50.2,50.2,150.60000000000002,301.20000000000005,12.0,0.0,12.0,12.1,0.25,170,2025-03-31 01:15:00,2025-03-31 01:15:00,11.9,6.0,-0.09999999999999964
NH17 Crossing Boko,Kamrup Metropolitan,25.9775,91.23416667,2025-03-30 19:30:00,3,89,50.2,50.2,150.60000000000002,301.20000000000005,12.0,0.0,12.0,12.1,0.25,170,2025-03-31 01:30:00,2025-03-31 01:30:00,11.9,6.0,-0.09999999999999964
NH17 Crossing Boko,Kamrup Metropolitan,25.9775,91.23416667,2025-03-30 19:45:00,3,89,50.2,50.2,150.60000000000002,301.20000000000005,12.0,0.0,12.0,12.1,0.25,170,2025-03-31 01:45:00,2025-03-31 01:45:00,11.9,6.0,-0.09999999999999964
NH17 Crossing Boko,Kamrup Metropolitan,25.9775,91.23416667,2025-03-30 20:00:00,3,89,50.2,50.2,150.60000000000002,301.20000000000005,12.0,0.0,12.0,12.0,0.25,170,2025-03-31 02:00:00,2025-03-31 02:00:00,11.9,6.0,-0.09999999999999964
NH17 Crossing Boko,Kamrup Metropolitan,25.9775,91.23416667,2025-03-30 20:15:00,3,89,50.2,50.2,150.60000000000002,301.20000000000005,12.0,0.0,12.0,12.0,0.25,170,2025-03-31 02:15:00,2025-03-31 02:15:00,11.9,6.0,-0.09999999999999964
NH17 Crossing Boko,Kamrup Metropolitan,25.9775,91.23416667,2025-03-30 20:30:00,3,89,50.2,50.2,150.60000000000002,301.20000000000005,12.0,0.0,12.0,12.0,0.25,170,2025-03-31 02:30:00,2025-03-31 02:30:00,11.9,6.0,-0.09999999999999964
NH17 Crossing Boko,Kamrup Metropolitan,25.9775,91.23416667,2025-03-30 20:45:00,3,89,50.2,50.2,150.60000000000002,301.20000000000005,12.0,0.0,12.0,12.0,0.25,170,2025-03-31 02:45:00,2025-03-31 02:45:00,11.9,6.0,-0.09999999999999964
NH17 Crossing Boko,Kamrup Metropolitan,25.9775,91.23416667,2025-03-30 21:00:00,3,89,50.2,50.2,150.60000000000002,301.20000000000005,12.0,0.0,12.0,12.0,0.25,170,2025-03-31 03:00:00,2025-03-31 03:00:00,11.9,6.0,-0.09999999999999964
NH17 Crossing Boko,Kamrup Metropolitan,25.9775,91.23416667,2025-03-30 21:15:00,3,89,50.2,50.2,150.60000000000002,301.20000000000005,12.0,0.0,12.0,12.0,0.25,170,2025-03-31 03:15:00,2025-03-31 03:15:00,11.9,6.0,-0.09999999999999964
NH17 Crossing Boko,Kamrup Metropolitan,25.9775,91.23416667,2025-03-30 21:30:00,3,89,50.2,50.2,150.60000000000002,301.20000000000005,12.0,0.0,12.0,12.0,0.25,170,2025-03-31 03:30:00,2025-03-31 03:30:00,11.9,6.0,-0.09999999999999964
NH17 Crossing Boko,Kamrup Metropolitan,25.9775,91.23416667,2025-03-30 21:45:00,3,89,50.2,50.2,150.60000000000002,301.20000000000005,12.0,0.0,12.0,12.0,0.25,170,2025-03-31 03:45:00,2025-03-31 03:45:00,11.9,6.0,-0.09999999999999964
NH17 Crossing Boko,Kamrup Metropolitan,25.9775,91.23416667,2025-03-30 22:00:00,3,89,50.2,50.2,150.60000000000002,301.20000000000005,12.0,0.0,12.0,12.0,0.25,170,2025-03-31 04:00:00,2025-03-31 04:00:00,11.9,6.0,-0.09999999999999964
NH17 Crossing Boko,Kamrup Metropolitan,25.9775,91.23416667,2025-03-30 22:15:00,3,89,50.2,50.2,150.60000000000002,301.20000000000005,12.0,0.0,12.0,12.0,0.25,170,2025-03-31 04:15:00,2025-03-31 04:15:00,11.9,6.0,-0.09999999999999964
NH17 Crossing Boko,Kamrup Metropolitan,25.9775,91.23416667,2025-03-30 22:30:00,3,89,50.2,50.2,150.60000000000002,301.20000000000005,12.0,0.0,12.0,12.0,0.25,170,2025-03-31 04:30:00,2025-03-31 04:30:00,11.9,6.0,-0.09999999999999964
NH17 Crossing Boko,Kamrup Metropolitan,25.9775,91.23416667,2025-03-30 22:45:00,3,89,50.2,50.2,150.60000000000002,301.20000000000005,12.0,0.0,12.0,12.0,0.25,170,2025-03-31 04:45:00,2025-03-31 04:45:00,11.9,6.0,-0.09999999999999964
NH17 Crossing Boko,Kamrup Metropolitan,25.9775,91.23416667,2025-03-30 23:00:00,3,89,50.2,50.2,150.60000000000002,301.20000000000005,12.0,0.0,12.0,12.0,0.25,170,2025-03-31 05:00:00,2025-03-31 05:00:00,11.9,6.0,-0.09999999999999964
NH17 Crossing Boko,Kamrup Metropolitan,25.9775,91.23416667,2025-03-30 23:15:00,3,89,50.2,50.2,150.60000000000002,301.20000000000005,11.9,-0.0999999999999996,11.96666666666667,12.0,0.25,170,2025-03-31 05:15:00,2025-03-31 05:15:00,11.9,6.0,0.0
NH17 Crossing Boko,Kamrup Metropolitan,25.9775,91.23416667,2025-03-30 23:30:00,3,89,50.2,50.2,150.60000000000002,301.20000000000005,11.9,0.0,11.933333333333335,12.0,0.25,170,2025-03-31 05:30:00,2025-03-31 05:30:00,11.9,6.0,0.0
NH17 Crossing Boko,Kamrup Metropolitan,25.9775,91.23416667,2025-03-30 23:45:00,3,89,50.2,50.2,150.60000000000002,301.20000000000005,12.0,0.0999999999999996,11.933333333333335,12.0,0.25,170,2025-03-31 05:45:00,2025-03-31 05:45:00,11.9,6.0,-0.09999999999999964
NH17 Crossing Boko,Kamrup Metropolitan,25.9775,91.23416667,2025-03-31 00:00:00,3,90,50.2,50.2,150.60000000000002,301.20000000000005,11.9,-0.0999999999999996,11.93333333333334,12.0,0.25,170,2025-03-31 06:00:00,2025-03-31 06:00:00,11.9,6.0,0.0
NH17 Crossing Boko,Kamrup Metropolitan,25.9775,91.23416667,2025-03-31 00:15:00,3,90,50.2,50.2,150.60000000000002,301.20000000000005,11.9,0.0,11.933333333333335,12.0,0.25,170,2025-03-31 06:15:00,2025-03-31 06:15:00,11.9,6.0,0.0
NH17 Crossing Boko,Kamrup Metropolitan,25.9775,91.23416667,2025-03-31 00:30:00,3,90,50.2,50.2,150.60000000000002,301.20000000000005,12.0,0.0999999999999996,11.933333333333335,12.0,0.25,170,2025-03-31 06:30:00,2025-03-31 06:30:00,11.9,6.0,-0.09999999999999964
NH17 Crossing Boko,Kamrup Metropolitan,25.9775,91.23416667,2025-03-31 00:45:00,3,90,50.2,50.2,150.60000000000002,301.20000000000005,11.9,-0.0999999999999996,11.93333333333334,12.0,0.25,170,2025-03-31 06:45:00,2025-03-31 06:45:00,11.9,6.0,0.0
NH17 Crossing Boko,Kamrup Metropolitan,25.9775,91.23416667,2025-03-31 01:00:00,3,90,50.2,50.2,150.60000000000002,301.20000000000005,11.9,0.0,11.933333333333335,12.0,0.25,170,2025-03-31 07:00:00,2025-03-31 07:00:00,11.9,6.0,0.0
NH17 Crossing Boko,Kamrup Metropolitan,25.9775,91.23416667,2025-03-31 01:15:00,3,90,50.2,50.2,150.60000000000002,301.20000000000005,11.9,0.0,11.9,12.0,0.25,170,2025-03-31 07:15:00,2025-03-31 07:15:00,11.9,6.0,0.0
NH17 Crossing Boko,Kamrup Metropolitan,25.9775,91.23416667,2025-03-31 01:30:00,3,90,50.2,50.2,150.60000000000002,301.20000000000005,11.9,0.0,11.9,12.0,0.25,170,2025-03-31 07:30:00,2025-03-31 07:30:00,11.9,6.0,0.0
NH17 Crossing Boko,Kamrup Metropolitan,25.9775,91.23416667,2025-03-31 01:45:00,3,90,50.2,50.2,150.60000000000002,301.20000000000005,11.9,0.0,11.9,12.0,0.25,170,2025-03-31 07:45:00,2025-03-31 07:45:00,11.9,6.0,0.0
NH17 Crossing Boko,Kamrup Metropolitan,25.9775,91.23416667,2025-03-31 02:00:00,3,90,50.2,50.2,150.60000000000002,301.20000000000005,11.9,0.0,11.9,11.9,0.25,170,2025-03-31 08:00:00,2025-03-31 08:00:00,11.9,6.0,0.0
NH17 Crossing Boko,Kamrup Metropolitan,25.9775,91.23416667,2025-03-31 02:15:00,3,90,50.2,50.2,150.60000000000002,301.20000000000005,11.9,0.0,11.9,11.9,0.25,170,2025-03-31 08:15:00,2025-03-31 08:15:00,11.9,6.0,0.0
NH17 Crossing Boko,Kamrup Metropolitan,25.9775,91.23416667,2025-03-31 02:30:00,3,90,50.2,50.2,150.60000000000002,301.20000000000005,11.9,0.0,11.9,11.9,0.25,170,2025-03-31 08:30:00,2025-03-31 08:30:00,12.0,6.0,0.09999999999999964
NH17 Crossing Boko,Kamrup Metropolitan,25.9775,91.23416667,2025-03-31 02:45:00,3,90,50.2,50.2,150.60000000000002,301.20000000000005,11.9,0.0,11.9,11.9,0.25,170,2025-03-31 08:45:00,2025-03-31 08:45:00,12.0,6.0,0.09999999999999964
NH17 Crossing Boko,Kamrup Metropolitan,25.9775,91.23416667,2025-03-31 03:00:00,3,90,50.2,50.2,150.60000000000002,301.20000000000005,11.9,0.0,11.9,11.9,0.25,170,2025-03-31 09:00:00,2025-03-31 09:00:00,12.0,6.0,0.09999999999999964
NH17 Crossing Boko,Kamrup Metropolitan,25.9775,91.23416667,2025-03-31 03:15:00,3,90,50.2,50.2,150.60000000000002,301.20000000000005,11.9,0.0,11.9,11.9,0.25,170,2025-03-31 09:15:00,2025-03-31 09:15:00,12.0,6.0,0.09999999999999964
NH17 Crossing Boko,Kamrup Metropolitan,25.9775,91.23416667,2025-03-31 03:30:00,3,90,50.2,50.2,150.60000000000002,301.20000000000005,11.9,0.0,11.9,11.9,0.25,170,2025-03-31 09:30:00,2025-03-31 09:30:00,12.1,6.0,0.1999999999999993
NH17 Crossing Boko,Kamrup Metropolitan,25.9775,91.23416667,2025-03-31 03:45:00,3,90,50.2,50.2,150.60000000000002,301.20000000000005,11.9,0.0,11.9,11.9,0.25,170,2025-03-31 09:45:00,2025-03-31 09:45:00,12.1,6.0,0.1999999999999993
NH17 Crossing Boko,Kamrup Metropolitan,25.9775,91.23416667,2025-03-31 04:00:00,3,90,50.2,50.2,150.60000000000002,301.20000000000005,11.9,0.0,11.9,11.9,0.25,170,2025-03-31 10:00:00,2025-03-31 10:00:00,12.1,6.0,0.1999999999999993
NH17 Crossing Boko,Kamrup Metropolitan,25.9775,91.23416667,2025-03-31 04:15:00,3,90,50.2,50.2,150.60000000000002,301.20000000000005,11.9,0.0,11.9,11.9,0.25,170,2025-03-31 10:15:00,2025-03-31 10:15:00,12.1,6.0,0.1999999999999993
NH17 Crossing Boko,Kamrup Metropolitan,25.9775,91.23416667,2025-03-31 04:30:00,3,90,50.2,50.2,150.60000000000002,301.20000000000005,11.9,0.0,11.9,11.9,0.25,170,2025-03-31 10:30:00,2025-03-31 10:30:00,12.1,6.0,0.1999999999999993
NH17 Crossing Boko,Kamrup Metropolitan,25.9775,91.23416667,2025-03-31 04:45:00,3,90,50.2,50.2,150.60000000000002,301.20000000000005,11.9,0.0,11.9,11.9,0.25,170,2025-03-31 10:45:00,2025-03-31 10:45:00,12.1,6.0,0.1999999999999993
NH17 Crossing Boko,Kamrup Metropolitan,25.9775,91.23416667,2025-03-31 05:00:00,3,90,50.2,50.2,150.60000000000002,301.20000000000005,11.9,0.0,11.9,11.9,0.25,170,2025-03-31 11:00:00,2025-03-31 11:00:00,12.1,6.0,0.1999999999999993
NH17 Crossing Boko,Kamrup Metropolitan,25.9775,91.23416667,2025-03-31 05:15:00,3,90,50.2,50.2,150.60000000000002,301.20000000000005,11.9,0.0,11.9,11.9,0.25,170,2025-03-31 11:15:00,2025-03-31 11:15:00,12.1,6.0,0.1999999999999993
NH17 Crossing Boko,Kamrup Metropolitan,25.9775,91.23416667,2025-03-31 05:30:00,3,90,50.2,50.2,150.60000000000002,301.20000000000005,11.9,0.0,11.9,11.9,0.25,170,2025-03-31 11:30:00,2025-03-31 11:30:00,12.1,6.0,0.1999999999999993
NH17 Crossing Boko,Kamrup Metropolitan,25.9775,91.23416667,2025-03-31 05:45:00,3,90,50.2,50.2,150.60000000000002,301.20000000000005,11.9,0.0,11.9,11.9,0.25,170,2025-03-31 11:45:00,2025-03-31 11:45:00,12.1,6.0,0.1999999999999993
NH17 Crossing Boko,Kamrup Metropolitan,25.9775,91.23416667,2025-03-31 06:00:00,3,90,50.2,50.2,150.60000000000002,301.20000000000005,11.9,0.0,11.9,11.9,0.25,170,2025-03-31 12:00:00,2025-03-31 12:00:00,12.2,6.0,0.29999999999999893
NH17 Crossing Boko,Kamrup Metropolitan,25.9775,91.23416667,2025-03-31 06:15:00,3,90,50.2,50.2,150.60000000000002,301.20000000000005,11.9,0.0,11.9,11.9,0.25,170,2025-03-31 12:15:00,2025-03-31 12:15:00,12.2,6.0,0.29999999999999893
NH17 Crossing Boko,Kamrup Metropolitan,25.9775,91.23416667,2025-03-31 06:30:00,3,90,50.2,50.2,150.60000000000002,301.20000000000005,11.9,0.0,11.9,11.9,0.25,170,2025-03-31 12:30:00,2025-03-31 12:30:00,12.2,6.0,0.29999999999999893
NH17 Crossing Boko,Kamrup Metropolitan,25.9775,91.23416667,2025-03-31 06:45:00,3,90,50.2,50.2,150.60000000000002,301.20000000000005,11.9,0.0,11.9,11.9,0.25,170,2025-03-31 12:45:00,2025-03-31 12:45:00,12.3,6.0,0.40000000000000036
NH17 Crossing Boko,Kamrup Metropolitan,25.9775,91.23416667,2025-03-31 07:00:00,3,90,50.2,50.2,150.60000000000002,301.20000000000005,11.9,0.0,11.9,11.9,0.25,170,2025-03-31 13:00:00,2025-03-31 13:00:00,12.3,6.0,0.40000000000000036
NH17 Crossing Boko,Kamrup Metropolitan,25.9775,91.23416667,2025-03-31 07:15:00,3,90,50.2,50.2,150.60000000000002,301.20000000000005,11.9,0.0,11.9,11.9,0.25,170,2025-03-31 13:15:00,2025-03-31 13:15:00,12.4,6.0,0.5
NH17 Crossing Boko,Kamrup Metropolitan,25.9775,91.23416667,2025-03-31 07:30:00,3,90,50.2,50.2,150.60000000000002,301.20000000000005,11.9,0.0,11.9,11.9,0.25,170,2025-03-31 13:30:00,2025-03-31 13:30:00,12.4,6.0,0.5
NH17 Crossing Boko,Kamrup Metropolitan,25.9775,91.23416667,2025-03-31 07:45:00,3,90,50.2,50.2,150.60000000000002,301.20000000000005,11.9,0.0,11.9,11.9,0.25,170,2025-03-31 13:45:00,2025-03-31 13:45:00,12.4,6.0,0.5
NH17 Crossing Boko,Kamrup Metropolitan,25.9775,91.23416667,2025-03-31 08:00:00,3,90,50.2,50.2,150.60000000000002,301.20000000000005,11.9,0.0,11.9,11.9,0.25,170,2025-03-31 14:00:00,2025-03-31 14:00:00,12.4,6.0,0.5
NH17 Crossing Boko,Kamrup Metropolitan,25.9775,91.23416667,2025-03-31 08:15:00,3,90,50.2,50.2,150.60000000000002,301.20000000000005,11.9,0.0,11.9,11.9,0.25,170,2025-03-31 14:15:00,2025-03-31 14:15:00,12.4,6.0,0.5
NH17 Crossing Boko,Kamrup Metropolitan,25.9775,91.23416667,2025-03-31 08:30:00,3,90,50.2,50.2,150.60000000000002,301.20000000000005,12.0,0.0999999999999996,11.93333333333334,12.0,0.25,170,2025-03-31 14:30:00,2025-03-31 14:30:00,12.4,6.0,0.40000000000000036
NH17 Crossing Boko,Kamrup Metropolitan,25.9775,91.23416667,2025-03-31 08:45:00,3,90,50.2,50.2,150.60000000000002,301.20000000000005,12.0,0.0,11.96666666666667,12.0,0.25,170,2025-03-31 14:45:00,2025-03-31 14:45:00,12.3,6.0,0.3000000000000007
NH17 Crossing Boko,Kamrup Metropolitan,25.9775,91.23416667,2025-03-31 09:00:00,3,90,50.2,50.2,150.60000000000002,301.20000000000005,12.0,0.0,12.0,12.0,0.25,170,2025-03-31 15:00:00,2025-03-31 15:00:00,12.2,6.0,0.1999999999999993
NH17 Crossing Boko,Kamrup Metropolitan,25.9775,91.23416667,2025-03-31 09:15:00,3,90,50.2,50.2,150.60000000000002,301.20000000000005,12.0,0.0,12.0,12.0,0.25,170,2025-03-31 15:15:00,2025-03-31 15:15:00,12.2,6.0,0.1999999999999993
NH17 Crossing Boko,Kamrup Metropolitan,25.9775,91.23416667,2025-03-31 09:30:00,3,90,50.2,50.2,150.60000000000002,301.20000000000005,12.1,0.0999999999999996,12.03333333333334,12.1,0.25,170,2025-03-31 15:30:00,2025-03-31 15:30:00,12.2,6.0,0.09999999999999964
NH17 Crossing Boko,Kamrup Metropolitan,25.9775,91.23416667,2025-03-31 09:45:00,3,90,50.2,50.2,150.60000000000002,301.20000000000005,12.1,0.0,12.066666666666672,12.1,0.25,170,2025-03-31 15:45:00,2025-03-31 15:45:00,12.1,6.0,0.0
NH17 Crossing Boko,Kamrup Metropolitan,25.9775,91.23416667,2025-03-31 10:00:00,3,90,50.2,50.2,150.60000000000002,301.20000000000005,12.1,0.0,12.1,12.1,0.25,170,2025-03-31 16:00:00,2025-03-31 16:00:00,12.2,6.0,0.09999999999999964
NH17 Crossing Boko,Kamrup Metropolitan,25.9775,91.23416667,2025-03-31 10:15:00,3,90,50.2,50.2,150.60000000000002,301.20000000000005,12.1,0.0,12.1,12.1,0.25,170,2025-03-31 16:15:00,2025-03-31 16:15:00,12.1,6.0,0.0
NH17 Crossing Boko,Kamrup Metropolitan,25.9775,91.23416667,2025-03-31 10:30:00,3,90,50.2,50.2,150.60000000000002,301.20000000000005,12.1,0.0,12.1,12.1,0.25,170,2025-03-31 16:30:00,2025-03-31 16:30:00,12.1,6.0,0.0
NH17 Crossing Boko,Kamrup Metropolitan,25.9775,91.23416667,2025-03-31 10:45:00,3,90,50.2,50.2,150.60000000000002,301.20000000000005,12.1,0.0,12.1,12.1,0.25,170,2025-03-31 16:45:00,2025-03-31 16:45:00,12.1,6.0,0.0
NH17 Crossing Boko,Kamrup Metropolitan,25.9775,91.23416667,2025-03-31 11:00:00,3,90,50.2,50.2,150.60000000000002,301.20000000000005,12.1,0.0,12.1,12.1,0.25,170,2025-03-31 17:00:00,2025-03-31 17:00:00,12.1,6.0,0.0
NH17 Crossing Boko,Kamrup Metropolitan,25.9775,91.23416667,2025-03-31 11:15:00,3,90,50.2,50.2,150.60000000000002,301.20000000000005,12.1,0.0,12.1,12.1,0.25,170,2025-03-31 17:15:00,2025-03-31 17:15:00,12.1,6.0,0.0
NH17 Crossing Boko,Kamrup Metropolitan,25.9775,91.23416667,2025-03-31 11:30:00,3,90,50.2,50.2,150.60000000000002,301.20000000000005,12.1,0.0,12.1,12.1,0.25,170,2025-03-31 17:30:00,2025-03-31 17:30:00,12.1,6.0,0.0
NH17 Crossing Boko,Kamrup Metropolitan,25.9775,91.23416667,2025-03-31 11:45:00,3,90,50.2,50.2,150.60000000000002,301.20000000000005,12.1,0.0,12.1,12.1,0.25,170,2025-03-31 17:45:00,2025-03-31 17:45:00,12.0,6.0,-0.09999999999999964
NH17 Crossing Boko,Kamrup Metropolitan,25.9775,91.23416667,2025-03-31 12:00:00,3,90,50.2,50.2,150.60000000000002,301.20000000000005,12.2,0.0999999999999996,12.133333333333338,12.2,0.25,170,2025-03-31 18:00:00,2025-03-31 18:00:00,12.1,6.0,-0.09999999999999964
NH17 Crossing Boko,Kamrup Metropolitan,25.9775,91.23416667,2025-03-31 12:15:00,3,90,50.2,50.2,150.60000000000002,301.20000000000005,12.2,0.0,12.166666666666671,12.2,0.25,170,2025-03-31 18:15:00,2025-03-31 18:15:00,12.0,6.0,-0.1999999999999993
NH17 Crossing Boko,Kamrup Metropolitan,25.9775,91.23416667,2025-03-31 12:30:00,3,90,50.2,50.2,150.60000000000002,301.20000000000005,12.2,0.0,12.2,12.2,0.25,170,2025-03-31 18:30:00,2025-03-31 18:30:00,12.0,6.0,-0.1999999999999993
NH17 Crossing Boko,Kamrup Metropolitan,25.9775,91.23416667,2025-03-31 12:45:00,3,90,50.2,50.2,150.60000000000002,301.20000000000005,12.3,0.1000000000000014,12.23333333333334,12.3,0.25,170,2025-03-31 18:45:00,2025-03-31 18:45:00,12.0,6.0,-0.3000000000000007
NH17 Crossing Boko,Kamrup Metropolitan,25.9775,91.23416667,2025-03-31 13:00:00,3,90,50.2,50.2,150.60000000000002,301.20000000000005,12.3,0.0,12.266666666666673,12.3,0.25,170,2025-03-31 19:00:00,2025-03-31 19:00:00,12.0,6.0,-0.3000000000000007
NH17 Crossing Boko,Kamrup Metropolitan,25.9775,91.23416667,2025-03-31 13:15:00,3,90,50.2,50.2,150.60000000000002,301.20000000000005,12.4,0.0999999999999996,12.333333333333336,12.4,0.25,170,2025-03-31 19:15:00,2025-03-31 19:15:00,12.0,6.0,-0.40000000000000036
NH17 Crossing Boko,Kamrup Metropolitan,25.9775,91.23416667,2025-03-31 13:30:00,3,90,50.2,50.2,150.60000000000002,301.20000000000005,12.4,0.0,12.366666666666672,12.4,0.25,170,2025-03-31 19:30:00,2025-03-31 19:30:00,12.0,6.0,-0.40000000000000036
NH17 Crossing Boko,Kamrup Metropolitan,25.9775,91.23416667,2025-03-31 13:45:00,3,90,50.2,50.2,150.60000000000002,301.20000000000005,12.4,0.0,12.4,12.4,0.25,170,2025-03-31 19:45:00,2025-03-31 19:45:00,12.0,6.0,-0.40000000000000036
NH17 Crossing Boko,Kamrup Metropolitan,25.9775,91.23416667,2025-03-31 14:00:00,3,90,50.2,50.2,150.60000000000002,301.20000000000005,12.4,0.0,12.4,12.4,0.25,170,2025-03-31 20:00:00,2025-03-31 20:00:00,12.0,6.0,-0.40000000000000036
NH17 Crossing Boko,Kamrup Metropolitan,25.9775,91.23416667,2025-03-31 14:15:00,3,90,50.2,50.2,150.60000000000002,301.20000000000005,12.4,0.0,12.4,12.4,0.25,170,2025-03-31 20:15:00,2025-03-31 20:15:00,12.0,6.0,-0.40000000000000036
NH17 Crossing Boko,Kamrup Metropolitan,25.9775,91.23416667,2025-03-31 14:30:00,3,90,50.2,50.2,150.60000000000002,301.20000000000005,12.4,0.0,12.4,12.4,0.25,170,2025-03-31 20:30:00,2025-03-31 20:30:00,12.0,6.0,-0.40000000000000036
NH17 Crossing Boko,Kamrup Metropolitan,25.9775,91.23416667,2025-03-31 14:45:00,3,90,50.2,50.2,150.60000000000002,301.20000000000005,12.3,-0.0999999999999996,12.366666666666672,12.4,0.25,170,2025-03-31 20:45:00,2025-03-31 20:45:00,12.0,6.0,-0.3000000000000007
NH17 Crossing Boko,Kamrup Metropolitan,25.9775,91.23416667,2025-03-31 15:00:00,3,90,50.2,50.2,150.60000000000002,301.20000000000005,12.2,-0.1000000000000014,12.300000000000004,12.4,0.25,170,2025-03-31 21:00:00,2025-03-31 21:00:00,12.0,6.0,-0.1999999999999993
NH17 Crossing Boko,Kamrup Metropolitan,25.9775,91.23416667,2025-03-31 15:15:00,3,90,50.2,50.2,150.60000000000002,301.20000000000005,12.2,0.0,12.23333333333334,12.4,0.25,170,2025-03-31 21:15:00,2025-03-31 21:15:00,12.0,6.0,-0.1999999999999993
NH17 Crossing Boko,Kamrup Metropolitan,25.9775,91.23416667,2025-03-31 15:30:00,3,90,50.2,50.2,150.60000000000002,301.20000000000005,12.2,0.0,12.2,12.4,0.25,170,2025-03-31 21:30:00,2025-03-31 21:30:00,12.0,6.0,-0.1999999999999993
NH17 Crossing Boko,Kamrup Metropolitan,25.9775,91.23416667,2025-03-31 15:45:00,3,90,50.2,50.2,150.60000000000002,301.20000000000005,12.1,-0.0999999999999996,12.166666666666671,12.4,0.25,170,2025-03-31 21:45:00,2025-03-31 21:45:00,12.0,6.0,-0.09999999999999964
NH17 Crossing Boko,Kamrup Metropolitan,25.9775,91.23416667,2025-03-31 16:00:00,3,90,50.2,50.2,150.60000000000002,301.20000000000005,12.2,0.0999999999999996,12.166666666666671,12.3,0.25,170,2025-03-31 22:00:00,2025-03-31 22:00:00,12.0,6.0,-0.1999999999999993
NH17 Crossing Boko,Kamrup Metropolitan,25.9775,91.23416667,2025-03-31 16:15:00,3,90,50.2,50.2,150.60000000000002,301.20000000000005,12.1,-0.0999999999999996,12.133333333333338,12.2,0.25,170,2025-03-31 22:15:00,2025-03-31 22:15:00,11.9,6.0,-0.1999999999999993
NH17 Crossing Boko,Kamrup Metropolitan,25.9775,91.23416667,2025-03-31 16:30:00,3,90,50.2,50.2,150.60000000000002,301.20000000000005,12.1,0.0,12.133333333333338,12.2,0.25,170,2025-03-31 22:30:00,2025-03-31 22:30:00,11.9,6.0,-0.1999999999999993
NH17 Crossing Boko,Kamrup Metropolitan,25.9775,91.23416667,2025-03-31 16:45:00,3,90,50.2,50.2,150.60000000000002,301.20000000000005,12.1,0.0,12.1,12.2,0.25,170,2025-03-31 22:45:00,2025-03-31 22:45:00,11.9,6.0,-0.1999999999999993
NH17 Crossing Boko,Kamrup Metropolitan,25.9775,91.23416667,2025-03-31 17:00:00,3,90,50.2,50.2,150.60000000000002,301.20000000000005,12.1,0.0,12.1,12.2,0.25,170,2025-03-31 23:00:00,2025-03-31 23:00:00,11.9,6.0,-0.1999999999999993
NH17 Crossing Boko,Kamrup Metropolitan,25.9775,91.23416667,2025-03-31 17:15:00,3,90,50.2,50.2,150.60000000000002,301.20000000000005,12.1,0.0,12.1,12.2,0.25,170,2025-03-31 23:15:00,2025-03-31 23:15:00,11.9,6.0,-0.1999999999999993
NH17 Crossing Boko,Kamrup Metropolitan,25.9775,91.23416667,2025-03-31 17:30:00,3,90,50.2,50.2,150.60000000000002,301.20000000000005,12.1,0.0,12.1,12.1,0.25,170,2025-03-31 23:30:00,2025-03-31 23:30:00,11.9,6.0,-0.1999999999999993
NH17 Crossing Boko,Kamrup Metropolitan,25.9775,91.23416667,2025-03-31 17:45:00,3,90,50.2,50.2,150.60000000000002,301.20000000000005,12.0,-0.0999999999999996,12.066666666666672,12.1,0.25,170,2025-03-31 23:45:00,2025-03-31 23:45:00,11.9,6.0,-0.09999999999999964
NH17 Crossing Boko,Kamrup Metropolitan,25.9775,91.23416667,2025-03-31 18:00:00,3,90,50.2,50.2,150.60000000000002,301.20000000000005,12.1,0.0999999999999996,12.06666666666667,12.1,0.25,170,2025-04-01 00:00:00,2025-04-01 00:00:00,11.9,6.0,-0.1999999999999993
NH17 Crossing Boko,Kamrup Metropolitan,25.9775,91.23416667,2025-03-31 18:15:00,3,90,50.2,50.2,150.60000000000002,301.20000000000005,12.0,-0.0999999999999996,12.03333333333334,12.1,0.25,170,2025-04-01 00:15:00,2025-04-01 00:15:00,11.9,6.0,-0.09999999999999964
NH17 Crossing Boko,Kamrup Metropolitan,25.9775,91.23416667,2025-03-31 18:30:00,3,90,50.2,50.2,150.60000000000002,301.20000000000005,12.0,0.0,12.03333333333334,12.1,0.25,170,2025-04-01 00:30:00,2025-04-01 00:30:00,11.9,6.0,-0.09999999999999964
NH17 Crossing Boko,Kamrup Metropolitan,25.9775,91.23416667,2025-03-31 18:45:00,3,90,50.2,50.2,150.60000000000002,301.20000000000005,12.0,0.0,12.0,12.1,0.25,170,2025-04-01 00:45:00,2025-04-01 00:45:00,11.9,6.0,-0.09999999999999964
NH17 Crossing Boko,Kamrup Metropolitan,25.9775,91.23416667,2025-03-31 19:00:00,3,90,50.2,50.2,150.60000000000002,301.20000000000005,12.0,0.0,12.0,12.1,0.25,170,2025-04-01 01:00:00,2025-04-01 01:00:00,11.9,6.0,-0.09999999999999964
NH17 Crossing Boko,Kamrup Metropolitan,25.9775,91.23416667,2025-03-31 19:15:00,3,90,50.2,50.2,150.60000000000002,301.20000000000005,12.0,0.0,12.0,12.1,0.25,170,2025-04-01 01:15:00,2025-04-01 01:15:00,11.9,6.0,-0.09999999999999964
NH17 Crossing Boko,Kamrup Metropolitan,25.9775,91.23416667,2025-03-31 19:30:00,3,90,50.2,50.2,150.60000000000002,301.20000000000005,12.0,0.0,12.0,12.0,0.25,170,2025-04-01 01:30:00,2025-04-01 01:30:00,11.9,6.0,-0.09999999999999964
NH17 Crossing Boko,Kamrup Metropolitan,25.9775,91.23416667,2025-03-31 19:45:00,3,90,50.2,50.2,150.60000000000002,301.20000000000005,12.0,0.0,12.0,12.0,0.25,170,2025-04-01 01:45:00,2025-04-01 01:45:00,11.9,6.0,-0.09999999999999964
NH17 Crossing Boko,Kamrup Metropolitan,25.9775,91.23416667,2025-03-31 20:00:00,3,90,50.2,50.2,150.60000000000002,301.20000000000005,12.0,0.0,12.0,12.0,0.25,170,2025-04-01 02:00:00,2025-04-01 02:00:00,11.9,6.0,-0.09999999999999964
NH17 Crossing Boko,Kamrup Metropolitan,25.9775,91.23416667,2025-03-31 20:15:00,3,90,50.2,50.2,150.60000000000002,301.20000000000005,12.0,0.0,12.0,12.0,0.25,170,2025-04-01 02:15:00,2025-04-01 02:15:00,11.9,6.0,-0.09999999999999964
NH17 Crossing Boko,Kamrup Metropolitan,25.9775,91.23416667,2025-03-31 20:30:00,3,90,50.2,50.2,150.60000000000002,301.20000000000005,12.0,0.0,12.0,12.0,0.25,170,2025-04-01 02:30:00,2025-04-01 02:30:00,11.9,6.0,-0.09999999999999964
NH17 Crossing Boko,Kamrup Metropolitan,25.9775,91.23416667,2025-03-31 20:45:00,3,90,50.2,50.2,150.60000000000002,301.20000000000005,12.0,0.0,12.0,12.0,0.25,170,2025-04-01 02:45:00,2025-04-01 02:45:00,11.9,6.0,-0.09999999999999964
NH17 Crossing Boko,Kamrup Metropolitan,25.9775,91.23416667,2025-03-31 21:00:00,3,90,50.2,50.2,150.60000000000002,301.20000000000005,12.0,0.0,12.0,12.0,0.25,170,2025-04-01 03:00:00,2025-04-01 02:45:00,11.9,5.75,-0.09999999999999964
NH17 Crossing Boko,Kamrup Metropolitan,25.9775,91.23416667,2025-03-31 21:15:00,3,90,50.2,50.2,150.60000000000002,301.20000000000005,12.0,0.0,12.0,12.0,0.25,170,2025-04-01 03:15:00,2025-04-01 03:15:00,11.9,6.0,-0.09999999999999964
NH17 Crossing Boko,Kamrup Metropolitan,25.9775,91.23416667,2025-03-31 21:30:00,3,90,50.2,50.2,150.60000000000002,301.20000000000005,12.0,0.0,12.0,12.0,0.25,170,2025-04-01 03:30:00,2025-04-01 03:30:00,11.9,6.0,-0.09999999999999964
NH17 Crossing Boko,Kamrup Metropolitan,25.9775,91.23416667,2025-03-31 21:45:00,3,90,50.2,50.2,150.60000000000002,301.20000000000005,12.0,0.0,12.0,12.0,0.25,170,2025-04-01 03:45:00,2025-04-01 03:45:00,11.9,6.0,-0.09999999999999964
NH17 Crossing Boko,Kamrup Metropolitan,25.9775,91.23416667,2025-03-31 22:00:00,3,90,50.2,50.2,150.60000000000002,301.20000000000005,12.0,0.0,12.0,12.0,0.25,170,2025-04-01 04:00:00,2025-04-01 04:00:00,11.9,6.0,-0.09999999999999964
NH17 Crossing Boko,Kamrup Metropolitan,25.9775,91.23416667,2025-03-31 22:15:00,3,90,50.2,50.2,150.60000000000002,301.20000000000005,11.9,-0.0999999999999996,11.96666666666667,12.0,0.25,170,2025-04-01 04:15:00,2025-04-01 04:15:00,11.9,6.0,0.0
NH17 Crossing Boko,Kamrup Metropolitan,25.9775,91.23416667,2025-03-31 22:30:00,3,90,50.2,50.2,150.60000000000002,301.20000000000005,11.9,0.0,11.933333333333335,12.0,0.25,170,2025-04-01 04:30:00,2025-04-01 04:30:00,11.9,6.0,0.0
NH17 Crossing Boko,Kamrup Metropolitan,25.9775,91.23416667,2025-03-31 22:45:00,3,90,50.2,50.2,150.60000000000002,301.20000000000005,11.9,0.0,11.9,12.0,0.25,170,2025-04-01 04:45:00,2025-04-01 04:45:00,11.9,6.0,0.0
NH17 Crossing Boko,Kamrup Metropolitan,25.9775,91.23416667,2025-03-31 23:00:00,3,90,50.2,50.2,150.60000000000002,301.20000000000005,11.9,0.0,11.9,12.0,0.25,170,2025-04-01 05:00:00,2025-04-01 05:00:00,11.9,6.0,0.0
NH17 Crossing Boko,Kamrup Metropolitan,25.9775,91.23416667,2025-03-31 23:15:00,3,90,50.2,50.2,150.60000000000002,301.20000000000005,11.9,0.0,11.9,12.0,0.25,170,2025-04-01 05:15:00,2025-04-01 05:15:00,11.9,6.0,0.0
NH17 Crossing Boko,Kamrup Metropolitan,25.9775,91.23416667,2025-03-31 23:30:00,3,90,50.2,50.2,150.60000000000002,301.20000000000005,11.9,0.0,11.9,11.9,0.25,170,2025-04-01 05:30:00,2025-04-01 05:30:00,11.9,6.0,0.0
NH17 Crossing Boko,Kamrup Metropolitan,25.9775,91.23416667,2025-03-31 23:45:00,3,90,50.2,50.2,150.60000000000002,301.20000000000005,11.9,0.0,11.9,11.9,0.25,170,2025-04-01 05:45:00,2025-04-01 05:45:00,11.9,6.0,0.0
NH17 Crossing Boko,Kamrup Metropolitan,25.9775,91.23416667,2025-04-01 00:00:00,4,91,50.2,50.2,150.60000000000002,301.20000000000005,11.9,0.0,11.9,11.9,0.25,170,2025-04-01 06:00:00,2025-04-01 06:00:00,11.9,6.0,0.0
NH17 Crossing Boko,Kamrup Metropolitan,25.9775,91.23416667,2025-04-01 00:15:00,4,91,50.2,50.2,150.60000000000002,301.20000000000005,11.9,0.0,11.9,11.9,0.25,170,2025-04-01 06:15:00,2025-04-01 06:15:00,11.9,6.0,0.0
NH17 Crossing Boko,Kamrup Metropolitan,25.9775,91.23416667,2025-04-01 00:30:00,4,91,50.2,50.2,150.60000000000002,301.20000000000005,11.9,0.0,11.9,11.9,0.25,170,2025-04-01 06:30:00,2025-04-01 06:30:00,11.9,6.0,0.0
NH17 Crossing Boko,Kamrup Metropolitan,25.9775,91.23416667,2025-04-01 00:45:00,4,91,50.2,50.2,150.60000000000002,301.20000000000005,11.9,0.0,11.9,11.9,0.25,170,2025-04-01 06:45:00,2025-04-01 06:45:00,11.9,6.0,0.0
NH17 Crossing Boko,Kamrup Metropolitan,25.9775,91.23416667,2025-04-01 01:00:00,4,91,50.2,50.2,150.60000000000002,301.20000000000005,11.9,0.0,11.9,11.9,0.25,170,2025-04-01 07:00:00,2025-04-01 07:00:00,11.9,6.0,0.0
NH17 Crossing Boko,Kamrup Metropolitan,25.9775,91.23416667,2025-04-01 01:15:00,4,91,50.2,50.2,150.60000000000002,301.20000000000005,11.9,0.0,11.9,11.9,0.25,170,2025-04-01 07:15:00,2025-04-01 07:15:00,11.9,6.0,0.0
NH17 Crossing Boko,Kamrup Metropolitan,25.9775,91.23416667,2025-04-01 01:30:00,4,91,50.2,50.2,150.60000000000002,301.20000000000005,11.9,0.0,11.9,11.9,0.25,170,2025-04-01 07:30:00,2025-04-01 07:30:00,11.9,6.0,0.0
NH17 Crossing Boko,Kamrup Metropolitan,25.9775,91.23416667,2025-04-01 01:45:00,4,91,50.2,50.2,150.60000000000002,301.20000000000005,11.9,0.0,11.9,11.9,0.25,170,2025-04-01 07:45:00,2025-04-01 07:45:00,12.0,6.0,0.09999999999999964
NH17 Crossing Boko,Kamrup Metropolitan,25.9775,91.23416667,2025-04-01 02:00:00,4,91,50.2,50.2,150.60000000000002,301.20000000000005,11.9,0.0,11.9,11.9,0.25,170,2025-04-01 08:00:00,2025-04-01 08:00:00,11.9,6.0,0.0
NH17 Crossing Boko,Kamrup Metropolitan,25.9775,91.23416667,2025-04-01 02:15:00,4,91,50.2,50.2,150.60000000000002,301.20000000000005,11.9,0.0,11.9,11.9,0.25,170,2025-04-01 08:15:00,2025-04-01 08:15:00,12.0,6.0,0.09999999999999964
NH17 Crossing Boko,Kamrup Metropolitan,25.9775,91.23416667,2025-04-01 02:30:00,4,91,50.2,50.2,150.60000000000002,301.20000000000005,11.9,0.0,11.9,11.9,0.25,170,2025-04-01 08:30:00,2025-04-01 08:30:00,12.0,6.0,0.09999999999999964
NH17 Crossing Boko,Kamrup Metropolitan,25.9775,91.23416667,2025-04-01 02:45:00,4,91,50.2,50.2,150.60000000000002,301.20000000000005,11.9,0.0,11.9,11.9,0.25,170,2025-04-01 08:45:00,2025-04-01 08:45:00,12.0,6.0,0.09999999999999964
NH17 Crossing Boko,Kamrup Metropolitan,25.9775,91.23416667,2025-04-01 03:15:00,4,91,50.2,50.2,150.60000000000002,301.20000000000005,11.9,0.0,11.9,11.9,0.5,170,2025-04-01 09:15:00,2025-04-01 09:15:00,12.1,6.0,0.1999999999999993
NH17 Crossing Boko,Kamrup Metropolitan,25.9775,91.23416667,2025-04-01 03:30:00,4,91,50.2,50.2,150.60000000000002,301.20000000000005,11.9,0.0,11.9,11.9,0.25,170,2025-04-01 09:30:00,2025-04-01 09:30:00,12.1,6.0,0.1999999999999993
NH17 Crossing Boko,Kamrup Metropolitan,25.9775,91.23416667,2025-04-01 03:45:00,4,91,50.2,50.2,150.60000000000002,301.20000000000005,11.9,0.0,11.9,11.9,0.25,170,2025-04-01 09:45:00,2025-04-01 09:45:00,12.1,6.0,0.1999999999999993
NH17 Crossing Boko,Kamrup Metropolitan,25.9775,91.23416667,2025-04-01 04:00:00,4,91,50.2,50.2,150.60000000000002,301.20000000000005,11.9,0.0,11.9,11.9,0.25,170,2025-04-01 10:00:00,2025-04-01 10:00:00,12.1,6.0,0.1999999999999993
NH17 Crossing Boko,Kamrup Metropolitan,25.9775,91.23416667,2025-04-01 04:15:00,4,91,50.2,50.2,150.60000000000002,301.20000000000005,11.9,0.0,11.9,11.9,0.25,170,2025-04-01 10:15:00,2025-04-01 10:15:00,12.1,6.0,0.1999999999999993
NH17 Crossing Boko,Kamrup Metropolitan,25.9775,91.23416667,2025-04-01 04:30:00,4,91,50.2,50.2,150.60000000000002,301.20000000000005,11.9,0.0,11.9,11.9,0.25,170,2025-04-01 10:30:00,2025-04-01 10:30:00,12.1,6.0,0.1999999999999993
NH17 Crossing Boko,Kamrup Metropolitan,25.9775,91.23416667,2025-04-01 04:45:00,4,91,50.2,50.2,150.60000000000002,301.20000000000005,11.9,0.0,11.9,11.9,0.25,170,2025-04-01 10:45:00,2025-04-01 10:45:00,12.1,6.0,0.1999999999999993
NH17 Crossing Boko,Kamrup Metropolitan,25.9775,91.23416667,2025-04-01 05:00:00,4,91,50.2,50.2,150.60000000000002,301.20000000000005,11.9,0.0,11.9,11.9,0.25,170,2025-04-01 11:00:00,2025-04-01 11:00:00,12.1,6.0,0.1999999999999993
NH17 Crossing Boko,Kamrup Metropolitan,25.9775,91.23416667,2025-04-01 05:15:00,4,91,50.2,50.2,150.60000000000002,301.20000000000005,11.9,0.0,11.9,11.9,0.25,170,2025-04-01 11:15:00,2025-04-01 11:15:00,12.1,6.0,0.1999999999999993
NH17 Crossing Boko,Kamrup Metropolitan,25.9775,91.23416667,2025-04-01 05:30:00,4,91,50.2,50.2,150.60000000000002,301.20000000000005,11.9,0.0,11.9,11.9,0.25,170,2025-04-01 11:30:00,2025-04-01 11:30:00,12.1,6.0,0.1999999999999993
NH17 Crossing Boko,Kamrup Metropolitan,25.9775,91.23416667,2025-04-01 05:45:00,4,91,50.2,50.2,150.60000000000002,301.20000000000005,11.9,0.0,11.9,11.9,0.25,170,2025-04-01 11:45:00,2025-04-01 11:45:00,12.1,6.0,0.1999999999999993
NH17 Crossing Boko,Kamrup Metropolitan,25.9775,91.23416667,2025-04-01 06:00:00,4,91,50.2,50.2,150.60000000000002,301.20000000000005,11.9,0.0,11.9,11.9,0.25,170,2025-04-01 12:00:00,2025-04-01 12:00:00,12.1,6.0,0.1999999999999993
NH17 Crossing Boko,Kamrup Metropolitan,25.9775,91.23416667,2025-04-01 06:15:00,4,91,50.2,50.2,150.60000000000002,301.20000000000005,11.9,0.0,11.9,11.9,0.25,170,2025-04-01 12:15:00,2025-04-01 12:15:00,12.2,6.0,0.29999999999999893
NH17 Crossing Boko,Kamrup Metropolitan,25.9775,91.23416667,2025-04-01 06:30:00,4,91,50.2,50.2,150.60000000000002,301.20000000000005,11.9,0.0,11.9,11.9,0.25,170,2025-04-01 12:30:00,2025-04-01 12:30:00,12.2,6.0,0.29999999999999893
NH17 Crossing Boko,Kamrup Metropolitan,25.9775,91.23416667,2025-04-01 06:45:00,4,91,50.2,50.2,150.60000000000002,301.20000000000005,11.9,0.0,11.9,11.9,0.25,170,2025-04-01 12:45:00,2025-04-01 12:45:00,12.2,6.0,0.29999999999999893
NH17 Crossing Boko,Kamrup Metropolitan,25.9775,91.23416667,2025-04-01 07:00:00,4,91,50.2,50.2,150.60000000000002,301.20000000000005,11.9,0.0,11.9,11.9,0.25,170,2025-04-01 13:00:00,2025-04-01 13:00:00,12.4,6.0,0.5
NH17 Crossing Boko,Kamrup Metropolitan,25.9775,91.23416667,2025-04-01 07:15:00,4,91,50.2,50.2,150.60000000000002,301.20000000000005,11.9,0.0,11.9,11.9,0.25,170,2025-04-01 13:15:00,2025-04-01 13:15:00,12.4,6.0,0.5
NH17 Crossing Boko,Kamrup Metropolitan,25.9775,91.23416667,2025-04-01 07:30:00,4,91,50.2,50.2,150.60000000000002,301.20000000000005,11.9,0.0,11.9,11.9,0.25,170,2025-04-01 13:30:00,2025-04-01 13:30:00,12.4,6.0,0.5
NH17 Crossing Boko,Kamrup Metropolitan,25.9775,91.23416667,2025-04-01 07:45:00,4,91,50.2,50.2,150.60000000000002,301.20000000000005,12.0,0.0999999999999996,11.933333333333335,12.0,0.25,170,2025-04-01 13:45:00,2025-04-01 13:45:00,12.4,6.0,0.40000000000000036
NH17 Crossing Boko,Kamrup Metropolitan,25.9775,91.23416667,2025-04-01 08:00:00,4,91,50.2,50.2,150.60000000000002,301.20000000000005,11.9,-0.0999999999999996,11.93333333333334,12.0,0.25,170,2025-04-01 14:00:00,2025-04-01 14:00:00,12.4,6.0,0.5
NH17 Crossing Boko,Kamrup Metropolitan,25.9775,91.23416667,2025-04-01 08:15:00,4,91,50.2,50.2,150.60000000000002,301.20000000000005,12.0,0.0999999999999996,11.96666666666667,12.0,0.25,170,2025-04-01 14:15:00,2025-04-01 14:15:00,12.4,6.0,0.40000000000000036
NH17 Crossing Boko,Kamrup Metropolitan,25.9775,91.23416667,2025-04-01 08:30:00,4,91,50.2,50.2,150.60000000000002,301.20000000000005,12.0,0.0,11.96666666666667,12.0,0.25,170,2025-04-01 14:30:00,2025-04-01 14:30:00,12.4,6.0,0.40000000000000036
NH17 Crossing Boko,Kamrup Metropolitan,25.9775,91.23416667,2025-04-01 08:45:00,4,91,50.2,50.2,150.60000000000002,301.20000000000005,12.0,0.0,12.0,12.0,0.25,170,2025-04-01 14:45:00,2025-04-01 14:45:00,12.2,6.0,0.1999999999999993
NH17 Crossing Boko,Kamrup Metropolitan,25.9775,91.23416667,2025-04-01 09:00:00,4,91,50.2,50.2,150.60000000000002,301.20000000000005,12.1,0.0999999999999996,12.03333333333334,12.1,0.25,170,2025-04-01 15:00:00,2025-04-01 15:00:00,12.2,6.0,0.09999999999999964
NH17 Crossing Boko,Kamrup Metropolitan,25.9775,91.23416667,2025-04-01 09:15:00,4,91,50.2,50.2,150.60000000000002,301.20000000000005,12.1,0.0,12.066666666666672,12.1,0.25,170,2025-04-01 15:15:00,2025-04-01 15:15:00,12.2,6.0,0.09999999999999964
NH17 Crossing Boko,Kamrup Metropolitan,25.9775,91.23416667,2025-04-01 09:30:00,4,91,50.2,50.2,150.60000000000002,301.20000000000005,12.1,0.0,12.1,12.1,0.25,170,2025-04-01 15:30:00,2025-04-01 15:30:00,12.2,6.0,0.09999999999999964
NH17 Crossing Boko,Kamrup Metropolitan,25.9775,91.23416667,2025-04-01 09:45:00,4,91,50.2,50.2,150.60000000000002,301.20000000000005,12.1,0.0,12.1,12.1,0.25,170,2025-04-01 15:45:00,2025-04-01 15:45:00,12.2,6.0,0.09999999999999964
NH17 Crossing Boko,Kamrup Metropolitan,25.9775,91.23416667,2025-04-01 10:00:00,4,91,50.2,50.2,150.60000000000002,301.20000000000005,12.1,0.0,12.1,12.1,0.25,170,2025-04-01 16:00:00,2025-04-01 16:00:00,12.1,6.0,0.0
NH17 Crossing Boko,Kamrup Metropolitan,25.9775,91.23416667,2025-04-01 10:15:00,4,91,50.2,50.2,150.60000000000002,301.20000000000005,12.1,0.0,12.1,12.1,0.25,170,2025-04-01 16:15:00,2025-04-01 16:15:00,12.1,6.0,0.0
NH17 Crossing Boko,Kamrup Metropolitan,25.9775,91.23416667,2025-04-01 10:30:00,4,91,50.2,50.2,150.60000000000002,301.20000000000005,12.1,0.0,12.1,12.1,0.25,170,2025-04-01 16:30:00,2025-04-01 16:30:00,12.1,6.0,0.0
NH17 Crossing Boko,Kamrup Metropolitan,25.9775,91.23416667,2025-04-01 10:45:00,4,91,50.2,50.2,150.60000000000002,301.20000000000005,12.1,0.0,12.1,12.1,0.25,170,2025-04-01 16:45:00,2025-04-01 16:45:00,12.1,6.0,0.0
NH17 Crossing Boko,Kamrup Metropolitan,25.9775,91.23416667,2025-04-01 11:00:00,4,91,50.2,50.2,150.60000000000002,301.20000000000005,12.1,0.0,12.1,12.1,0.25,170,2025-04-01 17:00:00,2025-04-01 17:00:00,12.1,6.0,0.0
NH17 Crossing Boko,Kamrup Metropolitan,25.9775,91.23416667,2025-04-01 11:15:00,4,91,50.2,50.2,150.60000000000002,301.20000000000005,12.1,0.0,12.1,12.1,0.25,170,2025-04-01 17:15:00,2025-04-01 17:15:00,12.1,6.0,0.0
NH17 Crossing Boko,Kamrup Metropolitan,25.9775,91.23416667,2025-04-01 11:30:00,4,91,50.2,50.2,150.60000000000002,301.20000000000005,12.1,0.0,12.1,12.1,0.25,170,2025-04-01 17:30:00,2025-04-01 17:30:00,12.0,6.0,-0.09999999999999964
NH17 Crossing Boko,Kamrup Metropolitan,25.9775,91.23416667,2025-04-01 11:45:00,4,91,50.2,50.2,150.60000000000002,301.20000000000005,12.1,0.0,12.1,12.1,0.25,170,2025-04-01 17:45:00,2025-04-01 17:45:00,12.0,6.0,-0.09999999999999964
NH17 Crossing Boko,Kamrup Metropolitan,25.9775,91.23416667,2025-04-01 12:00:00,4,91,50.2,50.2,150.60000000000002,301.20000000000005,12.1,0.0,12.1,12.1,0.25,170,2025-04-01 18:00:00,2025-04-01 18:00:00,12.0,6.0,-0.09999999999999964
NH17 Crossing Boko,Kamrup Metropolitan,25.9775,91.23416667,2025-04-01 12:15:00,4,91,50.2,50.2,150.60000000000002,301.20000000000005,12.2,0.0999999999999996,12.133333333333338,12.2,0.25,170,2025-04-01 18:15:00,2025-04-01 18:15:00,12.0,6.0,-0.1999999999999993
NH17 Crossing Boko,Kamrup Metropolitan,25.9775,91.23416667,2025-04-01 12:30:00,4,91,50.2,50.2,150.60000000000002,301.20000000000005,12.2,0.0,12.166666666666671,12.2,0.25,170,2025-04-01 18:30:00,2025-04-01 18:30:00,12.0,6.0,-0.1999999999999993
NH17 Crossing Boko,Kamrup Metropolitan,25.9775,91.23416667,2025-04-01 12:45:00,4,91,50.2,50.2,150.60000000000002,301.20000000000005,12.2,0.0,12.2,12.2,0.25,170,2025-04-01 18:45:00,2025-04-01 18:45:00,12.0,6.0,-0.1999999999999993
NH17 Crossing Boko,Kamrup Metropolitan,25.9775,91.23416667,2025-04-01 13:00:00,4,91,50.2,50.2,150.60000000000002,301.20000000000005,12.4,0.200000000000001,12.266666666666673,12.4,0.25,170,2025-04-01 19:00:00,2025-04-01 19:00:00,12.0,6.0,-0.40000000000000036
NH17 Crossing Boko,Kamrup Metropolitan,25.9775,91.23416667,2025-04-01 13:15:00,4,91,50.2,50.2,150.60000000000002,301.20000000000005,12.4,0.0,12.333333333333336,12.4,0.25,170,2025-04-01 19:15:00,2025-04-01 19:15:00,12.0,6.0,-0.40000000000000036
NH17 Crossing Boko,Kamrup Metropolitan,25.9775,91.23416667,2025-04-01 13:30:00,4,91,50.2,50.2,150.60000000000002,301.20000000000005,12.4,0.0,12.4,12.4,0.25,170,2025-04-01 19:30:00,2025-04-01 19:30:00,11.9,6.0,-0.5
NH17 Crossing Boko,Kamrup Metropolitan,25.9775,91.23416667,2025-04-01 13:45:00,4,91,50.2,50.2,150.60000000000002,301.20000000000005,12.4,0.0,12.4,12.4,0.25,170,2025-04-01 19:45:00,2025-04-01 19:45:00,11.9,6.0,-0.5
NH17 Crossing Boko,Kamrup Metropolitan,25.9775,91.23416667,2025-04-01 14:00:00,4,91,50.2,50.2,150.60000000000002,301.20000000000005,12.4,0.0,12.4,12.4,0.25,170,2025-04-01 20:00:00,2025-04-01 19:45:00,11.9,5.75,-0.5
NH17 Crossing Boko,Kamrup Metropolitan,25.9775,91.23416667,2025-04-01 14:15:00,4,91,50.2,50.2,150.60000000000002,301.20000000000005,12.4,0.0,12.4,12.4,0.25,170,2025-04-01 20:15:00,2025-04-01 20:15:00,12.0,6.0,-0.40000000000000036
NH17 Crossing Boko,Kamrup Metropolitan,25.9775,91.23416667,2025-04-01 14:30:00,4,91,50.2,50.2,150.60000000000002,301.20000000000005,12.4,0.0,12.4,12.4,0.25,170,2025-04-01 20:30:00,2025-04-01 20:30:00,11.9,6.0,-0.5
NH17 Crossing Boko,Kamrup Metropolitan,25.9775,91.23416667,2025-04-01 14:45:00,4,91,50.2,50.2,150.60000000000002,301.20000000000005,12.2,-0.200000000000001,12.333333333333336,12.4,0.25,170,2025-04-01 20:45:00,2025-04-01 20:45:00,11.9,6.0,-0.29999999999999893
NH17 Crossing Boko,Kamrup Metropolitan,25.9775,91.23416667,2025-04-01 15:00:00,4,91,50.2,50.2,150.60000000000002,301.20000000000005,12.2,0.0,12.266666666666673,12.4,0.25,170,2025-04-01 21:00:00,2025-04-01 21:00:00,11.9,6.0,-0.29999999999999893
NH17 Crossing Boko,Kamrup Metropolitan,25.9775,91.23416667,2025-04-01 15:15:00,4,91,50.2,50.2,150.60000000000002,301.20000000000005,12.2,0.0,12.2,12.4,0.25,170,2025-04-01 21:15:00,2025-04-01 21:15:00,11.9,6.0,-0.29999999999999893
NH17 Crossing Boko,Kamrup Metropolitan,25.9775,91.23416667,2025-04-01 15:30:00,4,91,50.2,50.2,150.60000000000002,301.20000000000005,12.2,0.0,12.2,12.4,0.25,170,2025-04-01 21:30:00,2025-04-01 21:30:00,11.9,6.0,-0.29999999999999893
NH17 Crossing Boko,Kamrup Metropolitan,25.9775,91.23416667,2025-04-01 15:45:00,4,91,50.2,50.2,150.60000000000002,301.20000000000005,12.2,0.0,12.2,12.4,0.25,170,2025-04-01 21:45:00,2025-04-01 21:45:00,11.9,6.0,-0.29999999999999893
NH17 Crossing Boko,Kamrup Metropolitan,25.9775,91.23416667,2025-04-01 16:00:00,4,91,50.2,50.2,150.60000000000002,301.20000000000005,12.1,-0.0999999999999996,12.166666666666671,12.2,0.25,170,2025-04-01 22:00:00,2025-04-01 22:00:00,11.9,6.0,-0.1999999999999993
NH17 Crossing Boko,Kamrup Metropolitan,25.9775,91.23416667,2025-04-01 16:15:00,4,91,50.2,50.2,150.60000000000002,301.20000000000005,12.1,0.0,12.133333333333338,12.2,0.25,170,2025-04-01 22:15:00,2025-04-01 22:15:00,11.9,6.0,-0.1999999999999993
NH17 Crossing Boko,Kamrup Metropolitan,25.9775,91.23416667,2025-04-01 16:30:00,4,91,50.2,50.2,150.60000000000002,301.20000000000005,12.1,0.0,12.1,12.2,0.25,170,2025-04-01 22:30:00,2025-04-01 22:30:00,11.9,6.0,-0.1999999999999993
NH17 Crossing Boko,Kamrup Metropolitan,25.9775,91.23416667,2025-04-01 16:45:00,4,91,50.2,50.2,150.60000000000002,301.20000000000005,12.1,0.0,12.1,12.2,0.25,170,2025-04-01 22:45:00,2025-04-01 22:45:00,11.9,6.0,-0.1999999999999993
NH17 Crossing Boko,Kamrup Metropolitan,25.9775,91.23416667,2025-04-01 17:00:00,4,91,50.2,50.2,150.60000000000002,301.20000000000005,12.1,0.0,12.1,12.2,0.25,170,2025-04-01 23:00:00,2025-04-01 23:00:00,11.9,6.0,-0.1999999999999993
NH17 Crossing Boko,Kamrup Metropolitan,25.9775,91.23416667,2025-04-01 17:15:00,4,91,50.2,50.2,150.60000000000002,301.20000000000005,12.1,0.0,12.1,12.1,0.25,170,2025-04-01 23:15:00,2025-04-01 23:15:00,11.9,6.0,-0.1999999999999993
NH17 Crossing Boko,Kamrup Metropolitan,25.9775,91.23416667,2025-04-01 17:30:00,4,91,50.2,50.2,150.60000000000002,301.20000000000005,12.0,-0.0999999999999996,12.06666666666667,12.1,0.25,170,2025-04-01 23:30:00,2025-04-01 23:30:00,11.9,6.0,-0.09999999999999964
NH17 Crossing Boko,Kamrup Metropolitan,25.9775,91.23416667,2025-04-01 17:45:00,4,91,50.2,50.2,150.60000000000002,301.20000000000005,12.0,0.0,12.03333333333334,12.1,0.25,170,2025-04-01 23:45:00,2025-04-01 23:45:00,11.9,6.0,-0.09999999999999964
NH17 Crossing Boko,Kamrup Metropolitan,25.9775,91.23416667,2025-04-01 18:00:00,4,91,50.2,50.2,150.60000000000002,301.20000000000005,12.0,0.0,12.0,12.1,0.25,170,2025-04-02 00:00:00,2025-04-02 00:00:00,11.9,6.0,-0.09999999999999964
NH17 Crossing Boko,Kamrup Metropolitan,25.9775,91.23416667,2025-04-01 18:15:00,4,91,50.2,50.2,150.60000000000002,301.20000000000005,12.0,0.0,12.0,12.1,0.25,170,2025-04-02 00:15:00,2025-04-02 00:15:00,11.9,6.0,-0.09999999999999964
NH17 Crossing Boko,Kamrup Metropolitan,25.9775,91.23416667,2025-04-01 18:30:00,4,91,50.2,50.2,150.60000000000002,301.20000000000005,12.0,0.0,12.0,12.1,0.25,170,2025-04-02 00:30:00,2025-04-02 00:30:00,11.9,6.0,-0.09999999999999964
NH17 Crossing Boko,Kamrup Metropolitan,25.9775,91.23416667,2025-04-01 18:45:00,4,91,50.2,50.2,150.60000000000002,301.20000000000005,12.0,0.0,12.0,12.0,0.25,170,2025-04-02 00:45:00,2025-04-02 00:45:00,11.9,6.0,-0.09999999999999964
NH17 Crossing Boko,Kamrup Metropolitan,25.9775,91.23416667,2025-04-01 19:00:00,4,91,50.2,50.2,150.60000000000002,301.20000000000005,12.0,0.0,12.0,12.0,0.25,170,2025-04-02 01:00:00,2025-04-02 01:00:00,11.9,6.0,-0.09999999999999964
NH17 Crossing Boko,Kamrup Metropolitan,25.9775,91.23416667,2025-04-01 19:15:00,4,91,50.2,50.2,150.60000000000002,301.20000000000005,12.0,0.0,12.0,12.0,0.25,170,2025-04-02 01:15:00,2025-04-02 01:15:00,11.9,6.0,-0.09999999999999964
NH17 Crossing Boko,Kamrup Metropolitan,25.9775,91.23416667,2025-04-01 19:30:00,4,91,50.2,50.2,150.60000000000002,301.20000000000005,11.9,-0.0999999999999996,11.96666666666667,12.0,0.25,170,2025-04-02 01:30:00,2025-04-02 01:30:00,11.9,6.0,0.0
NH17 Crossing Boko,Kamrup Metropolitan,25.9775,91.23416667,2025-04-01 19:45:00,4,91,50.2,50.2,150.60000000000002,301.20000000000005,11.9,0.0,11.933333333333335,12.0,0.25,170,2025-04-02 01:45:00,2025-04-02 01:45:00,11.9,6.0,0.0
NH17 Crossing Boko,Kamrup Metropolitan,25.9775,91.23416667,2025-04-01 20:15:00,4,91,50.2,50.2,150.60000000000002,301.20000000000005,12.0,0.0999999999999996,11.933333333333335,12.0,0.5,170,2025-04-02 02:15:00,2025-04-02 02:15:00,11.9,6.0,-0.09999999999999964
NH17 Crossing Boko,Kamrup Metropolitan,25.9775,91.23416667,2025-04-01 20:30:00,4,91,50.2,50.2,150.60000000000002,301.20000000000005,11.9,-0.0999999999999996,11.933333333333335,12.0,0.25,170,2025-04-02 02:30:00,2025-04-02 02:30:00,11.8,6.0,-0.09999999999999964
NH17 Crossing Boko,Kamrup Metropolitan,25.9775,91.23416667,2025-04-01 20:45:00,4,91,50.2,50.2,150.60000000000002,301.20000000000005,11.9,0.0,11.93333333333334,12.0,0.25,170,2025-04-02 02:45:00,2025-04-02 02:45:00,11.9,6.0,0.0
NH17 Crossing Boko,Kamrup Metropolitan,25.9775,91.23416667,2025-04-01 21:00:00,4,91,50.2,50.2,150.60000000000002,301.20000000000005,11.9,0.0,11.9,12.0,0.25,170,2025-04-02 03:00:00,2025-04-02 03:00:00,11.9,6.0,0.0
NH17 Crossing Boko,Kamrup Metropolitan,25.9775,91.23416667,2025-04-01 21:15:00,4,91,50.2,50.2,150.60000000000002,301.20000000000005,11.9,0.0,11.9,12.0,0.25,170,2025-04-02 03:15:00,2025-04-02 03:15:00,11.8,6.0,-0.09999999999999964
NH17 Crossing Boko,Kamrup Metropolitan,25.9775,91.23416667,2025-04-01 21:30:00,4,91,50.2,50.2,150.60000000000002,301.20000000000005,11.9,0.0,11.9,12.0,0.25,170,2025-04-02 03:30:00,2025-04-02 03:30:00,11.9,6.0,0.0
NH17 Crossing Boko,Kamrup Metropolitan,25.9775,91.23416667,2025-04-01 21:45:00,4,91,50.2,50.2,150.60000000000002,301.20000000000005,11.9,0.0,11.9,11.9,0.25,170,2025-04-02 03:45:00,2025-04-02 03:45:00,11.9,6.0,0.0
NH17 Crossing Boko,Kamrup Metropolitan,25.9775,91.23416667,2025-04-01 22:00:00,4,91,50.2,50.2,150.60000000000002,301.20000000000005,11.9,0.0,11.9,11.9,0.25,170,2025-04-02 04:00:00,2025-04-02 04:00:00,11.9,6.0,0.0
NH17 Crossing Boko,Kamrup Metropolitan,25.9775,91.23416667,2025-04-01 22:15:00,4,91,50.2,50.2,150.60000000000002,301.20000000000005,11.9,0.0,11.9,11.9,0.25,170,2025-04-02 04:15:00,2025-04-02 04:15:00,11.8,6.0,-0.09999999999999964
NH17 Crossing Boko,Kamrup Metropolitan,25.9775,91.23416667,2025-04-01 22:30:00,4,91,50.2,50.2,150.60000000000002,301.20000000000005,11.9,0.0,11.9,11.9,0.25,170,2025-04-02 04:30:00,2025-04-02 04:30:00,11.9,6.0,0.0
NH17 Crossing Boko,Kamrup Metropolitan,25.9775,91.23416667,2025-04-01 22:45:00,4,91,50.2,50.2,150.60000000000002,301.20000000000005,11.9,0.0,11.9,11.9,0.25,170,2025-04-02 04:45:00,2025-04-02 04:45:00,11.9,6.0,0.0
NH17 Crossing Boko,Kamrup Metropolitan,25.9775,91.23416667,2025-04-01 23:00:00,4,91,50.2,50.2,150.60000000000002,301.20000000000005,11.9,0.0,11.9,11.9,0.25,170,2025-04-02 05:00:00,2025-04-02 05:00:00,11.8,6.0,-0.09999999999999964
NH17 Crossing Boko,Kamrup Metropolitan,25.9775,91.23416667,2025-04-01 23:15:00,4,91,50.2,50.2,150.60000000000002,301.20000000000005,11.9,0.0,11.9,11.9,0.25,170,2025-04-02 05:15:00,2025-04-02 05:15:00,11.8,6.0,-0.09999999999999964
NH17 Crossing Boko,Kamrup Metropolitan,25.9775,91.23416667,2025-04-01 23:30:00,4,91,50.2,50.2,150.60000000000002,301.20000000000005,11.9,0.0,11.9,11.9,0.25,170,2025-04-02 05:30:00,2025-04-02 05:30:00,11.9,6.0,0.0
NH17 Crossing Boko,Kamrup Metropolitan,25.9775,91.23416667,2025-04-01 23:45:00,4,91,50.2,50.2,150.60000000000002,301.20000000000005,11.9,0.0,11.9,11.9,0.25,170,2025-04-02 05:45:00,2025-04-02 05:45:00,11.8,6.0,-0.09999999999999964
NH17 Crossing Boko,Kamrup Metropolitan,25.9775,91.23416667,2025-04-02 00:00:00,4,92,50.2,50.2,150.60000000000002,301.20000000000005,11.9,0.0,11.9,11.9,0.25,170,2025-04-02 06:00:00,2025-04-02 06:00:00,11.8,6.0,-0.09999999999999964
NH17 Crossing Boko,Kamrup Metropolitan,25.9775,91.23416667,2025-04-02 00:15:00,4,92,50.2,50.2,150.60000000000002,301.20000000000005,11.9,0.0,11.9,11.9,0.25,170,2025-04-02 06:15:00,2025-04-02 06:15:00,11.8,6.0,-0.09999999999999964
NH17 Crossing Boko,Kamrup Metropolitan,25.9775,91.23416667,2025-04-02 00:30:00,4,92,50.2,50.2,150.60000000000002,301.20000000000005,11.9,0.0,11.9,11.9,0.25,170,2025-04-02 06:30:00,2025-04-02 06:30:00,11.8,6.0,-0.09999999999999964
NH17 Crossing Boko,Kamrup Metropolitan,25.9775,91.23416667,2025-04-02 00:45:00,4,92,50.2,50.2,150.60000000000002,301.20000000000005,11.9,0.0,11.9,11.9,0.25,170,2025-04-02 06:45:00,2025-04-02 06:45:00,11.9,6.0,0.0
NH17 Crossing Boko,Kamrup Metropolitan,25.9775,91.23416667,2025-04-02 01:00:00,4,92,50.2,50.2,150.60000000000002,301.20000000000005,11.9,0.0,11.9,11.9,0.25,170,2025-04-02 07:00:00,2025-04-02 07:00:00,11.9,6.0,0.0
NH17 Crossing Boko,Kamrup Metropolitan,25.9775,91.23416667,2025-04-02 01:15:00,4,92,50.2,50.2,150.60000000000002,301.20000000000005,11.9,0.0,11.9,11.9,0.25,170,2025-04-02 07:15:00,2025-04-02 07:15:00,11.9,6.0,0.0
NH17 Crossing Boko,Kamrup Metropolitan,25.9775,91.23416667,2025-04-02 01:30:00,4,92,50.2,50.2,150.60000000000002,301.20000000000005,11.9,0.0,11.9,11.9,0.25,170,2025-04-02 07:30:00,2025-04-02 07:30:00,11.9,6.0,0.0
NH17 Crossing Boko,Kamrup Metropolitan,25.9775,91.23416667,2025-04-02 01:45:00,4,92,50.2,50.2,150.60000000000002,301.20000000000005,11.9,0.0,11.9,11.9,0.25,170,2025-04-02 07:45:00,2025-04-02 07:45:00,11.9,6.0,0.0
NH17 Crossing Boko,Kamrup Metropolitan,25.9775,91.23416667,2025-04-02 02:00:00,4,92,50.2,50.2,150.60000000000002,301.20000000000005,11.9,0.0,11.9,11.9,0.25,170,2025-04-02 08:00:00,2025-04-02 08:00:00,11.9,6.0,0.0
NH17 Crossing Boko,Kamrup Metropolitan,25.9775,91.23416667,2025-04-02 02:15:00,4,92,50.2,50.2,150.60000000000002,301.20000000000005,11.9,0.0,11.9,11.9,0.25,170,2025-04-02 08:15:00,2025-04-02 08:15:00,11.9,6.0,0.0
NH17 Crossing Boko,Kamrup Metropolitan,25.9775,91.23416667,2025-04-02 02:30:00,4,92,50.2,50.2,150.60000000000002,301.20000000000005,11.8,-0.0999999999999996,11.866666666666672,11.9,0.25,170,2025-04-02 08:30:00,2025-04-02 08:30:00,12.0,6.0,0.1999999999999993
NH17 Crossing Boko,Kamrup Metropolitan,25.9775,91.23416667,2025-04-02 02:45:00,4,92,50.2,50.2,150.60000000000002,301.20000000000005,11.9,0.0999999999999996,11.866666666666672,11.9,0.25,170,2025-04-02 08:45:00,2025-04-02 08:45:00,12.0,6.0,0.09999999999999964
NH17 Crossing Boko,Kamrup Metropolitan,25.9775,91.23416667,2025-04-02 03:00:00,4,92,50.2,50.2,150.60000000000002,301.20000000000005,11.9,0.0,11.866666666666672,11.9,0.25,170,2025-04-02 09:00:00,2025-04-02 09:00:00,12.0,6.0,0.09999999999999964
NH17 Crossing Boko,Kamrup Metropolitan,25.9775,91.23416667,2025-04-02 03:15:00,4,92,50.2,50.2,150.60000000000002,301.20000000000005,11.8,-0.0999999999999996,11.866666666666672,11.9,0.25,170,2025-04-02 09:15:00,2025-04-02 09:15:00,12.1,6.0,0.29999999999999893
NH17 Crossing Boko,Kamrup Metropolitan,25.9775,91.23416667,2025-04-02 03:30:00,4,92,50.2,50.2,150.60000000000002,301.20000000000005,11.9,0.0999999999999996,11.866666666666672,11.9,0.25,170,2025-04-02 09:30:00,2025-04-02 09:30:00,12.1,6.0,0.1999999999999993
NH17 Crossing Boko,Kamrup Metropolitan,25.9775,91.23416667,2025-04-02 03:45:00,4,92,50.2,50.2,150.60000000000002,301.20000000000005,11.9,0.0,11.866666666666672,11.9,0.25,170,2025-04-02 09:45:00,2025-04-02 09:45:00,12.1,6.0,0.1999999999999993
NH17 Crossing Boko,Kamrup Metropolitan,25.9775,91.23416667,2025-04-02 04:00:00,4,92,50.2,50.2,150.60000000000002,301.20000000000005,11.9,0.0,11.9,11.9,0.25,170,2025-04-02 10:00:00,2025-04-02 10:00:00,12.1,6.0,0.1999999999999993
NH17 Crossing Boko,Kamrup Metropolitan,25.9775,91.23416667,2025-04-02 04:15:00,4,92,50.2,50.2,150.60000000000002,301.20000000000005,11.8,-0.0999999999999996,11.866666666666672,11.9,0.25,170,2025-04-02 10:15:00,2025-04-02 10:15:00,12.1,6.0,0.29999999999999893
NH17 Crossing Boko,Kamrup Metropolitan,25.9775,91.23416667,2025-04-02 04:30:00,4,92,50.2,50.2,150.60000000000002,301.20000000000005,11.9,0.0999999999999996,11.866666666666672,11.9,0.25,170,2025-04-02 10:30:00,2025-04-02 10:30:00,12.1,6.0,0.1999999999999993
NH17 Crossing Boko,Kamrup Metropolitan,25.9775,91.23416667,2025-04-02 04:45:00,4,92,50.2,50.2,150.60000000000002,301.20000000000005,11.9,0.0,11.866666666666672,11.9,0.25,170,2025-04-02 10:45:00,2025-04-02 10:45:00,12.1,6.0,0.1999999999999993
NH17 Crossing Boko,Kamrup Metropolitan,25.9775,91.23416667,2025-04-02 05:00:00,4,92,50.2,50.2,150.60000000000002,301.20000000000005,11.8,-0.0999999999999996,11.866666666666672,11.9,0.25,170,2025-04-02 11:00:00,2025-04-02 11:00:00,12.1,6.0,0.29999999999999893
NH17 Crossing Boko,Kamrup Metropolitan,25.9775,91.23416667,2025-04-02 05:15:00,4,92,50.2,50.2,150.60000000000002,301.20000000000005,11.8,0.0,11.833333333333336,11.9,0.25,170,2025-04-02 11:15:00,2025-04-02 11:15:00,12.1,6.0,0.29999999999999893
NH17 Crossing Boko,Kamrup Metropolitan,25.9775,91.23416667,2025-04-02 05:30:00,4,92,50.2,50.2,150.60000000000002,301.20000000000005,11.9,0.0999999999999996,11.833333333333336,11.9,0.25,170,2025-04-02 11:30:00,2025-04-02 11:30:00,12.2,6.0,0.29999999999999893
NH17 Crossing Boko,Kamrup Metropolitan,25.9775,91.23416667,2025-04-02 05:45:00,4,92,50.2,50.2,150.60000000000002,301.20000000000005,11.8,-0.0999999999999996,11.833333333333336,11.9,0.25,170,2025-04-02 11:45:00,2025-04-02 11:45:00,12.2,6.0,0.3999999999999986
NH17 Crossing Boko,Kamrup Metropolitan,25.9775,91.23416667,2025-04-02 06:00:00,4,92,50.2,50.2,150.60000000000002,301.20000000000005,11.8,0.0,11.833333333333336,11.9,0.25,170,2025-04-02 12:00:00,2025-04-02 12:00:00,12.1,6.0,0.29999999999999893
NH17 Crossing Boko,Kamrup Metropolitan,25.9775,91.23416667,2025-04-02 06:15:00,4,92,50.2,50.2,150.60000000000002,301.20000000000005,11.8,0.0,11.8,11.9,0.25,170,2025-04-02 12:15:00,2025-04-02 12:15:00,12.2,6.0,0.3999999999999986
NH17 Crossing Boko,Kamrup Metropolitan,25.9775,91.23416667,2025-04-02 06:30:00,4,92,50.2,50.2,150.60000000000002,301.20000000000005,11.8,0.0,11.8,11.9,0.25,170,2025-04-02 12:30:00,2025-04-02 12:30:00,12.2,6.0,0.3999999999999986
NH17 Crossing Boko,Kamrup Metropolitan,25.9775,91.23416667,2025-04-02 06:45:00,4,92,50.2,50.2,150.60000000000002,301.20000000000005,11.9,0.0999999999999996,11.833333333333336,11.9,0.25,170,2025-04-02 12:45:00,2025-04-02 12:45:00,12.2,6.0,0.29999999999999893
NH17 Crossing Boko,Kamrup Metropolitan,25.9775,91.23416667,2025-04-02 07:00:00,4,92,50.2,50.2,150.60000000000002,301.20000000000005,11.9,0.0,11.866666666666672,11.9,0.25,170,2025-04-02 13:00:00,2025-04-02 13:00:00,12.2,6.0,0.29999999999999893
NH17 Crossing Boko,Kamrup Metropolitan,25.9775,91.23416667,2025-04-02 07:15:00,4,92,50.2,50.2,150.60000000000002,301.20000000000005,11.9,0.0,11.9,11.9,0.25,170,2025-04-02 13:15:00,2025-04-02 13:15:00,12.2,6.0,0.29999999999999893
NH17 Crossing Boko,Kamrup Metropolitan,25.9775,91.23416667,2025-04-02 07:30:00,4,92,50.2,50.2,150.60000000000002,301.20000000000005,11.9,0.0,11.9,11.9,0.25,170,2025-04-02 13:30:00,2025-04-02 13:30:00,12.2,6.0,0.29999999999999893
NH17 Crossing Boko,Kamrup Metropolitan,25.9775,91.23416667,2025-04-02 07:45:00,4,92,50.2,50.2,150.60000000000002,301.20000000000005,11.9,0.0,11.9,11.9,0.25,170,2025-04-02 13:45:00,2025-04-02 13:45:00,12.3,6.0,0.40000000000000036
NH17 Crossing Boko,Kamrup Metropolitan,25.9775,91.23416667,2025-04-02 08:00:00,4,92,50.2,50.2,150.60000000000002,301.20000000000005,11.9,0.0,11.9,11.9,0.25,170,2025-04-02 14:00:00,2025-04-02 14:00:00,12.4,6.0,0.5
NH17 Crossing Boko,Kamrup Metropolitan,25.9775,91.23416667,2025-04-02 08:15:00,4,92,50.2,50.2,150.60000000000002,301.20000000000005,11.9,0.0,11.9,11.9,0.25,170,2025-04-02 14:15:00,2025-04-02 14:15:00,12.3,6.0,0.40000000000000036
NH17 Crossing Boko,Kamrup Metropolitan,25.9775,91.23416667,2025-04-02 08:30:00,4,92,50.2,50.2,150.60000000000002,301.20000000000005,12.0,0.0999999999999996,11.933333333333335,12.0,0.25,170,2025-04-02 14:30:00,2025-04-02 14:30:00,12.2,6.0,0.1999999999999993
NH17 Crossing Boko,Kamrup Metropolitan,25.9775,91.23416667,2025-04-02 08:45:00,4,92,50.2,50.2,150.60000000000002,301.20000000000005,12.0,0.0,11.966666666666674,12.0,0.25,170,2025-04-02 14:45:00,2025-04-02 14:45:00,12.2,6.0,0.1999999999999993
NH17 Crossing Boko,Kamrup Metropolitan,25.9775,91.23416667,2025-04-02 09:00:00,4,92,50.2,50.2,150.60000000000002,301.20000000000005,12.0,0.0,12.0,12.0,0.25,170,2025-04-02 15:00:00,2025-04-02 15:00:00,12.2,6.0,0.1999999999999993
NH17 Crossing Boko,Kamrup Metropolitan,25.9775,91.23416667,2025-04-02 09:15:00,4,92,50.2,50.2,150.60000000000002,301.20000000000005,12.1,0.0999999999999996,12.03333333333334,12.1,0.25,170,2025-04-02 15:15:00,2025-04-02 15:15:00,12.2,6.0,0.09999999999999964
NH17 Crossing Boko,Kamrup Metropolitan,25.9775,91.23416667,2025-04-02 09:30:00,4,92,50.2,50.2,150.60000000000002,301.20000000000005,12.1,0.0,12.066666666666672,12.1,0.25,170,2025-04-02 15:30:00,2025-04-02 15:30:00,12.1,6.0,0.0
NH17 Crossing Boko,Kamrup Metropolitan,25.9775,91.23416667,2025-04-02 09:45:00,4,92,50.2,50.2,150.60000000000002,301.20000000000005,12.1,0.0,12.1,12.1,0.25,170,2025-04-02 15:45:00,2025-04-02 15:45:00,12.1,6.0,0.0
NH17 Crossing Boko,Kamrup Metropolitan,25.9775,91.23416667,2025-04-02 10:00:00,4,92,50.2,50.2,150.60000000000002,301.20000000000005,12.1,0.0,12.1,12.1,0.25,170,2025-04-02 16:00:00,2025-04-02 16:00:00,12.1,6.0,0.0
NH17 Crossing Boko,Kamrup Metropolitan,25.9775,91.23416667,2025-04-02 10:15:00,4,92,50.2,50.2,150.60000000000002,301.20000000000005,12.1,0.0,12.1,12.1,0.25,170,2025-04-02 16:15:00,2025-04-02 16:15:00,12.1,6.0,0.0
NH17 Crossing Boko,Kamrup Metropolitan,25.9775,91.23416667,2025-04-02 10:30:00,4,92,50.2,50.2,150.60000000000002,301.20000000000005,12.1,0.0,12.1,12.1,0.25,170,2025-04-02 16:30:00,2025-04-02 16:30:00,12.1,6.0,0.0
NH17 Crossing Boko,Kamrup Metropolitan,25.9775,91.23416667,2025-04-02 10:45:00,4,92,50.2,50.2,150.60000000000002,301.20000000000005,12.1,0.0,12.1,12.1,0.25,170,2025-04-02 16:45:00,2025-04-02 16:45:00,12.0,6.0,-0.09999999999999964
NH17 Crossing Boko,Kamrup Metropolitan,25.9775,91.23416667,2025-04-02 11:00:00,4,92,50.2,50.2,150.60000000000002,301.20000000000005,12.1,0.0,12.1,12.1,0.25,170,2025-04-02 17:00:00,2025-04-02 17:00:00,11.9,6.0,-0.1999999999999993
NH17 Crossing Boko,Kamrup Metropolitan,25.9775,91.23416667,2025-04-02 11:15:00,4,92,50.2,50.2,150.60000000000002,301.20000000000005,12.1,0.0,12.1,12.1,0.25,170,2025-04-02 17:15:00,2025-04-02 17:15:00,11.9,6.0,-0.1999999999999993
NH17 Crossing Boko,Kamrup Metropolitan,25.9775,91.23416667,2025-04-02 11:30:00,4,92,50.2,50.2,150.60000000000002,301.20000000000005,12.2,0.0999999999999996,12.133333333333338,12.2,0.25,170,2025-04-02 17:30:00,2025-04-02 17:30:00,11.9,6.0,-0.29999999999999893
NH17 Crossing Boko,Kamrup Metropolitan,25.9775,91.23416667,2025-04-02 11:45:00,4,92,50.2,50.2,150.60000000000002,301.20000000000005,12.2,0.0,12.166666666666671,12.2,0.25,170,2025-04-02 17:45:00,2025-04-02 17:45:00,11.9,6.0,-0.29999999999999893
NH17 Crossing Boko,Kamrup Metropolitan,25.9775,91.23416667,2025-04-02 12:00:00,4,92,50.2,50.2,150.60000000000002,301.20000000000005,12.1,-0.0999999999999996,12.166666666666671,12.2,0.25,170,2025-04-02 18:00:00,2025-04-02 18:00:00,11.9,6.0,-0.1999999999999993
NH17 Crossing Boko,Kamrup Metropolitan,25.9775,91.23416667,2025-04-02 12:15:00,4,92,50.2,50.2,150.60000000000002,301.20000000000005,12.2,0.0999999999999996,12.166666666666671,12.2,0.25,170,2025-04-02 18:15:00,2025-04-02 18:15:00,11.9,6.0,-0.29999999999999893
NH17 Crossing Boko,Kamrup Metropolitan,25.9775,91.23416667,2025-04-02 12:30:00,4,92,50.2,50.2,150.60000000000002,301.20000000000005,12.2,0.0,12.166666666666671,12.2,0.25,170,2025-04-02 18:30:00,2025-04-02 18:30:00,11.8,6.0,-0.3999999999999986
NH17 Crossing Boko,Kamrup Metropolitan,25.9775,91.23416667,2025-04-02 12:45:00,4,92,50.2,50.2,150.60000000000002,301.20000000000005,12.2,0.0,12.2,12.2,0.25,170,2025-04-02 18:45:00,2025-04-02 18:45:00,11.9,6.0,-0.29999999999999893
NH17 Crossing Boko,Kamrup Metropolitan,25.9775,91.23416667,2025-04-02 13:00:00,4,92,50.2,50.2,150.60000000000002,301.20000000000005,12.2,0.0,12.2,12.2,0.25,170,2025-04-02 19:00:00,2025-04-02 19:00:00,11.9,6.0,-0.29999999999999893
NH17 Crossing Boko,Kamrup Metropolitan,25.9775,91.23416667,2025-04-02 13:15:00,4,92,50.2,50.2,150.60000000000002,301.20000000000005,12.2,0.0,12.2,12.2,0.25,170,2025-04-02 19:15:00,2025-04-02 19:15:00,11.8,6.0,-0.3999999999999986
NH17 Crossing Boko,Kamrup Metropolitan,25.9775,91.23416667,2025-04-02 13:30:00,4,92,50.2,50.2,150.60000000000002,301.20000000000005,12.2,0.0,12.2,12.2,0.25,170,2025-04-02 19:30:00,2025-04-02 19:30:00,11.9,6.0,-0.29999999999999893
NH17 Crossing Boko,Kamrup Metropolitan,25.9775,91.23416667,2025-04-02 13:45:00,4,92,50.2,50.2,150.60000000000002,301.20000000000005,12.3,0.1000000000000014,12.23333333333334,12.3,0.25,170,2025-04-02 19:45:00,2025-04-02 19:45:00,11.9,6.0,-0.40000000000000036
NH17 Crossing Boko,Kamrup Metropolitan,25.9775,91.23416667,2025-04-02 14:00:00,4,92,50.2,50.2,150.60000000000002,301.20000000000005,12.4,0.0999999999999996,12.300000000000004,12.4,0.25,170,2025-04-02 20:00:00,2025-04-02 20:00:00,11.8,6.0,-0.5999999999999996
NH17 Crossing Boko,Kamrup Metropolitan,25.9775,91.23416667,2025-04-02 14:15:00,4,92,50.2,50.2,150.60000000000002,301.20000000000005,12.3,-0.0999999999999996,12.333333333333336,12.4,0.25,170,2025-04-02 20:15:00,2025-04-02 20:00:00,11.8,5.75,-0.5
NH17 Crossing Boko,Kamrup Metropolitan,25.9775,91.23416667,2025-04-02 14:30:00,4,92,50.2,50.2,150.60000000000002,301.20000000000005,12.2,-0.1000000000000014,12.300000000000004,12.4,0.25,170,2025-04-02 20:30:00,2025-04-02 20:30:00,11.8,6.0,-0.3999999999999986
NH17 Crossing Boko,Kamrup Metropolitan,25.9775,91.23416667,2025-04-02 14:45:00,4,92,50.2,50.2,150.60000000000002,301.20000000000005,12.2,0.0,12.23333333333334,12.4,0.25,170,2025-04-02 20:45:00,2025-04-02 20:45:00,11.8,6.0,-0.3999999999999986
NH17 Crossing Boko,Kamrup Metropolitan,25.9775,91.23416667,2025-04-02 15:00:00,4,92,50.2,50.2,150.60000000000002,301.20000000000005,12.2,0.0,12.2,12.4,0.25,170,2025-04-02 21:00:00,2025-04-02 21:00:00,11.8,6.0,-0.3999999999999986
NH17 Crossing Boko,Kamrup Metropolitan,25.9775,91.23416667,2025-04-02 15:15:00,4,92,50.2,50.2,150.60000000000002,301.20000000000005,12.2,0.0,12.2,12.4,0.25,170,2025-04-02 21:15:00,2025-04-02 21:15:00,11.8,6.0,-0.3999999999999986
NH17 Crossing Boko,Kamrup Metropolitan,25.9775,91.23416667,2025-04-02 15:30:00,4,92,50.2,50.2,150.60000000000002,301.20000000000005,12.1,-0.0999999999999996,12.166666666666671,12.3,0.25,170,2025-04-02 21:30:00,2025-04-02 21:30:00,11.8,6.0,-0.29999999999999893
NH17 Crossing Boko,Kamrup Metropolitan,25.9775,91.23416667,2025-04-02 15:45:00,4,92,50.2,50.2,150.60000000000002,301.20000000000005,12.1,0.0,12.133333333333338,12.2,0.25,170,2025-04-02 21:45:00,2025-04-02 21:45:00,11.8,6.0,-0.29999999999999893
NH17 Crossing Boko,Kamrup Metropolitan,25.9775,91.23416667,2025-04-02 16:00:00,4,92,50.2,50.2,150.60000000000002,301.20000000000005,12.1,0.0,12.1,12.2,0.25,170,2025-04-02 22:00:00,2025-04-02 22:00:00,11.8,6.0,-0.29999999999999893
NH17 Crossing Boko,Kamrup Metropolitan,25.9775,91.23416667,2025-04-02 16:15:00,4,92,50.2,50.2,150.60000000000002,301.20000000000005,12.1,0.0,12.1,12.2,0.25,170,2025-04-02 22:15:00,2025-04-02 22:15:00,11.8,6.0,-0.29999999999999893
NH17 Crossing Boko,Kamrup Metropolitan,25.9775,91.23416667,2025-04-02 16:30:00,4,92,50.2,50.2,150.60000000000002,301.20000000000005,12.1,0.0,12.1,12.2,0.25,170,2025-04-02 22:30:00,2025-04-02 22:30:00,11.8,6.0,-0.29999999999999893
NH17 Crossing Boko,Kamrup Metropolitan,25.9775,91.23416667,2025-04-02 16:45:00,4,92,50.2,50.2,150.60000000000002,301.20000000000005,12.0,-0.0999999999999996,12.066666666666672,12.1,0.25,170,2025-04-02 22:45:00,2025-04-02 22:45:00,11.8,6.0,-0.1999999999999993
NH17 Crossing Boko,Kamrup Metropolitan,25.9775,91.23416667,2025-04-02 17:00:00,4,92,50.2,50.2,150.60000000000002,301.20000000000005,11.9,-0.0999999999999996,12.000000000000004,12.1,0.25,170,2025-04-02 23:00:00,2025-04-02 23:00:00,11.8,6.0,-0.09999999999999964
NH17 Crossing Boko,Kamrup Metropolitan,25.9775,91.23416667,2025-04-02 17:15:00,4,92,50.2,50.2,150.60000000000002,301.20000000000005,11.9,0.0,11.933333333333335,12.1,0.25,170,2025-04-02 23:15:00,2025-04-02 23:15:00,11.8,6.0,-0.09999999999999964
NH17 Crossing Boko,Kamrup Metropolitan,25.9775,91.23416667,2025-04-02 17:30:00,4,92,50.2,50.2,150.60000000000002,301.20000000000005,11.9,0.0,11.9,12.1,0.25,170,2025-04-02 23:30:00,2025-04-02 23:30:00,11.8,6.0,-0.09999999999999964
NH17 Crossing Boko,Kamrup Metropolitan,25.9775,91.23416667,2025-04-02 17:45:00,4,92,50.2,50.2,150.60000000000002,301.20000000000005,11.9,0.0,11.9,12.1,0.25,170,2025-04-02 23:45:00,2025-04-02 23:45:00,11.8,6.0,-0.09999999999999964
NH17 Crossing Boko,Kamrup Metropolitan,25.9775,91.23416667,2025-04-02 18:00:00,4,92,50.2,50.2,150.60000000000002,301.20000000000005,11.9,0.0,11.9,12.0,0.25,170,2025-04-03 00:00:00,2025-04-03 00:00:00,11.8,6.0,-0.09999999999999964
NH17 Crossing Boko,Kamrup Metropolitan,25.9775,91.23416667,2025-04-02 18:15:00,4,92,50.2,50.2,150.60000000000002,301.20000000000005,11.9,0.0,11.9,11.9,0.25,170,2025-04-03 00:15:00,2025-04-03 00:15:00,11.8,6.0,-0.09999999999999964
NH17 Crossing Boko,Kamrup Metropolitan,25.9775,91.23416667,2025-04-02 18:30:00,4,92,50.2,50.2,150.60000000000002,301.20000000000005,11.8,-0.0999999999999996,11.866666666666672,11.9,0.25,170,2025-04-03 00:30:00,2025-04-03 00:30:00,11.8,6.0,0.0
NH17 Crossing Boko,Kamrup Metropolitan,25.9775,91.23416667,2025-04-02 18:45:00,4,92,50.2,50.2,150.60000000000002,301.20000000000005,11.9,0.0999999999999996,11.866666666666672,11.9,0.25,170,2025-04-03 00:45:00,2025-04-03 00:45:00,11.8,6.0,-0.09999999999999964
NH17 Crossing Boko,Kamrup Metropolitan,25.9775,91.23416667,2025-04-02 19:00:00,4,92,50.2,50.2,150.60000000000002,301.20000000000005,11.9,0.0,11.866666666666672,11.9,0.25,170,2025-04-03 01:00:00,2025-04-03 01:00:00,11.8,6.0,-0.09999999999999964
NH17 Crossing Boko,Kamrup Metropolitan,25.9775,91.23416667,2025-04-02 19:15:00,4,92,50.2,50.2,150.60000000000002,301.20000000000005,11.8,-0.0999999999999996,11.866666666666672,11.9,0.25,170,2025-04-03 01:15:00,2025-04-03 01:15:00,11.8,6.0,0.0
NH17 Crossing Boko,Kamrup Metropolitan,25.9775,91.23416667,2025-04-02 19:30:00,4,92,50.2,50.2,150.60000000000002,301.20000000000005,11.9,0.0999999999999996,11.866666666666672,11.9,0.25,170,2025-04-03 01:30:00,2025-04-03 01:30:00,11.8,6.0,-0.09999999999999964
NH17 Crossing Boko,Kamrup Metropolitan,25.9775,91.23416667,2025-04-02 19:45:00,4,92,50.2,50.2,150.60000000000002,301.20000000000005,11.9,0.0,11.866666666666672,11.9,0.25,170,2025-04-03 01:45:00,2025-04-03 01:45:00,11.8,6.0,-0.09999999999999964
NH17 Crossing Boko,Kamrup Metropolitan,25.9775,91.23416667,2025-04-02 20:00:00,4,92,50.2,50.2,150.60000000000002,301.20000000000005,11.8,-0.0999999999999996,11.866666666666672,11.9,0.25,170,2025-04-03 02:00:00,2025-04-03 02:00:00,11.8,6.0,0.0
NH17 Crossing Boko,Kamrup Metropolitan,25.9775,91.23416667,2025-04-02 20:30:00,4,92,50.2,50.2,150.60000000000002,301.20000000000005,11.8,0.0,11.833333333333336,11.9,0.5,170,2025-04-03 02:30:00,2025-04-03 02:30:00,11.8,6.0,0.0
NH17 Crossing Boko,Kamrup Metropolitan,25.9775,91.23416667,2025-04-02 20:45:00,4,92,50.2,50.2,150.60000000000002,301.20000000000005,11.8,0.0,11.8,11.9,0.25,170,2025-04-03 02:45:00,2025-04-03 02:45:00,11.8,6.0,0.0
NH17 Crossing Boko,Kamrup Metropolitan,25.9775,91.23416667,2025-04-02 21:00:00,4,92,50.2,50.2,150.60000000000002,301.20000000000005,11.8,0.0,11.8,11.9,0.25,170,2025-04-03 03:00:00,2025-04-03 03:00:00,11.8,6.0,0.0
NH17 Crossing Boko,Kamrup Metropolitan,25.9775,91.23416667,2025-04-02 21:15:00,4,92,50.2,50.2,150.60000000000002,301.20000000000005,11.8,0.0,11.8,11.9,0.25,170,2025-04-03 03:15:00,2025-04-03 03:15:00,11.8,6.0,0.0
NH17 Crossing Boko,Kamrup Metropolitan,25.9775,91.23416667,2025-04-02 21:30:00,4,92,50.2,50.2,150.60000000000002,301.20000000000005,11.8,0.0,11.8,11.8,0.25,170,2025-04-03 03:30:00,2025-04-03 03:30:00,11.8,6.0,0.0
NH17 Crossing Boko,Kamrup Metropolitan,25.9775,91.23416667,2025-04-02 21:45:00,4,92,50.2,50.2,150.60000000000002,301.20000000000005,11.8,0.0,11.8,11.8,0.25,170,2025-04-03 03:45:00,2025-04-03 03:45:00,11.8,6.0,0.0
NH17 Crossing Boko,Kamrup Metropolitan,25.9775,91.23416667,2025-04-02 22:00:00,4,92,50.2,50.2,150.60000000000002,301.20000000000005,11.8,0.0,11.8,11.8,0.25,170,2025-04-03 04:00:00,2025-04-03 04:00:00,11.8,6.0,0.0
NH17 Crossing Boko,Kamrup Metropolitan,25.9775,91.23416667,2025-04-02 22:15:00,4,92,50.2,50.2,150.60000000000002,301.20000000000005,11.8,0.0,11.8,11.8,0.25,170,2025-04-03 04:15:00,2025-04-03 04:15:00,11.8,6.0,0.0
NH17 Crossing Boko,Kamrup Metropolitan,25.9775,91.23416667,2025-04-02 22:30:00,4,92,50.2,50.2,150.60000000000002,301.20000000000005,11.8,0.0,11.8,11.8,0.25,170,2025-04-03 04:30:00,2025-04-03 04:30:00,11.8,6.0,0.0
NH17 Crossing Boko,Kamrup Metropolitan,25.9775,91.23416667,2025-04-02 22:45:00,4,92,50.2,50.2,150.60000000000002,301.20000000000005,11.8,0.0,11.8,11.8,0.25,170,2025-04-03 04:45:00,2025-04-03 04:45:00,11.8,6.0,0.0
NH17 Crossing Boko,Kamrup Metropolitan,25.9775,91.23416667,2025-04-02 23:00:00,4,92,50.2,50.2,150.60000000000002,301.20000000000005,11.8,0.0,11.8,11.8,0.25,170,2025-04-03 05:00:00,2025-04-03 05:00:00,11.8,6.0,0.0
NH17 Crossing Boko,Kamrup Metropolitan,25.9775,91.23416667,2025-04-02 23:15:00,4,92,50.2,50.2,150.60000000000002,301.20000000000005,11.8,0.0,11.8,11.8,0.25,170,2025-04-03 05:15:00,2025-04-03 05:15:00,11.8,6.0,0.0
NH17 Crossing Boko,Kamrup Metropolitan,25.9775,91.23416667,2025-04-02 23:30:00,4,92,50.2,50.2,150.60000000000002,301.20000000000005,11.8,0.0,11.8,11.8,0.25,170,2025-04-03 05:30:00,2025-04-03 05:30:00,11.8,6.0,0.0
NH17 Crossing Boko,Kamrup Metropolitan,25.9775,91.23416667,2025-04-02 23:45:00,4,92,50.2,50.2,150.60000000000002,301.20000000000005,11.8,0.0,11.8,11.8,0.25,170,2025-04-03 05:45:00,2025-04-03 05:45:00,11.8,6.0,0.0
NH17 Crossing Boko,Kamrup Metropolitan,25.9775,91.23416667,2025-04-03 00:00:00,4,93,50.2,50.2,150.60000000000002,301.20000000000005,11.8,0.0,11.8,11.8,0.25,170,2025-04-03 06:00:00,2025-04-03 06:00:00,11.8,6.0,0.0
NH17 Crossing Boko,Kamrup Metropolitan,25.9775,91.23416667,2025-04-03 00:15:00,4,93,50.2,50.2,150.60000000000002,301.20000000000005,11.8,0.0,11.8,11.8,0.25,170,2025-04-03 06:15:00,2025-04-03 06:15:00,11.8,6.0,0.0
NH17 Crossing Boko,Kamrup Metropolitan,25.9775,91.23416667,2025-04-03 00:30:00,4,93,50.2,50.2,150.60000000000002,301.20000000000005,11.8,0.0,11.8,11.8,0.25,170,2025-04-03 06:30:00,2025-04-03 06:30:00,11.8,6.0,0.0
NH17 Crossing Boko,Kamrup Metropolitan,25.9775,91.23416667,2025-04-03 00:45:00,4,93,50.2,50.2,150.60000000000002,301.20000000000005,11.8,0.0,11.8,11.8,0.25,170,2025-04-03 06:45:00,2025-04-03 06:45:00,11.8,6.0,0.0
NH17 Crossing Boko,Kamrup Metropolitan,25.9775,91.23416667,2025-04-03 01:00:00,4,93,50.2,50.2,150.60000000000002,301.20000000000005,11.8,0.0,11.8,11.8,0.25,170,2025-04-03 07:00:00,2025-04-03 07:00:00,11.8,6.0,0.0
NH17 Crossing Boko,Kamrup Metropolitan,25.9775,91.23416667,2025-04-03 01:15:00,4,93,50.2,50.2,150.60000000000002,301.20000000000005,11.8,0.0,11.8,11.8,0.25,170,2025-04-03 07:15:00,2025-04-03 07:15:00,11.8,6.0,0.0
NH17 Crossing Boko,Kamrup Metropolitan,25.9775,91.23416667,2025-04-03 01:30:00,4,93,50.2,50.2,150.60000000000002,301.20000000000005,11.8,0.0,11.8,11.8,0.25,170,2025-04-03 07:30:00,2025-04-03 07:30:00,11.8,6.0,0.0
NH17 Crossing Boko,Kamrup Metropolitan,25.9775,91.23416667,2025-04-03 01:45:00,4,93,50.2,50.2,150.60000000000002,301.20000000000005,11.8,0.0,11.8,11.8,0.25,170,2025-04-03 07:45:00,2025-04-03 07:45:00,11.8,6.0,0.0
NH17 Crossing Boko,Kamrup Metropolitan,25.9775,91.23416667,2025-04-03 02:00:00,4,93,50.2,50.2,150.60000000000002,301.20000000000005,11.8,0.0,11.8,11.8,0.25,170,2025-04-03 08:00:00,2025-04-03 08:00:00,11.8,6.0,0.0
NH17 Crossing Boko,Kamrup Metropolitan,25.9775,91.23416667,2025-04-03 02:15:00,4,93,50.2,50.2,150.60000000000002,301.20000000000005,11.8,0.0,11.8,11.8,0.25,170,2025-04-03 08:15:00,2025-04-03 08:15:00,11.8,6.0,0.0
NH17 Crossing Boko,Kamrup Metropolitan,25.9775,91.23416667,2025-04-03 02:30:00,4,93,50.2,50.2,150.60000000000002,301.20000000000005,11.8,0.0,11.8,11.8,0.25,170,2025-04-03 08:30:00,2025-04-03 08:30:00,11.9,6.0,0.09999999999999964
NH17 Crossing Boko,Kamrup Metropolitan,25.9775,91.23416667,2025-04-03 02:45:00,4,93,50.2,50.2,150.60000000000002,301.20000000000005,11.8,0.0,11.8,11.8,0.25,170,2025-04-03 08:45:00,2025-04-03 08:45:00,11.9,6.0,0.09999999999999964
NH17 Crossing Boko,Kamrup Metropolitan,25.9775,91.23416667,2025-04-03 03:00:00,4,93,50.2,50.2,150.60000000000002,301.20000000000005,11.8,0.0,11.8,11.8,0.25,170,2025-04-03 09:00:00,2025-04-03 09:00:00,11.9,6.0,0.09999999999999964
NH17 Crossing Boko,Kamrup Metropolitan,25.9775,91.23416667,2025-04-03 03:15:00,4,93,50.2,50.2,150.60000000000002,301.20000000000005,11.8,0.0,11.8,11.8,0.25,170,2025-04-03 09:15:00,2025-04-03 09:15:00,11.9,6.0,0.09999999999999964
NH17 Crossing Boko,Kamrup Metropolitan,25.9775,91.23416667,2025-04-03 03:30:00,4,93,50.2,50.2,150.60000000000002,301.20000000000005,11.8,0.0,11.8,11.8,0.25,170,2025-04-03 09:30:00,2025-04-03 09:30:00,12.0,6.0,0.1999999999999993
NH17 Crossing Boko,Kamrup Metropolitan,25.9775,91.23416667,2025-04-03 03:45:00,4,93,50.2,50.2,150.60000000000002,301.20000000000005,11.8,0.0,11.8,11.8,0.25,170,2025-04-03 09:45:00,2025-04-03 09:45:00,12.0,6.0,0.1999999999999993
NH17 Crossing Boko,Kamrup Metropolitan,25.9775,91.23416667,2025-04-03 04:00:00,4,93,50.2,50.2,150.60000000000002,301.20000000000005,11.8,0.0,11.8,11.8,0.25,170,2025-04-03 10:00:00,2025-04-03 10:00:00,12.0,6.0,0.1999999999999993
NH17 Crossing Boko,Kamrup Metropolitan,25.9775,91.23416667,2025-04-03 04:15:00,4,93,50.2,50.2,150.60000000000002,301.20000000000005,11.8,0.0,11.8,11.8,0.25,170,2025-04-03 10:15:00,2025-04-03 10:15:00,12.0,6.0,0.1999999999999993
NH17 Crossing Boko,Kamrup Metropolitan,25.9775,91.23416667,2025-04-03 04:30:00,4,93,50.2,50.2,150.60000000000002,301.20000000000005,11.8,0.0,11.8,11.8,0.25,170,2025-04-03 10:30:00,2025-04-03 10:30:00,12.0,6.0,0.1999999999999993
NH17 Crossing Boko,Kamrup Metropolitan,25.9775,91.23416667,2025-04-03 04:45:00,4,93,50.2,50.2,150.60000000000002,301.20000000000005,11.8,0.0,11.8,11.8,0.25,170,2025-04-03 10:45:00,2025-04-03 10:45:00,12.0,6.0,0.1999999999999993
NH17 Crossing Boko,Kamrup Metropolitan,25.9775,91.23416667,2025-04-03 05:00:00,4,93,50.2,50.2,150.60000000000002,301.20000000000005,11.8,0.0,11.8,11.8,0.25,170,2025-04-03 11:00:00,2025-04-03 11:00:00,12.0,6.0,0.1999999999999993
NH17 Crossing Boko,Kamrup Metropolitan,25.9775,91.23416667,2025-04-03 05:15:00,4,93,50.2,50.2,150.60000000000002,301.20000000000005,11.8,0.0,11.8,11.8,0.25,170,2025-04-03 11:15:00,2025-04-03 11:15:00,12.0,6.0,0.1999999999999993
NH17 Crossing Boko,Kamrup Metropolitan,25.9775,91.23416667,2025-04-03 05:30:00,4,93,50.2,50.2,150.60000000000002,301.20000000000005,11.8,0.0,11.8,11.8,0.25,170,2025-04-03 11:30:00,2025-04-03 11:30:00,12.0,6.0,0.1999999999999993
NH17 Crossing Boko,Kamrup Metropolitan,25.9775,91.23416667,2025-04-03 05:45:00,4,93,50.2,50.2,150.60000000000002,301.20000000000005,11.8,0.0,11.8,11.8,0.25,170,2025-04-03 11:45:00,2025-04-03 11:45:00,12.0,6.0,0.1999999999999993
NH17 Crossing Boko,Kamrup Metropolitan,25.9775,91.23416667,2025-04-03 06:00:00,4,93,50.2,50.2,150.60000000000002,301.20000000000005,11.8,0.0,11.8,11.8,0.25,170,2025-04-03 12:00:00,2025-04-03 12:00:00,12.1,6.0,0.29999999999999893
NH17 Crossing Boko,Kamrup Metropolitan,25.9775,91.23416667,2025-04-03 06:15:00,4,93,50.2,50.2,150.60000000000002,301.20000000000005,11.8,0.0,11.8,11.8,0.25,170,2025-04-03 12:15:00,2025-04-03 12:15:00,12.1,6.0,0.29999999999999893
NH17 Crossing Boko,Kamrup Metropolitan,25.9775,91.23416667,2025-04-03 06:30:00,4,93,50.2,50.2,150.60000000000002,301.20000000000005,11.8,0.0,11.8,11.8,0.25,170,2025-04-03 12:30:00,2025-04-03 12:30:00,12.1,6.0,0.29999999999999893
NH17 Crossing Boko,Kamrup Metropolitan,25.9775,91.23416667,2025-04-03 06:45:00,4,93,50.2,50.2,150.60000000000002,301.20000000000005,11.8,0.0,11.8,11.8,0.25,170,2025-04-03 12:45:00,2025-04-03 12:45:00,12.1,6.0,0.29999999999999893
NH17 Crossing Boko,Kamrup Metropolitan,25.9775,91.23416667,2025-04-03 07:00:00,4,93,50.2,50.2,150.60000000000002,301.20000000000005,11.8,0.0,11.8,11.8,0.25,170,2025-04-03 13:00:00,2025-04-03 13:00:00,12.2,6.0,0.3999999999999986
NH17 Crossing Boko,Kamrup Metropolitan,25.9775,91.23416667,2025-04-03 07:15:00,4,93,50.2,50.2,150.60000000000002,301.20000000000005,11.8,0.0,11.8,11.8,0.25,170,2025-04-03 13:15:00,2025-04-03 13:15:00,12.2,6.0,0.3999999999999986
NH17 Crossing Boko,Kamrup Metropolitan,25.9775,91.23416667,2025-04-03 07:30:00,4,93,50.2,50.2,150.60000000000002,301.20000000000005,11.8,0.0,11.8,11.8,0.25,170,2025-04-03 13:30:00,2025-04-03 13:30:00,12.1,6.0,0.29999999999999893
NH17 Crossing Boko,Kamrup Metropolitan,25.9775,91.23416667,2025-04-03 07:45:00,4,93,50.2,50.2,150.60000000000002,301.20000000000005,11.8,0.0,11.8,11.8,0.25,170,2025-04-03 13:45:00,2025-04-03 13:45:00,12.1,6.0,0.29999999999999893
NH17 Crossing Boko,Kamrup Metropolitan,25.9775,91.23416667,2025-04-03 08:00:00,4,93,50.2,50.2,150.60000000000002,301.20000000000005,11.8,0.0,11.8,11.8,0.25,170,2025-04-03 14:00:00,2025-04-03 14:00:00,12.1,6.0,0.29999999999999893
NH17 Crossing Boko,Kamrup Metropolitan,25.9775,91.23416667,2025-04-03 08:15:00,4,93,50.2,50.2,150.60000000000002,301.20000000000005,11.8,0.0,11.8,11.8,0.25,170,2025-04-03 14:15:00,2025-04-03 14:15:00,12.1,6.0,0.29999999999999893
NH17 Crossing Boko,Kamrup Metropolitan,25.9775,91.23416667,2025-04-03 08:30:00,4,93,50.2,50.2,150.60000000000002,301.20000000000005,11.9,0.0999999999999996,11.833333333333336,11.9,0.25,170,2025-04-03 14:30:00,2025-04-03 14:30:00,12.1,6.0,0.1999999999999993
NH17 Crossing Boko,Kamrup Metropolitan,25.9775,91.23416667,2025-04-03 08:45:00,4,93,50.2,50.2,150.60000000000002,301.20000000000005,11.9,0.0,11.866666666666672,11.9,0.25,170,2025-04-03 14:45:00,2025-04-03 14:45:00,12.1,6.0,0.1999999999999993
NH17 Crossing Boko,Kamrup Metropolitan,25.9775,91.23416667,2025-04-03 09:00:00,4,93,50.2,50.2,150.60000000000002,301.20000000000005,11.9,0.0,11.9,11.9,0.25,170,2025-04-03 15:00:00,2025-04-03 15:00:00,12.1,6.0,0.1999999999999993
NH17 Crossing Boko,Kamrup Metropolitan,25.9775,91.23416667,2025-04-03 09:15:00,4,93,50.2,50.2,150.60000000000002,301.20000000000005,11.9,0.0,11.9,11.9,0.25,170,2025-04-03 15:15:00,2025-04-03 15:15:00,12.1,6.0,0.1999999999999993
NH17 Crossing Boko,Kamrup Metropolitan,25.9775,91.23416667,2025-04-03 09:30:00,4,93,50.2,50.2,150.60000000000002,301.20000000000005,12.0,0.0999999999999996,11.933333333333335,12.0,0.25,170,2025-04-03 15:30:00,2025-04-03 15:30:00,12.1,6.0,0.09999999999999964
NH17 Crossing Boko,Kamrup Metropolitan,25.9775,91.23416667,2025-04-03 09:45:00,4,93,50.2,50.2,150.60000000000002,301.20000000000005,12.0,0.0,11.966666666666674,12.0,0.25,170,2025-04-03 15:45:00,2025-04-03 15:45:00,12.1,6.0,0.09999999999999964
NH17 Crossing Boko,Kamrup Metropolitan,25.9775,91.23416667,2025-04-03 10:00:00,4,93,50.2,50.2,150.60000000000002,301.20000000000005,12.0,0.0,12.0,12.0,0.25,170,2025-04-03 16:00:00,2025-04-03 16:00:00,12.1,6.0,0.09999999999999964
NH17 Crossing Boko,Kamrup Metropolitan,25.9775,91.23416667,2025-04-03 10:15:00,4,93,50.2,50.2,150.60000000000002,301.20000000000005,12.0,0.0,12.0,12.0,0.25,170,2025-04-03 16:15:00,2025-04-03 16:15:00,12.0,6.0,0.0
NH17 Crossing Boko,Kamrup Metropolitan,25.9775,91.23416667,2025-04-03 10:30:00,4,93,50.2,50.2,150.60000000000002,301.20000000000005,12.0,0.0,12.0,12.0,0.25,170,2025-04-03 16:30:00,2025-04-03 16:30:00,12.0,6.0,0.0
NH17 Crossing Boko,Kamrup Metropolitan,25.9775,91.23416667,2025-04-03 10:45:00,4,93,50.2,50.2,150.60000000000002,301.20000000000005,12.0,0.0,12.0,12.0,0.25,170,2025-04-03 16:45:00,2025-04-03 16:45:00,12.0,6.0,0.0
NH17 Crossing Boko,Kamrup Metropolitan,25.9775,91.23416667,2025-04-03 11:00:00,4,93,50.2,50.2,150.60000000000002,301.20000000000005,12.0,0.0,12.0,12.0,0.25,170,2025-04-03 17:00:00,2025-04-03 17:00:00,12.0,6.0,0.0
NH17 Crossing Boko,Kamrup Metropolitan,25.9775,91.23416667,2025-04-03 11:15:00,4,93,50.2,50.2,150.60000000000002,301.20000000000005,12.0,0.0,12.0,12.0,0.25,170,2025-04-03 17:15:00,2025-04-03 17:15:00,12.0,6.0,0.0
NH17 Crossing Boko,Kamrup Metropolitan,25.9775,91.23416667,2025-04-03 11:30:00,4,93,50.2,50.2,150.60000000000002,301.20000000000005,12.0,0.0,12.0,12.0,0.25,170,2025-04-03 17:30:00,2025-04-03 17:30:00,11.9,6.0,-0.09999999999999964
NH17 Crossing Boko,Kamrup Metropolitan,25.9775,91.23416667,2025-04-03 11:45:00,4,93,50.2,50.2,150.60000000000002,301.20000000000005,12.0,0.0,12.0,12.0,0.25,170,2025-04-03 17:45:00,2025-04-03 17:45:00,11.9,6.0,-0.09999999999999964
NH17 Crossing Boko,Kamrup Metropolitan,25.9775,91.23416667,2025-04-03 12:00:00,4,93,50.2,50.2,150.60000000000002,301.20000000000005,12.1,0.0999999999999996,12.03333333333334,12.1,0.25,170,2025-04-03 18:00:00,2025-04-03 18:00:00,11.9,6.0,-0.1999999999999993
NH17 Crossing Boko,Kamrup Metropolitan,25.9775,91.23416667,2025-04-03 12:15:00,4,93,50.2,50.2,150.60000000000002,301.20000000000005,12.1,0.0,12.066666666666672,12.1,0.25,170,2025-04-03 18:15:00,2025-04-03 18:15:00,11.9,6.0,-0.1999999999999993
NH17 Crossing Boko,Kamrup Metropolitan,25.9775,91.23416667,2025-04-03 12:30:00,4,93,50.2,50.2,150.60000000000002,301.20000000000005,12.1,0.0,12.1,12.1,0.25,170,2025-04-03 18:30:00,2025-04-03 18:30:00,11.9,6.0,-0.1999999999999993
NH17 Crossing Boko,Kamrup Metropolitan,25.9775,91.23416667,2025-04-03 12:45:00,4,93,50.2,50.2,150.60000000000002,301.20000000000005,12.1,0.0,12.1,12.1,0.25,170,2025-04-03 18:45:00,2025-04-03 18:45:00,11.9,6.0,-0.1999999999999993
NH17 Crossing Boko,Kamrup Metropolitan,25.9775,91.23416667,2025-04-03 13:00:00,4,93,50.2,50.2,150.60000000000002,301.20000000000005,12.2,0.0999999999999996,12.133333333333338,12.2,0.25,170,2025-04-03 19:00:00,2025-04-03 19:00:00,11.9,6.0,-0.29999999999999893
NH17 Crossing Boko,Kamrup Metropolitan,25.9775,91.23416667,2025-04-03 13:15:00,4,93,50.2,50.2,150.60000000000002,301.20000000000005,12.2,0.0,12.166666666666671,12.2,0.25,170,2025-04-03 19:15:00,2025-04-03 19:15:00,11.9,6.0,-0.29999999999999893
NH17 Crossing Boko,Kamrup Metropolitan,25.9775,91.23416667,2025-04-03 13:30:00,4,93,50.2,50.2,150.60000000000002,301.20000000000005,12.1,-0.0999999999999996,12.166666666666671,12.2,0.25,170,2025-04-03 19:30:00,2025-04-03 19:30:00,11.9,6.0,-0.1999999999999993
NH17 Crossing Boko,Kamrup Metropolitan,25.9775,91.23416667,2025-04-03 13:45:00,4,93,50.2,50.2,150.60000000000002,301.20000000000005,12.1,0.0,12.133333333333338,12.2,0.25,170,2025-04-03 19:45:00,2025-04-03 19:45:00,11.9,6.0,-0.1999999999999993
NH17 Crossing Boko,Kamrup Metropolitan,25.9775,91.23416667,2025-04-03 14:00:00,4,93,50.2,50.2,150.60000000000002,301.20000000000005,12.1,0.0,12.1,12.2,0.25,170,2025-04-03 20:00:00,2025-04-03 20:00:00,11.8,6.0,-0.29999999999999893
NH17 Crossing Boko,Kamrup Metropolitan,25.9775,91.23416667,2025-04-03 14:15:00,4,93,50.2,50.2,150.60000000000002,301.20000000000005,12.1,0.0,12.1,12.2,0.25,170,2025-04-03 20:15:00,2025-04-03 20:15:00,11.8,6.0,-0.29999999999999893
NH17 Crossing Boko,Kamrup Metropolitan,25.9775,91.23416667,2025-04-03 14:30:00,4,93,50.2,50.2,150.60000000000002,301.20000000000005,12.1,0.0,12.1,12.2,0.25,170,2025-04-03 20:30:00,2025-04-03 20:30:00,11.8,6.0,-0.29999999999999893
NH17 Crossing Boko,Kamrup Metropolitan,25.9775,91.23416667,2025-04-03 14:45:00,4,93,50.2,50.2,150.60000000000002,301.20000000000005,12.1,0.0,12.1,12.1,0.25,170,2025-04-03 20:45:00,2025-04-03 20:45:00,11.8,6.0,-0.29999999999999893
NH17 Crossing Boko,Kamrup Metropolitan,25.9775,91.23416667,2025-04-03 15:00:00,4,93,50.2,50.2,150.60000000000002,301.20000000000005,12.1,0.0,12.1,12.1,0.25,170,2025-04-03 21:00:00,2025-04-03 21:00:00,11.8,6.0,-0.29999999999999893
NH17 Crossing Boko,Kamrup Metropolitan,25.9775,91.23416667,2025-04-03 15:15:00,4,93,50.2,50.2,150.60000000000002,301.20000000000005,12.1,0.0,12.1,12.1,0.25,170,2025-04-03 21:15:00,2025-04-03 21:15:00,11.8,6.0,-0.29999999999999893
NH17 Crossing Boko,Kamrup Metropolitan,25.9775,91.23416667,2025-04-03 15:30:00,4,93,50.2,50.2,150.60000000000002,301.20000000000005,12.1,0.0,12.1,12.1,0.25,170,2025-04-03 21:30:00,2025-04-03 21:30:00,11.8,6.0,-0.29999999999999893
NH17 Crossing Boko,Kamrup Metropolitan,25.9775,91.23416667,2025-04-03 15:45:00,4,93,50.2,50.2,150.60000000000002,301.20000000000005,12.1,0.0,12.1,12.1,0.25,170,2025-04-03 21:45:00,2025-04-03 21:45:00,11.8,6.0,-0.29999999999999893
NH17 Crossing Boko,Kamrup Metropolitan,25.9775,91.23416667,2025-04-03 16:00:00,4,93,50.2,50.2,150.60000000000002,301.20000000000005,12.1,0.0,12.1,12.1,0.25,170,2025-04-03 22:00:00,2025-04-03 22:00:00,11.8,6.0,-0.29999999999999893
NH17 Crossing Boko,Kamrup Metropolitan,25.9775,91.23416667,2025-04-03 16:15:00,4,93,50.2,50.2,150.60000000000002,301.20000000000005,12.0,-0.0999999999999996,12.06666666666667,12.1,0.25,170,2025-04-03 22:15:00,2025-04-03 22:15:00,11.8,6.0,-0.1999999999999993
NH17 Crossing Boko,Kamrup Metropolitan,25.9775,91.23416667,2025-04-03 16:30:00,4,93,50.2,50.2,150.60000000000002,301.20000000000005,12.0,0.0,12.03333333333334,12.1,0.25,170,2025-04-03 22:30:00,2025-04-03 22:30:00,11.8,6.0,-0.1999999999999993
NH17 Crossing Boko,Kamrup Metropolitan,25.9775,91.23416667,2025-04-03 16:45:00,4,93,50.2,50.2,150.60000000000002,301.20000000000005,12.0,0.0,12.0,12.1,0.25,170,2025-04-03 22:45:00,2025-04-03 22:45:00,11.8,6.0,-0.1999999999999993
NH17 Crossing Boko,Kamrup Metropolitan,25.9775,91.23416667,2025-04-03 17:00:00,4,93,50.2,50.2,150.60000000000002,301.20000000000005,12.0,0.0,12.0,12.1,0.25,170,2025-04-03 23:00:00,2025-04-03 23:00:00,11.8,6.0,-0.1999999999999993
NH17 Crossing Boko,Kamrup Metropolitan,25.9775,91.23416667,2025-04-03 17:15:00,4,93,50.2,50.2,150.60000000000002,301.20000000000005,12.0,0.0,12.0,12.1,0.25,170,2025-04-03 23:15:00,2025-04-03 23:15:00,11.8,6.0,-0.1999999999999993
NH17 Crossing Boko,Kamrup Metropolitan,25.9775,91.23416667,2025-04-03 17:30:00,4,93,50.2,50.2,150.60000000000002,301.20000000000005,11.9,-0.0999999999999996,11.96666666666667,12.0,0.25,170,2025-04-03 23:30:00,2025-04-03 23:30:00,11.8,6.0,-0.09999999999999964
NH17 Crossing Boko,Kamrup Metropolitan,25.9775,91.23416667,2025-04-03 17:45:00,4,93,50.2,50.2,150.60000000000002,301.20000000000005,11.9,0.0,11.933333333333335,12.0,0.25,170,2025-04-03 23:45:00,2025-04-03 23:45:00,11.8,6.0,-0.09999999999999964
NH17 Crossing Boko,Kamrup Metropolitan,25.9775,91.23416667,2025-04-03 18:00:00,4,93,50.2,50.2,150.60000000000002,301.20000000000005,11.9,0.0,11.9,12.0,0.25,170,2025-04-04 00:00:00,2025-04-04 00:00:00,11.8,6.0,-0.09999999999999964
NH17 Crossing Boko,Kamrup Metropolitan,25.9775,91.23416667,2025-04-03 18:15:00,4,93,50.2,50.2,150.60000000000002,301.20000000000005,11.9,0.0,11.9,12.0,0.25,170,2025-04-04 00:15:00,2025-04-04 00:15:00,11.8,6.0,-0.09999999999999964
NH17 Crossing Boko,Kamrup Metropolitan,25.9775,91.23416667,2025-04-03 18:30:00,4,93,50.2,50.2,150.60000000000002,301.20000000000005,11.9,0.0,11.9,12.0,0.25,170,2025-04-04 00:30:00,2025-04-04 00:30:00,11.8,6.0,-0.09999999999999964
NH17 Crossing Boko,Kamrup Metropolitan,25.9775,91.23416667,2025-04-03 18:45:00,4,93,50.2,50.2,150.60000000000002,301.20000000000005,11.9,0.0,11.9,11.9,0.25,170,2025-04-04 00:45:00,2025-04-04 00:45:00,11.8,6.0,-0.09999999999999964
NH17 Crossing Boko,Kamrup Metropolitan,25.9775,91.23416667,2025-04-03 19:00:00,4,93,50.2,50.2,150.60000000000002,301.20000000000005,11.9,0.0,11.9,11.9,0.25,170,2025-04-04 01:00:00,2025-04-04 01:00:00,11.8,6.0,-0.09999999999999964
NH17 Crossing Boko,Kamrup Metropolitan,25.9775,91.23416667,2025-04-03 19:15:00,4,93,50.2,50.2,150.60000000000002,301.20000000000005,11.9,0.0,11.9,11.9,0.25,170,2025-04-04 01:15:00,2025-04-04 01:15:00,11.8,6.0,-0.09999999999999964
NH17 Crossing Boko,Kamrup Metropolitan,25.9775,91.23416667,2025-04-03 19:30:00,4,93,50.2,50.2,150.60000000000002,301.20000000000005,11.9,0.0,11.9,11.9,0.25,170,2025-04-04 01:30:00,2025-04-04 01:30:00,11.8,6.0,-0.09999999999999964
NH17 Crossing Boko,Kamrup Metropolitan,25.9775,91.23416667,2025-04-03 19:45:00,4,93,50.2,50.2,150.60000000000002,301.20000000000005,11.9,0.0,11.9,11.9,0.25,170,2025-04-04 01:45:00,2025-04-04 01:45:00,11.8,6.0,-0.09999999999999964
NH17 Crossing Boko,Kamrup Metropolitan,25.9775,91.23416667,2025-04-03 20:00:00,4,93,50.2,50.2,150.60000000000002,301.20000000000005,11.8,-0.0999999999999996,11.866666666666672,11.9,0.25,170,2025-04-04 02:00:00,2025-04-04 02:00:00,11.7,6.0,-0.10000000000000142
NH17 Crossing Boko,Kamrup Metropolitan,25.9775,91.23416667,2025-04-03 20:15:00,4,93,50.2,50.2,150.60000000000002,301.20000000000005,11.8,0.0,11.833333333333336,11.9,0.25,170,2025-04-04 02:15:00,2025-04-04 02:15:00,11.8,6.0,0.0
NH17 Crossing Boko,Kamrup Metropolitan,25.9775,91.23416667,2025-04-03 20:30:00,4,93,50.2,50.2,150.60000000000002,301.20000000000005,11.8,0.0,11.8,11.9,0.25,170,2025-04-04 02:30:00,2025-04-04 02:30:00,11.8,6.0,0.0
NH17 Crossing Boko,Kamrup Metropolitan,25.9775,91.23416667,2025-04-03 20:45:00,4,93,50.2,50.2,150.60000000000002,301.20000000000005,11.8,0.0,11.8,11.9,0.25,170,2025-04-04 02:45:00,2025-04-04 02:45:00,11.8,6.0,0.0
NH17 Crossing Boko,Kamrup Metropolitan,25.9775,91.23416667,2025-04-03 21:00:00,4,93,50.2,50.2,150.60000000000002,301.20000000000005,11.8,0.0,11.8,11.9,0.25,170,2025-04-04 03:00:00,2025-04-04 03:00:00,11.7,6.0,-0.10000000000000142
NH17 Crossing Boko,Kamrup Metropolitan,25.9775,91.23416667,2025-04-03 21:15:00,4,93,50.2,50.2,150.60000000000002,301.20000000000005,11.8,0.0,11.8,11.8,0.25,170,2025-04-04 03:15:00,2025-04-04 03:15:00,11.7,6.0,-0.10000000000000142
NH17 Crossing Boko,Kamrup Metropolitan,25.9775,91.23416667,2025-04-03 21:30:00,4,93,50.2,50.2,150.60000000000002,301.20000000000005,11.8,0.0,11.8,11.8,0.25,170,2025-04-04 03:30:00,2025-04-04 03:30:00,11.7,6.0,-0.10000000000000142
NH17 Crossing Boko,Kamrup Metropolitan,25.9775,91.23416667,2025-04-03 21:45:00,4,93,50.2,50.2,150.60000000000002,301.20000000000005,11.8,0.0,11.8,11.8,0.25,170,2025-04-04 03:45:00,2025-04-04 03:45:00,11.6,6.0,-0.20000000000000107
NH17 Crossing Boko,Kamrup Metropolitan,25.9775,91.23416667,2025-04-03 22:00:00,4,93,50.2,50.2,150.60000000000002,301.20000000000005,11.8,0.0,11.8,11.8,0.25,170,2025-04-04 04:00:00,2025-04-04 04:00:00,11.7,6.0,-0.10000000000000142
NH17 Crossing Boko,Kamrup Metropolitan,25.9775,91.23416667,2025-04-03 22:15:00,4,93,50.2,50.2,150.60000000000002,301.20000000000005,11.8,0.0,11.8,11.8,0.25,170,2025-04-04 04:15:00,2025-04-04 04:15:00,11.6,6.0,-0.20000000000000107
NH17 Crossing Boko,Kamrup Metropolitan,25.9775,91.23416667,2025-04-03 22:30:00,4,93,50.2,50.2,150.60000000000002,301.20000000000005,11.8,0.0,11.8,11.8,0.25,170,2025-04-04 04:30:00,2025-04-04 04:30:00,11.6,6.0,-0.20000000000000107
NH17 Crossing Boko,Kamrup Metropolitan,25.9775,91.23416667,2025-04-03 22:45:00,4,93,50.2,50.2,150.60000000000002,301.20000000000005,11.8,0.0,11.8,11.8,0.25,170,2025-04-04 04:45:00,2025-04-04 04:45:00,11.6,6.0,-0.20000000000000107
NH17 Crossing Boko,Kamrup Metropolitan,25.9775,91.23416667,2025-04-03 23:00:00,4,93,50.2,50.2,150.60000000000002,301.20000000000005,11.8,0.0,11.8,11.8,0.25,170,2025-04-04 05:00:00,2025-04-04 05:00:00,11.6,6.0,-0.20000000000000107
NH17 Crossing Boko,Kamrup Metropolitan,25.9775,91.23416667,2025-04-03 23:15:00,4,93,50.2,50.2,150.60000000000002,301.20000000000005,11.8,0.0,11.8,11.8,0.25,170,2025-04-04 05:15:00,2025-04-04 05:15:00,11.7,6.0,-0.10000000000000142
NH17 Crossing Boko,Kamrup Metropolitan,25.9775,91.23416667,2025-04-03 23:30:00,4,93,50.2,50.2,150.60000000000002,301.20000000000005,11.8,0.0,11.8,11.8,0.25,170,2025-04-04 05:30:00,2025-04-04 05:30:00,11.7,6.0,-0.10000000000000142
NH17 Crossing Boko,Kamrup Metropolitan,25.9775,91.23416667,2025-04-03 23:45:00,4,93,50.2,50.2,150.60000000000002,301.20000000000005,11.8,0.0,11.8,11.8,0.25,170,2025-04-04 05:45:00,2025-04-04 05:45:00,11.6,6.0,-0.20000000000000107
NH17 Crossing Boko,Kamrup Metropolitan,25.9775,91.23416667,2025-04-04 00:00:00,4,94,50.2,50.2,150.60000000000002,301.20000000000005,11.8,0.0,11.8,11.8,0.25,170,2025-04-04 06:00:00,2025-04-04 06:00:00,11.6,6.0,-0.20000000000000107
NH17 Crossing Boko,Kamrup Metropolitan,25.9775,91.23416667,2025-04-04 00:15:00,4,94,50.2,50.2,150.60000000000002,301.20000000000005,11.8,0.0,11.8,11.8,0.25,170,2025-04-04 06:15:00,2025-04-04 06:15:00,11.7,6.0,-0.10000000000000142
NH17 Crossing Boko,Kamrup Metropolitan,25.9775,91.23416667,2025-04-04 00:30:00,4,94,50.2,50.2,150.60000000000002,301.20000000000005,11.8,0.0,11.8,11.8,0.25,170,2025-04-04 06:30:00,2025-04-04 06:30:00,11.7,6.0,-0.10000000000000142
NH17 Crossing Boko,Kamrup Metropolitan,25.9775,91.23416667,2025-04-04 00:45:00,4,94,50.2,50.2,150.60000000000002,301.20000000000005,11.8,0.0,11.8,11.8,0.25,170,2025-04-04 06:45:00,2025-04-04 06:45:00,11.6,6.0,-0.20000000000000107
NH17 Crossing Boko,Kamrup Metropolitan,25.9775,91.23416667,2025-04-04 01:00:00,4,94,50.2,50.2,150.60000000000002,301.20000000000005,11.8,0.0,11.8,11.8,0.25,170,2025-04-04 07:00:00,2025-04-04 07:00:00,11.7,6.0,-0.10000000000000142
NH17 Crossing Boko,Kamrup Metropolitan,25.9775,91.23416667,2025-04-04 01:15:00,4,94,50.2,50.2,150.60000000000002,301.20000000000005,11.8,0.0,11.8,11.8,0.25,170,2025-04-04 07:15:00,2025-04-04 07:15:00,11.6,6.0,-0.20000000000000107
NH17 Crossing Boko,Kamrup Metropolitan,25.9775,91.23416667,2025-04-04 01:30:00,4,94,50.2,50.2,150.60000000000002,301.20000000000005,11.8,0.0,11.8,11.8,0.25,170,2025-04-04 07:30:00,2025-04-04 07:30:00,11.7,6.0,-0.10000000000000142
NH17 Crossing Boko,Kamrup Metropolitan,25.9775,91.23416667,2025-04-04 01:45:00,4,94,50.2,50.2,150.60000000000002,301.20000000000005,11.8,0.0,11.8,11.8,0.25,170,2025-04-04 07:45:00,2025-04-04 07:45:00,11.8,6.0,0.0
NH17 Crossing Boko,Kamrup Metropolitan,25.9775,91.23416667,2025-04-04 02:00:00,4,94,50.2,50.2,150.60000000000002,301.20000000000005,11.7,-0.1000000000000014,11.766666666666673,11.8,0.25,170,2025-04-04 08:00:00,2025-04-04 08:00:00,11.8,6.0,0.10000000000000142
NH17 Crossing Boko,Kamrup Metropolitan,25.9775,91.23416667,2025-04-04 02:15:00,4,94,50.2,50.2,150.60000000000002,301.20000000000005,11.8,0.1000000000000014,11.766666666666673,11.8,0.25,170,2025-04-04 08:15:00,2025-04-04 08:15:00,11.8,6.0,0.0
NH17 Crossing Boko,Kamrup Metropolitan,25.9775,91.23416667,2025-04-04 02:30:00,4,94,50.2,50.2,150.60000000000002,301.20000000000005,11.8,0.0,11.766666666666673,11.8,0.25,170,2025-04-04 08:30:00,2025-04-04 08:30:00,11.8,6.0,0.0
NH17 Crossing Boko,Kamrup Metropolitan,25.9775,91.23416667,2025-04-04 02:45:00,4,94,50.2,50.2,150.60000000000002,301.20000000000005,11.8,0.0,11.8,11.8,0.25,170,2025-04-04 08:45:00,2025-04-04 08:45:00,11.9,6.0,0.09999999999999964
NH17 Crossing Boko,Kamrup Metropolitan,25.9775,91.23416667,2025-04-04 03:00:00,4,94,50.2,50.2,150.60000000000002,301.20000000000005,11.7,-0.1000000000000014,11.766666666666673,11.8,0.25,170,2025-04-04 09:00:00,2025-04-04 09:00:00,11.9,6.0,0.20000000000000107
NH17 Crossing Boko,Kamrup Metropolitan,25.9775,91.23416667,2025-04-04 03:15:00,4,94,50.2,50.2,150.60000000000002,301.20000000000005,11.7,0.0,11.733333333333336,11.8,0.25,170,2025-04-04 09:15:00,2025-04-04 09:15:00,11.9,6.0,0.20000000000000107
NH17 Crossing Boko,Kamrup Metropolitan,25.9775,91.23416667,2025-04-04 03:30:00,4,94,50.2,50.2,150.60000000000002,301.20000000000005,11.7,0.0,11.7,11.8,0.25,170,2025-04-04 09:30:00,2025-04-04 09:30:00,11.9,6.0,0.20000000000000107
NH17 Crossing Boko,Kamrup Metropolitan,25.9775,91.23416667,2025-04-04 03:45:00,4,94,50.2,50.2,150.60000000000002,301.20000000000005,11.6,-0.0999999999999996,11.666666666666671,11.8,0.25,170,2025-04-04 09:45:00,2025-04-04 09:45:00,11.9,6.0,0.3000000000000007
NH17 Crossing Boko,Kamrup Metropolitan,25.9775,91.23416667,2025-04-04 04:00:00,4,94,50.2,50.2,150.60000000000002,301.20000000000005,11.7,0.0999999999999996,11.666666666666671,11.8,0.25,170,2025-04-04 10:00:00,2025-04-04 10:00:00,11.9,6.0,0.20000000000000107
NH17 Crossing Boko,Kamrup Metropolitan,25.9775,91.23416667,2025-04-04 04:15:00,4,94,50.2,50.2,150.60000000000002,301.20000000000005,11.6,-0.0999999999999996,11.633333333333338,11.7,0.25,170,2025-04-04 10:15:00,2025-04-04 10:15:00,11.9,6.0,0.3000000000000007
NH17 Crossing Boko,Kamrup Metropolitan,25.9775,91.23416667,2025-04-04 04:30:00,4,94,50.2,50.2,150.60000000000002,301.20000000000005,11.6,0.0,11.633333333333338,11.7,0.25,170,2025-04-04 10:30:00,2025-04-04 10:30:00,11.9,6.0,0.3000000000000007
NH17 Crossing Boko,Kamrup Metropolitan,25.9775,91.23416667,2025-04-04 04:45:00,4,94,50.2,50.2,150.60000000000002,301.20000000000005,11.6,0.0,11.6,11.7,0.25,170,2025-04-04 10:45:00,2025-04-04 10:45:00,12.0,6.0,0.40000000000000036
NH17 Crossing Boko,Kamrup Metropolitan,25.9775,91.23416667,2025-04-04 05:00:00,4,94,50.2,50.2,150.60000000000002,301.20000000000005,11.6,0.0,11.6,11.7,0.25,170,2025-04-04 11:00:00,2025-04-04 11:00:00,12.0,6.0,0.40000000000000036
NH17 Crossing Boko,Kamrup Metropolitan,25.9775,91.23416667,2025-04-04 05:15:00,4,94,50.2,50.2,150.60000000000002,301.20000000000005,11.7,0.0999999999999996,11.633333333333338,11.7,0.25,170,2025-04-04 11:15:00,2025-04-04 11:15:00,12.0,6.0,0.3000000000000007
NH17 Crossing Boko,Kamrup Metropolitan,25.9775,91.23416667,2025-04-04 05:30:00,4,94,50.2,50.2,150.60000000000002,301.20000000000005,11.7,0.0,11.666666666666671,11.7,0.25,170,2025-04-04 11:30:00,2025-04-04 11:30:00,12.0,6.0,0.3000000000000007
NH17 Crossing Boko,Kamrup Metropolitan,25.9775,91.23416667,2025-04-04 05:45:00,4,94,50.2,50.2,150.60000000000002,301.20000000000005,11.6,-0.0999999999999996,11.666666666666671,11.7,0.25,170,2025-04-04 11:45:00,2025-04-04 11:45:00,12.0,6.0,0.40000000000000036
NH17 Crossing Boko,Kamrup Metropolitan,25.9775,91.23416667,2025-04-04 06:00:00,4,94,50.2,50.2,150.60000000000002,301.20000000000005,11.6,0.0,11.633333333333338,11.7,0.25,170,2025-04-04 12:00:00,2025-04-04 12:00:00,12.0,6.0,0.40000000000000036
NH17 Crossing Boko,Kamrup Metropolitan,25.9775,91.23416667,2025-04-04 06:15:00,4,94,50.2,50.2,150.60000000000002,301.20000000000005,11.7,0.0999999999999996,11.633333333333338,11.7,0.25,170,2025-04-04 12:15:00,2025-04-04 12:15:00,12.0,6.0,0.3000000000000007
NH17 Crossing Boko,Kamrup Metropolitan,25.9775,91.23416667,2025-04-04 06:30:00,4,94,50.2,50.2,150.60000000000002,301.20000000000005,11.7,0.0,11.666666666666671,11.7,0.25,170,2025-04-04 12:30:00,2025-04-04 12:30:00,12.0,6.0,0.3000000000000007
NH17 Crossing Boko,Kamrup Metropolitan,25.9775,91.23416667,2025-04-04 06:45:00,4,94,50.2,50.2,150.60000000000002,301.20000000000005,11.6,-0.0999999999999996,11.666666666666671,11.7,0.25,170,2025-04-04 12:45:00,2025-04-04 12:30:00,12.0,5.75,0.40000000000000036
NH17 Crossing Boko,Kamrup Metropolitan,25.9775,91.23416667,2025-04-04 07:00:00,4,94,50.2,50.2,150.60000000000002,301.20000000000005,11.7,0.0999999999999996,11.666666666666671,11.7,0.25,170,2025-04-04 13:00:00,2025-04-04 12:30:00,12.0,5.5,0.3000000000000007
NH17 Crossing Boko,Kamrup Metropolitan,25.9775,91.23416667,2025-04-04 07:15:00,4,94,50.2,50.2,150.60000000000002,301.20000000000005,11.6,-0.0999999999999996,11.633333333333338,11.7,0.25,170,2025-04-04 13:15:00,2025-04-04 12:30:00,12.0,5.25,0.40000000000000036
NH17 Crossing Boko,Kamrup Metropolitan,25.9775,91.23416667,2025-04-04 07:30:00,4,94,50.2,50.2,150.60000000000002,301.20000000000005,11.7,0.0999999999999996,11.666666666666671,11.7,0.25,170,2025-04-04 13:30:00,2025-04-04 12:30:00,12.0,5.0,0.3000000000000007
NH17 Crossing Boko,Kamrup Metropolitan,25.9775,91.23416667,2025-04-04 07:45:00,4,94,50.2,50.2,150.60000000000002,301.20000000000005,11.8,0.1000000000000014,11.700000000000005,11.8,0.25,170,2025-04-04 13:45:00,2025-04-04 12:30:00,12.0,4.75,0.1999999999999993
NH17 Crossing Boko,Kamrup Metropolitan,25.9775,91.23416667,2025-04-04 08:00:00,4,94,50.2,50.2,150.60000000000002,301.20000000000005,11.8,0.0,11.766666666666673,11.8,0.25,170,2025-04-04 14:00:00,2025-04-04 12:30:00,12.0,4.5,0.1999999999999993
NH17 Crossing Boko,Kamrup Metropolitan,25.9775,91.23416667,2025-04-04 08:15:00,4,94,50.2,50.2,150.60000000000002,301.20000000000005,11.8,0.0,11.8,11.8,0.25,170,2025-04-04 14:15:00,2025-04-04 12:30:00,12.0,4.25,0.1999999999999993
NH17 Crossing Boko,Kamrup Metropolitan,25.9775,91.23416667,2025-04-04 08:30:00,4,94,50.2,50.2,150.60000000000002,301.20000000000005,11.8,0.0,11.8,11.8,0.25,170,2025-04-04 14:30:00,2025-04-04 12:30:00,12.0,4.0,0.1999999999999993
