rainfall_mm,rainfall_24h,river_level,river_level_change,distance_to_danger,historical_flood_frequency,flood_affected_area,flood_confidence,flood_occurred
218.99949329699112,273.75,7.415552031175952,0.4236,2.58,0,0.0,0.72,1
55.35359867961347,69.19,8.811018750963168,0.2473,1.19,1,0.55,0.638,0
103.99190831096584,129.99,4.63179875379001,0.0977,5.37,1,1.04,0.651,1
198.98419105734547,248.73,2.8917873167340757,0.3683,7.11,1,1.99,0.672,0
144.626803357344,180.78,3.188465743554615,0.2093,6.81,0,0.0,0.681,0
221.57131159046816,276.96,6.969482583643939,0.2973,3.03,0,0.0,0.697,1
288.36237036685793,360.45,5.675580339914962,0.0536,4.32,0,0.0,0.702,1
34.96400631455925,43.71,4.864941309772571,0.3158,5.14,1,0.35,0.782,1
212.8703149194183,266.09,2.0277407877617404,0.1868,7.97,0,0.0,0.804,0
69.10324668963436,86.38,8.754556874989033,0.1671,1.25,1,0.69,0.724,0
124.34301822227076,155.43,7.810204475074061,0.49,2.19,0,0.0,0.963,1
9.858817738541948,12.32,1.406386017392296,0.2162,8.59,1,0.1,0.821,1
40.77221468780968,50.97,3.6738845460213665,0.339,6.33,1,0.41,0.915,0
95.9331867146699,119.92,5.421320936388914,0.3139,4.58,1,0.96,0.97,0
102.59574158639548,128.24,4.54338622771532,0.0522,5.46,1,1.03,0.665,0
269.8755649386287,337.34,3.977958387377384,0.374,6.02,1,2.7,0.771,1
222.54387277995457,278.18,7.188318975605293,0.1616,2.81,1,2.23,0.773,0
291.6548904561123,364.57,0.5450350423783745,0.3995,9.45,1,2.92,0.742,1
179.72145310057215,224.65,4.714103391259419,0.3038,5.29,0,0.0,0.604,1
72.51411962739539,90.64,2.621816903896014,0.1585,7.38,0,0.0,0.926,0
98.29650897649286,122.87,0.8461838523475895,0.1781,9.15,1,0.98,0.645,1
95.95077698759012,119.94,4.648871580029655,0.3658,5.35,0,0.0,0.998,0
97.94829829897547,122.44,1.7136869107056871,0.275,8.29,0,0.0,0.909,0
201.8892519335447,252.36,2.5822428189020865,0.3342,7.42,1,2.02,0.832,0
159.24237842712486,199.05,5.070087295100759,0.0792,4.93,1,1.59,0.662,0
115.62725342599327,144.53,9.737089799328215,0.3935,0.26,1,1.16,0.806,1
44.72693061861498,55.91,6.842550068035559,0.1602,3.16,0,0.0,0.704,0
6.641748882643772,8.3,2.7962179815682475,0.3099,7.2,1,0.07,0.701,0
65.65040327630778,82.06,3.824060525753765,0.0573,6.18,0,0.0,0.932,0
32.24142119060438,40.3,4.061331523209772,0.1607,5.94,1,0.32,0.752,1
235.6335092556718,294.54,1.5363762334437714,0.3244,8.46,0,0.0,0.78,1
33.74938734416561,42.19,1.6065418885968077,0.1371,8.39,1,0.34,0.937,1
217.26847119205084,271.59,1.4839472348736449,0.4402,8.52,1,2.17,0.635,0
115.6976069328248,144.62,5.216641377369169,0.3306,4.78,1,1.16,0.838,1
22.01351692313279,27.52,6.741860867397083,0.4351,3.26,0,0.0,0.831,1
243.81901482947572,304.77,5.9072068461082665,0.1977,4.09,1,2.44,0.77,0
173.889171070984,217.36,9.777671854533486,0.017,0.22,1,1.74,0.932,1
70.72845385907192,88.41,1.2587457225765186,0.2881,8.74,0,0.0,0.977,1
268.4043522998004,335.51,9.864744063027551,0.1696,0.14,1,2.68,0.786,1
13.577494161165438,16.97,4.666739338878919,0.2241,5.33,0,0.0,0.782,0
60.54588245932887,75.68,2.186327877771377,0.3406,7.81,1,0.61,0.801,1
225.6140783417583,282.02,9.432808260057572,0.3503,0.57,0,0.0,0.889,0
212.81337909296676,266.02,4.686133101445926,0.0138,5.31,1,2.13,0.867,0
86.7815081173434,108.48,3.473469552105204,0.3847,6.53,1,0.87,0.689,0
18.607462605834936,23.26,2.138101038179566,0.2468,7.86,0,0.0,0.626,0
257.4234216674831,321.78,2.6787545111580213,0.2783,7.32,1,2.57,0.98,0
94.10929142097078,117.64,9.792195102272194,0.149,0.21,0,0.0,0.704,0
58.714024478479566,73.39,3.0397343990477435,0.2104,6.96,1,0.59,0.855,1
154.81854670829313,193.52,9.77805923759605,0.3552,0.22,0,0.0,0.931,0
273.0681597847342,341.34,3.3021498661208715,0.3884,6.7,1,2.73,0.72,0
13.063973353012605,16.33,2.3141846558856196,0.1936,7.69,1,0.13,0.854,0
229.74122640926632,287.18,1.833641829018473,0.3456,8.17,1,2.3,0.643,1
171.74196838161268,214.68,4.11854505273997,0.129,5.88,0,0.0,0.988,0
127.63473496554508,159.54,2.368064485350272,0.416,7.63,0,0.0,0.623,0
223.224133231518,279.03,6.969379638270531,0.3049,3.03,1,2.23,0.775,0
289.7473273324897,362.18,2.397717353639784,0.3876,7.6,0,0.0,0.815,1
68.76186334880731,85.95,8.35396844997869,0.2386,1.65,1,0.69,0.916,0
43.09420952163588,53.87,8.34011258488167,0.1146,1.66,1,0.43,0.648,0
273.8645235668091,342.33,2.8552637404806616,0.2146,7.14,0,0.0,0.776,1
200.6859232371911,250.86,7.535401304868298,0.1907,2.46,1,2.01,0.72,1
131.3958064685898,164.24,8.575458759794532,0.1664,1.42,0,0.0,0.725,1
171.97787107928494,214.97,5.901328439371466,0.1061,4.1,0,0.0,0.912,1
223.6841715528732,279.61,3.663324108640549,0.3796,6.34,1,2.24,0.602,1
231.90956961171517,289.89,4.409671867126791,0.0432,5.59,1,2.32,0.9,1
275.96825424568937,344.96,7.862288650347819,0.4438,2.14,1,2.76,0.924,1
128.0528366686868,160.07,2.9331746399681413,0.0875,7.07,0,0.0,0.961,0
88.02327300581851,110.03,3.34462334376194,0.4899,6.66,0,0.0,0.851,1
191.89928003695255,239.87,1.6078433625785071,0.4942,8.39,0,0.0,0.733,1
124.7183697838591,155.9,3.990524030130026,0.1992,6.01,1,1.25,0.771,0
178.37953618469336,222.97,0.8651513224948593,0.4939,9.13,0,0.0,0.988,0
125.99573953678504,157.49,3.210344409891115,0.4345,6.79,1,1.26,0.952,1
45.89873600345234,57.37,3.73479380947857,0.0412,6.27,1,0.46,0.785,1
140.82802549768752,176.04,2.554791324241321,0.4737,7.45,1,1.41,0.977,1
207.27534658230985,259.09,1.0135811913498816,0.0213,8.99,1,2.07,0.929,0
239.78514230029495,299.73,5.216672425615551,0.091,4.78,1,2.4,0.96,1
147.99788303896406,185.0,8.650811697554708,0.2923,1.35,0,0.0,0.873,1
49.57136706312028,61.96,3.356447458004705,0.0404,6.64,1,0.5,0.943,0
124.40631289482948,155.51,2.3680157142013867,0.0809,7.63,0,0.0,0.957,0
235.88817865250948,294.86,2.8503821769050344,0.4767,7.15,1,2.36,0.637,1
123.85778118512184,154.82,8.618871813042368,0.4973,1.38,0,0.0,0.986,1
208.9592380812667,261.2,5.278075896077976,0.3991,4.72,0,0.0,0.733,1
152.16410450342693,190.21,1.3079035127077476,0.2576,8.69,1,1.52,0.776,0
72.36693753281901,90.46,7.092216490554625,0.4502,2.91,1,0.72,0.917,1
238.8451524069223,298.56,1.543689332334495,0.0559,8.46,0,0.0,0.866,1
25.26403622120611,31.58,0.6024440294223665,0.4714,9.4,1,0.25,0.957,1
157.46708482654518,196.83,2.556848764979173,0.1758,7.44,1,1.57,0.76,1
62.667310273021485,78.33,1.6809017951676586,0.4307,8.32,0,0.0,0.749,1
20.119688562412698,25.15,6.049974743746681,0.3342,3.95,0,0.0,0.613,0
150.88018112497463,188.6,4.845664073400418,0.4801,5.15,1,1.51,0.785,1
149.86864678047706,187.34,7.240645504928672,0.4323,2.76,0,0.0,0.89,1
212.07027050271623,265.09,5.115710502602458,0.4439,4.88,1,2.12,0.72,1
223.42520791557143,279.28,4.1900593520938765,0.3159,5.81,1,2.23,0.785,0
218.33744660786903,272.92,5.2621869043774305,0.4166,4.74,0,0.0,0.688,0
122.8676198750265,153.58,4.344861130877779,0.3786,5.66,0,0.0,0.909,0
189.50693616796875,236.88,0.3708689391403952,0.0808,9.63,1,1.9,0.624,1
173.0835727931881,216.35,6.8069911299624,0.3243,3.19,1,1.73,0.882,1
126.46852683507588,158.09,9.621303262144554,0.0741,0.38,0,0.0,0.752,0
179.16380825579796,223.95,4.220335570360464,0.4347,5.78,0,0.0,0.617,1
284.17436301187877,355.22,4.237329837680467,0.033,5.76,1,2.84,0.941,1
57.86812310441321,72.34,0.4576887863724654,0.4935,9.54,1,0.58,0.795,1
271.7316287356579,339.66,8.903790846867484,0.2003,1.1,0,0.0,0.84,0
16.03665419495951,20.05,9.291213874629298,0.0853,0.71,1,0.16,0.893,0
92.5167638704982,115.65,8.131391180141431,0.4678,1.87,0,0.0,0.862,1
86.44357458345847,108.05,1.063454715418567,0.0227,8.94,1,0.86,0.892,1
187.9095323642717,234.89,9.002236811539392,0.2351,1.0,0,0.0,0.905,1
39.36748553318709,49.21,0.2395566339504085,0.3851,9.76,1,0.39,0.836,0
264.7042835519261,330.88,4.445743232363087,0.1584,5.55,1,2.65,0.746,1
248.5654225395124,310.71,5.006236541013945,0.2644,4.99,1,2.49,0.697,1
195.61974590558333,244.52,8.340021010263388,0.3502,1.66,1,1.96,0.961,1
137.52414953765933,171.91,7.50859213453971,0.476,2.49,0,0.0,0.988,1
279.8868126426235,349.86,7.970968964998858,0.0514,2.03,0,0.0,0.743,1
249.22396641616675,311.53,8.679009495573746,0.0786,1.32,1,2.49,0.645,0
149.79454442437347,187.24,4.760709204927257,0.2544,5.24,0,0.0,0.689,1
210.56200633629336,263.2,7.802523535171715,0.2092,2.2,0,0.0,0.868,1
170.07898565390536,212.6,0.6803309440543892,0.2054,9.32,0,0.0,0.669,0
176.38267151647935,220.48,4.445464227505388,0.1485,5.55,1,1.76,0.912,0
99.2928208312414,124.12,0.3013267486964111,0.2803,9.7,1,0.99,0.969,0
138.62538138746902,173.28,9.15315065318594,0.4416,0.85,1,1.39,0.985,1
23.43642923692326,29.3,9.584137819529207,0.0805,0.42,1,0.23,0.604,1
107.20460749937774,134.01,0.8393906028816278,0.1076,9.16,1,1.07,0.983,1
208.7485546086456,260.94,5.326266444077605,0.3354,4.67,1,2.09,0.896,0
285.9648091518559,357.46,3.2513960633686914,0.0281,6.75,0,0.0,0.634,0
288.9192338289061,361.15,3.4253428466287805,0.3369,6.57,1,2.89,0.766,0
166.7168607374675,208.4,4.507000613754847,0.1572,5.49,1,1.67,0.88,0
181.98667554287465,227.48,1.2506596525455072,0.1789,8.75,1,1.82,0.983,0
55.716355650290254,69.65,1.8077019878391265,0.2028,8.19,1,0.56,0.666,1
208.59243242805923,260.74,5.773686601279447,0.1748,4.23,1,2.09,0.651,1
21.19763780231587,26.5,0.1875590943748828,0.4206,9.81,0,0.0,0.789,1
85.40570573983337,106.76,5.998010220142007,0.473,4.0,1,0.85,0.987,0
200.50900418563268,250.64,3.189171877866693,0.274,6.81,1,2.01,0.989,0
93.0930394630468,116.37,8.322064148040017,0.2909,1.68,1,0.93,0.691,1
14.954062234336297,18.69,6.000065077286838,0.0352,4.0,0,0.0,0.728,0
249.56112280528913,311.95,7.080912007121719,0.3566,2.92,1,2.5,0.963,1
93.09900214036892,116.37,1.1442518123794532,0.292,8.86,0,0.0,0.894,1
18.931567457603528,23.66,2.658623646816886,0.0252,7.34,0,0.0,0.989,0
22.43644935085955,28.05,9.966696089720363,0.0992,0.03,0,0.0,0.957,1
75.52763963662609,94.41,4.3365224690922375,0.101,5.66,0,0.0,0.686,1
53.40478416645787,66.76,3.588652053242096,0.0855,6.41,1,0.53,0.904,1
232.29003533404529,290.36,8.738553589772742,0.3293,1.26,1,2.32,0.619,1
96.50521400011031,120.63,0.3307460886313484,0.4642,9.67,0,0.0,0.927,0
241.40873551194977,301.76,5.347733616761196,0.3815,4.65,0,0.0,0.841,0
52.15379934694584,65.19,2.1025721378592435,0.2387,7.9,1,0.52,0.982,0
147.86375386322513,184.83,3.681527914537632,0.202,6.32,1,1.48,0.984,0
206.41114006593864,258.01,1.99777071870328,0.1932,8.0,0,0.0,0.62,1
195.59725615975643,244.5,0.3782275954870773,0.3006,9.62,1,1.96,0.664,0
180.33882297908065,225.42,4.165121339685567,0.1796,5.83,0,0.0,0.794,0
277.4464805793509,346.81,7.892030211950896,0.1131,2.11,0,0.0,0.952,0
68.55754431202331,85.7,9.51954432626891,0.3014,0.48,0,0.0,0.926,1
148.1157613386316,185.14,6.238529746100124,0.1954,3.76,1,1.48,0.986,1
265.1977650217226,331.5,3.888370923527215,0.0071,6.11,0,0.0,0.847,0
23.368129678547113,29.21,7.698552735473022,0.0111,2.3,0,0.0,0.703,1
16.766480475922574,20.96,5.052239834292209,0.1371,4.95,0,0.0,0.61,1
69.99068626748742,87.49,3.676202798906616,0.2562,6.32,0,0.0,0.689,1
189.90636586140553,237.38,1.7908969255297469,0.1771,8.21,1,1.9,0.87,1
77.96388793494206,97.45,7.961299843370574,0.012,2.04,0,0.0,0.971,1
57.07196514263969,71.34,5.004257905170166,0.1116,5.0,0,0.0,0.728,0
137.64069460748763,172.05,9.638037413110627,0.0482,0.36,1,1.38,0.95,0
184.07942063082345,230.1,8.0190960034872,0.4743,1.98,0,0.0,0.758,0
74.56731210502213,93.21,4.20016119142277,0.1564,5.8,0,0.0,0.723,0
90.20735601712262,112.76,7.408500408674572,0.0074,2.59,0,0.0,0.804,0
184.06779144345415,230.08,4.53391492852071,0.3303,5.47,0,0.0,0.777,0
283.7215265968358,354.65,0.7986572841426465,0.1162,9.2,0,0.0,0.966,0
202.4225182314265,253.03,5.1668105155821875,0.2834,4.83,1,2.02,0.787,0
234.871243075368,293.59,8.657286195341495,0.0754,1.34,1,2.35,0.711,0
110.04302842664065,137.55,8.554413185170164,0.492,1.45,1,1.1,0.937,0
81.67630781533983,102.1,5.7496691363997465,0.4851,4.25,1,0.82,0.999,0
136.28032296078675,170.35,3.800235364148499,0.328,6.2,0,0.0,0.859,0
242.1398486135021,302.67,0.1010060231037179,0.3536,9.9,0,0.0,0.7,0
136.88989253716676,171.11,3.114097789395127,0.2129,6.89,0,0.0,0.696,0
254.0176226369583,317.52,9.898085773077344,0.4811,0.1,0,0.0,0.623,0
296.6315942085381,370.79,7.264910332929944,0.2119,2.74,1,2.97,0.631,0
21.607999719100903,27.01,7.175885638250628,0.1197,2.82,0,0.0,0.966,0
13.623046825111109,17.03,7.61083390331761,0.0577,2.39,0,0.0,0.639,1
44.876910874008544,56.1,6.201133833419443,0.1041,3.8,0,0.0,0.794,0
115.31090272030386,144.14,5.858586571750079,0.2861,4.14,0,0.0,0.879,0
39.31266274362972,49.14,4.536192553624145,0.1225,5.46,1,0.39,0.94,1
261.1993432856268,326.5,4.43933993669687,0.3271,5.56,1,2.61,0.669,0
6.943875308119141,8.68,8.708484554371987,0.1911,1.29,0,0.0,0.775,0
94.73781490074676,118.42,3.934562616967805,0.4434,6.07,0,0.0,0.701,1
55.4083888482616,69.26,8.402917840677217,0.2792,1.6,0,0.0,0.702,1
279.4617990472597,349.33,8.377344256249371,0.3113,1.62,0,0.0,0.722,0
200.8443014670084,251.06,7.708981993415111,0.2783,2.29,0,0.0,0.835,0
273.60907693541236,342.01,0.3764239986344619,0.4428,9.62,1,2.74,0.607,0
291.698613093118,364.62,1.4797224440361978,0.0317,8.52,1,2.92,0.764,0
149.12947310321076,186.41,3.14705142186515,0.0337,6.85,0,0.0,0.675,1
70.29573241440788,87.87,8.475333422594817,0.3509,1.52,1,0.7,0.987,0
58.11863585897679,72.65,8.732593813561659,0.384,1.27,1,0.58,0.833,0
66.87565850575216,83.59,0.4155729435549216,0.2168,9.58,1,0.67,0.947,1
212.57799228660087,265.72,3.247245531285988,0.1762,6.75,1,2.13,0.678,0
12.13371843690022,15.17,8.503842046380706,0.139,1.5,0,0.0,0.924,0
15.40832190981446,19.26,2.496932490352383,0.1172,7.5,0,0.0,0.766,0
182.442882714945,228.05,9.76003306597132,0.456,0.24,0,0.0,0.671,0
192.61714402122195,240.77,4.893037665760273,0.1476,5.11,1,1.93,0.904,1
199.578877296738,249.47,9.3731268939841,0.324,0.63,1,2.0,0.905,1
111.56415137657736,139.46,4.2882639436526295,0.3935,5.71,0,0.0,0.998,1
241.78346661424595,302.23,3.237989270876299,0.011,6.76,1,2.42,0.912,1
160.08737631798527,200.11,3.624101752088528,0.0169,6.38,0,0.0,0.658,1
31.639689002825833,39.55,8.843005825306731,0.1666,1.16,0,0.0,0.729,1
239.1297921202036,298.91,3.3068938628833267,0.348,6.69,1,2.39,0.781,0
285.9203358811375,357.4,6.693462214597103,0.1304,3.31,1,2.86,0.651,0
18.010893900707604,22.51,4.698426821245846,0.0007,5.3,0,0.0,0.915,1
117.40540161017398,146.76,9.416711887268477,0.1441,0.58,0,0.0,0.811,0
146.25481345042428,182.82,1.59363472071141,0.0451,8.41,0,0.0,0.978,1
43.941228023495086,54.93,4.286568301018422,0.1097,5.71,1,0.44,0.836,1
260.31268433486315,325.39,1.2463381190312195,0.1666,8.75,0,0.0,0.809,1
85.2448934670132,106.56,5.7813934196018915,0.064,4.22,0,0.0,0.629,0
234.90256198144803,293.63,4.028991913380774,0.3532,5.97,1,2.35,0.66,0
201.2983446084948,251.62,0.6093723248441663,0.128,9.39,1,2.01,0.94,0
179.41374674010703,224.27,8.498381097667531,0.3305,1.5,0,0.0,0.996,0
57.64285460896632,72.05,3.755147828664389,0.2995,6.24,1,0.58,0.766,0
66.21105616527171,82.76,4.936307409504639,0.449,5.06,0,0.0,0.924,0
14.204521423970796,17.76,4.075133354835784,0.044,5.92,0,0.0,0.851,1
72.2137289346799,90.27,4.886526784499662,0.1073,5.11,1,0.72,0.984,0
103.63308283815424,129.54,0.1632519766810081,0.4326,9.84,0,0.0,0.695,0
249.9435911587276,312.43,8.15459529307975,0.4111,1.85,1,2.5,0.818,1
109.9178000144416,137.4,3.3230801194614368,0.0961,6.68,1,1.1,0.764,1
226.38653482968192,282.98,7.244617644261435,0.0539,2.76,0,0.0,0.817,0
131.83268438864627,164.79,0.6488679538113173,0.4281,9.35,0,0.0,0.708,0
235.46049359816652,294.33,5.238252524980913,0.0891,4.76,0,0.0,0.799,1
292.88148013111197,366.1,9.087919720707374,0.4356,0.91,0,0.0,0.85,1
71.95246741727404,89.94,3.982480355036875,0.4806,6.02,0,0.0,0.632,1
258.70248358916285,323.38,1.9725901008403055,0.1104,8.03,1,2.59,0.897,0
186.5472258917324,233.18,0.9908115711509724,0.4202,9.01,1,1.87,0.883,0
245.18827847659645,306.49,8.590879634880926,0.2119,1.41,1,2.45,0.952,0
195.47577068034155,244.34,2.3880622735961743,0.3944,7.61,0,0.0,0.77,1
127.18485218224504,158.98,9.750711114986512,0.2037,0.25,0,0.0,0.625,1
68.4224818325371,85.53,2.4782278332790773,0.0352,7.52,0,0.0,0.785,1
21.010567599349507,26.26,4.8099099574279975,0.3563,5.19,0,0.0,0.655,0
160.6555093382151,200.82,4.579941317991669,0.0753,5.42,0,0.0,0.859,1
297.0978283580597,371.37,0.620096193665074,0.4635,9.38,1,2.97,0.619,1
221.41254150426187,276.77,5.318394198174479,0.2089,4.68,1,2.21,0.75,1
98.20366241970498,122.75,6.7264097968853696,0.041,3.27,1,0.98,0.633,1
248.1614400260206,310.2,7.421356632912185,0.1142,2.58,1,2.48,0.601,1
230.69520005292196,288.37,5.225917563109292,0.4313,4.77,1,2.31,0.984,0
84.49073800603703,105.61,8.125851651213527,0.1605,1.87,1,0.84,0.998,1
4.292246938270406,5.37,7.520975018439174,0.4282,2.48,0,0.0,0.822,1
35.44879156018488,44.31,1.9397431208722091,0.0861,8.06,1,0.35,0.696,0
263.1918570936173,328.99,4.016016818985069,0.2341,5.98,0,0.0,0.964,1
250.9689105914615,313.71,1.425818512087107,0.4391,8.57,1,2.51,0.969,0
88.56270026350873,110.7,1.334236537709215,0.0242,8.67,1,0.89,0.942,0
85.55862788532612,106.95,7.121273546232116,0.1521,2.88,1,0.86,0.818,0
237.85949613074132,297.32,5.304591323775849,0.4549,4.7,0,0.0,0.63,0
281.3212409686266,351.65,6.0094980847810255,0.2983,3.99,1,2.81,0.635,1
233.74117703928,292.18,7.321842832725891,0.3581,2.68,0,0.0,0.959,1
181.67360310922845,227.09,2.772349321617468,0.4211,7.23,0,0.0,0.95,0
72.80140509954136,91.0,4.0136195865265565,0.2618,5.99,1,0.73,0.774,1
157.7243742285782,197.16,6.068030889836208,0.4227,3.93,1,1.58,0.731,1
70.05355757797939,87.57,0.9662898141836118,0.3194,9.03,1,0.7,0.858,1
242.4034260290321,303.0,8.33054081195257,0.3428,1.67,0,0.0,0.923,0
116.08832385532118,145.11,3.4344962418887603,0.0764,6.57,0,0.0,0.893,1
250.10916509820785,312.64,6.587529840348395,0.4695,3.41,0,0.0,0.846,1
114.4827653948176,143.1,9.955649018568158,0.398,0.04,1,1.14,0.693,1
247.2448215599674,309.06,4.753624453773155,0.1271,5.25,1,2.47,0.705,1
99.99534454957258,124.99,2.150484492890988,0.29,7.85,1,1.0,0.89,0
132.03981138530096,165.05,2.164333987818478,0.1882,7.84,1,1.32,0.921,1
184.64652580279727,230.81,0.6037621618598044,0.3302,9.4,1,1.85,0.646,0
21.0862842089756,26.36,7.670823009964601,0.4969,2.33,1,0.21,0.675,1
284.46211854463934,355.58,2.934313400920274,0.0229,7.07,1,2.84,0.872,0
172.08173583714097,215.1,1.727257625360824,0.4763,8.27,0,0.0,0.756,0
152.34600440724068,190.43,7.136960338155216,0.0362,2.86,1,1.52,0.825,1
251.81819133597364,314.77,3.091366414141341,0.2304,6.91,0,0.0,0.846,1
259.7288189690483,324.66,6.00468947664389,0.2411,4.0,0,0.0,0.91,1
156.6781213587048,195.85,4.178262138353389,0.1344,5.82,0,0.0,0.922,0
278.1786977380912,347.72,3.3415272967977003,0.2833,6.66,1,2.78,0.712,1
19.421329822944188,24.28,4.894295955389597,0.417,5.11,0,0.0,0.817,0
33.967737675365264,42.46,3.1379323937219716,0.147,6.86,1,0.34,0.649,1
179.03646900433205,223.8,8.70564919142517,0.0352,1.29,1,1.79,0.937,1
106.2197585380751,132.77,0.730403044251241,0.3161,9.27,1,1.06,0.938,1
139.26754985675964,174.08,0.3015362494690454,0.3759,9.7,0,0.0,0.72,0
98.42376536914996,123.03,4.063930273835195,0.4773,5.94,0,0.0,0.664,0
121.41759343348068,151.77,1.7284363498898236,0.0798,8.27,0,0.0,0.628,0
246.79390414388985,308.49,7.43726455022875,0.4507,2.56,0,0.0,0.83,1
178.0428599562914,222.55,3.5343391072314576,0.2411,6.47,0,0.0,0.637,1
299.2033647850495,374.0,2.614377121620939,0.1179,7.39,0,0.0,0.872,1
236.0637593462889,295.08,3.5938146320282947,0.4814,6.41,1,2.36,0.871,1
82.09987623054799,102.62,2.194839313100261,0.1192,7.81,1,0.82,0.846,0
79.30353531800887,99.13,2.9965247899984524,0.3667,7.0,1,0.79,0.951,0
100.76948103510212,125.96,5.679852853703765,0.3924,4.32,0,0.0,0.751,0
252.9778441943228,316.22,8.640325459584211,0.2153,1.36,0,0.0,0.961,0
8.186295195169679,10.23,3.7086935891678063,0.345,6.29,1,0.08,0.615,0
69.05438366137732,86.32,3.206717772441303,0.2862,6.79,0,0.0,0.645,1
271.47552610328006,339.34,7.817898786449065,0.096,2.18,0,0.0,0.765,1
191.9689308249756,239.96,0.2242638355795612,0.3799,9.78,1,1.92,0.838,0
68.05412865031693,85.07,3.0207632541182337,0.464,6.98,1,0.68,0.613,0
65.7434904697741,82.18,4.521708185442338,0.2443,5.48,1,0.66,0.827,1
258.78543052782913,323.48,6.006616768491085,0.4972,3.99,0,0.0,0.723,0
268.1272524831139,335.16,1.560615297786937,0.214,8.44,0,0.0,0.955,1
76.83932728863458,96.05,4.3285439805529125,0.2399,5.67,1,0.77,0.813,1
126.15310742295968,157.69,5.663004668819045,0.3369,4.34,0,0.0,0.835,0
250.37872158849515,312.97,5.102504584736023,0.0929,4.9,1,2.5,0.978,0
231.3022315829656,289.13,5.745510780465695,0.451,4.25,1,2.31,0.906,1
244.17483196982533,305.22,6.6239826746152195,0.4006,3.38,0,0.0,0.775,1
155.51945723639062,194.4,3.793726691315218,0.4362,6.21,1,1.56,0.791,0
273.46471449155194,341.83,0.6363574177599263,0.3048,9.36,0,0.0,0.859,0
97.78546318633056,122.23,0.5555628230625342,0.4419,9.44,0,0.0,0.68,0
47.00164030425541,58.75,8.587146470198228,0.34,1.41,0,0.0,0.635,1
212.61969976945943,265.77,6.7741921682854525,0.2558,3.23,1,2.13,0.724,0
161.8063248020689,202.26,7.6418468251725375,0.4659,2.36,0,0.0,0.911,0
256.3757306428443,320.47,9.288046199302022,0.2199,0.71,1,2.56,0.703,0
24.34777473741449,30.43,7.505444033056378,0.2503,2.49,0,0.0,0.652,1
253.10772103142008,316.38,6.923012684145627,0.0848,3.08,0,0.0,0.688,0
87.98839596264666,109.99,6.5575853890640134,0.4738,3.44,0,0.0,0.872,1
196.4567001504549,245.57,2.5857338467581084,0.1105,7.41,1,1.96,0.846,1
12.038636723476737,15.05,9.572940717475577,0.1007,0.43,1,0.12,0.875,0
182.8743888910802,228.59,5.420443080659695,0.0506,4.58,0,0.0,0.729,0
215.1815067562008,268.98,2.2207389461860716,0.2267,7.78,1,2.15,0.96,0
110.62506435168608,138.28,2.098262110728031,0.1368,7.9,1,1.11,0.781,1
64.62321157864207,80.78,8.152659114940398,0.3704,1.85,0,0.0,0.805,0
161.2892029810635,201.61,2.5020860145627974,0.1538,7.5,0,0.0,0.98,0
249.95724133069396,312.45,0.4142639787584179,0.3604,9.59,0,0.0,0.992,0
97.06420748899524,121.33,4.28412272834647,0.098,5.72,1,0.97,0.865,1
75.74078925638386,94.68,8.173504547328779,0.115,1.83,0,0.0,0.978,1
83.68059259130631,104.6,4.144396411860094,0.4031,5.86,0,0.0,0.817,1
284.7396458749993,355.92,8.035475776019341,0.1855,1.96,0,0.0,0.723,1
107.7830747293679,134.73,8.272109757617002,0.0559,1.73,0,0.0,0.726,1
1.0812719664861523,1.35,8.577071627894075,0.4807,1.42,0,0.0,0.824,1
234.50436238788592,293.13,5.888998407660207,0.0887,4.11,0,0.0,0.842,1
209.78243860061704,262.23,6.994707701724257,0.0751,3.01,0,0.0,0.776,1
38.57047938089067,48.21,2.6185906083657584,0.1792,7.38,0,0.0,0.954,1
295.47127474047375,369.34,0.99697943016393,0.0478,9.0,0,0.0,0.771,1
182.41868559153335,228.02,5.327805241800846,0.0778,4.67,0,0.0,0.709,0
150.23384728218045,187.79,0.1058189259799424,0.4232,9.89,1,1.5,0.603,1
114.66578028686732,143.33,4.657378509523667,0.0858,5.34,0,0.0,0.988,0
269.6018266690914,337.0,1.020936200695758,0.0557,8.98,1,2.7,0.93,1
73.18904442556898,91.49,1.0842029980506451,0.44,8.92,1,0.73,0.846,0
85.73067006597056,107.16,8.707834158854489,0.2219,1.29,0,0.0,0.932,1
36.72324200597007,45.9,6.405181923060354,0.0786,3.59,0,0.0,0.924,0
227.735728675278,284.67,6.452342986480478,0.2908,3.55,1,2.28,0.973,0
178.664784121756,223.33,4.044766754891604,0.0208,5.96,1,1.79,0.754,1
182.7198507763495,228.4,4.132543239375133,0.2137,5.87,0,0.0,0.822,1
65.54112930583909,81.93,3.0310769280931096,0.2952,6.97,1,0.66,0.639,0
195.35051673812515,244.19,4.343585332920799,0.4786,5.66,1,1.95,0.986,0
229.6375341740592,287.05,5.871250614068569,0.1632,4.13,0,0.0,0.994,1
107.36655921770678,134.21,1.865890577064796,0.3825,8.13,1,1.07,0.916,0
240.40414318851367,300.51,2.6168344691792234,0.0663,7.38,0,0.0,0.782,1
104.63717655960627,130.8,4.947539361782014,0.2168,5.05,1,1.05,0.799,1
227.4415384527863,284.3,3.847803020255193,0.1116,6.15,1,2.27,0.774,0
10.119032237315697,12.65,8.194865134900533,0.2462,1.81,0,0.0,0.717,1
165.3493804420958,206.69,8.216870270768133,0.2086,1.78,1,1.65,0.811,1
290.857968191966,363.57,3.359920408309799,0.4899,6.64,0,0.0,0.621,1
294.3733802047172,367.97,4.507952800131594,0.4587,5.49,1,2.94,0.997,1
84.52577350252218,105.66,9.765874980571835,0.2911,0.23,1,0.85,0.77,0
132.41972732410665,165.52,8.27476083286064,0.0883,1.73,0,0.0,0.971,0
18.89337239598991,23.62,2.1566041647357084,0.2785,7.84,0,0.0,0.89,1
262.0023922813799,327.5,2.8022897722073115,0.396,7.2,1,2.62,0.716,1
170.57164594206424,213.21,0.8348033824163659,0.019,9.17,1,1.71,0.689,1
115.5302036821551,144.41,6.778231426173299,0.217,3.22,0,0.0,0.998,1
33.831167546745924,42.29,3.16895300034324,0.0213,6.83,1,0.34,0.909,1
284.03018564906677,355.04,5.365951871199167,0.122,4.63,0,0.0,0.7,0
159.0657143462981,198.83,7.6814228191838065,0.0461,2.32,1,1.59,0.627,0
84.87837872487117,106.1,8.360350673796889,0.4803,1.64,1,0.85,0.879,1
105.06453903945284,131.33,3.253643440735856,0.0844,6.75,0,0.0,0.721,1
81.2091542766443,101.51,2.372469370744137,0.0751,7.63,1,0.81,0.689,0
180.5429426570942,225.68,8.485363726118605,0.486,1.51,1,1.81,0.894,0
278.98907273415296,348.74,3.8127081159293783,0.258,6.19,1,2.79,0.872,0
257.00814099796935,321.26,8.219981403791955,0.379,1.78,0,0.0,0.793,0
138.11426262779324,172.64,1.4976315064146806,0.1637,8.5,0,0.0,0.977,0
247.94980869030235,309.94,9.119094103760249,0.2664,0.88,0,0.0,0.872,0
126.93164438289897,158.66,4.831256571279342,0.0034,5.17,1,1.27,0.957,1
75.6921422275914,94.62,1.7013339000181993,0.2044,8.3,1,0.76,0.676,1
295.02453457992834,368.78,5.350681502624544,0.2775,4.65,0,0.0,0.719,0
91.16627039124656,113.96,8.700159819292617,0.2572,1.3,1,0.91,0.642,0
97.11726929607252,121.4,3.8932506875909088,0.2029,6.11,1,0.97,0.722,1
296.9078603359567,371.13,1.7806150696456624,0.394,8.22,1,2.97,0.989,1
40.17824794969647,50.22,5.765561651617974,0.2508,4.23,0,0.0,0.985,1
228.16019640290853,285.2,8.34467111582599,0.3181,1.66,0,0.0,0.904,1
280.743827544818,350.93,1.2135377603565167,0.0923,8.79,0,0.0,0.808,0
153.5384982826256,191.92,0.414083076526115,0.4308,9.59,0,0.0,0.912,1
0.7565285108460107,0.95,0.5629349358184366,0.1814,9.44,1,0.01,0.821,0
112.51768323393188,140.65,2.3048871970045592,0.2411,7.7,0,0.0,0.601,0
33.470697715448125,41.84,0.0730200127352431,0.1761,9.93,1,0.33,0.801,0
124.85629828010872,156.07,4.286727694012878,0.446,5.71,0,0.0,0.84,1
237.0080284926854,296.26,6.977494539209169,0.4504,3.02,1,2.37,0.706,0
131.61346466514016,164.52,7.104581892712821,0.1121,2.9,1,1.32,0.681,1
129.57753640377675,161.97,6.367115232411065,0.3764,3.63,0,0.0,0.71,0
167.036843075654,208.8,2.9620013459500685,0.0514,7.04,1,1.67,0.849,0
174.50717542430405,218.13,7.359377057084177,0.0149,2.64,1,1.75,0.658,0
256.8888926396914,321.11,5.7648756762494,0.4183,4.24,0,0.0,0.888,0
92.50663176868544,115.63,8.611791967673655,0.0656,1.39,0,0.0,0.769,0
246.5013793104048,308.13,4.780055155192783,0.0774,5.22,1,2.47,0.741,0
169.78012460761417,212.23,1.8014730991556305,0.3033,8.2,0,0.0,0.923,0
90.1588649151441,112.7,6.346528330341737,0.4084,3.65,0,0.0,0.802,0
88.53781320182314,110.67,1.5078422935405744,0.0948,8.49,0,0.0,0.751,0
108.34125513171736,135.43,9.631448446082192,0.0571,0.37,1,1.08,0.951,0
186.80797278599263,233.51,7.0328518976736385,0.0387,2.97,1,1.87,0.747,1
69.24351940798475,86.55,7.563218874224475,0.0124,2.44,1,0.69,0.944,1
276.10006850168025,345.13,6.79268442467408,0.0582,3.21,1,2.76,0.802,1
172.47377525337012,215.59,0.9755956992356728,0.4713,9.02,1,1.72,0.683,1
276.00473309880203,345.01,4.652998194550749,0.0476,5.35,1,2.76,0.845,1
13.921307573746413,17.4,6.514152429123855,0.2988,3.49,0,0.0,0.714,1
102.78341113844202,128.48,2.293558730849594,0.4605,7.71,1,1.03,0.659,0
6.842298206286923,8.55,6.795021069094571,0.3139,3.2,0,0.0,0.635,0
81.67554452939095,102.09,8.198854752386783,0.0164,1.8,1,0.82,0.697,0
258.60194168057643,323.25,2.749299794182951,0.2982,7.25,0,0.0,0.895,1
10.982914752660257,13.73,1.996033002657578,0.4515,8.0,0,0.0,0.935,1
130.84412997472344,163.56,8.831599779348892,0.1613,1.17,0,0.0,0.945,1
35.27012114196834,44.09,0.0519449276456718,0.1568,9.95,0,0.0,0.708,1
125.05219777811033,156.32,2.557470484099287,0.1244,7.44,0,0.0,0.864,0
251.6554752793132,314.57,4.067303981459162,0.2528,5.93,0,0.0,0.692,1
186.92131002075573,233.65,6.722597187868979,0.119,3.28,1,1.87,0.849,0
221.02690359942696,276.28,9.97063494459672,0.3619,0.03,1,2.21,0.955,1
104.7312346348743,130.91,3.7081839490267576,0.3224,6.29,1,1.05,0.616,0
283.31930850304246,354.15,9.488087260395194,0.2004,0.51,1,2.83,0.994,1
212.77862813385,265.97,3.6677428215822583,0.3613,6.33,0,0.0,0.931,0
126.53964578535928,158.17,6.95529256684021,0.0492,3.04,1,1.27,0.905,1
127.93944006811648,159.92,1.6536701732446069,0.3748,8.35,1,1.28,0.877,0
275.6052533829893,344.51,4.604078585847549,0.3015,5.4,1,2.76,0.908,1
172.92140803061753,216.15,8.712735186392601,0.315,1.29,0,0.0,0.998,1
211.9137629709125,264.89,3.199943800738092,0.0323,6.8,1,2.12,0.908,0
125.11056735395124,156.39,1.052025986807329,0.3091,8.95,1,1.25,0.741,1
67.10782942941424,83.88,5.227133358625299,0.2471,4.77,0,0.0,0.846,0
217.06778759832557,271.33,4.395346862840107,0.2429,5.6,1,2.17,0.735,0
182.34713164241631,227.93,2.295396301195164,0.1609,7.7,1,1.82,0.988,0
150.40286412743382,188.0,9.05615226147165,0.0038,0.94,0,0.0,0.96,0
187.20628199833916,234.01,6.0168673818025304,0.2113,3.98,0,0.0,0.827,1
62.48567581927009,78.11,3.471736218332727,0.2005,6.53,0,0.0,0.913,0
238.1816119595869,297.73,9.961312390539405,0.2114,0.04,1,2.38,0.964,1
284.44884150609175,355.56,1.3756620327569349,0.306,8.62,0,0.0,0.697,1
267.33094325031084,334.16,8.479515125836945,0.15,1.52,1,2.67,0.832,0
96.43072359210514,120.54,2.3062493578382504,0.1347,7.69,1,0.96,0.793,0
121.80173198462276,152.25,2.395068579029618,0.2489,7.6,0,0.0,0.909,0
242.52068993926835,303.15,4.981621982405471,0.2962,5.02,1,2.43,0.752,0
178.53513924738115,223.17,6.619419698175189,0.2837,3.38,0,0.0,0.884,0
164.37433310299477,205.47,6.904630975119893,0.4408,3.1,0,0.0,0.761,0
277.9925902600336,347.49,0.2212763610269907,0.3846,9.78,1,2.78,0.644,0
160.80748829311523,201.01,2.8685795319750715,0.0261,7.13,0,0.0,0.643,0
154.48160387619296,193.1,6.606040752735673,0.2817,3.39,0,0.0,0.648,1
12.605577379907896,15.76,8.897347936877923,0.2089,1.1,1,0.13,0.613,0
20.82508757704129,26.03,6.698908884063027,0.1805,3.3,0,0.0,0.813,0
2.2260923641950536,2.78,2.6588131475356915,0.4789,7.34,0,0.0,0.869,0
273.9732677350901,342.47,5.0777274898771765,0.2284,4.92,1,2.74,0.651,1
122.5159980053102,153.14,6.475764187454032,0.3597,3.52,1,1.23,0.845,0
140.56841284002377,175.71,1.3533935089702465,0.4835,8.65,1,1.41,0.839,1
253.6160842777386,317.02,5.449069032673095,0.0755,4.55,0,0.0,0.659,0
182.7738931127334,228.47,4.716662280526613,0.0273,5.28,0,0.0,0.762,0
182.8504789171743,228.56,3.3664803474134706,0.1568,6.63,1,1.83,0.902,0
88.96032880644373,111.2,6.235376682587858,0.0222,3.76,1,0.89,0.607,0
250.17251217735577,312.72,6.362162930304626,0.0584,3.64,0,0.0,0.659,0
49.74899281184813,62.19,9.714699060403111,0.4959,0.29,1,0.5,0.998,0
15.94487765188437,19.93,4.283051974128959,0.4801,5.72,1,0.16,0.893,1
57.48100725555969,71.85,5.312671554836946,0.3456,4.69,1,0.57,0.786,1
80.3211656323694,100.4,1.5750258097065897,0.3765,8.42,0,0.0,0.852,0
84.69331735626201,105.87,5.4836233887579136,0.0702,4.52,0,0.0,0.938,0
201.15407958563029,251.44,0.3608594917487495,0.2976,9.64,1,2.01,0.937,0
65.34737619859305,81.68,1.4987757445686611,0.0772,8.5,1,0.65,0.73,1
202.99749134849537,253.75,1.7124680349508048,0.1892,8.29,0,0.0,0.797,0
27.33965197013992,34.17,6.3263911750440265,0.1727,3.67,0,0.0,0.855,1
44.160738329372705,55.2,5.672946407340433,0.307,4.33,1,0.44,0.629,1
152.6464345472985,190.81,7.980369569444417,0.0398,2.02,1,1.53,0.978,0
276.5687407729928,345.71,4.643994318717968,0.0517,5.36,0,0.0,0.773,0
257.8702766433342,322.34,4.7485623686661125,0.305,5.25,0,0.0,0.748,0
290.62603273284094,363.28,1.615560321245514,0.3181,8.38,0,0.0,0.963,0
195.1437195834513,243.93,7.427014297298196,0.1699,2.57,0,0.0,0.647,0
202.7444599248276,253.43,0.0365292565193542,0.0734,9.96,0,0.0,0.616,0
187.50689967944763,234.38,4.248908731463496,0.443,5.75,1,1.88,0.874,0
186.8456768574592,233.56,1.88325091136336,0.0265,8.12,1,1.87,0.754,1
44.13610352027539,55.17,7.710099245419837,0.3587,2.29,1,0.44,0.906,0
163.1216868491786,203.9,6.73391360687125,0.07,3.27,0,0.0,0.627,1
115.82038003551772,144.78,7.067687098370855,0.3187,2.93,0,0.0,0.754,0
132.76116473318802,165.95,1.4857788569647046,0.3318,8.51,1,1.33,0.694,1
157.0801719177712,196.35,6.688140736603108,0.4021,3.31,0,0.0,0.896,1
38.51885154067548,48.15,6.9089370982039355,0.1975,3.09,1,0.39,0.691,1
107.84632015563596,134.81,0.0263708470338597,0.0109,9.97,0,0.0,0.783,0
19.034868262981075,23.79,3.176008591114934,0.4055,6.82,1,0.19,0.928,1
293.90043912671973,367.38,0.8728818124243176,0.222,9.13,1,2.94,0.966,1
35.55840864603784,44.45,6.813942324114902,0.4235,3.19,1,0.36,0.889,0
77.55742156348634,96.95,2.1210866980743495,0.388,7.88,0,0.0,0.772,0
267.38787801101915,334.23,2.6465931522932173,0.2492,7.35,1,2.67,0.829,1
144.81301387174256,181.02,0.7832907547015056,0.4997,9.22,1,1.45,0.876,0
40.69116045618909,50.86,4.8380666527199825,0.231,5.16,1,0.41,0.95,1
115.26916141180467,144.09,0.3303280949238174,0.3483,9.67,0,0.0,0.955,0
34.760398257415744,43.45,8.455922128750107,0.3349,1.54,0,0.0,0.972,1
60.06479912535053,75.08,0.2636604001627995,0.259,9.74,0,0.0,0.924,0
15.608954084953508,19.51,0.6163969418178417,0.2927,9.38,0,0.0,0.659,1
131.46824836473,164.34,6.404066332174871,0.3993,3.6,1,1.31,0.899,1
241.99083651757795,302.49,9.16933523025437,0.2858,0.83,1,2.42,0.926,0
175.79075360996865,219.74,8.921211346441968,0.2251,1.08,1,1.76,0.951,0
181.90359164538353,227.38,0.8363051101386232,0.331,9.16,1,1.82,0.97,0
60.1752090249721,75.22,2.8844672163905627,0.0178,7.12,1,0.6,0.804,1
103.16815297570994,128.96,5.210368568622786,0.0546,4.79,1,1.03,0.862,0
253.5726311522496,316.97,0.266237386964665,0.0627,9.73,0,0.0,0.604,1
26.35685529795436,32.95,5.286426155484825,0.2129,4.71,1,0.26,0.829,1
257.37919610056014,321.72,4.477656408439569,0.4359,5.52,1,2.57,0.789,1
145.10700787943568,181.38,5.884109955595209,0.3216,4.12,0,0.0,0.985,1
251.1442293975352,313.93,9.203148835436032,0.4863,0.8,0,0.0,0.961,1
95.4019258183201,119.25,2.746193057114631,0.02,7.25,0,0.0,0.919,0
101.65288547490624,127.07,6.390965435185888,0.361,3.61,0,0.0,0.623,1
225.48146049694284,281.85,4.2983233597309525,0.1571,5.7,0,0.0,0.761,1
235.49885201766605,294.37,4.35128724321577,0.0116,5.65,1,2.35,0.878,0
68.89340339704403,86.12,6.472714022593479,0.413,3.53,0,0.0,0.612,0
291.86139744657163,364.83,9.513363951802347,0.0813,0.49,1,2.92,0.694,1
25.347031273448685,31.68,8.630315056658379,0.107,1.37,1,0.25,0.955,1
20.550888930639267,25.69,6.395224454791682,0.1702,3.6,0,0.0,0.652,0
178.65126458583083,223.31,4.61538088945903,0.3942,5.38,1,1.79,0.621,1
216.8222303314864,271.03,4.239921009118271,0.3123,5.76,1,2.17,0.832,1
288.26583876749214,360.33,7.871329109605401,0.1324,2.13,0,0.0,0.979,1
121.48373423965847,151.85,2.1822068374341153,0.0842,7.82,1,1.21,0.934,0
7.587422696889934,9.48,5.876665441624591,0.0548,4.12,0,0.0,0.99,1
180.86890183392208,226.09,5.049537682364711,0.0749,4.95,1,1.81,0.901,0
86.90880617963155,108.64,6.493535607005073,0.4341,3.51,0,0.0,0.775,1
129.88413635862068,162.36,1.8742102784980164,0.4613,8.13,0,0.0,0.979,1
146.54084467498058,183.18,6.957572238045302,0.484,3.04,1,1.47,0.771,1
19.353783221410147,24.19,6.269997942038847,0.4174,3.73,0,0.0,0.74,1
145.79453536923083,182.24,1.801461214696266,0.4437,8.2,1,1.46,0.779,1
127.89590004129442,159.87,4.49621689291029,0.4081,5.5,1,1.28,0.926,1
213.76327958597795,267.2,6.786193548433424,0.479,3.21,1,2.14,0.967,0
193.6997733637034,242.12,9.016042694423964,0.4228,0.98,1,1.94,0.743,1
55.56471544516831,69.46,1.220996282112904,0.231,8.78,1,0.56,0.785,1
61.841675463119095,77.3,0.0873941824860602,0.1616,9.91,1,0.62,0.959,0
75.30185363231197,94.13,1.6515415807516776,0.2921,8.35,0,0.0,0.619,1
53.6851320891532,67.11,9.892737345188166,0.3041,0.11,0,0.0,0.914,0
197.16395990054016,246.45,7.6837025761181454,0.2875,2.32,1,1.97,0.782,1
298.32905376008114,372.91,6.143690188443527,0.3534,3.86,0,0.0,0.751,1
195.63250215478095,244.54,1.3301306714937589,0.3495,8.67,1,1.96,0.779,1
182.00446385738735,227.51,4.160458492614759,0.0436,5.84,1,1.82,0.767,0
122.97838000532174,153.72,7.152388681467185,0.1428,2.85,0,0.0,0.903,1
93.77407765792822,117.22,8.958841622363781,0.4449,1.04,1,0.94,0.971,1
273.3221270719438,341.65,3.818232547592416,0.295,6.18,0,0.0,0.797,0
290.7005622426459,363.38,9.996898773860396,0.1643,0.0,0,0.0,0.933,1
149.03285267631833,186.29,1.3973641232889045,0.4252,8.6,0,0.0,0.893,0
87.06014865196724,108.83,3.8693592101789487,0.1245,6.13,1,0.87,0.732,1
231.03666230093032,288.8,8.753974588663038,0.2046,1.25,1,2.31,0.835,0
39.73703726006354,49.67,6.499156094483276,0.1381,3.5,0,0.0,0.867,0
229.67647129310447,287.1,8.109194930073627,0.4357,1.89,1,2.3,0.609,1
245.6845122934016,307.11,9.077991387728838,0.3641,0.92,1,2.46,0.758,0
37.47118338815021,46.84,5.073163955066891,0.2301,4.93,1,0.37,0.997,0
293.05844063896916,366.32,2.3474715088704325,0.4662,7.65,0,0.0,0.855,1
295.65368711654355,369.57,6.937069050624437,0.4637,3.06,0,0.0,0.734,1
281.01584379820537,351.27,5.634796847093573,0.3558,4.37,1,2.81,0.7,0
148.8104428218793,186.01,7.726492047567128,0.446,2.27,0,0.0,0.684,0
73.82224268304853,92.28,5.117137545627663,0.3597,4.88,1,0.74,0.761,0
174.6027842645739,218.25,8.11111368211255,0.3141,1.89,1,1.75,0.677,0
125.98015154143071,157.48,9.020174759625975,0.2104,0.98,1,1.26,0.654,0
61.78459341515913,77.23,7.495830266523974,0.1367,2.5,0,0.0,0.746,0
127.10292288535427,158.88,7.436551538926041,0.0301,2.56,0,0.0,0.843,0
199.16695070327717,248.96,5.871893412409877,0.4004,4.13,0,0.0,0.659,0
21.273993235797317,26.59,4.716420121160376,0.0611,5.28,0,0.0,0.618,0
100.02540043380496,125.03,9.725876568098888,0.2052,0.27,0,0.0,0.614,0
5.338467003847558,6.67,6.451125321172891,0.1173,3.55,0,0.0,0.707,1
224.8486516385027,281.06,8.40356502225362,0.2273,1.6,0,0.0,0.676,0
192.20738028501023,240.26,5.054090285435765,0.1575,4.95,1,1.92,0.816,0
18.80164041058976,23.5,5.548578579442208,0.4148,4.45,0,0.0,0.782,1
289.42126788059034,361.78,6.628890236121588,0.4891,3.37,0,0.0,0.73,0
6.786467138130203,8.48,7.285523686503388,0.4708,2.71,0,0.0,0.933,0
176.98819394282657,221.24,4.48355741536631,0.3112,5.52,1,1.77,0.802,0
232.91023853971672,291.14,3.5631492833336575,0.4896,6.44,0,0.0,0.637,1
236.36889391341688,295.46,2.394199224633483,0.2004,7.61,0,0.0,0.718,0
10.285540677961135,12.86,4.236454228552198,0.2612,5.76,1,0.1,0.989,0
271.9245397921318,339.91,2.1123791055727636,0.1284,7.89,1,2.72,0.991,0
275.53550157813663,344.42,4.167616457785178,0.449,5.83,1,2.76,0.702,1
168.4171119463118,210.52,8.746594728255118,0.0899,1.25,0,0.0,0.667,1
144.62495966614384,180.78,9.770701815888136,0.3052,0.23,1,1.45,0.798,1
13.460238918779943,16.83,5.771019706415461,0.3997,4.23,0,0.0,0.793,0
168.5862427529606,210.73,1.460053802788054,0.2977,8.54,1,1.69,0.764,1
122.81372453106924,153.52,4.275555810641559,0.0394,5.72,1,1.23,0.812,1
231.84192222259685,289.8,6.020765106375667,0.3057,3.98,1,2.32,0.693,0
121.16507006582636,151.46,3.707717549380392,0.3835,6.29,0,0.0,0.646,0
205.07424999741292,256.34,2.0515617372748753,0.0939,7.95,1,2.05,0.828,0
30.42244387125924,38.03,2.268242706471584,0.3685,7.73,0,0.0,0.973,1
39.88568122979008,49.86,4.739288890145287,0.4393,5.26,1,0.4,0.655,1
41.9130571947475,52.39,2.164286958732723,0.4932,7.84,0,0.0,0.882,1
13.657649939923056,17.07,2.495226918418373,0.205,7.5,1,0.14,0.775,0
162.39865778094114,203.0,8.730841830021864,0.0126,1.27,0,0.0,0.718,1
238.1903178130908,297.74,7.790603185665495,0.2095,2.21,1,2.38,0.941,0
183.12336110809983,228.9,0.5531298293891918,0.3301,9.45,1,1.83,0.783,1
172.48646566585688,215.61,3.2017673005786307,0.4457,6.8,0,0.0,0.833,0
204.18717852082096,255.23,5.319331521089473,0.4691,4.68,1,2.04,0.777,0
101.89359692160444,127.37,0.6060863952195539,0.4548,9.39,0,0.0,0.632,0
108.58622149446867,135.73,6.831712629262854,0.329,3.17,1,1.09,0.838,1
94.28102946627676,117.85,3.844451480432639,0.3413,6.16,1,0.94,0.768,1
213.63267985607268,267.04,3.9717848081049887,0.0012,6.03,1,2.14,0.635,0
48.49210070123229,60.62,2.653273666066541,0.1819,7.35,1,0.48,0.838,1
3.9075840938773143,4.88,3.339289938012805,0.4534,6.66,0,0.0,0.604,1
178.85893401674772,223.57,8.616898971813265,0.3448,1.38,0,0.0,0.683,1
282.71440942026163,353.39,7.886029753914975,0.234,2.11,0,0.0,0.912,1
182.8223750988914,228.53,9.357718962016984,0.0521,0.64,1,1.83,0.615,0
234.87649588226853,293.6,6.989973812352522,0.1232,3.01,1,2.35,0.859,1
201.83721283980904,252.3,5.778717626742365,0.2775,4.22,0,0.0,0.98,0
149.23099605690487,186.54,2.592562866125554,0.4488,7.41,1,1.49,0.668,0
215.5177205351538,269.4,6.668553204824734,0.0479,3.33,1,2.16,0.767,1
247.23123715656655,309.04,9.06158088377702,0.0769,0.94,1,2.47,0.83,0
67.4194932515094,84.27,0.6916559756443375,0.3275,9.31,1,0.67,0.78,1
100.83914414494366,126.05,4.430702313879202,0.1471,5.57,0,0.0,0.848,0
67.11771975098516,83.9,1.4936071295560271,0.0849,8.51,0,0.0,0.762,1
135.6518866771323,169.56,8.106164810003058,0.0892,1.89,0,0.0,0.659,1
265.51936527500027,331.9,6.140982426652944,0.2463,3.86,1,2.66,0.636,1
103.56213025059972,129.45,8.796493170190193,0.2919,1.2,1,1.04,0.898,1
112.340066739166,140.43,0.6310012251665764,0.4522,9.37,0,0.0,0.695,0
258.1101704015795,322.64,9.05730679114099,0.2649,0.94,0,0.0,0.939,0
154.61229922340257,193.27,0.6719661851978043,0.3456,9.33,1,1.55,0.897,1
160.63469989423032,200.79,2.8760580084445566,0.0903,7.12,1,1.61,0.62,1
258.2403609996639,322.8,1.5616574713000375,0.3567,8.44,0,0.0,0.68,0
147.15802110764196,183.95,1.4538566408763187,0.3243,8.55,1,1.47,0.717,0
204.46726038881857,255.58,1.7166989797900467,0.1081,8.28,1,2.04,0.838,1
25.693399762218217,32.12,4.80217871770544,0.3347,5.2,1,0.26,0.924,0
53.58951393806559,66.99,7.843622877984587,0.1057,2.16,1,0.54,0.624,0
121.31286021487368,151.64,8.982772750471963,0.2968,1.02,1,1.21,0.7,0
148.45172034596246,185.56,5.668773584480813,0.3344,4.33,1,1.48,0.75,1
289.72011037086884,362.15,1.5775155727412182,0.3467,8.42,0,0.0,0.673,0
291.195489914337,363.99,0.791906725341851,0.4546,9.21,0,0.0,0.818,0
255.3591262436285,319.2,4.94129619578266,0.4739,5.06,1,2.55,0.791,1
94.67965058567236,118.35,7.653802348170146,0.4051,2.35,0,0.0,0.727,1
289.2084872497319,361.51,6.201610523539563,0.4394,3.8,1,2.89,0.807,0
206.80225940286377,258.5,5.827815837180015,0.0097,4.17,0,0.0,0.742,1
117.88203834522012,147.35,0.4815521425033597,0.1813,9.52,0,0.0,0.737,0
210.5024750954299,263.13,4.11545388430821,0.0199,5.88,0,0.0,0.706,1
4.956818935957974,6.2,5.503838691373927,0.1124,4.5,0,0.0,0.816,0
43.84640468226407,54.81,5.982915586821162,0.1909,4.02,0,0.0,0.778,0
248.90571346691033,311.13,0.0480806218706086,0.4338,9.95,0,0.0,0.679,1
193.6720910619513,242.09,1.9955497647066212,0.2559,8.0,0,0.0,0.605,0
109.2584103875652,136.57,9.497860109387608,0.3244,0.5,1,1.09,0.66,1
150.19999206681564,187.75,5.086438382788067,0.1814,4.91,0,0.0,0.617,0
271.5426448937301,339.43,7.036422019511383,0.3015,2.96,1,2.72,0.773,1
189.47343284372596,236.84,3.081867321963474,0.4078,6.92,0,0.0,0.69,1
119.44478518029908,149.31,5.85371993018531,0.1506,4.15,0,0.0,0.768,0
36.097997219260506,45.12,3.5646727658885027,0.4661,6.44,1,0.36,0.732,1
88.1240404876683,110.16,2.969588787869586,0.1067,7.03,1,0.88,0.815,0
293.502069838975,366.88,4.113979805737347,0.4597,5.89,1,2.94,0.89,0
131.20891885553326,164.01,4.598279291596723,0.0141,5.4,1,1.31,0.792,1
141.55183915345825,176.94,3.311478871724968,0.2714,6.69,0,0.0,0.625,1
149.5794097191046,186.97,2.5798961046940816,0.4926,7.42,1,1.5,0.607,0
265.23120688446335,331.54,6.238203767851158,0.3049,3.76,1,2.65,0.685,1
181.17848531559295,226.47,3.8073247658451614,0.2774,6.19,1,1.81,0.77,1
208.10311093557664,260.13,2.0182603058049087,0.3412,7.98,0,0.0,0.618,0
116.8240627647312,146.03,7.583677080585346,0.1447,2.42,1,1.17,0.731,1
8.726285576692305,10.91,7.237415809956866,0.027,2.76,1,0.09,0.955,1
279.2918742728533,349.11,8.86815828185292,0.1255,1.13,0,0.0,0.636,0
284.7383042749219,355.92,5.55019019118954,0.0881,4.45,1,2.85,0.979,0
284.74591600441534,355.93,2.7943700741176025,0.4618,7.21,1,2.85,0.943,0
283.106125994015,353.88,8.637076790532806,0.4261,1.36,0,0.0,0.933,1
244.57258232086832,305.72,2.8030112058269916,0.1589,7.2,1,2.45,0.945,0
205.37881503489805,256.72,6.556006032152558,0.418,3.44,0,0.0,0.632,1
253.35297548018568,316.69,1.903930360227245,0.1059,8.1,1,2.53,0.66,1
180.1638717003109,225.2,6.291747152852124,0.0998,3.71,1,1.8,0.654,0
40.310884167607085,50.39,8.408571893573551,0.3838,1.59,1,0.4,0.644,1
117.36544951242632,146.71,5.39944100334915,0.1635,4.6,0,0.0,0.731,1
291.3884735918812,364.24,4.70887511311814,0.0324,5.29,1,2.91,0.932,0
105.34134407869688,131.68,9.934729244548752,0.36,0.07,0,0.0,0.701,0
260.34837411941083,325.44,0.2245209122630043,0.4948,9.78,0,0.0,0.698,0
27.963441232460873,34.95,3.317315806247243,0.283,6.68,0,0.0,0.87,0
100.25515271264088,125.32,9.185983577955078,0.1318,0.81,1,1.0,0.639,0
105.28599741821388,131.61,6.426426851861329,0.1865,3.57,0,0.0,0.744,0
15.480762932694049,19.35,5.420972754098969,0.3243,4.58,0,0.0,0.718,0
35.72829905602649,44.66,6.3769170865138545,0.3507,3.62,0,0.0,0.939,1
57.9495633365313,72.44,3.2194115026671053,0.4432,6.78,1,0.58,0.806,0
251.34467724303389,314.18,0.7116813792401622,0.4544,9.29,0,0.0,0.859,1
19.020596981941917,23.78,2.7514783516831285,0.4306,7.25,1,0.19,0.652,0
89.61027040331616,112.01,3.3649609965284677,0.3242,6.64,1,0.9,0.972,1
3.0525007767802537,3.82,4.798651301614548,0.2249,5.2,1,0.03,0.729,1
208.68832362090745,260.86,3.938965143104664,0.3397,6.06,1,2.09,0.883,0
186.09092701301395,232.61,5.21002223902917,0.3333,4.79,1,1.86,0.982,0
193.49467861594255,241.87,1.9608138323383997,0.109,8.04,0,0.0,0.803,1
112.3148354143856,140.39,1.840484620175814,0.2538,8.16,0,0.0,0.803,1
62.48034638027071,78.1,3.5171247764387914,0.1041,6.48,0,0.0,0.647,1
216.09606398581,270.12,4.73715141577472,0.4496,5.26,0,0.0,0.756,0
243.33536182220857,304.17,3.4172859259866084,0.1616,6.58,0,0.0,0.941,0
41.58044942946053,51.98,5.765622323861214,0.4027,4.23,0,0.0,0.654,0
146.0488283812264,182.56,3.1000611358964503,0.1886,6.9,1,1.46,0.967,1
74.61470459365876,93.27,1.7716899443854497,0.3819,8.23,1,0.75,0.867,0
50.43205836184011,63.04,8.628281100085108,0.1105,1.37,1,0.5,0.768,1
220.29759404849972,275.37,2.006020985760636,0.3819,7.99,0,0.0,0.819,0
161.4290806418511,201.79,9.666413898085889,0.0898,0.33,1,1.61,0.66,1
64.85559971360033,81.07,9.87404074251121,0.2454,0.13,1,0.65,0.687,0
93.00000336346352,116.25,6.968037955199113,0.0568,3.03,0,0.0,0.715,1
289.9961013983227,362.5,5.0200099413783725,0.2639,4.98,1,2.9,0.754,1
254.603869412567,318.25,7.954188312706285,0.4104,2.05,0,0.0,0.966,1
263.9840228619385,329.98,8.732027157281557,0.3778,1.27,0,0.0,0.747,0
138.0036291242124,172.5,7.095917972001607,0.0254,2.9,0,0.0,0.81,0
187.14217917626252,233.93,1.020447554366517,0.2461,8.98,0,0.0,0.665,1
113.03032206132347,141.29,0.0298786942467543,0.4261,9.97,1,1.13,0.894,1
23.31359270666716,29.14,1.919013224105516,0.3251,8.08,0,0.0,0.824,0
120.32079319703476,150.4,1.8853189560521575,0.0296,8.11,1,1.2,0.776,0
178.1942259621434,222.74,1.8251749663995287,0.1628,8.17,1,1.78,0.979,1
86.14328123043943,107.68,5.097723187297301,0.2783,4.9,1,0.86,0.956,0
254.38517241822473,317.98,5.200844636456625,0.0863,4.8,0,0.0,0.864,0
45.330047752379585,56.66,7.23022046708672,0.341,2.77,0,0.0,0.969,0
110.13872683107596,137.67,2.01467812970211,0.3174,7.99,0,0.0,0.826,1
37.47117159726088,46.84,0.9265995824500473,0.1012,9.07,1,0.37,0.931,1
121.4496401955676,151.81,6.660913177090527,0.2752,3.34,0,0.0,0.764,1
11.898391492281135,14.87,4.839970229358965,0.4059,5.16,1,0.12,0.635,0
81.76481851849363,102.21,6.663206500436703,0.1874,3.34,0,0.0,0.998,0
120.2205765341051,150.28,3.80740244746483,0.1235,6.19,0,0.0,0.666,1
143.4496089830075,179.31,7.50795534448621,0.3506,2.49,0,0.0,0.701,0
163.10890754254257,203.89,6.826007776023695,0.0354,3.17,0,0.0,0.665,0
82.49733893697567,103.12,6.503418553132153,0.4163,3.5,0,0.0,0.735,0
156.9124003844617,196.14,0.275692833212845,0.4717,9.72,1,1.57,0.716,1
152.70138646861795,190.88,8.581241587046225,0.4824,1.42,0,0.0,0.84,1
94.85341526286253,118.57,3.766070234487151,0.2163,6.23,1,0.95,0.999,1
249.06009919694347,311.33,1.3561554226918893,0.3116,8.64,1,2.49,0.621,1
163.69233797806953,204.62,7.555885221385744,0.4287,2.44,0,0.0,0.911,0
99.6809156239635,124.6,4.864749214518201,0.1117,5.14,0,0.0,0.651,1
284.20155362423293,355.25,0.320053816872381,0.0139,9.68,0,0.0,0.608,1
253.5337239213483,316.92,7.818714697490404,0.1923,2.18,0,0.0,0.855,1
294.77634346554026,368.47,4.35037463052149,0.4422,5.65,1,2.95,0.949,1
207.6701623936262,259.59,7.549259362478632,0.2525,2.45,1,2.08,0.671,0
113.46687165181406,141.83,7.555910194228117,0.2651,2.44,1,1.13,0.737,0
84.25820000370369,105.32,0.9993621042976752,0.3457,9.0,0,0.0,0.668,1
198.9953531023443,248.74,6.132258231678035,0.2873,3.87,0,0.0,0.963,0
294.2449747485911,367.81,3.601370644320206,0.0272,6.4,0,0.0,0.708,0
188.01452403115465,235.02,5.464018940056633,0.2804,4.54,1,1.88,0.778,0
264.48448229695146,330.61,0.885469790718435,0.324,9.11,1,2.64,0.958,1
98.73102931433058,123.41,5.881835591567189,0.3208,4.12,1,0.99,0.821,0
122.08613474227668,152.61,7.775400229737779,0.3642,2.22,1,1.22,0.973,0
271.88257187680597,339.85,9.8681380404516,0.26,0.13,0,0.0,0.971,1
227.06001058734563,283.83,3.2027954983569873,0.45,6.8,1,2.27,0.785,0
294.4230961103717,368.03,1.551247508591812,0.2321,8.45,1,2.94,0.833,0
232.42926291967257,290.54,3.659012028252135,0.2591,6.34,1,2.32,0.692,0
134.55471216546954,168.19,0.1930248447386595,0.3902,9.81,1,1.35,0.996,1
159.32040594670892,199.15,4.087733221317454,0.4166,5.91,1,1.59,0.711,0
270.154647738941,337.69,9.145894849220404,0.3242,0.85,1,2.7,0.913,1
165.49402082941438,206.87,1.943510941244937,0.0632,8.06,1,1.65,0.725,1
76.61921224933356,95.77,4.7771964842292824,0.166,5.22,1,0.77,0.725,0
130.68594383098483,163.36,5.726170535778663,0.0101,4.27,1,1.31,0.642,0
154.89479665473536,193.62,1.7990711988523556,0.1477,8.2,1,1.55,0.824,0
29.01595006533887,36.27,3.301055237006568,0.2851,6.7,1,0.29,0.698,0
223.12880227586703,278.91,9.113575574919984,0.4026,0.89,0,0.0,0.659,0
32.8061800064919,41.01,2.957287383454231,0.2928,7.04,0,0.0,0.691,1
121.4753140106417,151.84,6.353630189829578,0.0199,3.65,1,1.21,0.7,0
241.38673246212136,301.73,1.3695191871664825,0.1296,8.63,0,0.0,0.802,0
140.27110848398908,175.34,6.698667793426038,0.289,3.3,0,0.0,0.754,0
252.6046559155524,315.76,2.7914440996246004,0.3545,7.21,0,0.0,0.63,1
102.5643966168345,128.21,2.312627817324362,0.4332,7.69,1,1.03,0.814,1
287.2908881995306,359.11,1.2416518171819724,0.4838,8.76,1,2.87,0.915,0
62.84052954157067,78.55,0.4682438505117148,0.4459,9.53,0,0.0,0.83,0
11.479243496790392,14.35,9.678597114295629,0.2337,0.32,1,0.11,0.99,0
261.72796289712556,327.16,4.139047161022582,0.3735,5.86,1,2.62,0.64,1
225.66081478512243,282.08,7.776155022927769,0.1203,2.22,1,2.26,0.928,1
69.59515112021184,86.99,9.200892998522315,0.0319,0.8,1,0.7,0.802,1
295.42248214100215,369.28,2.0402043627779665,0.0275,7.96,1,2.95,0.809,1
150.68403878055835,188.36,8.698485961111482,0.1207,1.3,0,0.0,0.808,0
285.31963204324904,356.65,7.080245478783155,0.0188,2.92,1,2.85,0.73,0
151.5086314160998,189.39,5.779770559756994,0.4251,4.22,0,0.0,0.73,0
141.56237603138732,176.95,8.090778083550788,0.245,1.91,0,0.0,0.853,1
134.7415611433395,168.43,1.1066457951418396,0.4055,8.89,1,1.35,0.618,0
100.46258283988506,125.58,2.636003362634296,0.4699,7.36,0,0.0,0.836,1
160.11044915296551,200.14,1.3105087367704893,0.497,8.69,0,0.0,0.89,0
135.76639858457037,169.71,8.959705701940518,0.4686,1.04,1,1.36,0.743,1
11.02406298706624,13.78,0.9879765975980604,0.3583,9.01,1,0.11,0.687,1
78.13057002705075,97.66,9.799504215215038,0.221,0.2,1,0.78,0.685,0
63.93684003166752,79.92,1.098912146981944,0.299,8.9,0,0.0,0.633,1
260.23068069631995,325.29,6.618196786501732,0.4082,3.38,0,0.0,0.636,0
179.66099316805244,224.58,6.6049404863511025,0.4488,3.4,0,0.0,0.667,0
229.10493013491825,286.38,9.312461776377068,0.4782,0.69,1,2.29,0.608,0
287.04781132478416,358.81,3.231325096995344,0.3653,6.77,0,0.0,0.706,1
193.211781757923,241.51,3.3201190994292276,0.27,6.68,1,1.93,0.723,1
294.7829974214233,368.48,8.462933063317603,0.4842,1.54,0,0.0,0.998,1
93.52921549563888,116.91,9.785755527377964,0.4793,0.21,1,0.94,0.997,0
55.88015469386816,69.85,0.3013877873095338,0.2388,9.7,0,0.0,0.675,1
120.99296639787345,151.24,6.353169207639709,0.3243,3.65,1,1.21,0.685,1
141.2398244807424,176.55,2.43639650386179,0.4046,7.56,0,0.0,0.797,1
268.60846285577554,335.76,7.2796228809510435,0.2165,2.72,1,2.69,0.66,0
167.9821317110029,209.98,7.727190092049641,0.4147,2.27,0,0.0,0.802,1
87.6542998254051,109.57,7.625255569408173,0.0557,2.37,0,0.0,0.76,1
222.79028486025624,278.49,4.355111763221794,0.2406,5.64,1,2.23,0.73,1
151.74958114172128,189.69,1.5780138640834052,0.2413,8.42,1,1.52,0.929,1
48.63958358255105,60.8,5.847646309510582,0.3423,4.15,1,0.49,0.931,0
173.04593627737566,216.31,7.890380730717112,0.0582,2.11,1,1.73,0.995,1
273.41836104218515,341.77,9.121949991163447,0.0516,0.88,1,2.73,0.689,1
252.78678524274605,315.98,4.526443237792796,0.4503,5.47,0,0.0,0.955,1
176.04299179059933,220.05,2.456753971274183,0.1519,7.54,1,1.76,0.815,0
113.12495216549644,141.41,1.1882247312119951,0.1635,8.81,1,1.13,0.837,1
26.093625319263342,32.62,7.976011077694186,0.3884,2.02,0,0.0,0.959,1
140.89467699948713,176.12,5.352973671337607,0.2075,4.65,0,0.0,0.977,1
225.62383125887376,282.03,6.74184092480215,0.4165,3.26,1,2.26,0.891,1
108.08211591990316,135.1,1.592404006478998,0.2007,8.41,1,1.08,0.739,1
70.63404766549932,88.29,0.0657881720551023,0.3803,9.93,1,0.71,0.796,0
279.41391578128605,349.27,9.675816068824115,0.2627,0.32,1,2.79,0.846,1
246.46671013739777,308.08,8.108881919770853,0.4679,1.89,0,0.0,0.931,1
191.4826858260434,239.35,4.000264094891747,0.1637,6.0,1,1.91,0.863,1
41.03500317615582,51.29,4.57147784946299,0.1813,5.43,0,0.0,0.746,0
43.47265212185191,54.34,9.290653599939576,0.485,0.71,1,0.43,0.767,1
30.96587743673369,38.71,2.07650283749502,0.3688,7.92,0,0.0,0.62,0
184.88900006782296,231.11,8.028286854760424,0.3863,1.97,0,0.0,0.97,0
34.668838942000804,43.34,0.1792952807170822,0.148,9.82,0,0.0,0.635,1
252.7881596587899,315.99,8.757127863942625,0.266,1.24,0,0.0,0.832,0
297.88950054579664,372.36,5.892840063930289,0.1568,4.11,0,0.0,0.949,1
109.90445541259956,137.38,4.775779593943378,0.1299,5.22,1,1.1,0.768,0
136.10095409012922,170.13,7.064577021764153,0.2676,2.94,1,1.36,0.92,1
213.5001530957036,266.88,0.6765113128060973,0.4939,9.32,1,2.14,0.922,0
281.14590189772974,351.43,1.9554395688268569,0.1073,8.04,1,2.81,0.624,0
268.2281320669155,335.29,4.069850821379716,0.1213,5.93,1,2.68,0.765,0
17.277548624954576,21.6,6.178661767301317,0.1216,3.82,0,0.0,0.876,0
50.7215407670295,63.4,1.4454829022325255,0.3959,8.55,1,0.51,0.769,1
226.3791595673377,282.97,3.794923011184901,0.2552,6.21,0,0.0,0.818,0
206.6679324097342,258.33,2.608928246456622,0.1924,7.39,0,0.0,0.838,0
39.96557821203698,49.96,6.455693672182431,0.4219,3.54,0,0.0,0.66,0
150.6193746004703,188.27,9.19278449562048,0.1487,0.81,1,1.51,0.765,1
234.24438932558868,292.81,1.6597913331940783,0.1961,8.34,0,0.0,0.611,1
65.63420467880809,82.04,1.8926114392769533,0.0368,8.11,1,0.66,0.66,1
261.38629072039987,326.73,6.005284797113769,0.0595,3.99,0,0.0,0.805,0
15.89153244611039,19.86,4.535625087746888,0.0684,5.46,0,0.0,0.829,0
234.65852552042216,293.32,7.181046055669684,0.1735,2.82,0,0.0,0.658,0
184.74566993696104,230.93,2.8788532717321957,0.262,7.12,1,1.85,0.902,1
94.55980399630474,118.2,5.4481961620712145,0.0004,4.55,0,0.0,0.749,0
216.2797645025734,270.35,3.8682814957682696,0.095,6.13,0,0.0,0.968,0
234.7097385453479,293.39,2.812641521555279,0.0878,7.19,1,2.35,0.755,1
280.1696913911908,350.21,7.292964115097963,0.1267,2.71,0,0.0,0.66,1
110.3324016462791,137.92,7.958937485925746,0.083,2.04,0,0.0,0.903,1
205.80502079398647,257.26,3.2895145481953856,0.0976,6.71,1,2.06,0.827,0
180.78488308040727,225.98,6.22971837726694,0.4919,3.77,1,1.81,0.755,0
157.56182083712653,196.95,1.7859138987930443,0.2974,8.21,0,0.0,0.742,1
267.12494224651135,333.91,7.909678827901601,0.3813,2.09,1,2.67,0.66,1
0.950194241520097,1.19,2.81250755107759,0.4097,7.19,1,0.01,0.736,0
84.6334818310793,105.79,1.7095474562262936,0.3338,8.29,1,0.85,0.612,0
161.48317186344903,201.85,9.399613956663469,0.352,0.6,1,1.61,0.801,0
53.4879784909657,66.86,4.224842809496964,0.3161,5.78,1,0.53,0.959,1
272.35996011982746,340.45,6.434999133494333,0.3247,3.57,1,2.72,0.918,1
194.2785352839046,242.85,8.092133595761617,0.4642,1.91,0,0.0,0.611,0
143.36489838959696,179.21,6.861423172034328,0.0929,3.14,0,0.0,0.953,1
244.41052771999637,305.51,5.646600540220723,0.1374,4.35,0,0.0,0.781,0
135.26585743953115,169.08,3.716134590984259,0.0466,6.28,1,1.35,0.676,0
167.59590357900285,209.49,9.185230365058684,0.4187,0.81,1,1.68,0.901,1
0.8252986661762995,1.03,1.335420078709192,0.2244,8.66,1,0.01,0.729,1
109.71015905852208,137.14,8.8391972087281,0.4536,1.16,1,1.1,0.701,1
41.63714170529092,52.05,7.0984883025679,0.2058,2.9,1,0.42,0.665,0
206.90660419868732,258.63,5.714106762744539,0.2213,4.29,0,0.0,0.795,1
143.70808769272014,179.64,3.247477614848057,0.2242,6.75,0,0.0,0.637,0
90.52726717506924,113.16,1.4604415574762586,0.3062,8.54,0,0.0,0.914,0
140.34970181152272,175.44,4.431605554534057,0.3831,5.57,0,0.0,0.788,1
62.888966385403855,78.61,7.837595205905456,0.1756,2.16,1,0.63,0.779,1
277.52598974584214,346.91,7.45309725081505,0.3151,2.55,1,2.78,0.601,0
16.1917897652739,20.24,6.454422026762544,0.102,3.55,0,0.0,0.927,1
259.6251105888361,324.53,9.924996719843636,0.277,0.08,1,2.6,0.797,0
153.4076366200053,191.76,9.726347706564042,0.2733,0.27,0,0.0,0.776,1
185.68394884164516,232.1,4.000048744227902,0.4444,6.0,1,1.86,0.905,0
90.78168627261114,113.48,1.9253434266461231,0.4479,8.07,0,0.0,0.625,1
290.0092850382964,362.51,4.638382698215352,0.2436,5.36,1,2.9,0.747,0
84.55528755584695,105.69,8.445766095126428,0.0123,1.55,0,0.0,0.83,1
176.6633991420913,220.83,4.585630877007309,0.4223,5.41,0,0.0,0.784,1
298.02501153213865,372.53,3.359819650532061,0.0003,6.64,1,2.98,0.673,0
264.3283189150337,330.41,7.412315006063612,0.2391,2.59,1,2.64,0.72,1
160.89894758583182,201.12,6.501374118018846,0.0099,3.5,1,1.61,0.72,0
297.1123568901636,371.39,9.686976700757764,0.1763,0.31,0,0.0,0.997,1
210.41095851978437,263.01,5.492599813339645,0.3184,4.51,1,2.1,0.73,0
62.6101248425428,78.26,9.674721910666792,0.1856,0.33,1,0.63,0.682,1
121.67886313074192,152.1,2.9093631132419837,0.4634,7.09,0,0.0,0.929,1
100.3480002034653,125.44,8.648241603271856,0.3204,1.35,0,0.0,0.768,0
103.20411248135674,129.01,3.509251505574409,0.3232,6.49,1,1.03,0.778,1
228.13693180795988,285.17,8.096757423916385,0.1872,1.9,1,2.28,0.82,0
175.27887818183808,219.1,9.259861844886908,0.0193,0.74,1,1.75,0.838,1
11.427813476858562,14.28,6.231910845463716,0.3691,3.77,0,0.0,0.836,1
263.2345450952928,329.04,7.2854908771165885,0.3581,2.71,0,0.0,0.614,0
89.03884214404937,111.3,9.586396981639345,0.2651,0.41,0,0.0,0.928,0
299.1224630739431,373.9,3.751564627281115,0.2081,6.25,1,2.99,0.678,1
286.25721910043575,357.82,5.115837255892338,0.2692,4.88,1,2.86,0.717,1
282.15921500458956,352.7,8.982919207651856,0.3734,1.02,1,2.82,0.669,1
243.3382812191921,304.17,6.7281589700908615,0.3564,3.27,0,0.0,0.907,0
66.18399950506277,82.73,8.735911047033309,0.3291,1.26,1,0.66,0.833,1
159.7898232086346,199.74,6.182545059293629,0.4519,3.82,1,1.6,0.902,1
67.29078804749238,84.11,7.397320822214933,0.3049,2.6,1,0.67,0.861,0
77.90263667668476,97.38,0.1306243310414323,0.0073,9.87,0,0.0,0.642,0
183.2855308308832,229.11,3.3967312981226208,0.309,6.6,0,0.0,0.721,0
12.250063605919015,15.31,7.704207370283034,0.3063,2.3,1,0.12,0.803,0
290.8375700462123,363.55,4.040079503680209,0.0348,5.96,0,0.0,0.722,0
275.6019517733893,344.5,3.628467265559554,0.2139,6.37,1,2.76,0.683,0
114.23027164731594,142.79,9.515522357833008,0.3255,0.48,1,1.14,0.948,0
154.6267344020739,193.28,5.52548491861153,0.3523,4.47,0,0.0,0.899,0
139.8358257803277,174.79,1.9249208503638648,0.4465,8.08,1,1.4,0.738,1
264.65993358524094,330.82,4.722266888705705,0.4207,5.28,0,0.0,0.906,1
206.58056289483332,258.23,5.1867127705492315,0.0583,4.81,0,0.0,0.851,1
83.43337422730693,104.29,9.88731634057632,0.3044,0.11,1,0.83,0.602,0
134.05237633958907,167.57,7.182195389832122,0.2982,2.82,1,1.34,0.752,0
128.68979270602912,160.86,5.19402130577629,0.1519,4.81,1,1.29,0.716,1
287.80055048517556,359.75,4.31990761007215,0.0921,5.68,1,2.88,0.687,1
52.593273154391895,65.74,9.154949553979442,0.0998,0.85,1,0.53,0.701,1
26.87290118832871,33.59,6.459410762768686,0.0888,3.54,1,0.27,0.977,0
264.1856496485071,330.23,3.56086788541889,0.4031,6.44,0,0.0,0.795,0
269.00579685176126,336.26,4.6463036181214115,0.0742,5.35,0,0.0,0.939,1
261.5217263736494,326.9,2.781247833611069,0.1322,7.22,0,0.0,0.686,0
153.29307468766692,191.62,9.604286814628026,0.1089,0.4,0,0.0,0.67,0
197.92332848083817,247.4,7.019450850187077,0.3564,2.98,1,1.98,0.956,0
169.00891426829517,211.26,3.9229826225994904,0.0792,6.08,1,1.69,0.798,1
20.834347816320275,26.04,1.832132024657712,0.012,8.17,0,0.0,0.958,0
178.75046907021672,223.44,1.7701908489824758,0.1871,8.23,1,1.79,0.625,1
4.084244176830265,5.11,4.777422190214324,0.1525,5.22,1,0.04,0.967,1
97.49622286712584,121.87,4.675670499769544,0.1989,5.32,0,0.0,0.766,1
279.6877727619501,349.61,4.17788638767448,0.3769,5.82,0,0.0,0.662,1
91.21358089074228,114.02,8.518060286557922,0.0062,1.48,0,0.0,0.873,0
281.94799279327435,352.43,9.791831168803771,0.0189,0.21,1,2.82,0.919,0
75.04018714477327,93.8,3.548231729731326,0.1278,6.45,1,0.75,0.619,0
94.36867213845974,117.96,2.9461063415154,0.4446,7.05,0,0.0,0.995,1
188.52224893156605,235.65,7.701107821018763,0.0845,2.3,0,0.0,0.879,1
228.48809183678844,285.61,4.49792944590577,0.4985,5.5,0,0.0,0.729,1
150.41633040146522,188.02,2.1756859284123764,0.4028,7.82,0,0.0,0.661,0
264.6347061582466,330.79,1.8093926238833913,0.2281,8.19,0,0.0,0.757,1
12.072126483185777,15.09,2.8056775839117396,0.3739,7.19,1,0.12,0.688,1
276.6584515903112,345.82,0.013236286719449,0.2594,9.99,0,0.0,0.798,1
58.89233996862241,73.62,9.414299385814592,0.283,0.59,0,0.0,0.913,0
265.27162352539676,331.59,4.302488765543561,0.2904,5.7,1,2.65,0.864,0
120.25895384591416,150.32,0.8284717201742364,0.3244,9.17,1,1.2,0.774,1
249.8271167613113,312.28,1.6495712834425802,0.0304,8.35,0,0.0,0.648,0
201.4996649411085,251.87,3.2333780940829984,0.3082,6.77,0,0.0,0.983,0
52.782489743478635,65.98,5.516939431307192,0.3585,4.48,1,0.53,0.708,0
275.41427096443454,344.27,7.0371607935504805,0.1554,2.96,1,2.75,0.711,0
73.6552171465379,92.07,3.078511888748412,0.4893,6.92,0,0.0,0.858,1
73.24203560849972,91.55,9.576164822197224,0.0722,0.42,0,0.0,0.908,1
244.25366899121417,305.32,7.603119028323409,0.4552,2.4,0,0.0,0.994,0
31.761976671756308,39.7,8.257987698901347,0.3382,1.74,0,0.0,0.988,0
66.6107719111381,83.26,3.2364568883501645,0.3322,6.76,0,0.0,0.966,1
151.1032720263187,188.88,3.8096120588775415,0.438,6.19,0,0.0,0.774,0
249.1431086059873,311.43,5.380617843492541,0.4159,4.62,1,2.49,0.667,0
44.24519242118025,55.31,4.516969617455791,0.1727,5.48,0,0.0,0.834,0
164.3004703537039,205.38,2.5989179097512274,0.3527,7.4,0,0.0,0.607,1
213.37217754088184,266.72,9.9727091755928,0.0253,0.03,1,2.13,0.678,1
258.1785674147854,322.72,8.483575784068565,0.232,1.52,0,0.0,0.601,1
280.66966806066586,350.84,2.3798734445792027,0.4689,7.62,0,0.0,0.672,0
235.39197434067972,294.24,8.9239854468441,0.137,1.08,1,2.35,0.79,1
195.84851946660055,244.81,5.868859663414088,0.025,4.13,1,1.96,0.757,0
130.08602559382976,162.61,0.1256204886269252,0.2915,9.87,0,0.0,0.748,1
33.63304625652589,42.04,3.461513809664476,0.1775,6.54,0,0.0,0.932,0
212.92115775765637,266.15,0.2573275941465802,0.1898,9.74,0,0.0,0.87,0
297.8211913426461,372.28,0.8777053122200884,0.2912,9.12,1,2.98,0.975,1
221.02817841962997,276.29,1.7897730646453314,0.3108,8.21,1,2.21,0.778,0
5.013328121317883,6.27,4.8439864366620355,0.2187,5.16,0,0.0,0.709,0
148.87799341255163,186.1,3.812887073752237,0.2538,6.19,1,1.49,0.649,0
184.39398974487116,230.49,1.4899617191358006,0.4966,8.51,1,1.84,0.869,0
206.90226033085293,258.63,3.9455542517935727,0.4786,6.05,1,2.07,0.937,0
215.91775068021255,269.9,3.0433949113572223,0.3537,6.96,1,2.16,0.673,0
167.4325323649572,209.29,4.101559389080358,0.0807,5.9,1,1.67,0.952,1
67.00809982027208,83.76,1.72310886267098,0.18,8.28,1,0.67,0.811,0
282.66019844296403,353.33,6.097110384843855,0.4415,3.9,0,0.0,0.658,1
208.99994029909857,261.25,0.4453122566528489,0.2118,9.55,0,0.0,0.857,0
71.05201106082284,88.82,3.878772118135977,0.4777,6.12,1,0.71,0.808,0
96.69654968108186,120.87,8.948856735832013,0.2442,1.05,1,0.97,0.611,0
276.5783011891109,345.72,4.196702757027701,0.4309,5.8,1,2.77,0.76,1
266.2455560122007,332.81,4.410799365920245,0.0177,5.59,1,2.66,0.914,0
121.54393150742688,151.93,0.680086543949523,0.2171,9.32,1,1.22,0.822,1
11.492166597435292,14.37,6.0536429488957975,0.3501,3.95,0,0.0,0.713,1
14.549210668181455,18.19,9.36402799571454,0.4318,0.64,0,0.0,0.971,0
85.17548727551672,106.47,2.916103965438434,0.3048,7.08,0,0.0,0.695,0
188.73666580169984,235.92,3.932516485987325,0.0866,6.07,0,0.0,0.701,0
175.25839060036856,219.07,5.8815810202728755,0.4429,4.12,0,0.0,0.742,1
190.1483360831828,237.69,0.932111601641622,0.2874,9.07,1,1.9,0.958,1
215.184891579632,268.98,9.502834489504338,0.054,0.5,1,2.15,0.803,1
5.709676077821523,7.14,4.675966737668174,0.2319,5.32,1,0.06,0.873,1
31.52567855173286,39.41,1.1509630438611262,0.3495,8.85,0,0.0,0.991,0
107.8450355481638,134.81,3.3522725734632175,0.2255,6.65,1,1.08,0.913,0
46.45799925647452,58.07,3.738309182220268,0.4354,6.26,1,0.46,0.669,1
22.596012763366247,28.25,3.453775325748709,0.2118,6.55,1,0.23,0.915,0
192.2893187991996,240.36,6.9322364963644585,0.2917,3.07,1,1.92,0.899,1
244.60094324732972,305.75,3.4552072931667888,0.1056,6.54,0,0.0,0.693,1
225.78799723028473,282.23,3.2385396654742324,0.2563,6.76,0,0.0,0.73,0
245.11193358275375,306.39,3.220885235997274,0.1114,6.78,1,2.45,0.884,1
199.75696321736316,249.7,7.778485158913592,0.1126,2.22,0,0.0,0.695,0
220.60359654426065,275.75,3.0838152168900725,0.14,6.92,0,0.0,0.683,0
81.5336322624904,101.92,0.1399809284382835,0.0221,9.86,0,0.0,0.881,0
297.9024108852493,372.38,3.6553513718407498,0.0817,6.34,0,0.0,0.952,0
54.949696348166135,68.69,2.7823717969203896,0.2122,7.22,0,0.0,0.63,1
64.34816231681475,80.44,9.090172504296683,0.0655,0.91,1,0.64,0.778,0
86.67654954475405,108.35,4.779061757236185,0.0667,5.22,0,0.0,0.843,1
292.59972903197365,365.75,2.345753341342843,0.484,7.65,0,0.0,0.871,1
296.4865768061718,370.61,9.815833445964024,0.2135,0.18,1,2.96,0.998,0
238.46812491194925,298.09,2.4674423040558837,0.2019,7.53,0,0.0,0.873,0
188.71727956789013,235.9,7.630241450791959,0.1339,2.37,0,0.0,0.848,0
156.01877255538403,195.02,6.4955061933034735,0.2562,3.5,1,1.56,0.996,0
291.1862537060537,363.98,4.622280927744553,0.298,5.38,0,0.0,0.624,0
208.68684085747427,260.86,4.058351025156471,0.2091,5.94,0,0.0,0.63,0
283.4190384978091,354.27,8.723824793071897,0.1969,1.28,1,2.83,0.824,0
94.96523984328716,118.71,4.750823886090619,0.3502,5.25,0,0.0,0.743,0
100.13243768086969,125.17,3.7535713922992575,0.4749,6.25,1,1.0,0.639,1
256.4173782355307,320.52,3.54250204894491,0.4389,6.46,1,2.56,0.723,0
44.956476175588314,56.2,2.7586800480256715,0.0593,7.24,1,0.45,0.87,0
283.7783583888227,354.72,4.089659516045373,0.3262,5.91,1,2.84,0.952,1
152.24230639902223,190.3,1.1991798771184914,0.0035,8.8,1,1.52,0.638,0
277.92416357510933,347.41,0.6512303273862041,0.3165,9.35,0,0.0,0.816,1
101.03783661774392,126.3,5.414675299921723,0.2322,4.59,0,0.0,0.718,0
214.7876712418191,268.48,4.542615288098979,0.2456,5.46,0,0.0,0.867,1
144.8625365918069,181.08,1.7339227990689976,0.294,8.27,1,1.45,0.82,1
188.0410890736419,235.05,1.0679920921705444,0.3713,8.93,0,0.0,0.971,0
151.3117479417457,189.14,1.4326723506826744,0.3647,8.57,1,1.51,0.615,0
290.13468521140845,362.67,3.152444993688712,0.0222,6.85,1,2.9,0.788,1
207.63161934417516,259.54,4.514846675007572,0.3682,5.49,1,2.08,0.677,1
75.39569058789462,94.24,1.9335010930641183,0.4149,8.07,0,0.0,0.815,1
272.90307657152533,341.13,7.5562498411737,0.0341,2.44,0,0.0,0.941,1
88.2089214465313,110.26,1.9332437910127231,0.1615,8.07,1,0.88,0.965,0
111.48152979025689,139.35,1.2412644995408484,0.396,8.76,1,1.11,0.759,0
30.637109406064013,38.3,9.94554869230668,0.2466,0.05,0,0.0,0.925,0
269.98995593885724,337.49,4.477115632273891,0.3474,5.52,0,0.0,0.712,1
85.8336069683589,107.29,1.7000701716038158,0.2512,8.3,1,0.86,0.603,0
77.6752853794147,97.09,8.9455694802366,0.4891,1.05,1,0.78,0.942,1
276.0787793984862,345.1,2.3109162459116614,0.4681,7.69,1,2.76,0.648,0
241.65805872151,302.07,9.255799553590409,0.1406,0.74,1,2.42,0.607,0
42.32367645581232,52.9,1.1896085364608966,0.1929,8.81,1,0.42,0.742,1
230.7973511711042,288.5,8.418146959384327,0.2157,1.58,1,2.31,0.752,1
273.90992941613723,342.39,1.8426710862259863,0.0521,8.16,1,2.74,0.631,0
23.553365463223173,29.44,9.38337648575254,0.202,0.62,0,0.0,0.926,0
247.5644984713719,309.46,5.742436427147685,0.3874,4.26,1,2.48,0.762,0
164.2260155619168,205.28,1.899136957476588,0.4234,8.1,1,1.64,0.796,0
200.7592348136402,250.95,8.448200542887243,0.4431,1.55,0,0.0,0.706,0
147.85630167148108,184.82,3.9057599217086736,0.0073,6.09,1,1.48,0.805,1
209.3409254715836,261.68,7.328134212621582,0.3944,2.67,0,0.0,0.907,1
10.229358500025963,12.79,6.4344072155630325,0.2513,3.57,0,0.0,0.962,0
228.8120169669851,286.02,7.14294522436856,0.1031,2.86,0,0.0,0.988,0
10.003109357687524,12.5,3.4371489447557835,0.2494,6.56,0,0.0,0.771,1
136.58995432420303,170.74,9.388254872114675,0.4221,0.61,0,0.0,0.996,1
45.28949793908846,56.61,5.598131463257411,0.2171,4.4,0,0.0,0.718,0
247.07228320539215,308.84,0.7756060999318282,0.4952,9.22,1,2.47,0.603,1
94.09827275270058,117.62,0.6673400736009938,0.3083,9.33,1,0.94,0.907,1
136.22806338129973,170.29,7.382296278505336,0.2449,2.62,0,0.0,0.671,1
128.62522238949347,160.78,8.49974436149998,0.1474,1.5,0,0.0,0.621,1
231.75058970541195,289.69,6.952796350911729,0.0055,3.05,0,0.0,0.97,1
144.34330793879263,180.43,2.7749731147575742,0.3053,7.23,1,1.44,0.917,1
236.68750050310385,295.86,2.25903961495752,0.2887,7.74,0,0.0,0.641,1
22.052483040802574,27.57,5.654365895089609,0.2584,4.35,0,0.0,0.911,0
57.47819037089853,71.85,1.9677949803556192,0.2689,8.03,1,0.57,0.938,0
165.4602748939082,206.83,3.79099756470298,0.4218,6.21,0,0.0,0.962,1
284.1264974258085,355.16,6.286912311451022,0.1584,3.71,0,0.0,0.817,1
22.427354016534096,28.03,2.8491133657512813,0.2751,7.15,0,0.0,0.881,0
12.925264847059292,16.16,3.7543892170823145,0.34,6.25,0,0.0,0.905,0
46.9652024783567,58.71,3.605178948783844,0.1049,6.39,1,0.47,0.875,1
192.34593865804695,240.43,4.605235148599116,0.4624,5.39,0,0.0,0.859,0
119.69787500107417,149.62,6.743598239704714,0.3686,3.26,1,1.2,0.819,0
247.66571382530583,309.58,7.823491689270831,0.0266,2.18,1,2.48,0.792,1
21.57994544440974,26.97,6.65082479480506,0.4326,3.35,1,0.22,0.998,1
58.92422604441032,73.66,0.2616783049748172,0.4649,9.74,1,0.59,0.735,0
90.0079216394687,112.51,8.96839695148039,0.3968,1.03,0,0.0,0.635,1
188.0190260066356,235.02,5.8118878555251055,0.2131,4.19,1,1.88,0.906,0
205.55180709046417,256.94,9.202464938565369,0.4972,0.8,1,2.06,0.686,0
37.26098818913215,46.58,9.638722914208932,0.0622,0.36,1,0.37,0.813,1
283.14141269752184,353.93,4.678467825861227,0.2683,5.32,0,0.0,0.638,0
102.31324055706274,127.89,9.163656024362576,0.0852,0.84,0,0.0,0.848,0
213.95062890008492,267.44,3.6538563913097786,0.2197,6.35,0,0.0,0.978,0
157.26231568430964,196.58,2.6037825478214627,0.4637,7.4,0,0.0,0.889,0
66.82743406413198,83.53,0.7363027265371036,0.3971,9.26,0,0.0,0.686,0
253.86849693462332,317.34,4.518304542651217,0.391,5.48,1,2.54,0.988,1
245.47140845757897,306.84,6.886872817370464,0.1769,3.11,1,2.45,0.723,0
118.82155617500705,148.53,9.76835668276168,0.4671,0.23,0,0.0,0.775,0
176.58227570815663,220.73,5.213092778715739,0.1841,4.79,1,1.77,0.799,1
77.34770878078191,96.68,7.344748318100985,0.02,2.66,0,0.0,0.996,1
206.95548862389043,258.69,8.961471525631678,0.3189,1.04,0,0.0,0.628,0
92.70804378612942,115.89,5.431853013731911,0.1813,4.57,1,0.93,0.879,0
253.22362031467048,316.53,1.667652830361136,0.0769,8.33,1,2.53,0.745,1
65.21553128318229,81.52,8.482084152000011,0.4673,1.52,0,0.0,0.631,1
4.441026845539242,5.55,5.7417370624344075,0.3186,4.26,0,0.0,0.974,0
80.55241259037554,100.69,7.58511249498849,0.4703,2.41,1,0.81,0.836,1
57.31574593784601,71.64,6.584779276796349,0.2915,3.42,1,0.57,0.901,1
152.48593191747727,190.61,0.6103750618718984,0.0319,9.39,1,1.52,0.696,0
61.11098749697289,76.39,1.6911496362986755,0.015,8.31,1,0.61,0.905,0
228.9569612158484,286.2,2.8624975245077646,0.4503,7.14,1,2.29,0.931,0
72.41119140120118,90.51,2.8470781997659147,0.0194,7.15,1,0.72,0.772,1
212.0904539737967,265.11,8.391977051130464,0.3076,1.61,0,0.0,0.829,0
173.5412769041172,216.93,5.982393611750388,0.149,4.02,1,1.74,0.989,0
295.8749569415653,369.84,0.833753359774605,0.3438,9.17,0,0.0,0.939,1
299.9702931027695,374.96,3.87198573698351,0.1424,6.13,1,3.0,0.778,1
260.857824995199,326.07,5.563306854349888,0.0186,4.44,1,2.61,0.866,1
227.99501078962533,284.99,2.515028299672702,0.3654,7.48,0,0.0,0.914,0
115.93692420017211,144.92,0.398338961246365,0.1555,9.6,1,1.16,0.61,1
225.98301813939108,282.48,3.802637392771824,0.2754,6.2,0,0.0,0.835,1
287.0026611238472,358.75,4.611889005769668,0.3869,5.39,0,0.0,0.994,0
7.013272618633248,8.77,9.047649419153338,0.3514,0.95,1,0.07,0.979,0
161.37441005932163,201.72,9.08366165733572,0.1743,0.92,0,0.0,0.933,0
65.39949131653037,81.75,5.004024723893153,0.3739,5.0,1,0.65,0.642,1
167.36289476065514,209.2,4.714945575154022,0.4628,5.29,1,1.67,0.998,0
139.93412692766734,174.92,6.405020598809099,0.305,3.59,0,0.0,0.844,0
172.73057446568532,215.91,2.5812406643862804,0.3518,7.42,1,1.73,0.689,1
165.2886664256173,206.61,2.8571417883450434,0.433,7.14,0,0.0,0.87,0
288.0321117505686,360.04,0.0255785236765526,0.4218,9.97,0,0.0,0.943,0
165.6558326804208,207.07,0.7821187658297879,0.1758,9.22,1,1.66,0.645,0
253.86962643746017,317.34,1.7850363132656089,0.4959,8.21,0,0.0,0.967,1
95.94608604025396,119.93,6.405727378426995,0.0143,3.59,1,0.96,0.968,0
131.43020663731468,164.29,2.126572567400564,0.4934,7.87,0,0.0,0.605,0
141.12404281344297,176.41,1.2407900479996636,0.123,8.76,0,0.0,0.96,0
83.61841300061391,104.52,6.163047237472899,0.2202,3.84,0,0.0,0.979,0
113.93707844338655,142.42,6.51750023585596,0.4418,3.48,0,0.0,0.615,1
179.55392384003258,224.44,0.5967312822531357,0.1222,9.4,1,1.8,0.718,1
174.05632899135972,217.57,7.728980875995221,0.1124,2.27,1,1.74,0.749,1
190.93060337204415,238.66,6.061570695929176,0.3216,3.94,0,0.0,0.74,0
105.54537462604232,131.93,3.970654435612584,0.3527,6.03,0,0.0,0.904,0
94.74944854591712,118.44,9.831822918306075,0.0037,0.17,0,0.0,0.743,0
183.4853648262489,229.36,0.1019935286929341,0.2252,9.9,1,1.83,0.983,1
39.85852452825749,49.82,5.448517277873231,0.2446,4.55,1,0.4,0.998,1
75.909463059642,94.89,1.5970340873455555,0.1359,8.4,1,0.76,0.727,1
12.638321085898562,15.8,3.293327682369905,0.2731,6.71,0,0.0,0.804,1
21.78325577882404,27.23,1.3320228351267829,0.0773,8.67,1,0.22,0.823,1
73.01498377818267,91.27,6.682145116084643,0.1618,3.32,1,0.73,0.832,0
5.858784089075709,7.32,4.015715934019739,0.3566,5.98,0,0.0,0.75,0
73.62317762623846,92.03,9.862995006735066,0.4369,0.14,1,0.74,0.666,0
196.4928969186078,245.62,6.538471173009271,0.2947,3.46,0,0.0,0.622,0
18.332123540679913,22.92,9.17334817210665,0.0374,0.83,1,0.18,0.643,0
131.0210033383923,163.78,2.408271878328694,0.3394,7.59,1,1.31,0.961,0
273.9326360758648,342.42,3.1878406315415364,0.4488,6.81,1,2.74,0.712,1
237.3854486776203,296.73,3.626822394702707,0.2522,6.37,1,2.37,0.631,0
91.63125068845716,114.54,8.385150142976984,0.2468,1.61,0,0.0,0.849,0
277.4416437574941,346.8,2.1167577000294155,0.4957,7.88,0,0.0,0.63,1
98.89394902431744,123.62,9.467207780529444,0.3181,0.53,1,0.99,0.628,0
21.754648901268748,27.19,0.4357908901125951,0.403,9.56,0,0.0,0.849,0
298.21678703043403,372.77,8.898580143717039,0.3232,1.1,0,0.0,0.837,1
261.0067581567515,326.26,4.514138782808661,0.1105,5.49,1,2.61,0.617,1
139.7798349903277,174.72,5.258980340845232,0.142,4.74,1,1.4,0.784,0
199.91295725772116,249.89,9.97397442490804,0.3329,0.03,0,0.0,0.774,0
201.36842335700103,251.71,8.700479803284248,0.228,1.3,1,2.01,0.819,1
58.3446692191381,72.93,9.040215908666228,0.2022,0.96,0,0.0,0.895,1
60.01458994608969,75.02,5.8553500639325184,0.0112,4.14,0,0.0,0.713,1
140.87421100554772,176.09,9.563417825499222,0.4422,0.44,0,0.0,0.773,1
273.4719420413094,341.84,6.878054326370096,0.4422,3.12,0,0.0,0.917,1
2.9981324575712343,3.75,8.1932703240588,0.2305,1.81,0,0.0,0.969,1
234.75169078480775,293.44,7.209339076317186,0.3504,2.79,0,0.0,0.957,1
17.258035114396243,21.57,7.809144308227643,0.0889,2.19,1,0.17,0.791,0
143.46663446493534,179.33,6.379709549201383,0.2519,3.62,0,0.0,0.808,1
191.36184992204292,239.2,7.264086164140789,0.2194,2.74,1,1.91,0.812,0
206.02778012473945,257.53,4.359384778245944,0.3283,5.64,1,2.06,0.947,1
17.543779084773416,21.93,7.06867393438657,0.2348,2.93,0,0.0,0.936,1
125.58108521519048,156.98,2.768105524478038,0.2492,7.23,1,1.26,0.725,0
175.1511781506974,218.94,6.349407904398118,0.1479,3.65,1,1.75,0.665,0
19.81366119180208,24.77,5.237524325185369,0.0242,4.76,1,0.2,0.752,1
40.528366978592935,50.66,8.985376171905456,0.4585,1.01,0,0.0,0.715,1
199.09469685121155,248.87,6.732228433629973,0.0061,3.27,1,1.99,0.98,1
156.49145897719552,195.61,5.966205386255049,0.1407,4.03,1,1.56,0.706,0
48.54859838048717,60.69,3.130741037201177,0.2238,6.87,0,0.0,0.672,0
160.57180107442005,200.71,8.628039182724406,0.1595,1.37,1,1.61,0.96,1
273.8077120333247,342.26,0.5415769016214778,0.276,9.46,1,2.74,0.635,0
4.676275432609178,5.85,8.99751031812002,0.2308,1.0,0,0.0,0.704,1
192.79013204575637,240.99,6.529775840385652,0.1277,3.47,1,1.93,0.776,1
22.09513038160258,27.62,1.8949259651013817,0.044,8.11,1,0.22,0.838,1
1.934832889410254,2.42,9.029955023954786,0.0688,0.97,0,0.0,0.731,0
45.19634659819014,56.5,3.26353980529802,0.2432,6.74,0,0.0,0.798,1
126.8719895561758,158.59,1.6827259658427862,0.423,8.32,1,1.27,0.68,0
240.7031996945859,300.88,3.1914606160499757,0.0503,6.81,0,0.0,0.83,0
84.5356489813676,105.67,9.610723283712808,0.3386,0.39,1,0.85,0.763,1
187.70196371662755,234.63,7.52758499306727,0.396,2.47,1,1.88,0.94,0
123.346991386592,154.18,9.167931321712055,0.1384,0.83,0,0.0,0.766,0
70.29953758980238,87.87,2.9887203017855968,0.3341,7.01,0,0.0,0.778,1
154.27413428485758,192.84,0.8243927916105864,0.3433,9.18,0,0.0,0.837,1
239.23934711178697,299.05,5.6275522693996205,0.3539,4.37,1,2.39,0.649,1
249.74771101684323,312.18,4.830007733051277,0.4454,5.17,1,2.5,0.663,1
253.955859563171,317.44,7.206047838238289,0.1993,2.79,1,2.54,0.916,0
101.56734376649382,126.96,5.426751805776782,0.1218,4.57,1,1.02,0.709,0
238.0368194147259,297.55,3.9646677547647102,0.2719,6.04,0,0.0,0.874,0
63.65353653267236,79.57,0.0468585407844535,0.0313,9.95,0,0.0,0.639,1
221.527530372865,276.91,4.677465584057189,0.167,5.32,1,2.22,0.929,0
284.51532788178497,355.64,1.2064282032790052,0.4416,8.79,0,0.0,0.995,1
4.123150407287158,5.15,9.220011031054874,0.266,0.78,1,0.04,0.749,1
132.1091793536394,165.14,9.217063305302377,0.2183,0.78,1,1.32,0.802,0
194.33129652420135,242.91,8.036490073774324,0.1328,1.96,1,1.94,0.777,0
210.53273114626592,263.17,1.5786666757674417,0.1252,8.42,1,2.11,0.958,0
52.82632748076066,66.03,1.4743881373740098,0.1183,8.53,1,0.53,0.604,1
291.6549825715779,364.57,5.633102337554167,0.4146,4.37,1,2.92,0.861,0
184.57961039129188,230.72,7.274617690985309,0.4925,2.73,1,1.85,0.861,0
49.30218036848033,61.63,9.045392695701482,0.2674,0.95,0,0.0,0.753,0
6.1567535137545875,7.7,8.940343754686884,0.0399,1.06,1,0.06,0.688,0
234.97925963693277,293.72,1.5532758077675413,0.3755,8.45,0,0.0,0.696,0
23.911421833637725,29.89,9.954739500762209,0.4385,0.05,1,0.24,0.92,1
42.31527632107096,52.89,1.567974815772305,0.4656,8.43,1,0.42,0.626,1
172.4490080567072,215.56,8.40118250488804,0.3144,1.6,0,0.0,0.826,1
181.0516510348859,226.31,5.869455561034012,0.2534,4.13,1,1.81,0.723,0
206.0661355777195,257.58,6.782864742407158,0.3103,3.22,1,2.06,0.706,1
118.05420379908622,147.57,6.039717771525161,0.0065,3.96,1,1.18,0.802,0
232.16960069004688,290.21,8.69682042400622,0.3277,1.3,1,2.32,0.959,1
292.3075798847666,365.38,6.370976823880592,0.3548,3.63,0,0.0,0.847,1
81.32848292396491,101.66,8.486638214806995,0.361,1.51,1,0.81,0.915,0
210.90858496138375,263.64,1.543679787383759,0.2815,8.46,1,2.11,0.84,1
278.5405957185471,348.18,8.66706730746265,0.35,1.33,1,2.79,0.879,0
205.8860287851128,257.36,9.929533204219602,0.3194,0.07,1,2.06,0.773,0
204.33284959327784,255.42,6.6150679499468055,0.0578,3.38,0,0.0,0.97,0
67.13177072556198,83.91,9.763611042994448,0.4492,0.24,0,0.0,0.801,1
160.53906009590787,200.67,2.1988353856266873,0.3114,7.8,0,0.0,0.821,0
168.75685308137406,210.95,8.29283120346447,0.3639,1.71,1,1.69,0.81,1
210.03886873678584,262.55,1.6904698336979318,0.1714,8.31,0,0.0,0.726,0
299.0464349688548,373.81,5.15942763348248,0.4596,4.84,1,2.99,0.692,1
10.093146763128624,12.62,6.640349914680738,0.2513,3.36,0,0.0,0.63,1
19.569798380246052,24.46,6.602622518935487,0.3395,3.4,1,0.2,0.887,0
23.385020829275625,29.23,6.708609418520613,0.4761,3.29,0,0.0,0.716,1
222.89374034668705,278.62,3.2092469302452145,0.458,6.79,1,2.23,0.756,1
40.90613853322726,51.13,9.737210970080854,0.3224,0.26,1,0.41,0.968,1
186.7355623471036,233.42,0.0655299399355868,0.0829,9.93,1,1.87,0.827,1
97.40066336803751,121.75,6.209984487087405,0.4753,3.79,1,0.97,0.639,1
137.1959868632133,171.49,8.661097194243277,0.4921,1.34,1,1.37,0.92,1
64.69894794522418,80.87,8.911132051513952,0.0517,1.09,0,0.0,0.702,0
259.83196839136264,324.79,7.202054014008324,0.2251,2.8,0,0.0,0.821,1
175.8450972489079,219.81,5.748122045245202,0.2741,4.25,0,0.0,0.804,1
283.3689790746758,354.21,4.573350557494594,0.046,5.43,0,0.0,0.695,1
172.37887491129885,215.47,4.495159949152683,0.0948,5.5,1,1.72,0.646,1
37.172409179084,46.47,4.250991314310648,0.2689,5.75,1,0.37,0.685,0
51.26113015154263,64.08,6.998926473544687,0.4815,3.0,0,0.0,0.639,1
296.7221929103542,370.9,7.312084395526044,0.0139,2.69,0,0.0,0.71,1
217.66955919926033,272.09,5.147623488119068,0.4562,4.85,0,0.0,0.999,0
14.783625008726895,18.48,7.408117651219324,0.4493,2.59,0,0.0,0.761,0
211.13430151039944,263.92,5.284551817514094,0.4286,4.72,1,2.11,0.946,1
123.65191404288348,154.56,0.973517030401564,0.1888,9.03,0,0.0,0.82,1
92.16251604695717,115.2,8.516150694596618,0.2454,1.48,1,0.92,0.867,1
46.21823811916028,57.77,8.704804520715907,0.2018,1.3,1,0.46,0.663,0
251.9711863669697,314.96,2.664612173945974,0.4738,7.34,1,2.52,0.71,1
19.152413696730207,23.94,7.86433414591116,0.2607,2.14,0,0.0,0.804,0
86.95063871389209,108.69,5.111709987378333,0.0403,4.89,1,0.87,0.952,0
91.91486814771132,114.89,1.2402718012357616,0.137,8.76,1,0.92,0.617,1
48.2715851890501,60.34,3.979986957368319,0.231,6.02,1,0.48,0.803,1
152.4554649860611,190.57,0.7655195827675043,0.4768,9.23,0,0.0,0.62,1
3.5107880432677874,4.39,7.864669957789595,0.2845,2.14,0,0.0,0.783,1
90.29265462312274,112.87,1.9623346277342324,0.348,8.04,0,0.0,0.852,1
280.0888332099192,350.11,1.6439190111169022,0.0443,8.36,1,2.8,0.898,0
93.15887080260173,116.45,2.0853763154717653,0.4387,7.91,1,0.93,0.655,1
108.13781613202548,135.17,2.2613101273982874,0.2695,7.74,1,1.08,0.667,0
141.94951447022146,177.44,6.739521810365597,0.4606,3.26,0,0.0,0.788,1
168.5080124554424,210.64,6.386009821095195,0.2227,3.61,1,1.69,0.999,1
242.6125934462232,303.27,1.2933662411160174,0.3415,8.71,1,2.43,0.742,1
57.09636694680529,71.37,7.244191861024001,0.2354,2.76,0,0.0,0.771,0
261.52391315776714,326.9,3.4905710304244897,0.0713,6.51,1,2.62,0.773,0
227.2648071431668,284.08,4.57472730703548,0.136,5.43,1,2.27,0.632,1
216.7951003984666,270.99,1.248599598195106,0.0336,8.75,1,2.17,0.91,1
26.04137211439057,32.55,7.086260560983356,0.2201,2.91,1,0.26,0.701,0
6.492206992375404,8.12,3.7622214720467473,0.3247,6.24,0,0.0,0.881,0
178.2038102724252,222.75,6.321296032741977,0.1219,3.68,0,0.0,0.79,0
258.9401887569484,323.68,4.27220944659722,0.2452,5.73,1,2.59,0.845,0
175.3324392421908,219.17,0.4886880065475074,0.2295,9.51,0,0.0,0.622,0
63.970459633659246,79.96,7.034895658562398,0.2667,2.97,1,0.64,0.956,0
27.155969384763967,33.94,5.525081602467127,0.0923,4.47,0,0.0,0.698,1
209.87893584532048,262.35,4.3424492199065865,0.267,5.66,0,0.0,0.868,0
216.5310831953429,270.66,2.0155199070784113,0.1821,7.98,0,0.0,0.919,1
51.75951020613259,64.7,6.243432148194492,0.143,3.76,1,0.52,0.816,1
8.457094648960883,10.57,2.7519744639409884,0.293,7.25,1,0.08,0.735,0
122.4850539669591,153.11,4.291742986259295,0.074,5.71,1,1.22,0.991,0
174.81561063990665,218.52,0.5648514708875163,0.4503,9.44,1,1.75,0.711,1
211.80072287015736,264.75,7.767465071684264,0.4674,2.23,1,2.12,0.979,1
242.98350274587085,303.73,0.9003708241815023,0.3303,9.1,0,0.0,0.662,0
183.1612281920197,228.95,8.908396077998795,0.1516,1.09,1,1.83,0.756,1
33.26418257954551,41.58,8.675746190478932,0.313,1.32,1,0.33,0.655,1
204.7745016427245,255.97,9.71089924817562,0.3008,0.29,0,0.0,0.601,0
295.2529928684646,369.07,9.084412428049438,0.1956,0.92,1,2.95,0.704,1
271.6753753792212,339.59,9.714076542163369,0.1436,0.29,1,2.72,0.635,1
261.5006727808538,326.88,8.872762441747103,0.0842,1.13,1,2.62,0.995,0
90.65104600750226,113.31,1.125086050424734,0.1087,8.87,0,0.0,0.905,0
225.23645293620015,281.55,4.376818631430055,0.3265,5.62,1,2.25,0.601,1
255.33103378954365,319.16,0.7615636181123453,0.4429,9.24,0,0.0,0.689,1
203.49786138937895,254.37,5.452982066793366,0.1925,4.55,1,2.03,0.868,1
75.16852697039415,93.96,5.297567614791858,0.0609,4.7,1,0.75,0.759,0
286.1501915624875,357.69,9.221783601162928,0.0064,0.78,0,0.0,0.933,1
135.24582343760275,169.06,9.696947451149834,0.203,0.3,0,0.0,0.802,0
38.94166759976382,48.68,2.5964404682514184,0.1163,7.4,1,0.39,0.861,1
32.9333685172176,41.17,5.8231284976209015,0.1613,4.18,1,0.33,0.839,1
194.25569618971377,242.82,4.644417896529488,0.1208,5.36,1,1.94,0.855,0
131.31289392502174,164.14,5.467351747409527,0.3321,4.53,1,1.31,0.692,0
28.34516255368909,35.43,5.31728095088984,0.3193,4.68,1,0.28,0.749,0
222.1093716468284,277.64,9.141244092026335,0.4562,0.86,0,0.0,0.62,0
239.79755017758592,299.75,8.961257752523029,0.3499,1.04,0,0.0,0.835,1
217.6246892359354,272.03,1.2273668193723164,0.0825,8.77,1,2.18,0.784,1
60.67826330520387,75.85,3.451101784168614,0.3758,6.55,0,0.0,0.904,1
206.9326367988208,258.67,7.5277507359278895,0.0906,2.47,1,2.07,0.683,1
3.216840868315529,4.02,6.839871058300631,0.2793,3.16,0,0.0,0.775,0
91.53364190352276,114.42,6.311925556095242,0.0385,3.69,1,0.92,0.672,1
119.64645942226312,149.56,9.93810432296497,0.0237,0.06,0,0.0,0.846,1
250.57408466565047,313.22,3.36935057298282,0.2321,6.63,1,2.51,0.939,1
117.11831192082128,146.4,5.15248705781926,0.0525,4.85,1,1.17,0.906,0
3.3808338568194873,4.23,9.791503732512744,0.1533,0.21,1,0.03,0.978,1
105.70392354840284,132.13,6.955522786122463,0.1694,3.04,1,1.06,0.989,1
149.67722950778617,187.1,6.486802721875087,0.3847,3.51,0,0.0,0.909,0
284.701436001832,355.88,1.5474724005099882,0.1663,8.45,1,2.85,0.715,1
282.31029113686344,352.89,2.466569034453927,0.2472,7.53,0,0.0,0.688,0
54.26221146642347,67.83,3.774731893867017,0.3863,6.23,1,0.54,0.779,1
55.54396252183547,69.43,4.648471003633045,0.1024,5.35,1,0.56,0.998,1
49.01443693936515,61.27,4.972102397051575,0.4024,5.03,1,0.49,0.765,0
236.67657972423095,295.85,9.021371814296458,0.4159,0.98,1,2.37,0.68,1
1.8066121105219104,2.26,1.0721198570894586,0.4944,8.93,1,0.02,0.978,1
38.1531594575632,47.69,2.483525700506627,0.222,7.52,0,0.0,0.754,0
161.3878894932297,201.73,1.436338035484418,0.1853,8.56,0,0.0,0.876,0
74.26862006602965,92.84,7.35310725753111,0.351,2.65,1,0.74,0.915,1
27.706937471778627,34.63,9.705798011091275,0.0291,0.29,0,0.0,0.937,1
107.9634037001503,134.95,8.939608033877105,0.0199,1.06,1,1.08,0.929,1
82.26228151807344,102.83,7.233007688055453,0.1675,2.77,0,0.0,0.934,0
153.33129195428535,191.66,0.2152280416847252,0.3648,9.78,0,0.0,0.867,0
293.77007814905875,367.21,3.4703086999744857,0.0582,6.53,1,2.94,0.762,0
37.29139104447553,46.61,8.636180500027459,0.3178,1.36,0,0.0,0.867,0
111.8180114502283,139.77,6.530702539609364,0.1348,3.47,0,0.0,0.935,1
279.5955053617424,349.49,2.0960132124989475,0.3258,7.9,1,2.8,0.74,1
263.0619130481468,328.83,4.664871346685904,0.2285,5.34,0,0.0,0.719,0
118.28131043528418,147.85,0.8791813164505746,0.0576,9.12,1,1.18,0.737,0
209.68597935592095,262.11,5.208015365725886,0.1236,4.79,0,0.0,0.821,0
26.35710407440367,32.95,9.010284476851634,0.1099,0.99,1,0.26,0.621,0
213.76231666308453,267.2,0.3871884633696676,0.0823,9.61,0,0.0,0.912,0
291.85731884542247,364.82,6.13891525079295,0.2342,3.86,1,2.92,0.656,1
161.2464458502575,201.56,2.331026979988786,0.4773,7.67,1,1.61,0.653,0
149.5470681103243,186.93,9.903850721788558,0.329,0.1,0,0.0,0.679,1
56.1955859105731,70.24,0.6510172070353493,0.418,9.35,0,0.0,0.831,1
190.13645967218756,237.67,6.172913830838899,0.4905,3.83,1,1.9,0.714,1
177.13118423367447,221.41,2.563706877591414,0.2703,7.44,0,0.0,0.747,0
195.57991784272517,244.47,8.824630625479328,0.119,1.18,0,0.0,0.973,1
7.824986005416545,9.78,1.21929799339065,0.4639,8.78,0,0.0,0.939,0
164.61704650472208,205.77,4.292526128040931,0.3495,5.71,1,1.65,0.941,1
178.48045304921192,223.1,1.8536154496273671,0.4795,8.15,1,1.78,0.831,1
62.259040623840654,77.82,7.994437223866821,0.3255,2.01,1,0.62,0.947,1
62.49985724656081,78.12,3.514435663214106,0.3876,6.49,1,0.62,0.911,0
82.86545055328494,103.58,1.8671319845619316,0.4453,8.13,0,0.0,0.981,1
213.51647751817129,266.9,7.25901068076631,0.3796,2.74,1,2.14,0.626,1
181.8798190597115,227.35,8.172173178312963,0.2813,1.83,0,0.0,0.611,0
253.72879383534135,317.16,4.623954873696424,0.236,5.38,1,2.54,0.67,0
88.69757155292946,110.87,3.788494022589552,0.4117,6.21,1,0.89,0.972,0
273.6204179664955,342.03,6.321441923770895,0.386,3.68,0,0.0,0.842,1
223.1118485950075,278.89,6.513965889391736,0.1832,3.49,0,0.0,0.77,1
118.5035010041091,148.13,6.60745395636221,0.2492,3.39,0,0.0,0.805,1
28.578619687636778,35.72,2.7575764196927444,0.3175,7.24,0,0.0,0.932,1
77.09509874624474,96.37,9.413024726154744,0.0142,0.59,0,0.0,0.972,1
287.0304651644551,358.79,2.134442477437352,0.1238,7.87,1,2.87,0.892,1
93.1090127652238,116.39,3.7415827588819695,0.1251,6.26,1,0.93,0.904,1
98.97028804471934,123.71,2.8369394233569203,0.4416,7.16,0,0.0,0.728,0
56.8766793293151,71.1,9.31123508169197,0.1657,0.69,0,0.0,0.787,0
242.0551803416296,302.57,8.283701424783036,0.2726,1.72,1,2.42,0.954,1
82.69326907268321,103.37,8.112719372858653,0.4158,1.89,1,0.83,0.914,1
99.0774745106567,123.85,0.0471008187511978,0.1298,9.95,1,0.99,0.874,1
124.30443252948798,155.38,6.859005002083208,0.0619,3.14,0,0.0,0.626,0
130.1184839323829,162.65,2.3027369512868945,0.4742,7.7,1,1.3,0.616,0
123.40223712450651,154.25,9.677442571932994,0.3523,0.32,1,1.23,0.652,1
151.12310861241858,188.9,5.307514080354652,0.0885,4.69,1,1.51,0.833,1
244.353863884921,305.44,5.647030013999449,0.4099,4.35,1,2.44,0.815,1
245.7855122226066,307.23,3.564828248233006,0.3936,6.44,0,0.0,0.977,0
239.49394012900407,299.37,5.367306223024113,0.4188,4.63,0,0.0,0.878,0
30.337451734946253,37.92,7.497371876241443,0.1381,2.5,1,0.3,0.718,0
239.90364098244424,299.88,5.619201540943218,0.2243,4.38,1,2.4,0.665,1
36.075532045973034,45.09,6.412628898916902,0.3468,3.59,1,0.36,0.94,0
37.4171310156774,46.77,4.724680779548905,0.1953,5.28,0,0.0,0.784,1
284.3588314904882,355.45,7.163997107228298,0.035,2.84,0,0.0,0.861,1
245.8193534116624,307.27,8.995590170883766,0.0682,1.0,1,2.46,0.826,0
165.7231400604026,207.15,0.5105119991096518,0.2986,9.49,1,1.66,0.643,1
262.49106134335864,328.11,1.07296530681676,0.1876,8.93,0,0.0,0.623,1
296.80939276555887,371.01,6.856091145034214,0.0027,3.14,0,0.0,0.751,0
183.19261998953328,228.99,3.777044152705974,0.3834,6.22,1,1.83,0.745,0
183.8695310944554,229.84,2.8161843799359243,0.2084,7.18,0,0.0,0.87,0
226.3281087479784,282.91,1.7859328346235614,0.1569,8.21,0,0.0,0.853,0
69.64168570959983,87.05,5.726362767712832,0.3568,4.27,0,0.0,0.988,0
50.1374584556398,62.67,3.4753239559061355,0.2276,6.52,1,0.5,0.943,1
227.87422500452175,284.84,5.079608261113848,0.3474,4.92,0,0.0,0.799,0
103.4714384982307,129.34,9.585612282138143,0.0066,0.41,1,1.03,0.8,1
40.5211068917802,50.65,7.582676456658152,0.0047,2.42,0,0.0,0.87,1
94.46331777532492,118.08,7.959508692733578,0.28,2.04,1,0.94,0.646,0
107.59106036237262,134.49,1.241979030630248,0.4911,8.76,1,1.08,1.0,0
289.5682978517072,361.96,3.249803187968916,0.1362,6.75,0,0.0,0.808,0
209.38791332637695,261.73,1.0623547202286898,0.3414,8.94,1,2.09,0.964,0
159.25689521992018,199.07,9.685209301540642,0.0861,0.31,1,1.59,0.987,1
290.6619416047815,363.33,6.821876151332016,0.1558,3.18,0,0.0,0.833,1
270.9419221422542,338.68,0.19233837504258,0.039,9.81,0,0.0,0.641,1
153.60025698424792,192.0,4.755048218211357,0.4404,5.24,0,0.0,0.829,1
271.7038906130942,339.63,2.6352563655082872,0.1552,7.36,0,0.0,0.839,0
121.29139741879698,151.61,5.399588512670729,0.1152,4.6,0,0.0,0.916,1
69.1261996069874,86.41,1.7865768647186364,0.3653,8.21,1,0.69,0.619,0
69.80345304662553,87.25,0.5685549063165762,0.0997,9.43,1,0.7,0.787,1
198.694657332638,248.37,3.23177532278316,0.1201,6.77,1,1.99,0.969,1
150.32109621218314,187.9,2.955071107047224,0.0518,7.04,0,0.0,0.997,1
197.685254101634,247.11,7.1696358473137325,0.4814,2.83,0,0.0,0.677,0
205.82278927865096,257.28,4.74548859109535,0.1238,5.25,1,2.06,0.948,1
6.696861869315285,8.37,2.9132780333358363,0.4978,7.09,0,0.0,0.659,1
16.211877704370703,20.26,5.704305184284607,0.0881,4.3,0,0.0,0.936,1
159.80331797737497,199.75,0.7131738823124079,0.0103,9.29,0,0.0,0.711,1
57.31064332802307,71.64,6.6235261175375015,0.4478,3.38,0,0.0,0.984,0
189.7601306413319,237.2,1.472893667664772,0.29,8.53,0,0.0,0.878,0
165.65572175119442,207.07,2.796993693208909,0.1757,7.2,0,0.0,0.76,1
175.72810751126738,219.66,2.8212288717172007,0.2567,7.18,1,1.76,0.712,0
90.7366139493032,113.42,4.658519198433073,0.1304,5.34,1,0.91,0.694,0
191.953051883369,239.94,9.531573664299488,0.3174,0.47,1,1.92,0.872,0
248.84779094550692,311.06,3.246592504354285,0.3082,6.75,0,0.0,0.958,1
299.42137607767114,374.28,2.8132186847093967,0.0401,7.19,0,0.0,0.902,0
251.5333158516643,314.42,1.6880198529660395,0.4553,8.31,1,2.52,0.934,1
167.24962790398422,209.06,3.919689000861707,0.2303,6.08,1,1.67,0.913,0
58.02887750398696,72.54,1.8204111187257064,0.0976,8.18,0,0.0,0.992,0
204.43376283594625,255.54,1.3776933631563049,0.1537,8.62,1,2.04,0.903,1
281.29613566739346,351.62,8.573586058147855,0.4331,1.43,0,0.0,0.684,1
63.55996191969072,79.45,0.5263873452303536,0.1916,9.47,1,0.64,0.917,1
76.79868615797312,96.0,7.108251194599854,0.281,2.89,1,0.77,0.729,1
44.702563023495344,55.88,2.0257090102007114,0.4738,7.97,1,0.45,0.998,1
221.0164930879205,276.27,0.1171502328796192,0.3259,9.88,1,2.21,0.751,0
121.9684510270978,152.46,7.951449587969596,0.3379,2.05,0,0.0,0.717,1
18.808691665915223,23.51,7.022855192235236,0.1243,2.98,0,0.0,0.696,0
262.4849974470841,328.11,3.342989063743409,0.3341,6.66,1,2.62,0.863,1
167.30157141077,209.13,0.7933253389047357,0.1969,9.21,1,1.67,0.644,0
99.32828760010672,124.16,3.6067156369778663,0.4555,6.39,1,0.99,0.981,0
103.19489281832908,128.99,1.813275803018285,0.0648,8.19,1,1.03,0.718,0
87.07536605727203,108.84,9.32503553371556,0.1428,0.67,0,0.0,0.718,0
136.64405171779254,170.81,5.296231022547948,0.033,4.7,1,1.37,0.618,0
101.1125065464435,126.39,9.638436377269242,0.1905,0.36,0,0.0,0.698,0
164.3838912211828,205.48,3.5131412190042743,0.0742,6.49,0,0.0,0.768,0
232.05517568138825,290.07,5.564628186743985,0.4226,4.44,0,0.0,0.748,0
202.33838503331205,252.92,1.9012343009521948,0.4625,8.1,1,2.02,0.709,0
88.33706782623514,110.42,8.084290940375288,0.3347,1.92,1,0.88,0.616,1
158.62230346193377,198.28,0.411003123694198,0.0517,9.59,0,0.0,0.72,1
252.03784797367524,315.05,6.956154229361279,0.1708,3.04,0,0.0,0.911,1
20.46187042281764,25.58,3.916600923589073,0.4822,6.08,0,0.0,0.776,0
23.489180096071426,29.36,5.784157740250771,0.0682,4.22,0,0.0,0.716,0
166.85102041492604,208.56,5.922591349165696,0.2782,4.08,1,1.67,0.722,1
191.73453851694097,239.67,7.107951141343168,0.1765,2.89,0,0.0,0.822,1
63.42390473277123,79.28,2.042622032312595,0.4996,7.96,1,0.63,0.721,0
223.5660380074554,279.46,5.313859212156312,0.1427,4.69,0,0.0,0.852,1
193.87901311221825,242.35,4.269259363933958,0.0239,5.73,0,0.0,0.996,0
276.98678047088595,346.23,2.8218110886036407,0.3511,7.18,1,2.77,0.616,0
50.68626055756101,63.36,4.957278227645263,0.1634,5.04,1,0.51,0.667,1
225.4122796074032,281.77,9.520150452510851,0.3288,0.48,1,2.25,0.672,1
25.092927174980105,31.37,9.488849471790225,0.0523,0.51,0,0.0,0.779,1
169.58772285536924,211.98,2.7881731996174244,0.2615,7.21,1,1.7,0.617,0
165.56854184974375,206.96,8.842071649020069,0.1876,1.16,0,0.0,0.791,1
116.51551339402218,145.64,8.76754809387134,0.2684,1.23,0,0.0,0.972,1
253.37134430057017,316.71,2.495846476012755,0.4267,7.5,1,2.53,0.605,0
1.3111934358036703,1.64,5.9895074642305115,0.4864,4.01,0,0.0,0.746,0
156.05382056955622,195.07,8.69935759278425,0.3766,1.3,1,1.56,0.904,1
65.14606495055622,81.43,5.149948019518033,0.3834,4.85,1,0.65,0.662,1
223.04958573492988,278.81,3.697694669010072,0.2645,6.3,1,2.23,0.631,0
12.92022789182915,16.15,6.507854302432062,0.0487,3.49,0,0.0,0.852,0
249.4664064544733,311.83,1.7242506344317032,0.3335,8.28,1,2.49,0.604,1
251.42766801208543,314.28,1.617313816299235,0.0739,8.38,0,0.0,0.921,0
249.85980372105087,312.32,8.326461317742371,0.1228,1.67,1,2.5,0.627,0
45.77055801980096,57.21,0.4187491593812575,0.3538,9.58,0,0.0,0.81,1
189.12195556831347,236.4,8.036299792257493,0.3285,1.96,0,0.0,0.896,0
4.310207755016881,5.39,2.9049415809293153,0.1572,7.1,0,0.0,0.697,0
254.38877738675995,317.99,4.831224909520323,0.386,5.17,1,2.54,0.641,1
216.89255805258617,271.12,5.43515055047929,0.4697,4.56,1,2.17,0.67,1
159.3461192697758,199.18,7.670692734606802,0.2726,2.33,0,0.0,0.942,0
219.1774299289851,273.97,8.838579865433598,0.3388,1.16,1,2.19,0.882,0
28.297228995531665,35.37,8.042241253964654,0.1359,1.96,1,0.28,0.679,0
158.5967496530569,198.25,5.723437752804576,0.4854,4.28,1,1.59,0.886,1
87.38294754493363,109.23,3.4801367034936614,0.1369,6.52,1,0.87,0.883,0
291.7858389668919,364.73,5.2655782495865395,0.4437,4.73,1,2.92,0.999,0
257.1353851871705,321.42,0.300216846274719,0.4639,9.7,0,0.0,0.757,1
219.98270875019307,274.98,2.449801152397356,0.3598,7.55,0,0.0,0.946,0
280.1242905749196,350.16,3.6615536588757926,0.4058,6.34,1,2.8,0.779,1
104.05299136964211,130.07,3.1975452415150407,0.2289,6.8,0,0.0,0.959,1
270.26396969645435,337.83,0.951469407311568,0.4598,9.05,0,0.0,0.637,1
97.57146963201308,121.96,0.5075408141404458,0.3713,9.49,1,0.98,0.67,1
219.8390159073459,274.8,4.2071477957415295,0.1634,5.79,1,2.2,0.94,0
220.92507353293473,276.16,0.7479975329822319,0.0175,9.25,1,2.21,0.928,1
5.504962936228042,6.88,2.8620805854153386,0.2704,7.14,0,0.0,0.722,0
108.31790948345856,135.4,4.7482565875329295,0.4203,5.25,0,0.0,0.839,0
5.829801722549366,7.29,2.099612713581811,0.4303,7.9,0,0.0,0.753,1
299.12760528307456,373.91,0.7953492634557391,0.4176,9.2,1,2.99,0.604,1
36.6590285487714,45.82,4.32133270645793,0.1074,5.68,0,0.0,0.61,1
162.8432686944328,203.55,4.484764984919699,0.2131,5.52,0,0.0,0.622,0
237.16687162879117,296.46,9.156142963287202,0.3069,0.84,1,2.37,0.838,0
60.37908067826774,75.47,1.2783764257646713,0.3338,8.72,1,0.6,0.712,0
145.5158004286418,181.89,6.149953776776283,0.1673,3.85,1,1.46,0.658,0
182.2286282763453,227.79,3.1970256636537098,0.3463,6.8,1,1.82,0.976,1
48.061426318663614,60.08,1.2359783039692152,0.2954,8.76,1,0.48,0.649,0
233.56663797346155,291.96,3.931471067752528,0.2834,6.07,0,0.0,0.87,0
89.8009371568096,112.25,4.279375853642152,0.3315,5.72,0,0.0,0.958,1
63.306922901652094,79.13,3.63564514290763,0.3017,6.36,0,0.0,0.666,1
167.48662393122507,209.36,7.657327409353288,0.0834,2.34,0,0.0,0.686,1
123.09408829288137,153.87,8.392064699539363,0.4372,1.61,0,0.0,0.83,0
276.0857833909253,345.11,1.4873176176321743,0.1203,8.51,1,2.76,0.803,1
264.0188094594462,330.02,1.6790507162963364,0.3722,8.32,1,2.64,0.808,1
145.00519901666496,181.26,4.212175981433277,0.0882,5.79,1,1.45,0.822,0
107.77913241767926,134.72,3.201889611015385,0.3305,6.8,0,0.0,0.98,0
97.65539448937956,122.07,8.195736053923374,0.4478,1.8,1,0.98,0.622,0
80.26908692445221,100.34,9.96811203114993,0.0049,0.03,0,0.0,0.904,1
163.36435611374318,204.21,1.8111037143446216,0.4898,8.19,0,0.0,0.693,0
241.49358142036303,301.87,7.625441508398029,0.0148,2.37,1,2.41,0.749,1
93.22698246106734,116.53,6.072468162166364,0.0057,3.93,1,0.93,0.636,1
57.02822690642445,71.29,6.444240666350147,0.4288,3.56,1,0.57,0.778,0
142.64514185498604,178.31,2.6444146900388654,0.3544,7.36,0,0.0,0.922,0
20.71032503929996,25.89,0.9719622213912192,0.0529,9.03,0,0.0,0.639,0
210.3837018389121,262.98,5.432561059013258,0.4687,4.57,0,0.0,0.71,1
155.50747989058007,194.38,6.135058489038421,0.336,3.86,1,1.56,0.749,1
148.91244239185625,186.14,9.630489398824702,0.0555,0.37,1,1.49,0.642,1
90.13361386500677,112.67,6.752310640888769,0.4303,3.25,0,0.0,0.905,1
271.402031259521,339.25,4.436843001715214,0.2405,5.56,0,0.0,0.915,1
27.145887554865812,33.93,9.940011287889837,0.1391,0.06,1,0.27,0.934,0
260.94720266610943,326.18,3.732389748775028,0.4125,6.27,0,0.0,0.834,1
113.0115607247768,141.26,1.6255850186533938,0.3692,8.37,0,0.0,0.803,1
264.1870547925067,330.23,6.179800527846582,0.3115,3.82,1,2.64,0.705,1
218.6284374997151,273.29,2.6625063342189073,0.4493,7.34,0,0.0,0.862,1
31.25121799861149,39.06,9.222048369006586,0.4306,0.78,0,0.0,0.778,0
249.46088595280608,311.83,4.278683644721994,0.1134,5.72,0,0.0,0.988,1
204.6530501098515,255.82,1.4961634988073558,0.4393,8.5,1,2.05,0.987,1
9.690573874604535,12.11,1.4163057016514802,0.187,8.58,1,0.1,0.962,1
40.11080463290099,50.14,6.4963940601007035,0.2159,3.5,1,0.4,0.744,0
190.68841675070857,238.36,3.65897307978584,0.4862,6.34,0,0.0,0.747,1
198.78015086408547,248.48,3.637245470510636,0.3799,6.36,1,1.99,0.941,0
223.99542985127852,279.99,6.123239552853375,0.1607,3.88,1,2.24,0.892,0
216.07362023249456,270.09,2.2151187646208994,0.324,7.78,1,2.16,0.882,1
197.8559864009865,247.32,1.4542825829487716,0.2697,8.55,0,0.0,0.712,1
229.87167052392675,287.34,6.572625107282068,0.0583,3.43,0,0.0,0.933,1
172.52571176771184,215.66,0.05237036630238,0.4439,9.95,0,0.0,0.832,0
78.23741565733647,97.8,9.073649817524286,0.4109,0.93,1,0.78,0.779,1
273.7129841192155,342.14,1.8297092079398456,0.3889,8.17,1,2.74,0.946,0
5.46420927959338,6.83,4.478560601559394,0.2796,5.52,1,0.05,0.758,0
109.96851596144708,137.46,2.1147853514353585,0.1104,7.89,1,1.1,0.862,1
218.661087929149,273.33,2.182196687297661,0.4419,7.82,0,0.0,0.786,0
128.1468123449023,160.18,8.350013670135052,0.1765,1.65,0,0.0,0.837,1
7.450322244004292,9.31,5.850335131822715,0.0101,4.15,1,0.07,0.616,1
19.794270934863956,24.74,3.1145034396266413,0.4909,6.89,1,0.2,0.784,1
194.59121074148655,243.24,2.510987299437341,0.4306,7.49,1,1.95,0.823,1
289.4593798215899,361.82,2.1286243988458056,0.3113,7.87,0,0.0,0.797,1
165.55909075034967,206.95,5.544483530199581,0.0062,4.46,1,1.66,0.939,1
152.02734540713072,190.03,7.307894127169579,0.1139,2.69,0,0.0,0.724,1
95.49756391688018,119.37,2.5352738235340047,0.226,7.46,1,0.95,0.954,0
77.00720215981895,96.26,3.3230059482242567,0.314,6.68,0,0.0,0.761,1
6.295494526885415,7.87,7.203655960367758,0.3541,2.8,0,0.0,0.878,0
81.88646029214135,102.36,7.372780166620805,0.3941,2.63,0,0.0,0.635,0
134.73313225957574,168.42,2.0732315178166836,0.2778,7.93,0,0.0,0.68,1
59.38493491468505,74.23,3.822023300473222,0.3281,6.18,1,0.59,0.904,1
26.204396544428764,32.76,8.699577250643355,0.4056,1.3,0,0.0,0.605,1
215.31836017638076,269.15,7.401922466597429,0.3599,2.6,1,2.15,0.987,0
268.3860807204201,335.48,1.624953240280914,0.4774,8.38,1,2.68,0.676,0
281.0316209061257,351.29,3.859629280277347,0.4373,6.14,1,2.81,0.961,0
185.3996185490968,231.75,9.732937819155785,0.0847,0.27,0,0.0,0.806,1
15.83237477978454,19.79,5.2537760418680755,0.4737,4.75,0,0.0,0.826,0
222.258788988532,277.82,7.1934615868616465,0.1021,2.81,1,2.22,0.634,1
33.028591578565916,41.29,0.9203501804102564,0.4956,9.08,0,0.0,0.746,0
200.9244353063472,251.16,8.325099620668567,0.3507,1.67,1,2.01,0.662,0
233.80975072436271,292.26,6.047849220220365,0.3138,3.95,0,0.0,0.81,0
217.75941324794184,272.2,1.7560043212173648,0.1622,8.24,1,2.18,0.82,0
285.5651417283392,356.96,3.8021177104363826,0.0666,6.2,0,0.0,0.884,0
221.44388534021692,276.8,0.8302759527571768,0.0631,9.17,1,2.21,0.951,1
207.96293339454257,259.95,7.770105281537846,0.4333,2.23,0,0.0,0.787,1
78.52295165493072,98.15,7.44878999977278,0.2162,2.55,1,0.79,0.693,1
277.4306059307705,346.79,4.9023102020114635,0.2799,5.1,0,0.0,0.733,1
53.863161238250065,67.33,4.520163953085106,0.4659,5.48,1,0.54,0.939,1
271.4689834419379,339.34,4.634246193908844,0.1277,5.37,0,0.0,0.658,0
93.79876300377312,117.25,0.3746677867534309,0.382,9.63,1,0.94,0.851,0
39.04907816330062,48.81,3.6824496708503176,0.2352,6.32,1,0.39,0.605,0
248.00490818135123,310.01,1.285039813724943,0.1064,8.71,1,2.48,0.698,1
0.7486360802487435,0.94,1.8479236220345108,0.4265,8.15,1,0.01,0.837,1
249.6264953042492,312.03,9.621167086852822,0.34,0.38,0,0.0,0.783,1
78.69355261379278,98.37,2.6178520953451203,0.0475,7.38,1,0.79,0.797,1
265.4163818266864,331.77,4.836249744747125,0.2709,5.16,0,0.0,0.864,0
207.44375467247377,259.3,8.87792479194958,0.4259,1.12,1,2.07,0.694,1
199.85499985517703,249.82,4.134913839350732,0.0335,5.87,1,2.0,0.712,1
109.595868949453,136.99,5.286181396191686,0.2081,4.71,1,1.1,0.874,0
17.820892167231296,22.28,1.6878772766418026,0.4026,8.31,0,0.0,0.815,1
249.0219294616732,311.28,2.850793925051444,0.4292,7.15,1,2.49,0.606,1
51.2711385529584,64.09,5.061141598844888,0.3877,4.94,0,0.0,0.868,0
111.67759256842568,139.6,3.6490148602606274,0.1529,6.35,0,0.0,0.848,1
180.10640565272453,225.13,0.3825570065207573,0.2535,9.62,0,0.0,0.631,1
144.67612156818652,180.85,4.008290333804347,0.3706,5.99,0,0.0,0.899,0
59.59819055139541,74.5,8.151057640019202,0.0763,1.85,0,0.0,0.809,0
42.18490706468517,52.73,1.1605944298643556,0.2975,8.84,0,0.0,0.682,0
36.973881675087185,46.22,0.1873139437809745,0.3602,9.81,0,0.0,0.824,1
258.9023644497603,323.63,1.187027567551027,0.425,8.81,1,2.59,0.838,1
9.467864718400088,11.83,6.868701946482667,0.0558,3.13,1,0.09,0.968,0
293.10427787996827,366.38,7.946446387784879,0.1648,2.05,0,0.0,0.897,1
59.55860711562423,74.45,0.4872655559560557,0.2708,9.51,1,0.6,0.721,0
33.09668906372344,41.37,8.875509035359737,0.3505,1.12,1,0.33,0.647,0
173.09149643303854,216.36,6.273253615815433,0.365,3.73,0,0.0,0.941,1
23.995787382208988,29.99,5.181313484576454,0.1266,4.82,0,0.0,0.938,0
180.7359789490785,225.92,2.535918880136969,0.0069,7.46,1,1.81,0.67,0
255.18799344408396,318.98,3.717003147356501,0.3469,6.28,1,2.55,0.625,0
14.36940644022745,17.96,9.469732726795478,0.4546,0.53,0,0.0,0.885,0
239.96058135856325,299.95,9.1154643364622,0.3988,0.88,1,2.4,0.889,1
118.3432322946356,147.93,6.254645535017813,0.3112,3.75,0,0.0,0.671,0
47.847190149362994,59.81,5.789112176678487,0.4888,4.21,0,0.0,0.867,0
52.82894408023772,66.04,2.1054466415704685,0.2166,7.89,1,0.53,0.712,1
275.62936310826785,344.54,9.532785378516516,0.2625,0.47,0,0.0,0.704,1
33.18172558219934,41.48,7.553917131090458,0.0061,2.45,1,0.33,0.73,1
260.0348361346971,325.04,3.822596979353637,0.473,6.18,1,2.6,0.808,0
163.27338629508438,204.09,8.15831517046712,0.2917,1.84,1,1.63,0.922,1
11.716853644931724,14.65,2.118746622668619,0.1954,7.88,1,0.12,0.799,0
139.3428437152015,174.18,2.1322865383133847,0.0223,7.87,0,0.0,0.719,0
245.2348543428902,306.54,7.909612345570305,0.1812,2.09,1,2.45,0.954,0
217.86083629173012,272.33,5.593079808671537,0.0018,4.41,0,0.0,0.622,0
146.63472530541537,183.29,5.55835288527004,0.1622,4.44,1,1.47,0.919,1
258.0149639088651,322.52,5.7367082737050765,0.4757,4.26,1,2.58,0.914,1
36.10942853406891,45.14,1.25806817016346,0.0771,8.74,1,0.36,0.701,0
272.9823160177107,341.23,3.495590743968876,0.2727,6.5,1,2.73,0.679,1
253.93236254500465,317.42,5.730796698419633,0.0933,4.27,1,2.54,0.95,0
212.4830476971708,265.6,2.475884265733995,0.3917,7.52,0,0.0,0.824,0
245.3663226386248,306.71,5.040049595255212,0.2812,4.96,1,2.45,0.618,1
163.1446520527998,203.93,5.570352382540103,0.1011,4.43,1,1.63,0.956,0
202.54872872930005,253.19,9.42813878387764,0.4331,0.57,0,0.0,0.74,1
168.17942121233366,210.22,2.4577580905835736,0.392,7.54,0,0.0,0.737,0
106.6285591523848,133.29,4.393572915573264,0.4757,5.61,1,1.07,0.857,0
170.65823920835328,213.32,9.815112105441615,0.0003,0.18,1,1.71,0.865,0
77.23959975957771,96.55,1.8678987621794465,0.2286,8.13,1,0.77,0.741,0
132.08375125223557,165.1,7.800194859331496,0.4999,2.2,0,0.0,0.657,0
84.23262217807296,105.29,1.771549556369573,0.4056,8.23,0,0.0,0.821,1
36.8663368384167,46.08,8.50046572777236,0.4156,1.5,0,0.0,0.85,1
96.55855691697184,120.7,4.879739373508939,0.3106,5.12,0,0.0,0.944,1
255.5961654554312,319.5,9.721614847099527,0.3564,0.28,0,0.0,0.794,0
114.32423119269173,142.91,1.7007496744056394,0.4027,8.3,1,1.14,0.858,0
224.40109469066073,280.5,6.879263457451211,0.0461,3.12,0,0.0,0.622,0
52.55935627144838,65.7,6.95279250423816,0.3463,3.05,0,0.0,0.958,1
127.32574775029248,159.16,7.188754375364809,0.4077,2.81,1,1.27,0.731,0
34.45682080055297,43.07,1.0096876376229147,0.0204,8.99,1,0.34,0.853,0
41.58631901024691,51.98,2.8856098822464604,0.1485,7.11,0,0.0,0.966,0
185.2309139670207,231.54,3.380168272465519,0.162,6.62,0,0.0,0.924,1
182.24454523470337,227.81,3.2428760803267953,0.4273,6.76,1,1.82,0.855,1
64.01157220645867,80.01,6.750207190002863,0.3902,3.25,0,0.0,0.881,0
142.32695828663958,177.91,0.5482967061386235,0.3282,9.45,1,1.42,0.968,1
258.99185009338436,323.74,7.300786179852055,0.4024,2.7,0,0.0,0.925,0
52.26045260294486,65.33,5.265843745506256,0.2267,4.73,1,0.52,0.844,1
5.7631599220544505,7.2,1.7299716916722765,0.4374,8.27,1,0.06,0.863,1
195.5985421990717,244.5,2.2611868990374395,0.1171,7.74,1,1.96,0.659,0
16.049462426605498,20.06,0.9758031553423951,0.3523,9.02,1,0.16,0.788,1
293.9820715717338,367.48,4.59058852386863,0.1209,5.41,0,0.0,0.72,1
182.8860851396643,228.61,5.949214032596419,0.0199,4.05,1,1.83,0.773,1
141.11890585319168,176.4,5.809720492564256,0.1421,4.19,0,0.0,0.865,1
128.99776200729204,161.25,9.623678724058646,0.2465,0.38,1,1.29,0.66,1
171.92119755507943,214.9,2.959660320045171,0.4217,7.04,1,1.72,0.607,1
27.187331016064476,33.98,7.620798456028799,0.2544,2.38,0,0.0,0.759,0
279.00571764584873,348.76,7.230775430131221,0.0896,2.77,0,0.0,0.729,1
187.69262056556332,234.62,0.6132698061222253,0.4964,9.39,1,1.88,0.768,1
55.19354928327264,68.99,9.30005076721791,0.135,0.7,0,0.0,0.972,0
168.77431612939884,210.97,9.313039188457502,0.4926,0.69,1,1.69,0.883,1
39.97695174990349,49.97,3.9633518213790584,0.4682,6.04,0,0.0,0.731,0
5.265815267493634,6.58,4.176778350057363,0.2712,5.82,1,0.05,0.672,1
189.1550955641994,236.44,8.195969296010675,0.046,1.8,0,0.0,0.847,1
194.54500256103833,243.18,4.950306554718692,0.3477,5.05,1,1.95,0.863,0
175.10897484102466,218.89,7.992006985157846,0.4229,2.01,1,1.75,0.793,1
55.044961308006926,68.81,0.3612516910486418,0.2227,9.64,0,0.0,0.685,0
181.02895754843013,226.29,2.5027061238059014,0.1195,7.5,0,0.0,0.611,0
16.953282277355942,21.19,0.9106498518836316,0.4014,9.09,0,0.0,0.706,1
182.7715066715767,228.46,4.541980522318095,0.2725,5.46,0,0.0,0.783,1
166.20510573228563,207.76,8.541594445708956,0.0988,1.46,0,0.0,0.915,0
196.57644925172983,245.72,5.6978774346604055,0.4748,4.3,0,0.0,0.942,1
268.64268172571815,335.8,5.203335385985419,0.474,4.8,1,2.69,0.765,0
255.107431571861,318.88,3.661068938956099,0.1835,6.34,1,2.55,0.918,1
294.19625746876164,367.75,0.6360987672651108,0.032,9.36,1,2.94,0.997,0
292.8723098809725,366.09,7.66409670488431,0.3154,2.34,1,2.93,0.887,0
231.69590801212576,289.62,5.70766065982748,0.1586,4.29,0,0.0,0.891,1
286.9258866533184,358.66,9.309655071235284,0.0332,0.69,1,2.87,0.964,1
260.1851657667336,325.23,4.3196522432294575,0.4459,5.68,0,0.0,0.735,0
218.27473496849183,272.84,4.014996365129426,0.4991,5.99,0,0.0,0.604,1
22.61527639312656,28.27,9.743469904059028,0.1752,0.26,1,0.23,0.995,1
14.714966480966329,18.39,1.411574949452642,0.3724,8.59,1,0.15,0.796,1
251.27987025173107,314.1,2.523615327480382,0.0329,7.48,1,2.51,0.914,1
146.8967573615095,183.62,4.881642154484959,0.1849,5.12,1,1.47,0.925,0
244.38200531247628,305.48,5.235443015230831,0.0544,4.76,0,0.0,0.759,1
93.8754811965658,117.34,5.487166199653918,0.0277,4.51,0,0.0,0.817,1
119.29495749690383,149.12,2.121099297955502,0.2944,7.88,1,1.19,0.816,1
210.0560163035796,262.57,9.268480484566096,0.401,0.73,0,0.0,0.688,0
274.598021079628,343.25,7.035020970577321,0.2265,2.96,0,0.0,0.647,0
26.32844234366578,32.91,2.584398495596197,0.2621,7.42,0,0.0,0.817,0
258.4434433903819,323.05,2.9419299884670513,0.1354,7.06,1,2.58,0.648,1
237.9038174638096,297.38,8.803584652735573,0.3682,1.2,1,2.38,0.738,0
94.6617812189564,118.33,3.803554074888027,0.1805,6.2,1,0.95,0.674,1
106.56498423946788,133.21,5.563633615709599,0.0337,4.44,0,0.0,0.883,1
13.938443166572888,17.42,1.204267786634925,0.0828,8.8,0,0.0,0.949,0
4.722183335015395,5.9,2.517327984150199,0.0642,7.48,1,0.05,0.831,1
143.10183790731872,178.88,4.165766907266985,0.2179,5.83,1,1.43,0.764,1
28.66189364919316,35.83,6.561373778717986,0.0326,3.44,1,0.29,0.999,1
58.20054432456391,72.75,2.802206587641982,0.4032,7.2,1,0.58,0.608,0
254.03015985799908,317.54,9.507615122621331,0.454,0.49,0,0.0,0.722,0
171.30851737513575,214.14,2.202171519025998,0.1242,7.8,0,0.0,0.711,1
190.089731179834,237.61,7.78906889959848,0.2428,2.21,1,1.9,0.742,1
56.24379924957601,70.3,3.645988127337657,0.2595,6.35,1,0.56,0.692,0
248.59854133632584,310.75,8.334008768618204,0.4925,1.67,0,0.0,0.706,0
260.3939317319243,325.49,9.231057118887732,0.0328,0.77,0,0.0,0.703,1
156.99827811391302,196.25,1.8701556150452523,0.3339,8.13,1,1.57,0.802,1
273.76733156359796,342.21,4.914770420655014,0.1729,5.09,1,2.74,0.756,0
253.4485874863745,316.81,1.5436587392441936,0.2509,8.46,0,0.0,0.856,0
219.3972530023314,274.25,7.05825230785949,0.1085,2.94,1,2.19,0.806,0
220.2227747080886,275.28,8.322380812277695,0.0801,1.68,0,0.0,0.673,1
31.618042185258982,39.52,3.894679382578931,0.1218,6.11,0,0.0,0.924,1
81.25081130869974,101.56,3.967509029593388,0.0356,6.03,0,0.0,0.789,1
20.054165945302817,25.07,2.038397807443938,0.139,7.96,0,0.0,0.661,1
2.6043627678925985,3.26,3.0653465734716843,0.3452,6.93,0,0.0,0.667,1
47.49285941517304,59.37,3.238930590375796,0.3257,6.76,1,0.47,0.919,1
264.146154794082,330.18,1.555742767712297,0.2772,8.44,1,2.64,0.881,1
71.96221771081545,89.95,3.099522300653288,0.0002,6.9,1,0.72,0.803,1
291.04618877751653,363.81,9.072569011777624,0.0629,0.93,0,0.0,0.722,1
179.18729986836183,223.98,3.2538583248056128,0.4214,6.75,1,1.79,0.784,0
71.17754629040711,88.97,2.7443718526967196,0.1359,7.26,1,0.71,0.855,0
149.13924104526384,186.42,3.846422829029845,0.4561,6.15,1,1.49,0.952,1
65.72844681003461,82.16,9.602730379980336,0.4373,0.4,1,0.66,0.822,0
295.1920674547122,368.99,7.645791318851227,0.0775,2.35,0,0.0,0.711,1
254.17949517148915,317.72,2.0173831754775517,0.4491,7.98,1,2.54,0.617,0
7.871636634698731,9.84,7.525515951030842,0.3139,2.47,1,0.08,0.67,1
284.33280944024136,355.42,7.6623484215458495,0.3151,2.34,1,2.84,0.86,0
216.3195321908662,270.4,9.501370746802849,0.4263,0.5,1,2.16,0.664,1
24.7143756063835,30.89,8.910951088619228,0.2025,1.09,0,0.0,0.793,0
201.19132389793367,251.49,0.9519498313102848,0.3676,9.05,0,0.0,0.88,1
194.07800938970564,242.6,4.545765413677291,0.3339,5.45,0,0.0,0.723,1
65.63662374227503,82.05,7.029935780869553,0.3858,2.97,1,0.66,0.868,1
227.53401000227268,284.42,9.73368800869901,0.3301,0.27,0,0.0,0.832,1
26.119410993890135,32.65,0.8515471815443065,0.04,9.15,0,0.0,0.776,0
146.83355436937435,183.54,3.682327489222184,0.1464,6.32,1,1.47,0.959,1
2.9769621489263765,3.72,4.922238026840637,0.47,5.08,0,0.0,0.877,0
290.6212466684239,363.28,4.13244193527852,0.1117,5.87,1,2.91,0.744,0
225.4690895330728,281.84,4.557784430284025,0.2361,5.44,0,0.0,0.922,1
47.65562284789681,59.57,3.6910213972489094,0.1785,6.31,1,0.48,0.895,1
102.50221198538487,128.13,9.706226141266743,0.0431,0.29,0,0.0,0.917,0
48.16871334245288,60.21,8.032447789612897,0.0906,1.97,1,0.48,0.856,1
229.9852392387944,287.48,7.366599117633678,0.1433,2.63,0,0.0,0.752,1
17.66889762831455,22.09,4.107013581064502,0.2317,5.89,1,0.18,0.739,0
252.12199666911425,315.15,8.815235808502315,0.4373,1.18,1,2.52,0.862,0
282.658901650719,353.32,0.9333928720443264,0.2578,9.07,0,0.0,0.652,0
202.98838284188997,253.74,1.4341852625748497,0.326,8.57,0,0.0,0.928,0
63.88963500043025,79.86,9.540578532810883,0.213,0.46,1,0.64,0.748,0
108.02702874406523,135.03,5.6698830342255295,0.435,4.33,0,0.0,0.852,0
143.1719624426794,178.96,1.594577756692409,0.3313,8.41,1,1.43,0.8,1
181.38743166067613,226.73,9.49145707750745,0.0453,0.51,1,1.81,0.808,1
200.59892694350623,250.75,9.748432747641276,0.2388,0.25,0,0.0,0.895,1
166.26441459566485,207.83,8.814930681952099,0.4136,1.19,1,1.66,0.851,0
105.39417624655673,131.74,2.3855785498161906,0.3668,7.61,1,1.05,0.7,0
267.2751841694709,334.09,2.78493985918012,0.4527,7.22,1,2.67,0.63,1
24.41761740538747,30.52,4.0697285255187285,0.1138,5.93,0,0.0,0.936,1
139.87681627304852,174.85,5.7932172585800945,0.4886,4.21,0,0.0,0.954,1
232.6694515402442,290.84,9.921814095695122,0.1425,0.08,1,2.33,0.666,0
18.26179958742027,22.83,9.561335468327858,0.0251,0.44,0,0.0,0.724,1
211.60056504339036,264.5,9.211390586977403,0.2478,0.79,0,0.0,0.713,1
245.9134868259975,307.39,0.8927629881354582,0.0552,9.11,0,0.0,0.975,0
198.24938955811567,247.81,7.571663452240955,0.3407,2.43,0,0.0,0.682,0
3.881067682606798,4.85,8.768458613396913,0.4503,1.23,1,0.04,0.667,0
54.04110813966187,67.55,3.332795295388664,0.4607,6.67,1,0.54,0.673,1
102.63392366758522,128.29,2.195740342008076,0.3035,7.8,0,0.0,0.892,0
70.10701069141378,87.63,7.484414938868724,0.2676,2.52,1,0.7,0.955,0
288.79564206822823,360.99,0.9083775639150682,0.497,9.09,1,2.89,0.757,0
195.4781742341381,244.35,9.408582021478272,0.2897,0.59,1,1.95,0.654,0
89.09128720547109,111.36,1.5607764425628023,0.4637,8.44,1,0.89,0.834,0
278.90924959963365,348.64,4.575378521702092,0.4583,5.42,0,0.0,0.684,0
222.17825984285605,277.72,9.827978496670962,0.1448,0.17,0,0.0,0.626,1
85.38216354811259,106.73,9.882202165370105,0.0069,0.12,1,0.85,0.954,1
113.66447082058662,142.08,7.759902866955368,0.2196,2.24,0,0.0,0.948,1
59.82865749118702,74.79,8.391884848278139,0.4307,1.61,0,0.0,0.99,1
291.32219947974653,364.15,9.671707421915004,0.4181,0.33,1,2.91,0.79,1
155.18894876702197,193.99,9.274295094143692,0.3018,0.73,0,0.0,0.718,0
268.8170062493954,336.02,6.221086322838477,0.0783,3.78,1,2.69,0.908,1
103.9499313050543,129.94,7.346169809287301,0.0538,2.65,1,1.04,0.672,0
258.2524809292427,322.82,5.937765539485278,0.4773,4.06,0,0.0,0.697,0
16.16605452814919,20.21,5.064952739715744,0.2107,4.94,0,0.0,0.702,1
294.6270952572864,368.28,8.808290165289472,0.3241,1.19,0,0.0,0.981,0
273.6103101099908,342.01,7.380251121370199,0.4529,2.62,0,0.0,0.892,0
108.96088343299648,136.2,8.59816170368031,0.4349,1.4,1,1.09,0.653,1
232.4166495943732,290.52,0.9591096340541028,0.2835,9.04,1,2.32,0.637,0
225.6773779421478,282.1,5.764851676244815,0.244,4.24,0,0.0,0.937,0
270.3764391308795,337.97,3.2951682834824867,0.3676,6.7,1,2.7,0.921,1
92.17649433864334,115.22,5.13393978306116,0.1748,4.87,1,0.92,0.868,0
139.65600159424486,174.57,6.129654446365496,0.3127,3.87,0,0.0,0.678,0
259.4998837818159,324.37,8.457584721322844,0.0116,1.54,1,2.59,0.792,1
233.5738362405648,291.97,0.3187772455861504,0.4122,9.68,0,0.0,0.841,0
118.04001562208374,147.55,1.6398337268159568,0.499,8.36,1,1.18,0.973,0
253.71756987363665,317.15,9.214457412803158,0.4774,0.79,1,2.54,0.668,1
14.086211769720446,17.61,9.67270709923254,0.1799,0.33,1,0.14,0.806,0
234.61389088889703,293.27,0.5542268309744758,0.2656,9.45,0,0.0,0.663,0
62.029757830110185,77.54,3.3178754291688852,0.1181,6.68,1,0.62,0.778,0
85.83627234713616,107.3,0.0972997376724049,0.1515,9.9,0,0.0,0.68,1
147.9644530786781,184.96,7.574480131947373,0.2287,2.43,0,0.0,0.934,1
134.92035032099218,168.65,6.81940180240984,0.3735,3.18,1,1.35,0.702,1
156.17103206096428,195.21,5.648051153986337,0.0089,4.35,0,0.0,0.767,1
163.43267870160716,204.29,6.9166117325556495,0.1969,3.08,1,1.63,0.763,1
99.45830730944908,124.32,5.3779121255782005,0.2782,4.62,1,0.99,0.947,1
52.56825390510899,65.71,2.388411755804658,0.1076,7.61,0,0.0,0.903,1
230.5443687861918,288.18,7.543337349554888,0.0392,2.46,1,2.31,0.623,1
119.99284472614262,149.99,7.832777710649404,0.2698,2.17,0,0.0,0.627,1
151.7522587377177,189.69,8.542018930732665,0.3189,1.46,1,1.52,0.82,0
193.40901550533545,241.76,9.54076678461756,0.3205,0.46,1,1.93,0.771,1
272.8913766919968,341.11,7.4754161174054525,0.1783,2.52,0,0.0,0.71,0
212.265849342066,265.33,0.5454979153327266,0.1187,9.45,1,2.12,0.917,0
13.637767677115352,17.05,0.2083857154649926,0.1102,9.79,1,0.14,0.651,1
251.56810901940528,314.46,7.398706707045248,0.0203,2.6,0,0.0,0.99,1
296.80650453825575,371.01,0.5605096492721118,0.0923,9.44,1,2.97,0.61,0
141.74550761141464,177.18,3.159445982962267,0.4093,6.84,1,1.42,0.647,1
290.8771009363802,363.6,1.361598875239668,0.0015,8.64,0,0.0,0.725,0
164.19862270294482,205.25,9.688999044021632,0.0219,0.31,0,0.0,0.804,0
137.88479876158493,172.36,3.1639415536541637,0.0635,6.84,1,1.38,0.686,1
99.42142941823651,124.28,0.5514690817032153,0.2101,9.45,0,0.0,0.894,1
197.26646275000164,246.58,9.49607542515883,0.1669,0.5,1,1.97,0.743,1
68.94612615751338,86.18,6.087443786006679,0.0889,3.91,1,0.69,0.615,0
31.480265554321296,39.35,0.3610906874897379,0.0555,9.64,1,0.31,0.951,0
8.171130775264224,10.21,8.333610398864005,0.4694,1.67,0,0.0,0.978,1
87.71403381457912,109.64,1.5252870305840638,0.4556,8.47,0,0.0,0.847,1
118.73124965011148,148.41,8.024362731612394,0.3859,1.98,0,0.0,0.923,1
165.62300888437434,207.03,6.027517462066568,0.126,3.97,0,0.0,0.648,1
87.82494755610193,109.78,1.7711521463643154,0.1618,8.23,1,0.88,0.708,0
295.21787171562335,369.02,7.525980527530949,0.3329,2.47,0,0.0,0.73,0
87.52355047235028,109.4,4.545049756036132,0.1458,5.45,1,0.88,0.984,1
132.29261653392263,165.37,6.38100939756116,0.2653,3.62,1,1.32,0.805,1
30.9828496595701,38.73,8.695141653149253,0.3256,1.3,0,0.0,0.603,0
78.18795400112269,97.73,2.6029811542901826,0.2596,7.4,1,0.78,0.752,1
14.499641936697326,18.12,3.659713407055072,0.2066,6.34,0,0.0,0.603,1
167.85259003119842,209.82,9.972717852144786,0.1739,0.03,0,0.0,0.695,0
225.3194049397295,281.65,5.081144701563492,0.3889,4.92,1,2.25,0.782,0
58.71294430082038,73.39,5.585026743966562,0.3695,4.41,1,0.59,0.729,0
110.37328134482122,137.97,2.854385398313436,0.3481,7.15,0,0.0,0.613,0
4.98486801814817,6.23,4.16027252603275,0.1873,5.84,1,0.05,0.647,1
251.8566167166636,314.82,5.015517471734037,0.3879,4.98,1,2.52,0.82,1
233.98905747950087,292.49,2.5844472638795857,0.4789,7.42,1,2.34,0.878,1
18.97620926228771,23.72,2.3814551114401494,0.3445,7.62,1,0.19,0.762,0
109.46028279612338,136.83,6.004668158641183,0.2039,4.0,1,1.09,0.893,1
286.58598415484863,358.23,1.8365144431961768,0.3982,8.16,1,2.87,0.665,1
117.60811682369312,147.01,5.534577348015908,0.3047,4.47,1,1.18,0.649,0
157.8626030172048,197.33,7.062140236195006,0.4388,2.94,1,1.58,0.936,1
106.57285830310656,133.22,1.9825762173025607,0.3566,8.02,1,1.07,0.736,1
178.83941643847854,223.55,7.458780617560281,0.385,2.54,0,0.0,0.773,1
293.44706269104665,366.81,3.5968437481294124,0.3337,6.4,0,0.0,0.979,1
299.2507510443591,374.06,9.925045378552053,0.046,0.07,1,2.99,0.77,0
232.41449340335737,290.52,9.79076810100704,0.2426,0.21,1,2.32,0.601,1
121.2933294061318,151.62,7.985946335185505,0.0282,2.01,0,0.0,0.975,1
148.32966024869648,185.41,3.427207765295188,0.2238,6.57,0,0.0,0.606,1
107.01939843369163,133.77,9.372101373420596,0.3582,0.63,0,0.0,0.865,1
295.67238897130386,369.59,9.98779005208254,0.2106,0.01,1,2.96,0.729,1
212.32809174762113,265.41,4.622785649417783,0.0008,5.38,0,0.0,0.788,0
134.67943363005338,168.35,6.145893808966138,0.1846,3.85,0,0.0,0.819,0
3.6345810328807016,4.54,0.0598700298371945,0.0339,9.94,0,0.0,0.763,1
156.1450243171645,195.18,0.4353321033080237,0.3903,9.56,1,1.56,0.91,1
295.17846051048537,368.97,5.0059781096698845,0.3919,4.99,0,0.0,0.972,0
156.91827269191558,196.15,6.0931387392387135,0.4032,3.91,1,1.57,0.635,0
54.728005646734104,68.41,3.123930025576364,0.0152,6.88,1,0.55,0.92,0
6.628124131432456,8.29,0.9912982038305074,0.0161,9.01,1,0.07,0.651,1
106.41112743726272,133.01,7.822721486703728,0.4517,2.18,1,1.06,0.632,1
275.4684167089821,344.34,4.187600384132587,0.0618,5.81,1,2.75,0.982,0
298.9662324527643,373.71,6.488483925347122,0.335,3.51,1,2.99,0.796,0
283.6103924436008,354.51,6.502011953714764,0.3977,3.5,0,0.0,0.661,0
218.82599797627705,273.53,5.468386830726523,0.2239,4.53,1,2.19,0.828,1
167.44281853219658,209.3,1.7848957071229563,0.2732,8.22,0,0.0,0.705,0
177.2058439146756,221.51,6.160813433228553,0.1137,3.84,1,1.77,0.786,1
161.69760272758828,202.12,3.2208400926217653,0.4618,6.78,0,0.0,0.85,1
212.1147914768965,265.14,8.191252065959235,0.1509,1.81,0,0.0,0.948,0
125.66196800860573,157.08,1.931968493934254,0.1089,8.07,1,1.26,0.601,1
200.76120148672965,250.95,2.911484139825972,0.2627,7.09,0,0.0,0.686,1
36.48363448716031,45.6,4.403059662987565,0.0953,5.6,0,0.0,0.639,0
79.70859196844513,99.64,7.400131302029762,0.3433,2.6,0,0.0,0.639,1
250.80091164258883,313.5,7.207505771555667,0.2576,2.79,1,2.51,0.978,0
271.1246792230173,338.91,3.371099537249047,0.0739,6.63,1,2.71,0.974,0
161.7024712680899,202.13,5.107520308816229,0.0336,4.89,0,0.0,0.9,1
9.49068516387972,11.86,2.342346004925966,0.0685,7.66,1,0.09,0.857,0
278.09207123753043,347.62,7.703652774938324,0.0683,2.3,0,0.0,0.939,0
210.61927740818592,263.27,1.9670988483487772,0.1564,8.03,1,2.11,0.623,1
124.20837712660824,155.26,8.193469134771401,0.4166,1.81,1,1.24,0.648,0
179.51368295984892,224.39,9.368641007556333,0.0286,0.63,0,0.0,0.727,0
128.93245033240984,161.17,9.916160720194185,0.064,0.08,0,0.0,0.933,0
139.6017680196153,174.5,8.569621573538766,0.1514,1.43,1,1.4,0.789,0
266.0429596978205,332.55,2.216989894404505,0.2767,7.78,1,2.66,0.801,1
48.325274075133464,60.41,4.16513631571974,0.3814,5.83,1,0.48,0.692,1
31.10074064467103,38.88,0.8883684600502173,0.4606,9.11,0,0.0,0.859,0
0.8186233539047238,1.02,1.6455135989921343,0.206,8.35,1,0.01,0.955,1
94.200112683638,117.75,0.4969708297165165,0.0529,9.5,0,0.0,0.732,0
44.224129945328215,55.28,6.410879115426854,0.1068,3.59,0,0.0,0.848,1
65.99564854143335,82.49,5.3318713451639415,0.1436,4.67,0,0.0,0.733,1
3.3716947996130786,4.21,9.17012816786574,0.393,0.83,0,0.0,0.917,1
68.15862440631096,85.2,4.630076767943377,0.3433,5.37,1,0.68,0.79,0
99.81347457971218,124.77,6.423067054443018,0.1045,3.58,1,1.0,0.736,0
9.470248922964398,11.84,4.015974714111631,0.4194,5.98,0,0.0,0.768,1
182.37123728914432,227.96,8.294570393558956,0.4296,1.71,1,1.82,0.636,1
170.64010466512738,213.3,9.263756983162429,0.4412,0.74,0,0.0,0.946,0
29.11073355297752,36.39,4.317317367810739,0.1375,5.68,0,0.0,0.983,0
178.5029332555203,223.13,0.8270132047632428,0.0669,9.17,0,0.0,0.791,1
299.5961755826633,374.5,1.6353582918506304,0.052,8.36,1,3.0,0.689,0
283.3406858434622,354.18,7.205443304579063,0.2,2.79,1,2.83,0.866,0
0.8012980102989897,1.0,3.2526745858861483,0.2147,6.75,0,0.0,0.781,0
238.61349339910788,298.27,7.853849725281094,0.4341,2.15,1,2.39,0.701,0
106.0815828709458,132.6,7.49759570513246,0.1339,2.5,1,1.06,0.615,1
19.095411100388223,23.87,6.943016678964797,0.3134,3.06,1,0.19,0.956,1
88.79496411486242,110.99,8.142168844497945,0.3941,1.86,1,0.89,0.919,0
96.52095489388869,120.65,7.565558702727565,0.1346,2.43,0,0.0,0.932,1
156.97327179271704,196.22,6.32587899157484,0.1336,3.67,1,1.57,0.776,0
198.3251301806564,247.91,0.0422720858024183,0.3346,9.96,1,1.98,0.901,0
224.7166836625224,280.9,5.156772080933597,0.3631,4.84,0,0.0,0.832,1
73.77091276898,92.21,5.952528930648933,0.4799,4.05,0,0.0,0.75,1
96.53117107454908,120.66,9.606459008874024,0.425,0.39,0,0.0,0.937,0
92.51451205792056,115.64,6.504820615461886,0.411,3.5,1,0.93,1.0,1
108.82106043626294,136.03,5.7547375522128466,0.3462,4.25,0,0.0,0.96,1
299.8968926869016,374.87,5.411938434862122,0.0592,4.59,1,3.0,0.91,0
233.38299084822776,291.73,1.0329299374248602,0.4046,8.97,1,2.33,0.899,1
292.4971395806091,365.62,4.276198773847131,0.4677,5.72,0,0.0,0.86,1
207.93331786411716,259.92,1.343556924978463,0.1954,8.66,0,0.0,0.941,1
121.88121049418528,152.35,0.5269775059742432,0.1568,9.47,1,1.22,0.797,0
116.92325508809247,146.15,3.29469192143905,0.2612,6.71,0,0.0,0.673,1
146.57434349251355,183.22,6.454421686960652,0.4782,3.55,0,0.0,0.907,1
125.0609350093312,156.33,8.667973350495728,0.0254,1.33,1,1.25,0.968,1
248.49787382782372,310.62,8.103658672441124,0.3544,1.9,1,2.48,0.737,0
139.50060390800786,174.38,2.946898506349036,0.4073,7.05,1,1.4,0.913,0
88.6843080632538,110.86,0.4599661835663771,0.3944,9.54,1,0.89,0.709,0
232.45808060899552,290.57,4.026781759371695,0.2834,5.97,0,0.0,0.977,0
256.3261228144184,320.41,3.147792906640542,0.4603,6.85,0,0.0,0.873,1
126.12868684213542,157.66,3.7126453472342327,0.0673,6.29,0,0.0,0.828,0
200.3425715716596,250.43,5.590989408751053,0.1226,4.41,0,0.0,0.912,1
17.641360166491427,22.05,0.3041352322144774,0.1535,9.7,0,0.0,0.925,0
158.83945559144,198.55,3.708057363730593,0.0043,6.29,0,0.0,0.957,0
13.494341323652414,16.87,5.586333094861286,0.1853,4.41,1,0.13,0.96,0
8.757252148340422,10.95,4.3097087096652755,0.0803,5.69,1,0.09,0.621,1
183.87745515682172,229.85,6.672289427977435,0.3623,3.33,0,0.0,0.649,1
91.00061471849614,113.75,1.8613179191850728,0.2075,8.14,1,0.91,0.93,1
222.76114873663963,278.45,1.5382810926378945,0.3522,8.46,1,2.23,0.978,0
268.82476818977767,336.03,3.0787442408178,0.1468,6.92,0,0.0,0.723,1
41.81735211910521,52.27,1.017292418529442,0.066,8.98,1,0.42,0.603,0
217.35685157367715,271.7,2.36261869361996,0.066,7.64,0,0.0,0.729,1
154.35599948650298,192.94,0.869044575863831,0.1016,9.13,0,0.0,0.753,0
33.635775048809656,42.04,4.019777535997722,0.0576,5.98,0,0.0,0.904,1
195.4777819442174,244.35,7.114560724480375,0.1103,2.89,1,1.95,0.619,1
182.84004093194184,228.55,2.8653808071238887,0.2895,7.13,0,0.0,0.685,1
154.69256022023475,193.37,0.0373091477811304,0.1282,9.96,1,1.55,0.958,1
277.9413613678974,347.43,5.57067435439091,0.1715,4.43,0,0.0,0.662,0
156.32390883120496,195.4,6.919415472179956,0.0264,3.08,0,0.0,0.904,0
297.1545346350638,371.44,3.913161823695932,0.4461,6.09,0,0.0,0.745,1
152.7686441544333,190.96,2.9699990132182363,0.0691,7.03,0,0.0,0.865,1
34.755611490410274,43.44,4.906377994805036,0.1743,5.09,1,0.35,0.63,1
141.14137532250913,176.43,1.0123966478836366,0.1897,8.99,1,1.41,0.715,1
54.698628766521374,68.37,6.439262199905869,0.3861,3.56,1,0.55,0.77,1
179.14004556522818,223.93,7.332971487849615,0.2418,2.67,1,1.79,0.943,1
207.93965255808035,259.92,7.046306771725392,0.1915,2.95,0,0.0,0.825,0
140.5305836121281,175.66,3.2866694020631257,0.3479,6.71,1,1.41,0.618,0
29.310890304944472,36.64,8.427106644453435,0.2985,1.57,0,0.0,0.921,1
140.59241957506586,175.74,9.468487705736642,0.0391,0.53,1,1.41,0.622,1
24.43626442032012,30.55,2.970742229938319,0.1564,7.03,0,0.0,0.974,1
204.6377866519602,255.8,2.6271918728785204,0.4893,7.37,1,2.05,0.685,1
237.11046745952623,296.39,7.041057597289204,0.2417,2.96,0,0.0,0.795,1
288.7140981681117,360.89,7.082819588650592,0.2121,2.92,1,2.89,0.629,0
44.64063213853693,55.8,5.1041742213891,0.075,4.9,0,0.0,0.825,1
159.72610065999123,199.66,9.233200035978417,0.4195,0.77,0,0.0,0.799,1
170.26121026062555,212.83,1.4631502453567236,0.0667,8.54,1,1.7,0.764,0
276.7429601342939,345.93,4.773670912705046,0.0525,5.23,1,2.77,0.614,0
188.1829921789543,235.23,0.3520687150007417,0.2195,9.65,0,0.0,0.952,1
43.652893693596326,54.57,0.5265594201811485,0.2183,9.47,0,0.0,0.921,0
130.90539718895675,163.63,0.53684534135784,0.4907,9.46,0,0.0,0.853,0
196.42875855187515,245.54,4.917881730857722,0.0638,5.08,1,1.96,0.829,1
210.0853296207892,262.61,5.8896455301407595,0.2419,4.11,1,2.1,0.878,0
258.9221995771721,323.65,0.0348749651275703,0.1006,9.97,1,2.59,0.658,1
54.152135953319146,67.69,6.325464040194374,0.3509,3.67,0,0.0,0.973,1
285.4626440266495,356.83,4.897007521396736,0.1958,5.1,1,2.85,0.714,1
17.741823604677677,22.18,2.2380188606166342,0.3242,7.76,1,0.18,0.863,1
295.1286403706706,368.91,0.1510012207651001,0.1692,9.85,0,0.0,0.843,1
257.3301278599225,321.66,1.5610319984442833,0.2823,8.44,1,2.57,0.855,1
198.08183482865135,247.6,6.003322355914909,0.2346,4.0,0,0.0,0.952,1
220.4986500793265,275.62,6.588402037399831,0.1872,3.41,1,2.2,0.718,1
21.80760177563893,27.26,6.470612018689108,0.2688,3.53,1,0.22,0.9,1
12.443958868335711,15.55,1.5316232010774555,0.1919,8.47,1,0.12,0.839,1
30.52973896540966,38.16,9.112143140022264,0.403,0.89,0,0.0,0.63,1
26.207944399241335,32.76,4.109520735536549,0.2476,5.89,1,0.26,0.766,1
164.21437004083054,205.27,7.680074218887071,0.4516,2.32,1,1.64,0.935,0
64.63319613353674,80.79,1.6648093970490063,0.1114,8.34,1,0.65,0.726,0
258.06169116201795,322.58,4.705687124253418,0.0561,5.29,1,2.58,0.793,0
133.72458692042164,167.16,5.215211773858025,0.1905,4.78,0,0.0,0.795,1
208.65314293748247,260.82,7.703552508283321,0.0918,2.3,0,0.0,0.847,1
195.8619278910479,244.83,6.215189349953261,0.1966,3.78,1,1.96,0.954,0
95.95591167891304,119.94,3.993024891005944,0.1037,6.01,1,0.96,0.669,0
72.9502720577187,91.19,2.825146491088807,0.4341,7.17,0,0.0,0.802,1
102.73688558899056,128.42,9.729567507650875,0.284,0.27,0,0.0,0.77,1
238.99751215495127,298.75,2.845299933915072,0.2488,7.15,1,2.39,0.718,1
175.88305452588554,219.85,1.2947392042578498,0.3939,8.71,1,1.76,0.968,0
76.0615987557526,95.08,3.0041669071757005,0.0652,7.0,0,0.0,0.603,1
245.35393291812903,306.69,3.269363996226795,0.4285,6.73,0,0.0,0.649,0
16.42781583309202,20.53,1.2785950903760055,0.2417,8.72,0,0.0,0.893,0
209.7550124970886,262.19,7.081451023878498,0.0682,2.92,1,2.1,0.705,1
131.73024172479327,164.66,6.19165014227892,0.4097,3.81,1,1.32,0.889,0
219.38711581976648,274.23,3.1661547748348395,0.2304,6.83,0,0.0,0.933,1
278.23838407302804,347.8,9.930000940299932,0.3023,0.07,1,2.78,0.702,1
225.0102293840712,281.26,6.550110731657643,0.4468,3.45,0,0.0,0.677,1
132.58960659341471,165.74,7.0318538670577,0.4453,2.97,1,1.33,0.658,0
45.29270445416422,56.62,5.571826501038409,0.4464,4.43,0,0.0,0.68,0
241.90529274163012,302.38,5.515747405862161,0.2085,4.48,1,2.42,0.707,0
138.21165807641148,172.76,0.2002226657827921,0.3748,9.8,0,0.0,0.947,1
22.593697037138934,28.24,7.70906276969037,0.1166,2.29,1,0.23,0.908,0
215.7166193330598,269.65,9.107407591655988,0.4156,0.89,0,0.0,0.601,0
87.55558977497691,109.44,1.222639776638892,0.1709,8.78,1,0.88,0.95,1
14.66646885155557,18.33,7.956304788071562,0.232,2.04,0,0.0,0.632,0
270.8253044922233,338.53,5.343070078636016,0.4457,4.66,1,2.71,0.862,1
144.93032762817302,181.16,2.853091615162733,0.4029,7.15,1,1.45,0.661,1
84.28831595190647,105.36,9.208840676943211,0.4763,0.79,1,0.84,0.625,0
214.91596736547348,268.64,0.1737090207370062,0.1817,9.83,0,0.0,0.904,1
265.7707133047691,332.21,2.7405855831799664,0.0755,7.26,0,0.0,0.787,1
0.0921225101266465,0.12,8.862498305262113,0.4552,1.14,0,0.0,0.84,0
206.3556555126461,257.94,4.810144937078689,0.2466,5.19,0,0.0,0.77,1
230.1035082055264,287.63,5.989218044943393,0.4447,4.01,0,0.0,0.627,0
62.9782281838479,78.72,7.497679945344363,0.366,2.5,1,0.63,0.896,0
146.88714942305234,183.61,1.479736162233386,0.4374,8.52,1,1.47,0.928,0
26.785769675380745,33.48,2.151751038505947,0.3274,7.85,0,0.0,0.617,0
224.02496475460427,280.03,9.986288528542588,0.4062,0.01,1,2.24,0.75,1
254.23680556900575,317.8,2.3745270625622803,0.0602,7.63,1,2.54,0.823,0
32.455997197398176,40.57,5.3920250635234614,0.4841,4.61,1,0.32,0.842,0
244.9380760298504,306.17,2.9870726991682828,0.0905,7.01,0,0.0,0.831,0
231.4710511453601,289.34,8.514196632193642,0.0123,1.49,1,2.31,0.877,0
104.07399611126918,130.09,9.617558287315513,0.2654,0.38,1,1.04,0.987,0
207.086858980075,258.86,1.4129241400409542,0.356,8.59,0,0.0,0.756,0
0.014437168293524,0.02,6.005734623826423,0.3582,3.99,0,0.0,0.823,0
279.5392963397996,349.42,8.115765330043441,0.1696,1.88,0,0.0,0.88,1
165.11497059251187,206.39,8.230278629979038,0.3769,1.77,0,0.0,0.837,1
186.10165921859985,232.63,4.404476858017485,0.4213,5.6,1,1.86,0.755,0
199.3978240617296,249.25,2.2537634182802035,0.305,7.75,1,1.99,0.85,0
168.41070516551002,210.51,3.8713992611244272,0.193,6.13,1,1.68,0.86,0
257.02916626183895,321.29,7.511527090242549,0.3068,2.49,0,0.0,0.834,1
182.9105496454632,228.64,9.937778922806718,0.4311,0.06,0,0.0,0.682,1
272.3279973721418,340.41,5.542892078800181,0.4502,4.46,0,0.0,0.802,0
174.69948667020267,218.37,1.951244086491224,0.0158,8.05,1,1.75,0.954,0
51.33672659416998,64.17,0.4193476677081431,0.0612,9.58,0,0.0,0.947,1
274.06876675179086,342.59,9.436898398976602,0.0023,0.56,1,2.74,0.9,0
204.48824950793303,255.61,4.830332022722792,0.2462,5.17,1,2.04,0.879,1
209.77169833066685,262.21,7.165926685177141,0.2182,2.83,1,2.1,0.661,0
295.6445251714805,369.56,6.601810351461427,0.2729,3.4,1,2.96,0.784,0
22.558966262873746,28.2,8.908712841505421,0.3418,1.09,0,0.0,0.644,1
128.5777821285514,160.72,2.6609057254798305,0.1829,7.34,0,0.0,0.927,1
71.72861789598456,89.66,4.4172009328286235,0.1043,5.58,1,0.72,0.716,0
189.1279394140971,236.41,9.136208319844648,0.1974,0.86,1,1.89,0.907,1
242.04350512442156,302.55,5.855761917879349,0.0045,4.14,1,2.42,0.926,1
289.8932126677238,362.37,0.7136163640098203,0.4147,9.29,0,0.0,0.957,0
136.37883208641605,170.47,1.94484176543014,0.1919,8.06,1,1.36,0.902,1
235.8654691927813,294.83,2.3721501702884327,0.3114,7.63,1,2.36,0.826,0
275.11547761211386,343.89,9.937854932786824,0.1624,0.06,0,0.0,0.839,0
204.99762976076545,256.25,2.241389900568387,0.3074,7.76,0,0.0,0.728,0
72.81976573493137,91.02,8.696840716153893,0.2702,1.3,0,0.0,0.671,1
182.3562453323374,227.95,0.7809564994936147,0.1043,9.22,1,1.82,0.652,1
290.98561434515597,363.73,1.8172069344052255,0.3127,8.18,0,0.0,0.673,1
296.2661486584696,370.33,8.720552116699986,0.0548,1.28,1,2.96,0.974,1
192.70794711503345,240.88,8.989364767325961,0.2405,1.01,1,1.93,0.666,0
266.09632736159676,332.62,1.761962519528012,0.3599,8.24,1,2.66,0.889,1
60.10480915458084,75.13,2.2985218419838596,0.2745,7.7,0,0.0,0.674,1
73.82358148566503,92.28,5.305673313321602,0.3731,4.69,1,0.74,0.99,0
285.8662838654579,357.33,0.5268295210475749,0.1366,9.47,1,2.86,0.747,1
40.57061264844237,50.71,9.452841674553603,0.0244,0.55,0,0.0,0.765,1
57.33193142804368,71.66,3.6207672509168263,0.028,6.38,0,0.0,0.762,1
126.16457973601553,157.71,4.892879657841518,0.1344,5.11,0,0.0,0.927,1
176.8752863260051,221.09,1.0504835512754818,0.2038,8.95,0,0.0,0.687,0
181.1451656904815,226.43,0.3254463454405099,0.2688,9.67,0,0.0,0.932,0
87.59280259966931,109.49,4.678169064698942,0.3788,5.32,0,0.0,0.863,1
276.18416938510444,345.23,1.2166737008576012,0.4198,8.78,0,0.0,0.688,0
274.5299722823588,343.16,6.303186882236411,0.3468,3.7,1,2.75,0.626,0
117.62041591571176,147.03,7.944813033362209,0.2316,2.06,0,0.0,0.91,1
130.28753082908915,162.86,0.3167113172289015,0.1322,9.68,0,0.0,0.688,0
210.74913504717355,263.44,6.122225024410692,0.2139,3.88,0,0.0,0.956,0
198.89876891967023,248.62,8.156267507215649,0.1367,1.84,0,0.0,0.652,0
114.6891044882887,143.36,4.394279795319738,0.3122,5.61,0,0.0,0.847,0
124.27327545630102,155.34,9.597046638429935,0.4091,0.4,1,1.24,0.877,1
104.41168302646167,130.51,1.1119490669227838,0.2591,8.89,1,1.04,0.863,1
70.61550208599236,88.27,3.229844634517467,0.0229,6.77,1,0.71,0.726,1
137.44150887724192,171.8,2.300750339355706,0.4699,7.7,0,0.0,0.95,0
205.93023957076213,257.41,9.961911555409747,0.1471,0.04,0,0.0,0.908,1
222.5900115942879,278.24,2.9417635420557877,0.4573,7.06,0,0.0,0.804,1
233.6620944767888,292.08,3.879267483940141,0.4065,6.12,0,0.0,0.841,0
112.41960403593644,140.52,8.476164897089824,0.2066,1.52,1,1.12,0.827,0
229.39079828549208,286.74,9.299635079864132,0.0284,0.7,1,2.29,0.979,0
1.9548947075625824,2.44,9.377472293250452,0.4739,0.62,0,0.0,0.959,0
143.11498131506465,178.89,5.581680386490836,0.3295,4.42,1,1.43,0.694,1
238.17132003980728,297.71,6.633022260479674,0.1248,3.37,1,2.38,0.705,1
189.013416192406,236.27,3.4917172676341677,0.2668,6.51,0,0.0,0.993,1
142.2189372463523,177.77,6.071587293502811,0.3177,3.93,0,0.0,0.695,0
193.39260198190476,241.74,3.027480684510709,0.1133,6.97,0,0.0,0.981,1
272.08380094459915,340.1,7.460283563593224,0.0468,2.54,1,2.72,0.86,1
169.9145401830622,212.39,3.07210116551903,0.1337,6.93,0,0.0,0.62,1
239.93585743803183,299.92,8.794107082420643,0.0238,1.21,0,0.0,0.734,1
294.2228175675593,367.78,1.4348388927216282,0.035,8.57,1,2.94,0.79,0
211.67046062267,264.59,5.718051291484539,0.0783,4.28,0,0.0,0.933,0
171.99772916671907,215.0,5.206754962749477,0.0792,4.79,1,1.72,0.731,0
11.245784137602078,14.06,2.637174743942765,0.124,7.36,0,0.0,0.724,1
112.34336947637628,140.43,0.2800210917687629,0.4687,9.72,1,1.12,0.968,1
169.6328200545355,212.04,1.4853368639693698,0.2879,8.51,1,1.7,0.632,0
239.16197151180975,298.95,9.679511665478644,0.2113,0.32,0,0.0,0.821,0
131.43143689427288,164.29,9.413045276393706,0.2819,0.59,1,1.31,0.802,1
288.017482729432,360.02,1.193007232529515,0.0029,8.81,1,2.88,0.623,1
81.53812578710247,101.92,3.7486019886933706,0.4474,6.25,1,0.82,0.635,0
223.37015856309495,279.21,4.651266191305881,0.2662,5.35,0,0.0,0.753,0
125.70942512523824,157.14,4.780719307894213,0.2258,5.22,1,1.26,0.654,0
145.79654836977176,182.25,2.988198204655421,0.4708,7.01,1,1.46,0.791,1
240.7506101596321,300.94,9.129528326700685,0.3652,0.87,1,2.41,0.844,0
88.86457849551167,111.08,9.08490600483377,0.1687,0.92,1,0.89,0.877,0
29.043616978542943,36.3,0.1892842053572929,0.4681,9.81,0,0.0,0.819,0
156.07667538402814,195.1,6.5000137551742565,0.426,3.5,0,0.0,0.752,0
158.63838354112465,198.3,0.7436240846680742,0.4773,9.26,1,1.59,0.652,1
239.1503316676121,298.94,5.974976621312753,0.0481,4.03,0,0.0,0.699,1
290.49576186963054,363.12,8.66892896401799,0.4776,1.33,1,2.9,0.768,1
16.590205898504518,20.74,6.495309496235276,0.2714,3.5,0,0.0,0.97,1
177.50684212293265,221.88,4.689276149437619,0.3361,5.31,1,1.78,0.681,1
204.38355909443996,255.48,9.578957291715938,0.1061,0.42,1,2.04,0.765,0
295.7404052245565,369.68,7.465985830175398,0.0702,2.53,0,0.0,0.893,0
282.77706428307346,353.47,2.493093727528036,0.0397,7.51,0,0.0,0.882,0
213.7352294135933,267.17,3.869369010520175,0.2112,6.13,1,2.14,0.986,0
156.53682337333976,195.67,7.598753340399639,0.1107,2.4,0,0.0,0.676,1
48.45717668977838,60.57,0.1931424811605553,0.0408,9.81,0,0.0,0.607,0
115.25296656132522,144.07,0.6396330254827209,0.4775,9.36,1,1.15,0.729,1
175.5366975171463,219.42,8.594231784597667,0.3667,1.41,1,1.76,0.66,0
217.56011897872617,271.95,0.4294598963386853,0.2589,9.57,1,2.18,0.819,1
190.6198672437337,238.27,6.785138411991532,0.3717,3.21,0,0.0,0.96,0
214.23684054832236,267.8,3.189059570558348,0.3057,6.81,1,2.14,0.875,0
128.7457513655693,160.93,8.258917177447092,0.089,1.74,0,0.0,0.654,0
218.28818717130272,272.86,8.473460655306273,0.3167,1.53,1,2.18,0.646,0
43.12237680591576,53.9,9.533391080817283,0.3405,0.47,1,0.43,0.965,1
48.77589352893407,60.97,0.9554955303748268,0.1187,9.04,0,0.0,0.795,0
48.84964374883885,61.06,4.228470092293496,0.1601,5.77,1,0.49,0.969,0
267.25948711073283,334.07,5.7395858995534486,0.1917,4.26,1,2.67,0.894,1
22.810218992590347,28.51,9.160568795898104,0.3013,0.84,0,0.0,0.997,1
240.45251182004276,300.57,2.6651414543310628,0.0634,7.33,1,2.4,0.948,0
70.07126941402115,87.59,0.7162749072712105,0.3717,9.28,1,0.7,0.766,0
140.5289821485752,175.66,2.0176462059410105,0.173,7.98,1,1.41,0.903,0
274.7869786397034,343.48,4.9557832375518975,0.3459,5.04,0,0.0,0.788,0
175.78116890625202,219.73,6.810510022787905,0.4664,3.19,0,0.0,0.693,1
63.03530586970758,78.79,6.906740213122925,0.4349,3.09,0,0.0,0.696,0
85.22701809564214,106.53,0.7466330709431346,0.3688,9.25,0,0.0,0.759,1
276.1339871687357,345.17,7.614102645624204,0.0967,2.39,0,0.0,0.645,1
128.1431775329935,160.18,6.602394032194333,0.366,3.4,1,1.28,0.671,1
176.09564490203684,220.12,4.075431872133523,0.3179,5.92,1,1.76,0.8,1
137.97965898761663,172.47,5.710862684229696,0.3863,4.29,0,0.0,0.982,1
113.53142641453488,141.91,7.677404462914931,0.4344,2.32,0,0.0,0.831,0
66.98373807972058,83.73,2.6209274800062565,0.1557,7.38,1,0.67,0.763,0
205.85745014538065,257.32,9.40033503404116,0.3222,0.6,0,0.0,0.697,0
215.47260788163612,269.34,1.3776760494702678,0.1376,8.62,0,0.0,0.678,0
82.46552748221984,103.08,9.022228117035604,0.1731,0.98,1,0.82,0.863,1
236.70325291644912,295.88,7.408579561211016,0.2603,2.59,0,0.0,0.939,0
256.36056009050384,320.45,6.605186193291939,0.2171,3.39,1,2.56,0.76,1
276.2025288718891,345.25,0.8290799725867803,0.3003,9.17,1,2.76,0.82,1
48.36372417551098,60.45,9.190046075556884,0.3794,0.81,0,0.0,0.883,0
91.17710508397992,113.97,2.953303505403946,0.3025,7.05,0,0.0,0.623,1
258.1060042511087,322.63,7.456122063121709,0.4849,2.54,0,0.0,0.74,1
59.56206084836819,74.45,8.848014126899633,0.3691,1.15,0,0.0,0.892,1
1.040537773048611,1.3,2.442834934020296,0.4925,7.56,1,0.01,0.874,1
261.24819307549035,326.56,9.146007708826492,0.3717,0.85,0,0.0,0.621,1
97.9348325254108,122.42,6.1194164859402775,0.254,3.88,0,0.0,0.695,1
124.349257541685,155.44,6.5903178229750115,0.2055,3.41,0,0.0,0.872,0
133.90020771619135,167.38,9.145128864442908,0.3678,0.85,1,1.34,0.709,0
254.48238020016856,318.1,5.267349219529072,0.3436,4.73,1,2.54,0.926,0
101.36764337803812,126.71,4.406475576155775,0.3344,5.59,0,0.0,0.612,1
267.68396575694453,334.6,6.332317675754883,0.3609,3.67,1,2.68,0.676,0
185.0817414144144,231.35,5.540235170585051,0.4361,4.46,0,0.0,0.713,0
158.1860172101053,197.73,0.614757124473283,0.1139,9.39,1,1.58,0.97,1
97.68435213823872,122.11,1.8049204693151588,0.2824,8.2,0,0.0,0.919,1
73.11350888435575,91.39,0.1356647892301377,0.3017,9.86,1,0.73,0.954,0
187.2175328332046,234.02,1.081628394980847,0.1464,8.92,0,0.0,0.776,0
134.06824801697283,167.59,7.298496597775842,0.494,2.7,0,0.0,0.929,1
273.15480297960187,341.44,0.0471116180534936,0.3928,9.95,1,2.73,0.941,1
147.49161483421491,184.36,3.044055146077669,0.1606,6.96,0,0.0,0.76,1
153.53847501035733,191.92,4.49321404378605,0.1792,5.51,1,1.54,0.998,1
125.01698434080024,156.27,9.378122490987916,0.3591,0.62,0,0.0,0.94,1
236.7788990973855,295.97,3.2700701778991617,0.0057,6.73,0,0.0,0.99,0
127.45175943278112,159.31,7.831307631083072,0.232,2.17,0,0.0,0.947,0
80.80259992492648,101.0,4.087655795525951,0.1716,5.91,1,0.81,0.91,0
258.60926228805295,323.26,0.9849138008141344,0.427,9.02,1,2.59,0.978,1
179.0484664095721,223.81,0.988437479969292,0.3956,9.01,1,1.79,0.768,1
177.45306593070052,221.82,4.324338199825179,0.166,5.68,0,0.0,0.913,0
183.24666214917795,229.06,0.5788313151618074,0.4324,9.42,1,1.83,0.685,0
215.6519244617,269.56,5.716192412612946,0.4568,4.28,0,0.0,0.893,1
93.92039679377004,117.4,4.936497353668782,0.2762,5.06,1,0.94,0.914,1
10.153311249900854,12.69,7.025351856961785,0.0796,2.97,1,0.1,0.887,1
243.17794826310288,303.97,1.856215294098289,0.3852,8.14,1,2.43,0.94,1
38.67151616449122,48.34,5.9292925372683545,0.1597,4.07,0,0.0,0.765,0
216.54592116316329,270.68,1.7452247634545404,0.2636,8.25,0,0.0,0.818,0
24.694589486198627,30.87,7.222337134726492,0.0228,2.78,0,0.0,0.604,0
112.59235260854764,140.74,3.0715865824970647,0.25,6.93,1,1.13,0.658,1
18.90782094946147,23.63,6.14416202699048,0.1901,3.86,1,0.19,0.858,0
156.66410388831738,195.83,8.826772600694568,0.343,1.17,0,0.0,0.825,1
195.94073183447253,244.93,4.882341261816238,0.0204,5.12,0,0.0,0.679,0
51.42994235345649,64.29,1.9229210992925985,0.3125,8.08,1,0.51,0.697,1
111.48828553152065,139.36,8.861229009199267,0.386,1.14,1,1.11,0.738,1
279.0718473129161,348.84,3.5857955023165355,0.0064,6.41,0,0.0,0.887,1
132.71673513223703,165.9,7.302528753471002,0.375,2.7,0,0.0,0.844,0
240.763070692967,300.95,3.200956785292035,0.0651,6.8,1,2.41,0.628,1
278.1554235180627,347.69,2.9821544265087665,0.349,7.02,0,0.0,0.904,0
292.30374749318594,365.38,6.42028259313756,0.2276,3.58,1,2.92,0.705,0
269.49660590741075,336.87,1.563114352059678,0.276,8.44,1,2.69,0.869,0
95.22159874769072,119.03,8.669738708479164,0.1687,1.33,0,0.0,0.649,1
288.7718658483579,360.96,3.8762398662585262,0.1227,6.12,1,2.89,0.999,0
243.7185725238141,304.65,0.192774359685004,0.0355,9.81,0,0.0,0.632,0
251.15267509184633,313.94,3.054364736105674,0.4323,6.95,0,0.0,0.897,1
4.55189525155043,5.69,7.8496632459950195,0.3052,2.15,1,0.05,0.817,0
286.2716589954881,357.84,8.593588553347859,0.4914,1.41,1,2.86,0.634,0
233.42706715462225,291.78,5.678802769483777,0.4252,4.32,1,2.33,0.611,1
230.39024895237,287.99,2.9410931804254457,0.4348,7.06,1,2.3,0.745,0
24.457419278575877,30.57,5.278541036916148,0.2989,4.72,1,0.24,0.921,1
69.77056232199938,87.21,8.363752986316902,0.0405,1.64,1,0.7,0.616,1
288.6784995413697,360.85,3.160378297282528,0.4567,6.84,1,2.89,0.882,0
150.20312244164288,187.75,3.8543697359598985,0.0589,6.15,0,0.0,0.862,1
119.35740547117682,149.2,5.396941329900443,0.2586,4.6,1,1.19,0.706,0
251.9822451440741,314.98,8.871381956706614,0.4284,1.13,0,0.0,0.631,1
26.202124234183295,32.75,5.821489338314651,0.2362,4.18,1,0.26,0.966,0
125.0826048813178,156.35,2.076151553866532,0.0828,7.92,1,1.25,0.72,1
112.71023232662507,140.89,0.8910403798140998,0.1866,9.11,0,0.0,0.645,1
104.95541610911783,131.19,0.9501395692786584,0.4942,9.05,0,0.0,0.873,0
92.30767309592194,115.38,9.502495737866472,0.4999,0.5,1,0.92,0.687,1
63.02248703702341,78.78,8.224124753115543,0.3554,1.78,1,0.63,0.79,0
51.873240897156656,64.84,7.6585469012559,0.444,2.34,1,0.52,0.62,1
192.12183507590225,240.15,4.963645791700467,0.0221,5.04,0,0.0,0.997,0
275.8184523626035,344.77,6.7253961727758735,0.138,3.27,0,0.0,0.779,0
152.65549357496445,190.82,1.2733030454247396,0.1845,8.73,1,1.53,1.0,0
89.39236570399328,111.74,6.208957156799465,0.006,3.79,0,0.0,0.754,1
47.7480593166679,59.69,8.107807325787796,0.1885,1.89,0,0.0,0.739,0
249.04300951577827,311.3,0.6213874023625177,0.0465,9.38,1,2.49,0.966,0
291.44761694196416,364.31,2.9615042230927724,0.2587,7.04,0,0.0,0.732,0
104.74662044035556,130.93,1.102786733629283,0.0022,8.9,1,1.05,0.773,1
87.28512766563867,109.11,2.6022703606805733,0.1352,7.4,0,0.0,0.631,0
180.4478858924824,225.56,7.725238719006051,0.4331,2.27,0,0.0,0.982,1
232.59869428602772,290.75,3.320491662879732,0.1065,6.68,1,2.33,0.634,1
136.6208410648993,170.78,6.896838478879518,0.0324,3.1,1,1.37,0.908,0
189.02194495828476,236.28,7.733025209449149,0.1249,2.27,0,0.0,0.815,0
214.96472040698757,268.71,8.166386906723668,0.4138,1.83,1,2.15,0.625,1
288.17768635685377,360.22,8.733754434083526,0.2936,1.27,0,0.0,0.601,1
49.51119915602502,61.89,5.976358120193033,0.293,4.02,1,0.5,0.974,1
299.21474814761086,374.02,2.8063983199962452,0.0003,7.19,0,0.0,0.897,0
117.64699657236864,147.06,1.5055853195558333,0.2361,8.49,0,0.0,0.875,0
216.96004281796613,271.2,5.03708654213272,0.1328,4.96,0,0.0,0.775,1
171.72431339189916,214.66,1.035572314882437,0.1681,8.96,1,1.72,0.695,0
146.00058510265202,182.5,9.107239789817015,0.2993,0.89,0,0.0,0.872,0
209.42261061947593,261.78,4.424802379429739,0.4372,5.58,0,0.0,0.843,0
118.72615506707854,148.41,8.72984145710589,0.0908,1.27,1,1.19,0.891,1
37.83299440104192,47.29,7.092703836389635,0.3841,2.91,1,0.38,0.746,1
146.66801493637192,183.34,8.572175628318545,0.0245,1.43,0,0.0,0.995,0
156.5747612046956,195.72,8.839580892545653,0.1634,1.16,1,1.57,0.627,1
60.570646019981766,75.71,0.5329349841238451,0.1095,9.47,0,0.0,0.632,1
280.68580689859715,350.86,7.252578478341637,0.4578,2.75,0,0.0,0.967,1
68.24269399388739,85.3,2.2654769641727257,0.089,7.73,1,0.68,0.859,1
122.76827822522932,153.46,9.8929690561189,0.2893,0.11,0,0.0,0.731,1
46.47890605341699,58.1,7.784029741259659,0.0824,2.22,1,0.46,0.905,1
160.73899385608323,200.92,0.0376500280322389,0.2367,9.96,0,0.0,0.781,0
92.2912824300269,115.36,9.274163218022034,0.2067,0.73,0,0.0,0.608,1
146.7817559928252,183.48,2.9230590220117714,0.0207,7.08,1,1.47,0.86,1
67.38507493746057,84.23,4.166535996364496,0.4129,5.83,0,0.0,0.697,1
16.132538384614726,20.17,6.122855789278673,0.3901,3.88,1,0.16,0.646,1
233.7679953246766,292.21,9.163097940442183,0.1389,0.84,1,2.34,0.69,0
192.3258851878975,240.41,9.273266232540609,0.307,0.73,1,1.92,0.79,1
102.22180671330386,127.78,5.634717627307392,0.1813,4.37,1,1.02,0.62,0
14.24826740469667,17.81,3.167244958114485,0.3846,6.83,0,0.0,0.953,0
259.67251880913625,324.59,2.791899417056073,0.3462,7.21,1,2.6,0.824,0
50.9385014807038,63.67,3.6439709877847895,0.0452,6.36,1,0.51,0.717,1
279.2226654844284,349.03,1.8051368353901087,0.4221,8.19,0,0.0,0.875,0
143.57861357878755,179.47,6.698330183200959,0.0897,3.3,1,1.44,0.922,1
102.11601297254512,127.65,5.278020512062874,0.0871,4.72,0,0.0,0.846,0
222.52784306728915,278.16,7.734647002698,0.3669,2.27,1,2.23,0.681,0
263.0518218225557,328.81,0.9411131688943264,0.0916,9.06,1,2.63,0.644,1
111.21406909371322,139.02,3.9990582434016786,0.0612,6.0,0,0.0,0.944,1
122.20312565105618,152.75,2.398628682008913,0.1678,7.6,1,1.22,0.694,1
129.9474658041592,162.43,5.3518620625940505,0.4194,4.65,1,1.3,0.608,0
276.69691844360074,345.87,4.682439836786131,0.0884,5.32,0,0.0,0.857,1
207.7691974542998,259.71,4.49565451189029,0.1695,5.5,0,0.0,0.661,0
74.29383511369666,92.87,3.1565363194394247,0.1431,6.84,1,0.74,0.996,0
55.499909250593824,69.37,7.268455744741269,0.178,2.73,1,0.55,0.948,1
69.11029902744482,86.39,4.815677042617569,0.3571,5.18,0,0.0,0.843,1
79.06916675565523,98.84,2.0224377981319286,0.2027,7.98,0,0.0,0.934,0
69.05504740020045,86.32,5.474474728997933,0.3798,4.53,0,0.0,0.788,1
197.55193415771885,246.94,5.966721560393939,0.3202,4.03,1,1.98,0.915,1
34.7800531972519,43.48,0.213796772653324,0.1805,9.79,0,0.0,0.859,1
116.2075469123882,145.26,2.037786608485135,0.2161,7.96,1,1.16,0.611,0
187.51607189110993,234.4,2.4240391012728235,0.3518,7.58,0,0.0,0.98,0
87.25799218287925,109.07,2.480751621631314,0.2674,7.52,1,0.87,0.944,1
19.582315410497408,24.48,2.388458703600308,0.4342,7.61,1,0.2,0.981,1
24.54717685379049,30.68,2.716411715669158,0.4666,7.28,0,0.0,0.893,1
37.7900328914059,47.24,2.627272262548277,0.3589,7.37,0,0.0,0.765,1
250.75290746044655,313.44,8.840688373236057,0.4946,1.16,0,0.0,0.683,1
197.35905168149097,246.7,3.1964787224495517,0.2983,6.8,1,1.97,0.672,1
19.35672332929343,24.2,3.4976271436624495,0.0199,6.5,0,0.0,0.658,0
117.32066374542596,146.65,2.661772625831543,0.2524,7.34,0,0.0,0.688,1
83.5755518541197,104.47,9.67574359542558,0.115,0.32,1,0.84,0.82,1
173.41203348864005,216.77,5.354908002350419,0.1669,4.65,1,1.73,0.873,1
156.841784901694,196.05,6.105461142075162,0.245,3.89,0,0.0,0.726,0
144.33720701091448,180.42,7.354872620631027,0.1475,2.65,1,1.44,0.819,0
94.35371111178397,117.94,3.3371406878937315,0.1548,6.66,1,0.94,0.737,1
41.33993161319722,51.67,9.687804297648189,0.201,0.31,1,0.41,0.879,1
222.71291486179135,278.39,1.5232617257433756,0.1432,8.48,1,2.23,0.995,0
263.95703065279633,329.95,4.578146004943443,0.0848,5.42,1,2.64,0.876,1
283.2452727698452,354.06,1.4543926235243354,0.3828,8.55,0,0.0,0.624,0
17.585691184074136,21.98,7.903757462603832,0.1976,2.1,1,0.18,0.791,0
221.9726134766649,277.47,1.0731769202193286,0.4159,8.93,0,0.0,0.908,1
217.95103782208875,272.44,5.53899603413583,0.4414,4.46,0,0.0,0.817,0
284.13288424367676,355.17,1.0480627500066564,0.3755,8.95,1,2.84,0.98,1
75.87437834932963,94.84,4.5266188818470985,0.1983,5.47,1,0.76,0.622,1
222.65371148854692,278.32,2.8030799087262603,0.3607,7.2,1,2.23,0.716,0
16.38788662994537,20.48,9.032967579593263,0.0776,0.97,1,0.16,0.688,1
189.37371622848573,236.72,0.5309579507095885,0.3306,9.47,1,1.89,0.907,0
105.25434721565392,131.57,6.499376298002449,0.203,3.5,0,0.0,0.81,0
230.67283186424257,288.34,6.952512329577897,0.3278,3.05,1,2.31,0.655,1
258.99128593061806,323.74,8.889821023812086,0.3774,1.11,0,0.0,0.714,0
109.44631266525488,136.81,8.777294563111605,0.2813,1.22,0,0.0,0.809,1
157.67582780979018,197.09,9.770562866075984,0.3212,0.23,0,0.0,0.998,1
35.22121870907997,44.03,2.5390935434710538,0.1068,7.46,1,0.35,0.746,1
125.07208956704298,156.34,2.7482537614777436,0.2963,7.25,0,0.0,0.663,1
108.24011797775076,135.3,3.97292728077615,0.2302,6.03,0,0.0,0.799,0
54.93703793535531,68.67,5.375769806364738,0.214,4.62,1,0.55,0.724,1
268.34358743003276,335.43,3.6714191860127854,0.2052,6.33,1,2.68,0.826,0
44.42635141204807,55.53,7.402964105448687,0.1555,2.6,1,0.44,0.787,0
190.72180725905616,238.4,0.0854505190965326,0.1527,9.91,1,1.91,0.876,1
267.0427930439663,333.8,0.1765431557818608,0.3499,9.82,1,2.67,0.966,0
273.5905739589677,341.99,7.1605675983091635,0.2789,2.84,0,0.0,0.68,0
237.9719099521705,297.46,8.831212225507421,0.015,1.17,1,2.38,0.928,0
52.84234016225299,66.05,7.765474537321833,0.0243,2.23,0,0.0,0.98,0
245.22942276416092,306.54,1.1709161342784111,0.2851,8.83,0,0.0,0.749,1
82.96944372468738,103.71,9.349740269318415,0.4231,0.65,0,0.0,0.645,0
276.7194082297527,345.9,5.219126185069014,0.022,4.78,0,0.0,0.929,1
212.7260044271549,265.91,7.4229515208546974,0.2536,2.58,0,0.0,0.88,0
235.58026830266596,294.48,2.0104619766317877,0.4256,7.99,0,0.0,0.685,0
25.509736050581168,31.89,5.487956309341539,0.0022,4.51,0,0.0,0.778,1
174.82953403306334,218.54,3.300608038436162,0.1379,6.7,0,0.0,0.831,1
246.34263806960388,307.93,9.74760773528729,0.46,0.25,1,2.46,0.668,1
258.4771058317498,323.1,4.7419613981270565,0.0407,5.26,1,2.58,0.886,0
8.589511420092455,10.74,7.555769856046911,0.3035,2.44,1,0.09,0.876,1
281.7477697665358,352.18,6.032319363596583,0.2537,3.97,0,0.0,0.955,1
13.00161999074392,16.25,0.9429874872294776,0.0758,9.06,0,0.0,0.827,0
184.35560390245496,230.44,5.429277554076288,0.0212,4.57,1,1.84,0.83,0
208.0162582845936,260.02,5.402158674680092,0.2513,4.6,0,0.0,0.848,1
32.20358735037294,40.25,7.157093491765744,0.3676,2.84,0,0.0,0.71,0
14.403559682757804,18.0,3.2190801660755755,0.0886,6.78,1,0.14,0.903,1
235.47364633521877,294.34,8.606521142662647,0.3457,1.39,0,0.0,0.865,1
115.40118743923018,144.25,6.2260350069612205,0.2732,3.77,1,1.15,0.936,0
32.1337545945371,40.17,0.3934131405379848,0.1789,9.61,0,0.0,0.907,1
228.8003449162926,286.0,7.068357884645461,0.3322,2.93,0,0.0,0.855,0
254.74892104308617,318.44,9.069669100418343,0.096,0.93,0,0.0,0.664,0
176.2158572276422,220.27,6.831470953054655,0.2285,3.17,1,1.76,0.968,0
48.37104253039368,60.46,3.799973043946226,0.2747,6.2,0,0.0,0.747,0
4.566741447447242,5.71,5.906488306061864,0.2293,4.09,0,0.0,0.986,1
210.24074439058316,262.8,1.7139827101947192,0.1988,8.29,0,0.0,0.761,1
165.04190244759502,206.3,6.0125547355908,0.3705,3.99,0,0.0,0.658,0
195.23914251602383,244.05,5.009927445349255,0.3281,4.99,1,1.95,0.954,0
243.9554010598787,304.94,0.2615768845771526,0.3197,9.74,1,2.44,0.918,0
130.26833309789163,162.84,3.218898862155437,0.4459,6.78,0,0.0,0.915,0
37.354640650086125,46.69,1.9124724910162771,0.4968,8.09,1,0.37,0.636,1
281.99498561724795,352.49,3.90651926762283,0.2836,6.09,0,0.0,0.952,1
163.57863817405718,204.47,2.418324293349486,0.1741,7.58,1,1.64,0.839,1
184.5882357265621,230.74,8.342486978705242,0.3894,1.66,1,1.85,0.788,1
280.0234288655254,350.03,6.976834890013829,0.071,3.02,0,0.0,0.965,0
279.4750968930789,349.34,7.401147416378771,0.2565,2.6,1,2.79,0.866,1
171.62838201845207,214.54,3.6086731016336016,0.2623,6.39,0,0.0,0.653,0
89.28342741642783,111.6,0.0344636516140883,0.4917,9.97,0,0.0,0.808,1
299.13409020382176,373.92,2.1915369220039818,0.4955,7.81,0,0.0,0.855,1
204.2451269860608,255.31,7.552982044319848,0.3996,2.45,1,2.04,0.959,1
122.53100306761696,153.16,6.028368073007967,0.2365,3.97,0,0.0,0.712,1
167.95104085607693,209.94,5.385781656630303,0.2736,4.61,1,1.68,0.918,0
124.75021508040888,155.94,2.8051993547475473,0.1599,7.19,0,0.0,0.92,0
266.4915456889942,333.11,0.7574232692038851,0.4149,9.24,0,0.0,0.651,1
144.74981245972384,180.94,7.8486647023334175,0.3733,2.15,1,1.45,0.607,1
247.05851279437417,308.82,0.3865556799468084,0.3857,9.61,0,0.0,0.833,0
252.0528893469012,315.07,0.5913646886259283,0.0693,9.41,1,2.52,0.916,0
247.2997013205745,309.12,2.9493523563104187,0.1993,7.05,1,2.47,0.822,1
216.6565837427023,270.82,5.7293367739761365,0.2687,4.27,0,0.0,0.925,1
256.46331504227453,320.58,9.92226516589469,0.0623,0.08,0,0.0,0.849,1
116.16887388689076,145.21,0.9064157539216068,0.1843,9.09,0,0.0,0.861,1
34.39896184258811,43.0,4.731707992702921,0.0437,5.27,1,0.34,0.611,0
252.73626131175436,315.92,6.017533030601896,0.4794,3.98,1,2.53,0.635,1
149.45052470620357,186.81,8.231052404496532,0.3756,1.77,1,1.49,0.89,0
38.212809758355306,47.77,6.896139151150576,0.3104,3.1,1,0.38,0.905,1
34.59375665460238,43.24,8.077415796117661,0.1024,1.92,1,0.35,0.817,1
47.77271820296781,59.72,5.224690071183406,0.1671,4.78,0,0.0,0.836,0
225.29197790013177,281.61,4.339708035039664,0.0722,5.66,0,0.0,0.846,0
213.25700203988433,266.57,6.187283172753543,0.2681,3.81,0,0.0,0.642,0
61.14560405546497,76.43,9.00870809481329,0.4103,0.99,0,0.0,0.867,0
254.07702543293857,317.6,5.508471621610891,0.0095,4.49,1,2.54,0.791,1
84.38843865847346,105.49,6.055931191917308,0.0517,3.94,0,0.0,0.841,0
237.89567499448424,297.37,3.3797615321251415,0.1147,6.62,1,2.38,0.825,1
146.64177232048257,183.3,5.961214455498589,0.357,4.04,0,0.0,0.905,1
219.46460476156983,274.33,6.277641228164504,0.447,3.72,0,0.0,0.727,1
114.41629892206976,143.02,7.534254860382471,0.3765,2.47,0,0.0,0.749,0
104.1421791284328,130.18,5.721766950129786,0.2625,4.28,0,0.0,0.757,1
252.4078796877997,315.51,1.975502946651242,0.0526,8.02,0,0.0,0.905,1
10.590676354220896,13.24,5.819260842557968,0.3775,4.18,0,0.0,0.772,1
292.4210841772522,365.53,2.9787140907635257,0.0528,7.02,0,0.0,0.671,0
194.45386747961203,243.07,0.8732449504173967,0.1738,9.13,1,1.94,0.993,1
129.74501645983264,162.18,8.25433131459861,0.154,1.75,0,0.0,0.797,1
188.41635934512755,235.52,0.6607211282512182,0.1796,9.34,0,0.0,0.644,0
36.82228393769484,46.03,6.317032350261339,0.1648,3.68,1,0.37,0.868,0
154.2157365880643,192.77,9.88494612999477,0.3846,0.12,1,1.54,0.896,1
295.5286570019393,369.41,0.8761917147300979,0.0859,9.12,1,2.96,0.8,1
70.58083135401205,88.23,2.2013184395291354,0.4229,7.8,1,0.71,0.859,0
216.6834297109048,270.85,7.608042126344473,0.4291,2.39,0,0.0,0.669,0
130.4914127495102,163.11,0.9689413168337356,0.2455,9.03,1,1.3,0.747,1
195.7374445463861,244.67,8.327250254907016,0.0531,1.67,0,0.0,0.665,0
61.46616860753264,76.83,0.0027012235672785,0.2877,10.0,1,0.61,0.755,1
141.1394947852807,176.42,8.899473405518775,0.4105,1.1,0,0.0,0.825,1
294.02781415778253,367.53,0.6682315231774494,0.1447,9.33,0,0.0,0.777,1
58.58614530480287,73.23,9.219798485919537,0.4189,0.78,1,0.59,0.837,0
190.93350835462712,238.67,8.645512330507115,0.3385,1.35,0,0.0,0.801,1
172.67932463003862,215.85,5.395631188770968,0.4936,4.6,1,1.73,0.727,0
169.515475887121,211.89,7.779486283975831,0.4124,2.22,0,0.0,0.657,1
184.53698689548511,230.67,0.7487684788485305,0.1008,9.25,0,0.0,0.701,1
150.67139210646843,188.34,1.351478519426722,0.2245,8.65,1,1.51,0.68,0
5.0792250772974,6.35,3.692873435526717,0.0518,6.31,0,0.0,0.883,0
270.02904343893533,337.54,5.374585880849324,0.0348,4.63,0,0.0,0.928,0
248.09364824520927,310.12,8.68214259773382,0.353,1.32,1,2.48,0.888,0
52.2503042763364,65.31,5.426804475114407,0.4565,4.57,0,0.0,0.857,0
123.98195321366072,154.98,6.652051824905534,0.4868,3.35,0,0.0,0.723,0
231.1646942080704,288.96,6.7988442022697555,0.1352,3.2,1,2.31,0.884,1
294.0186946161853,367.52,8.7756812758605,0.1009,1.22,1,2.94,0.842,0
285.3411139325359,356.68,7.767547438735873,0.2801,2.23,1,2.85,0.619,1
269.80775990285224,337.26,9.770302984806069,0.1004,0.23,1,2.7,0.963,1
47.51216918974189,59.39,0.2001263818814147,0.148,9.8,0,0.0,0.632,1
274.34253180270144,342.93,2.07828676556756,0.4186,7.92,1,2.74,0.801,1
263.5334738853238,329.42,9.304457354318403,0.4052,0.7,1,2.64,0.805,0
113.08497334991688,141.36,7.922202207028808,0.4475,2.08,1,1.13,0.935,0
118.3567783608786,147.95,2.6736274603494934,0.2411,7.33,1,1.18,0.965,0
137.97267658654823,172.47,9.742466551204677,0.282,0.26,0,0.0,0.976,1
196.85268928992508,246.07,8.698810272347162,0.3853,1.3,0,0.0,0.828,0
78.25068479490473,97.81,0.6465722642925664,0.1196,9.35,1,0.78,0.872,0
6.884528831983405,8.61,8.113098449515443,0.4115,1.89,0,0.0,0.635,0
42.368857379172674,52.96,7.844876133506719,0.0088,2.16,0,0.0,0.795,1
132.0347722730321,165.04,2.2115305147721154,0.3988,7.79,1,1.32,0.959,1
84.60077082786054,105.75,6.692465110881046,0.388,3.31,1,0.85,0.782,1
229.35496831083955,286.69,9.702259190313267,0.1509,0.3,0,0.0,0.628,0
32.00702116478141,40.01,6.758687964487868,0.364,3.24,1,0.32,0.68,1
275.23956766644113,344.05,8.137651894996502,0.107,1.86,0,0.0,0.772,1
268.59815398317335,335.75,0.9938651976092584,0.2881,9.01,1,2.69,0.695,1
272.62704507998643,340.78,7.274587893504631,0.3503,2.73,0,0.0,0.757,1
221.882999580998,277.35,2.047547137078578,0.3573,7.95,0,0.0,0.733,1
32.09999144507979,40.12,0.718541724535956,0.4915,9.28,0,0.0,0.728,1
131.44127141087003,164.3,5.520774244590313,0.091,4.48,1,1.31,0.636,1
39.42161154163912,49.28,7.5061111259738045,0.2404,2.49,0,0.0,0.953,1
296.3097578283248,370.39,5.46744865445037,0.4401,4.53,0,0.0,0.877,1
99.911527019602,124.89,9.315968739764468,0.2808,0.68,1,1.0,0.849,0
175.59916256701862,219.5,6.956663455660691,0.4382,3.04,1,1.76,0.843,0
233.81791627326655,292.27,1.1757482399549568,0.217,8.82,1,2.34,0.759,1
276.1848252676936,345.23,9.345181940087471,0.3977,0.65,0,0.0,0.929,0
226.664317752408,283.33,1.5288798245477164,0.435,8.47,0,0.0,0.972,1
202.35113362987127,252.94,7.582554435973934,0.4232,2.42,0,0.0,0.602,0
139.7945346114454,174.74,1.4854367930308987,0.4357,8.51,1,1.4,0.632,0
181.6200401251572,227.03,9.98580275799458,0.1098,0.01,0,0.0,0.87,1
28.249142655848942,35.31,3.321875081265797,0.2195,6.68,0,0.0,0.694,1
265.1767625883788,331.47,4.959293220614067,0.0873,5.04,0,0.0,0.965,0
163.13319265196563,203.92,4.668375069847526,0.0903,5.33,0,0.0,0.867,0
12.04051513048281,15.05,1.018972048756669,0.2439,8.98,1,0.12,0.747,1
275.97063769796927,344.96,4.940149999945883,0.48,5.06,0,0.0,0.766,1
146.7905921510606,183.49,1.49505994300571,0.296,8.5,1,1.47,0.876,1
260.57674246830055,325.72,8.019808178222004,0.4269,1.98,1,2.61,0.656,0
257.0663862616071,321.33,9.583134334095435,0.4686,0.42,1,2.57,0.953,1
244.72547623713444,305.91,8.080584413654709,0.0433,1.92,0,0.0,0.602,1
18.420905788606824,23.03,4.310639954058671,0.081,5.69,0,0.0,0.992,0
74.11999362726266,92.65,0.0237139695439081,0.1454,9.98,1,0.74,0.667,1
262.6643617396292,328.33,0.366434606593965,0.3084,9.63,1,2.63,0.897,1
269.69731681562814,337.12,4.950351449381789,0.0309,5.05,1,2.7,0.616,0
137.42065871064182,171.78,6.794873013403089,0.3933,3.21,0,0.0,0.773,0
132.01244029626068,165.02,8.195140651574258,0.0319,1.8,0,0.0,0.852,1
52.54219016584493,65.68,5.995315108804511,0.0792,4.0,1,0.53,0.628,1
290.5232366073454,363.15,9.783131262435038,0.1909,0.22,1,2.91,0.777,0
63.941542607712954,79.93,4.937780322928308,0.2789,5.06,0,0.0,0.721,0
57.281035305229665,71.6,6.000287999572817,0.4408,4.0,0,0.0,0.799,1
198.2186910447523,247.77,2.3010232317036516,0.4819,7.7,1,1.98,0.802,0
72.85329090013431,91.07,3.3966048159597797,0.4423,6.6,0,0.0,0.914,0
281.63148330431693,352.04,6.8313173903789925,0.0535,3.17,0,0.0,0.649,0
3.2720985953384463,4.09,6.01641333662542,0.3156,3.98,1,0.03,0.633,1
1.7259786969903934,2.16,3.69648879987131,0.2209,6.3,1,0.02,0.761,0
151.46304043067985,189.33,1.1198195322955795,0.0629,8.88,1,1.51,0.955,0
146.4187379740416,183.02,3.4261521484347233,0.2776,6.57,0,0.0,0.942,0
49.00920657027314,61.26,0.4415558991592205,0.1783,9.56,0,0.0,0.824,0
148.35586889108532,185.44,5.807672259776375,0.1729,4.19,1,1.48,0.956,1
123.49833155099591,154.37,3.2301547626477634,0.0472,6.77,0,0.0,0.922,1
267.0988576027106,333.87,3.798485085318195,0.4894,6.2,1,2.67,0.711,1
2.776176065089042,3.47,5.750882210607639,0.363,4.25,0,0.0,0.668,0
292.88094150988564,366.1,5.8128779811668165,0.1402,4.19,1,2.93,0.72,1
187.31782928875273,234.15,5.883433114082466,0.4587,4.12,1,1.87,0.691,1
45.55303369358269,56.94,4.915912093029756,0.474,5.08,0,0.0,0.849,1
14.02800414334987,17.54,4.881224334289685,0.4052,5.12,1,0.14,0.834,0
161.43169756776956,201.79,8.212194442662302,0.3297,1.79,0,0.0,0.839,0
70.46704979154603,88.08,4.675544531407338,0.1882,5.32,1,0.7,0.676,0
90.34966110037776,112.94,5.36030160515133,0.2172,4.64,1,0.9,0.917,0
73.53964945035408,91.92,9.88229876502466,0.2275,0.12,1,0.74,0.773,1
195.05169407175325,243.81,1.8105005169305732,0.4744,8.19,0,0.0,0.789,1
166.05868863484008,207.57,7.264209827814987,0.3801,2.74,0,0.0,0.999,0
23.39232705654345,29.24,4.7318717674241215,0.146,5.27,1,0.23,0.713,0
157.9579599525526,197.45,8.305416798723433,0.3123,1.69,1,1.58,0.758,0
237.35692966899,296.7,4.040325626153071,0.297,5.96,1,2.37,0.871,1
24.358377246097294,30.45,3.029894270204153,0.4061,6.97,0,0.0,0.952,0
266.921692869126,333.65,2.0778619464549166,0.0477,7.92,1,2.67,0.651,0
173.49199483431877,216.86,8.722371551362434,0.3506,1.28,0,0.0,0.894,1
285.187340781095,356.48,7.183284631657189,0.1656,2.82,1,2.85,0.967,0
44.442365316712696,55.55,0.7690045178255589,0.0648,9.23,1,0.44,0.769,1
298.06949980599455,372.59,7.134902362362359,0.3659,2.87,1,2.98,0.715,0
193.28185979090304,241.6,0.3501563114862516,0.1658,9.65,1,1.93,0.871,1
170.24825984431885,212.81,1.8162641576087912,0.3651,8.18,1,1.7,0.698,0
154.5838872336256,193.23,5.927977062467526,0.0812,4.07,0,0.0,0.754,1
7.096311929493826,8.87,4.635103322334411,0.493,5.36,1,0.07,0.959,0
281.8917574648734,352.36,8.404835814351072,0.4017,1.6,1,2.82,0.836,1
193.1983418562595,241.5,6.078903782546396,0.1446,3.92,0,0.0,0.638,1
27.487945349787367,34.36,9.6497456233174,0.3703,0.35,0,0.0,0.732,1
6.2856510883574686,7.86,8.551835473377677,0.0679,1.45,0,0.0,0.851,0
15.2350917710254,19.04,3.402152974599879,0.3267,6.6,1,0.15,0.793,0
182.8187290296722,228.52,8.341509462841593,0.0298,1.66,0,0.0,0.864,1
184.20462446837556,230.26,8.699352921278138,0.1667,1.3,0,0.0,0.905,1
149.90018753443232,187.38,9.697249905644158,0.4892,0.3,1,1.5,0.792,0
92.02974619588548,115.04,0.1256292737477382,0.0605,9.87,1,0.92,0.995,1
159.5228194843924,199.4,8.747443049730194,0.2987,1.25,1,1.6,0.966,0
154.89054626287736,193.61,0.6989531566623763,0.0353,9.3,0,0.0,0.624,1
5.824667962969688,7.28,5.28115874590989,0.3347,4.72,0,0.0,0.707,1
84.74076909824942,105.93,4.146635397524613,0.1393,5.85,0,0.0,0.72,1
15.955602440144844,19.94,9.19881621063596,0.155,0.8,1,0.16,0.674,0
270.0464254342966,337.56,4.051518401045052,0.1689,5.95,0,0.0,0.725,0
217.56694883554064,271.96,5.960426738597536,0.1026,4.04,1,2.18,0.77,0
298.8345510578737,373.54,6.918786723440134,0.4708,3.08,0,0.0,0.621,1
90.65137899158636,113.31,0.1902975659439687,0.4529,9.81,1,0.91,0.651,0
263.5457543270731,329.43,5.909312536500241,0.435,4.09,0,0.0,0.638,0
180.9162803797445,226.15,5.179918353298887,0.0532,4.82,0,0.0,0.619,1
135.93762207108148,169.92,5.940086396214447,0.1167,4.06,0,0.0,0.793,1
66.77193338659053,83.46,0.7574405805568907,0.3061,9.24,1,0.67,0.734,0
221.51764958584283,276.9,0.5555837002227604,0.4852,9.44,1,2.22,0.974,1
271.24222467129,339.05,1.775443374484651,0.3024,8.22,1,2.71,0.641,1
70.59251942261122,88.24,8.69500675657173,0.1636,1.3,1,0.71,0.97,1
52.617100492083765,65.77,3.564710683713186,0.4087,6.44,1,0.53,0.635,1
208.8665745014601,261.08,4.3403255081932475,0.0677,5.66,0,0.0,0.848,0
293.09194881765575,366.36,3.9016628090418815,0.4409,6.1,1,2.93,0.699,1
224.9865303312234,281.23,7.143701300660087,0.4873,2.86,1,2.25,0.931,1
85.37422171429468,106.72,2.594755512444918,0.4838,7.41,1,0.85,0.625,1
125.9866272443357,157.48,0.6839335203028418,0.0738,9.32,1,1.26,0.981,0
115.29529063751151,144.12,3.781748934079646,0.2748,6.22,0,0.0,0.619,0
255.62850541411365,319.54,7.27835535187443,0.2925,2.72,0,0.0,0.696,0
231.41123366166715,289.26,9.14968031360895,0.0975,0.85,0,0.0,0.786,0
176.69263042845606,220.87,0.508215640788815,0.2734,9.49,1,1.77,0.902,1
82.48773311907097,103.11,8.104961208798349,0.3233,1.9,1,0.82,0.98,1
281.39655831661685,351.75,0.6618015495008456,0.1645,9.34,1,2.81,0.771,1
195.994567430744,244.99,3.306606179174957,0.1578,6.69,0,0.0,0.903,0
291.14299393253475,363.93,0.2230152810547203,0.0301,9.78,1,2.91,0.891,0
174.03510991260924,217.54,9.11541698957562,0.4784,0.88,0,0.0,0.828,1
246.35782750908425,307.95,7.067889952001273,0.4018,2.93,0,0.0,0.876,0
243.931613818358,304.91,3.6913523206254095,0.3797,6.31,0,0.0,0.615,1
101.19863305007762,126.5,3.774565829245456,0.0109,6.23,0,0.0,0.777,0
289.20621688716847,361.51,6.398428635014631,0.3122,3.6,1,2.89,0.914,1
6.582440279269197,8.23,0.8964830486815667,0.0903,9.1,0,0.0,0.79,0
230.61327263022423,288.27,1.450486313569851,0.3309,8.55,0,0.0,0.949,1
289.6671257292132,362.08,8.47224211588869,0.3106,1.53,1,2.9,0.933,1
101.67246098511686,127.09,2.023130861269115,0.426,7.98,0,0.0,0.945,0
194.4331763372916,243.04,7.26666397705373,0.1277,2.73,0,0.0,0.652,0
168.66697495326318,210.83,2.258029028220987,0.0137,7.74,1,1.69,0.698,0
228.4521929029571,285.57,0.8814631719481048,0.4571,9.12,1,2.28,0.612,0
259.8533764935157,324.82,9.00032363274916,0.4543,1.0,1,2.6,0.993,1
180.9133707898644,226.14,9.016727831732693,0.2279,0.98,0,0.0,0.694,0
244.77137591443707,305.96,6.053118976257651,0.039,3.95,0,0.0,0.747,1
93.68567276677656,117.11,4.620338444055473,0.249,5.38,0,0.0,0.71,1
68.57611761144507,85.72,5.527599224151477,0.262,4.47,0,0.0,0.616,1
129.20030685985205,161.5,4.081274267243602,0.4109,5.92,1,1.29,0.705,0
203.32097987423495,254.15,7.571746160084958,0.3586,2.43,0,0.0,0.639,0
56.17408468161709,70.22,7.54560706914964,0.0354,2.45,0,0.0,0.758,0
204.10565764556745,255.13,8.189796097391895,0.3527,1.81,1,2.04,0.987,1
118.2280945716202,147.79,5.229260793692804,0.0679,4.77,0,0.0,0.879,0
238.6725821677896,298.34,8.013418616069817,0.0447,1.99,1,2.39,0.883,0
11.050745130990991,13.81,1.5571859644383734,0.1993,8.44,1,0.11,0.781,1
200.39479134881836,250.49,0.3013472989171251,0.0387,9.7,0,0.0,0.925,1
194.9467009949903,243.68,6.480530485986309,0.4146,3.52,1,1.95,0.963,0
282.2806428375943,352.85,1.0547601788517813,0.2316,8.95,0,0.0,0.985,0
214.01026606922113,267.51,5.506699110835127,0.2935,4.49,0,0.0,0.64,0
238.89056892698437,298.61,7.211249550010589,0.2884,2.79,1,2.39,0.952,1
271.3773047559505,339.22,4.070854262272779,0.4891,5.93,0,0.0,0.69,1
202.51557548759635,253.14,0.438727122177226,0.4579,9.56,0,0.0,0.759,1
87.04609048799237,108.81,8.871314002988738,0.4246,1.13,0,0.0,0.738,1
260.93213987505663,326.17,0.4324504177144839,0.1916,9.57,1,2.61,0.87,1
224.27343584279257,280.34,9.047525098512825,0.0725,0.95,1,2.24,0.839,0
127.33128120026804,159.16,0.5263058792557462,0.2959,9.47,1,1.27,0.644,0
213.15875179498863,266.45,7.351594984685019,0.2202,2.65,1,2.13,0.913,0
260.30666315434263,325.38,9.248467622236246,0.1128,0.75,1,2.6,0.776,1
292.69563941738147,365.87,9.06980313701082,0.0488,0.93,0,0.0,0.601,0
285.7054511877166,357.13,8.933849078683242,0.218,1.07,1,2.86,0.766,1
97.59834802924246,122.0,8.830786232095754,0.3254,1.17,1,0.98,0.807,0
126.50811411545452,158.14,5.104097309119581,0.3127,4.9,0,0.0,0.628,1
32.86098149321138,41.08,5.576908362602017,0.387,4.42,1,0.33,0.66,1
74.2632861054138,92.83,6.197174732601457,0.2333,3.8,1,0.74,0.997,0
264.72636254608506,330.91,8.959483987688317,0.1608,1.04,0,0.0,0.948,0
108.2549778838077,135.32,8.381604195635319,0.2694,1.62,0,0.0,0.653,0
186.16579757846432,232.71,7.829785668983247,0.4875,2.17,1,1.86,0.832,1
199.78968549211,249.74,6.757242066107196,0.0225,3.24,1,2.0,0.752,0
234.5487825429936,293.19,6.1838372198716165,0.2643,3.82,0,0.0,0.817,1
54.84000907368929,68.55,9.2246685681108,0.1646,0.78,0,0.0,0.788,0
91.44394038433065,114.3,1.9264418728384705,0.0527,8.07,0,0.0,0.619,0
134.5009024374542,168.13,1.9272500418553309,0.2173,8.07,0,0.0,0.726,1
109.45231837148206,136.82,9.824695290855564,0.3206,0.18,0,0.0,0.65,0
294.87156985790693,368.59,5.531590329890294,0.2641,4.47,0,0.0,0.796,0
250.48224096411377,313.1,4.833741336339747,0.0146,5.17,1,2.5,0.963,0
143.9060263861458,179.88,8.50595374826158,0.2896,1.49,1,1.44,0.998,1
263.78058782594036,329.73,8.497679227838011,0.116,1.5,0,0.0,0.978,1
104.29588427498904,130.37,1.7659801636940164,0.1707,8.23,1,1.04,0.994,0
235.74849716707936,294.69,1.735723069331527,0.1561,8.26,0,0.0,0.606,0
67.1026794319361,83.88,7.952647650654089,0.4293,2.05,0,0.0,0.892,1
231.6966135679098,289.62,7.856324321494923,0.0238,2.14,0,0.0,0.709,1
136.9360209587185,171.17,2.251866876888058,0.174,7.75,1,1.37,0.946,1
32.2497962976727,40.31,8.415101362431717,0.1974,1.58,1,0.32,0.925,0
81.97873636667468,102.47,4.80051130303379,0.3094,5.2,0,0.0,0.769,1
120.68238720706938,150.85,4.699891146734306,0.3945,5.3,1,1.21,0.789,0
224.7878734993311,280.98,9.856935929682066,0.3638,0.14,0,0.0,0.706,1
21.894814419285257,27.37,5.192145965820187,0.3763,4.81,1,0.22,0.716,0
197.86409852779187,247.33,1.3704537856450916,0.0962,8.63,0,0.0,0.992,1
214.80409227985308,268.51,2.801558203825177,0.4559,7.2,0,0.0,0.956,1
196.17641097772545,245.22,3.3368211507970025,0.2071,6.66,0,0.0,0.677,0
228.20089145026668,285.25,9.584669379060625,0.0056,0.42,0,0.0,0.71,0
53.45058480685149,66.81,2.6403738416163094,0.334,7.36,0,0.0,0.643,1
176.1310065189112,220.16,4.304029393537202,0.302,5.7,0,0.0,0.996,0
282.343484161164,352.93,7.49635549478091,0.063,2.5,0,0.0,0.963,0
183.2352809413613,229.04,2.740963086683906,0.4799,7.26,1,1.83,0.821,1
183.4009040858859,229.25,7.016420532151102,0.2808,2.98,1,1.83,0.877,1
220.93189263398068,276.16,2.075175963566416,0.2346,7.92,0,0.0,0.899,0
99.96126963775772,124.95,2.4251747584943075,0.1991,7.57,0,0.0,0.682,1
210.14277039646217,262.68,9.86331937380475,0.1049,0.14,0,0.0,0.974,0
274.8701499939645,343.59,3.68944409275728,0.4764,6.31,1,2.75,0.811,1
3.2686419076028983,4.09,7.296861156179581,0.3511,2.7,1,0.03,0.637,1
261.0339123326596,326.29,8.400630969404325,0.2838,1.6,0,0.0,0.759,1
65.58549937765773,81.98,3.468523159236847,0.3156,6.53,0,0.0,0.841,0
136.77698211011256,170.97,3.571695014247905,0.4202,6.43,0,0.0,0.741,1
255.70434028579135,319.63,7.730884604034421,0.3179,2.27,1,2.56,0.88,1
247.1736382369887,308.97,6.07001344258824,0.0573,3.93,0,0.0,0.953,0
267.57824343781675,334.47,3.6175191662279818,0.3486,6.38,1,2.68,0.909,1
282.1250377897578,352.66,7.495660635123063,0.2824,2.5,1,2.82,0.857,1
134.14708703152758,167.68,8.63705006591627,0.4832,1.36,1,1.34,0.805,0
196.9091432403021,246.14,2.350382849575665,0.3669,7.65,0,0.0,0.702,0
117.143532157832,146.43,0.2435613389751778,0.172,9.76,1,1.17,0.782,0
105.21501524764976,131.52,2.7414706648986433,0.0677,7.26,1,1.05,0.717,1
129.47862317930085,161.85,6.744896391997046,0.2411,3.26,0,0.0,0.974,1
222.9228404348028,278.65,9.152522516269077,0.3397,0.85,0,0.0,0.963,0
150.43222414246586,188.04,8.630643731951945,0.0886,1.37,0,0.0,0.662,0
244.2179023345026,305.27,2.2217059892738513,0.3247,7.78,1,2.44,0.929,1
223.56554315884676,279.46,8.81000166585007,0.4128,1.19,1,2.24,0.881,0
6.143538337319798,7.68,8.107317201521077,0.0785,1.89,1,0.06,0.99,0
189.0714471318485,236.34,7.344009500880241,0.3529,2.66,0,0.0,0.785,0
130.9713369925773,163.71,6.882268788077321,0.0341,3.12,1,1.31,0.889,1
136.98869674534248,171.24,8.07092491700536,0.004,1.93,0,0.0,0.807,1
245.5119161609684,306.89,8.617295085551076,0.0163,1.38,1,2.46,0.628,0
164.28239582540303,205.35,8.191114648414604,0.3158,1.81,1,1.64,0.619,0
265.68654703768414,332.11,1.2184834235950903,0.4867,8.78,1,2.66,0.649,0
213.8416777175071,267.3,7.221547692594861,0.3857,2.78,1,2.14,0.718,1
165.85200262921583,207.32,8.413042207601867,0.1272,1.59,0,0.0,0.704,1
226.36139284533112,282.95,1.8570600674866933,0.0358,8.14,0,0.0,0.891,1
11.504715277622193,14.38,2.137975443240432,0.3083,7.86,0,0.0,0.886,0
8.12509644846232,10.16,7.859769744504907,0.0016,2.14,1,0.08,0.989,0
25.004798076255614,31.26,3.439292000038936,0.3963,6.56,1,0.25,0.724,1
131.26959754414278,164.09,3.9970100502730337,0.1216,6.0,0,0.0,0.975,0
70.63504368808293,88.29,3.771592775269729,0.1496,6.23,0,0.0,0.845,1
295.2783883247354,369.1,2.128325007415489,0.172,7.87,1,2.95,0.798,1
162.68704170341007,203.36,9.387942922791746,0.3818,0.61,1,1.63,0.867,1
198.7247238243475,248.41,8.058599690832317,0.1329,1.94,0,0.0,0.881,0
83.646040874009,104.56,2.505391071093185,0.1422,7.49,1,0.84,0.669,1
96.53907257628263,120.67,1.0608717359588304,0.2705,8.94,0,0.0,0.901,1
100.63857424234676,125.8,3.72610190696967,0.2315,6.27,0,0.0,0.89,1
209.6207115450902,262.03,4.153084257248233,0.4778,5.85,0,0.0,0.999,1
142.11186230679257,177.64,0.0709213440471889,0.1317,9.93,0,0.0,0.965,1
155.30509575902232,194.13,8.871521563480972,0.0459,1.13,1,1.55,0.874,1
177.6008946478036,222.0,8.512838884253908,0.2705,1.49,1,1.78,0.885,0
230.64349687146512,288.3,8.501632879497063,0.0923,1.5,0,0.0,0.978,1
27.110924553743445,33.89,8.058032539962683,0.2068,1.94,1,0.27,0.987,0
233.0621736656465,291.33,7.331259248088475,0.0936,2.67,1,2.33,0.931,1
168.97052066255395,211.21,6.345206957735971,0.4405,3.65,0,0.0,0.907,1
200.7286334565771,250.91,9.602892573653612,0.1637,0.4,1,2.01,0.645,0
98.2655294522286,122.83,7.117299162625138,0.3874,2.88,0,0.0,0.932,0
122.81605104493477,153.52,6.302450889548558,0.4743,3.7,0,0.0,0.701,0
69.34974589617607,86.69,7.888250878935695,0.4703,2.11,1,0.69,0.826,0
293.78999922522155,367.24,2.4626632473331247,0.2624,7.54,1,2.94,0.762,1
149.100891753095,186.38,9.671455359859204,0.4916,0.33,1,1.49,0.738,1
298.82307473897936,373.53,0.1916197669706887,0.328,9.81,0,0.0,0.724,0
146.9357934183799,183.67,6.484049704916747,0.0642,3.52,1,1.47,0.942,0
65.9253793152202,82.41,0.7709420043229009,0.4442,9.23,1,0.66,0.908,1
152.235719021057,190.29,8.533059018952699,0.2343,1.47,0,0.0,0.809,0
11.87867153972334,14.85,9.676401196758068,0.0763,0.32,0,0.0,0.866,0
271.4309404265854,339.29,4.086107297925064,0.3957,5.91,0,0.0,0.994,1
245.5650753583323,306.96,8.571646966053626,0.3122,1.43,0,0.0,0.759,0
217.7461562082854,272.18,3.3572134462108383,0.4411,6.64,1,2.18,0.82,0
182.948014632738,228.69,1.5940369445601688,0.4137,8.41,1,1.83,0.813,1
173.95027010110894,217.44,2.766493932655957,0.1601,7.23,1,1.74,0.974,1
299.01846422383886,373.77,3.0184196435682296,0.1282,6.98,0,0.0,0.741,1
83.39923020598138,104.25,6.306680375985505,0.3669,3.69,0,0.0,0.995,1
233.9053096096734,292.38,7.961480378075359,0.2867,2.04,0,0.0,0.722,0
174.42143106409722,218.03,2.052165473970655,0.0349,7.95,0,0.0,0.644,0
292.76416312766554,365.96,0.8820626275435306,0.0908,9.12,1,2.93,0.677,1
248.34095498947573,310.43,2.2165184286931683,0.0757,7.78,0,0.0,0.77,0
299.5575338968778,374.45,2.965378224121822,0.2949,7.03,0,0.0,0.86,1
176.4974983387339,220.62,2.7981465999455835,0.0429,7.2,1,1.76,0.807,1
61.36318726348051,76.7,2.1995046529505147,0.1039,7.8,0,0.0,0.751,1
151.10611070842015,188.88,4.660002057820645,0.2727,5.34,1,1.51,0.825,0
213.33334021517237,266.67,8.559828448107819,0.0665,1.44,0,0.0,0.936,1
232.30811585447643,290.39,1.0034849960741663,0.1241,9.0,0,0.0,0.936,0
0.1529967047830704,0.19,8.62030026877999,0.4534,1.38,0,0.0,0.89,0
151.50812655068822,189.39,4.970084310051158,0.3486,5.03,1,1.52,0.981,0
70.57037399119397,88.21,6.604680063469242,0.1534,3.4,0,0.0,0.836,0
262.4735499764365,328.09,8.153671206035813,0.4387,1.85,0,0.0,0.603,1
45.87163321506856,57.34,3.043269335731135,0.1251,6.96,0,0.0,0.716,0
199.93687487245003,249.92,9.54234605208079,0.2945,0.46,0,0.0,0.731,1
79.81865709747746,99.77,0.8373626661824896,0.1842,9.16,0,0.0,0.819,1
106.96264296428168,133.7,5.276664445557477,0.3761,4.72,0,0.0,0.962,1
282.1677782270534,352.71,2.548033687985767,0.1858,7.45,0,0.0,0.935,1
72.13443762242385,90.17,4.079462974011824,0.1244,5.92,1,0.72,0.693,0
28.5008285468792,35.63,4.488641282645607,0.3039,5.51,1,0.29,0.808,0
20.78547043326775,25.98,9.145117231189522,0.3727,0.85,1,0.21,0.864,1
151.38453302983865,189.23,4.415815236408127,0.2682,5.58,1,1.51,0.995,1
192.5134446852864,240.64,6.979478697874544,0.3581,3.02,0,0.0,0.613,0
98.18809307126617,122.74,9.517631725308616,0.211,0.48,1,0.98,0.786,0
207.07792253792425,258.85,4.945325812526644,0.3977,5.05,1,2.07,0.995,0
18.31011557197134,22.89,4.083099288214904,0.2925,5.92,1,0.18,0.991,1
257.20039347686304,321.5,9.729684433519308,0.0981,0.27,0,0.0,0.732,1
244.97016292177133,306.21,8.276763549616444,0.4454,1.72,1,2.45,0.6,1
295.64888141762566,369.56,9.397729082346045,0.4184,0.6,1,2.96,0.835,0
280.9514942705536,351.19,3.9722522673631144,0.482,6.03,0,0.0,0.947,1
106.85914917567844,133.57,6.96324390559324,0.2845,3.04,0,0.0,0.73,0
119.78261520467316,149.73,2.4961057424286324,0.3379,7.5,1,1.2,0.974,1
223.78945424347785,279.74,8.65822008870339,0.4318,1.34,1,2.24,0.733,0
40.22483158649496,50.28,9.330791776719147,0.0263,0.67,0,0.0,0.844,1
94.20441307345044,117.76,2.67866453728818,0.4561,7.32,1,0.94,0.889,1
35.562281092694484,44.45,1.0493240727857522,0.1356,8.95,0,0.0,0.738,1
136.4659347218494,170.58,2.007347458751465,0.0285,7.99,1,1.36,0.741,1
165.6012839655953,207.0,6.328321305831993,0.1188,3.67,1,1.66,0.788,1
63.34814098882572,79.19,2.721832870970584,0.2932,7.28,0,0.0,0.934,0
7.9895060742315005,9.99,6.386108350605053,0.0239,3.61,0,0.0,0.64,0
215.80674952515693,269.76,3.501887015094771,0.0004,6.5,1,2.16,0.853,0
6.001549327850553,7.5,9.168354426988138,0.3197,0.83,0,0.0,0.871,1
292.02078267850686,365.03,4.52597683977591,0.2267,5.47,0,0.0,0.823,1
66.48217702271863,83.1,4.97621952952433,0.4222,5.02,1,0.66,0.974,0
199.17002763488733,248.96,3.4806496324510094,0.1288,6.52,0,0.0,0.841,0
130.42551787199673,163.03,0.7303783816077247,0.1404,9.27,0,0.0,0.854,1
17.90215810113216,22.38,4.936362271118744,0.0388,5.06,0,0.0,0.84,0
141.65508199034025,177.07,7.743644523287405,0.2693,2.26,1,1.42,0.889,1
155.02819028903988,193.79,9.53014752855807,0.183,0.47,1,1.55,0.654,1
256.40496242786054,320.51,0.7657561728552975,0.1699,9.23,1,2.56,0.958,0
219.7047208943694,274.63,7.973975264018134,0.2288,2.03,0,0.0,0.617,1
23.79074242601591,29.74,2.670614494621794,0.4248,7.33,0,0.0,0.856,0
62.74880502967952,78.44,8.228171842630802,0.0526,1.77,0,0.0,0.846,0
93.56630526448431,116.96,3.420135700669944,0.2618,6.58,1,0.94,0.683,0
34.92230593944584,43.65,1.1443323983661868,0.0982,8.86,0,0.0,0.616,0
137.06972127434716,171.34,6.120192208206971,0.1062,3.88,0,0.0,0.656,1
295.2927572587607,369.12,8.939043900531745,0.1284,1.06,0,0.0,0.709,1
154.38383737132847,192.98,1.8158881642431557,0.2297,8.18,0,0.0,0.953,1
222.5646504969508,278.21,0.2180500625119352,0.2472,9.78,0,0.0,0.942,0
204.88133930980385,256.1,8.838417311877315,0.4358,1.16,0,0.0,0.626,1
254.9734305276414,318.72,6.97829617375448,0.4461,3.02,0,0.0,0.716,1
64.71704713968283,80.9,8.086961743850026,0.2933,1.91,0,0.0,0.956,1
226.14787850790847,282.68,0.5983779609964446,0.1407,9.4,1,2.26,0.695,1
264.40657209172485,330.51,8.904552727220889,0.4092,1.1,0,0.0,0.998,1
51.452946894072824,64.32,4.1915603480185295,0.3964,5.81,1,0.51,0.703,1
104.04066593640113,130.05,8.976171669384774,0.399,1.02,0,0.0,0.896,1
291.03052929946847,363.79,0.6492471760350693,0.0082,9.35,0,0.0,0.767,1
234.23635379393772,292.8,8.848077146092429,0.3769,1.15,0,0.0,0.654,0
84.77724976125971,105.97,6.733765392178103,0.4264,3.27,0,0.0,0.702,0
169.1825308933461,211.48,5.542685061219355,0.3025,4.46,0,0.0,0.87,0
121.29783685484364,151.62,0.617808244356618,0.3756,9.38,1,1.21,0.735,0
146.98955289813895,183.74,6.884175293626416,0.3881,3.12,0,0.0,0.842,0
106.54985741721256,133.19,5.977741726838604,0.2533,4.02,1,1.07,0.682,1
83.79930555910218,104.75,7.262889210370195,0.4068,2.74,1,0.84,0.779,1
202.42891241742564,253.04,7.167168086006761,0.3961,2.83,1,2.02,0.805,1
233.56254452583525,291.95,4.437343231472898,0.4581,5.56,1,2.34,0.765,0
262.18713682420344,327.73,2.0468121735274893,0.4607,7.95,1,2.62,0.679,1
46.598990195456416,58.25,9.18968319523071,0.2649,0.81,1,0.47,0.785,1
246.85665709357215,308.57,9.255895866876296,0.0157,0.74,1,2.47,0.877,1
76.44024734311905,95.55,2.1193130043026054,0.0096,7.88,0,0.0,0.986,1
128.20091697301518,160.25,6.306533157975993,0.4695,3.69,0,0.0,0.916,0
270.433105754774,338.04,2.028705359392781,0.1687,7.97,1,2.7,0.665,0
136.35108029478062,170.44,8.61224511812724,0.1888,1.39,0,0.0,0.709,1
59.11906021329486,73.9,0.9821331774715292,0.235,9.02,1,0.59,0.632,1
47.96059657113534,59.95,9.901973804489252,0.1329,0.1,1,0.48,0.654,1
141.89512999564013,177.37,6.1086191393617675,0.2952,3.89,0,0.0,0.7,0
228.80172719296624,286.0,0.2291257813817981,0.3923,9.77,0,0.0,0.68,1
299.16154319229037,373.95,8.819033308277906,0.1287,1.18,0,0.0,0.685,0
236.22258852927055,295.28,6.84458196894362,0.3715,3.16,1,2.36,0.692,0
263.1035876828561,328.88,6.973223448834847,0.336,3.03,0,0.0,0.72,0
224.3497082804664,280.44,2.750323113687231,0.2628,7.25,1,2.24,0.65,1
268.6305302268318,335.79,3.3679635674757313,0.1627,6.63,0,0.0,0.711,0
22.888062994173975,28.61,9.144173453108076,0.4364,0.86,0,0.0,0.875,0
278.97947969449365,348.72,6.349579816619801,0.2014,3.65,0,0.0,0.695,0
118.92184611769684,148.65,0.1695413742645368,0.1873,9.83,1,1.19,0.669,1
276.4842669841334,345.61,3.274070104079574,0.3207,6.73,1,2.76,0.627,0
22.71985123784267,28.4,5.98543229834169,0.4602,4.01,0,0.0,0.8,0
214.5728871363407,268.22,1.480065222366186,0.254,8.52,0,0.0,0.937,0
220.70662460106135,275.88,0.9829109974759054,0.3613,9.02,0,0.0,0.624,0
299.0732667893318,373.84,0.5938486575315183,0.2284,9.41,0,0.0,0.817,0
230.6565812069441,288.32,6.305797387515817,0.1094,3.69,0,0.0,0.86,0
114.772111744682,143.47,3.2059742572751517,0.062,6.79,1,1.15,0.837,1
167.17456548556362,208.97,3.73678655764474,0.0682,6.26,1,1.67,0.951,1
109.96528144997708,137.46,0.6004037127510564,0.0107,9.4,1,1.1,0.947,1
58.80559359145744,73.51,7.380188245844326,0.2765,2.62,0,0.0,0.623,1
74.55069825068206,93.19,7.667567872521949,0.0656,2.33,1,0.75,0.744,0
66.60316028229629,83.25,8.294355553759267,0.4328,1.71,1,0.67,0.868,1
164.64459904896387,205.81,6.516633465616163,0.4914,3.48,1,1.65,0.981,0
271.848190359568,339.81,7.732885728976812,0.2479,2.27,0,0.0,0.922,1
273.8179878265193,342.27,5.772264108681285,0.2248,4.23,0,0.0,0.671,0
16.42913325774765,20.54,4.9163706064588775,0.174,5.08,0,0.0,0.712,0
23.969820285568055,29.96,2.598125409959265,0.319,7.4,1,0.24,0.905,0
73.53571715170305,91.92,0.5337752943975038,0.304,9.47,0,0.0,0.789,0
76.51783574084247,95.65,2.91821966628326,0.1717,7.08,0,0.0,0.819,1
28.466752571775334,35.58,6.8362621319052055,0.1716,3.16,0,0.0,0.844,0
116.53900235203216,145.67,9.26834920010043,0.3224,0.73,1,1.17,0.641,1
176.31761780738617,220.4,2.562137261337311,0.2773,7.44,1,1.76,0.942,1
173.4486601798391,216.81,6.698491470129124,0.3593,3.3,1,1.73,0.945,1
163.02890437757782,203.79,4.782446466606583,0.4707,5.22,0,0.0,0.787,0
101.60157746624915,127.0,6.275484179606866,0.3898,3.72,1,1.02,0.851,0
211.9367055949742,264.92,0.0162184290377442,0.1522,9.98,0,0.0,0.864,1
247.9451822943214,309.93,1.2265311709833715,0.3796,8.77,0,0.0,0.676,1
103.88227994322251,129.85,2.1702112382416527,0.225,7.83,1,1.04,0.645,0
25.660607789838597,32.08,8.934511937972792,0.3888,1.07,1,0.26,0.608,1
88.89907532755696,111.12,0.4052765327548002,0.4433,9.59,0,0.0,0.965,0
41.21059637247083,51.51,5.696338626810773,0.125,4.3,0,0.0,0.738,0
140.20761816815426,175.26,9.286393168326132,0.1193,0.71,0,0.0,0.634,0
46.78054539482348,58.48,6.520699178712835,0.2163,3.48,0,0.0,0.786,0
138.85342729739318,173.57,4.844041223432206,0.0258,5.16,1,1.39,0.63,1
66.30086769739432,82.88,3.859917795230683,0.3428,6.14,1,0.66,0.634,1
221.6193316387209,277.02,6.241951818235574,0.3749,3.76,0,0.0,0.796,0
8.270472250753691,10.34,4.803851505683801,0.1727,5.2,0,0.0,0.804,0
166.42389114957768,208.03,7.054119428629346,0.2326,2.95,1,1.66,0.832,0
50.84648247601701,63.56,6.177745803307214,0.2952,3.82,0,0.0,0.863,1
0.2975593408881205,0.37,5.6740867848395835,0.0368,4.33,0,0.0,0.867,0
260.7600264194421,325.95,9.568103780252294,0.3556,0.43,0,0.0,0.773,1
201.4583363442203,251.82,8.356919262125118,0.2634,1.64,1,2.01,0.857,1
29.682846615157025,37.1,6.088579408684021,0.3121,3.91,1,0.3,0.722,1
199.22171030515668,249.03,5.386502283714089,0.3619,4.61,1,1.99,0.777,0
183.49419982127955,229.37,7.239437460397443,0.3378,2.76,0,0.0,0.757,1
142.007006112961,177.51,8.039155409706545,0.0477,1.96,1,1.42,0.732,1
125.7774295276842,157.22,2.95237086536025,0.3913,7.05,0,0.0,0.695,1
266.12092887472045,332.65,6.669471829154215,0.305,3.33,0,0.0,0.631,0
73.54440596923538,91.93,1.3515444072816618,0.3574,8.65,0,0.0,0.802,0
119.49301710401498,149.37,4.304513239805696,0.1308,5.7,0,0.0,0.815,0
98.73462386844818,123.42,9.384365186657828,0.1107,0.62,1,0.99,0.734,0
231.36030871099007,289.2,3.262993561757982,0.413,6.74,0,0.0,0.99,1
274.93959186976184,343.67,1.5423500884628882,0.1952,8.46,0,0.0,0.823,1
254.93450962206913,318.67,1.4614585739410069,0.2877,8.54,1,2.55,0.956,0
239.31117908993056,299.14,3.9372857012023657,0.2758,6.06,0,0.0,0.828,0
296.03698367102487,370.05,2.251763154589901,0.2926,7.75,0,0.0,0.676,0
209.14336512311553,261.43,4.269208039856039,0.0348,5.73,1,2.09,0.99,1
225.31613736406013,281.65,7.188857038861026,0.1512,2.81,1,2.25,0.954,0
294.8407619115057,368.55,8.881597653333701,0.0332,1.12,1,2.95,0.789,1
2.0972356197522246,2.62,1.1016653144462618,0.2401,8.9,1,0.02,0.697,1
190.2145129309095,237.77,7.684082494308662,0.451,2.32,1,1.9,0.689,0
221.69145958598688,277.11,1.034802845431878,0.1946,8.97,0,0.0,0.922,1
275.3481161271585,344.19,3.794342722973403,0.3912,6.21,1,2.75,0.628,0
265.15329125530286,331.44,9.96548072257352,0.1436,0.03,1,2.65,0.855,1
252.5882043701383,315.74,0.686777375551122,0.4281,9.31,0,0.0,0.856,0
283.73738158251115,354.67,0.2288103322856494,0.2098,9.77,1,2.84,0.673,1
161.21375637411225,201.52,3.3364866677088143,0.1776,6.66,1,1.61,0.882,0
2.0760286754480273,2.6,9.51120829142644,0.3487,0.49,0,0.0,0.882,0
3.316319609102858,4.15,0.2003839454371492,0.2564,9.8,0,0.0,0.74,1
163.39171668535744,204.24,2.227115132269173,0.1687,7.77,0,0.0,0.793,1
130.58167165918238,163.23,6.031623913232029,0.029,3.97,0,0.0,0.933,1
135.37351600963456,169.22,2.3375334440185425,0.0833,7.66,1,1.35,0.809,0
120.12142116301108,150.15,0.5380761381465127,0.3862,9.46,1,1.2,0.847,1
275.3177427273707,344.15,0.5244470416486613,0.4604,9.48,1,2.75,0.765,0
107.75110535093695,134.69,5.591593434469297,0.0844,4.41,0,0.0,0.66,0
256.86808252892496,321.09,5.618939096659855,0.2847,4.38,0,0.0,0.999,1
270.85943813749225,338.57,7.064738170826078,0.0171,2.94,1,2.71,0.813,1
149.85053099968644,187.31,1.317411315956969,0.1454,8.68,0,0.0,0.735,1
134.0814112095265,167.6,4.998516929409018,0.2244,5.0,1,1.34,0.886,0
228.30618126463403,285.38,6.009491681541941,0.3679,3.99,1,2.28,0.848,0
212.3914522919647,265.49,2.2237585837082663,0.0221,7.78,1,2.12,0.693,0
98.56053497886178,123.2,5.473426717635296,0.3906,4.53,1,0.99,0.951,1
30.764437777393972,38.46,7.082383419464097,0.1013,2.92,1,0.31,0.628,0
79.4557200547441,99.32,9.908406291639873,0.3798,0.09,1,0.79,0.842,1
39.30855174368969,49.14,5.964227049808787,0.3127,4.04,1,0.39,0.791,1
88.4196827330074,110.52,8.611907969249232,0.1698,1.39,0,0.0,0.727,1
78.54646967423972,98.18,8.33672749478575,0.3619,1.66,1,0.79,0.931,1
191.3134271660141,239.14,9.4026689764431,0.1182,0.6,0,0.0,0.863,1
286.3488085364339,357.94,7.230555969885584,0.1099,2.77,0,0.0,0.904,0
205.7231196991451,257.15,2.131004133911002,0.0309,7.87,1,2.06,0.766,1
277.9948224193709,347.49,2.980911276601547,0.1965,7.02,1,2.78,0.977,1
235.239677582533,294.05,7.846849635945917,0.0489,2.15,0,0.0,0.738,0
218.36328662135196,272.95,5.208227471562351,0.2098,4.79,0,0.0,0.812,0
124.21858206400242,155.27,2.513086469565986,0.0049,7.49,0,0.0,0.973,0
97.4383508590106,121.8,6.566703397516585,0.0775,3.43,1,0.97,0.633,0
253.88321174187575,317.35,9.065359013837137,0.4662,0.93,0,0.0,0.644,1
271.6179698787016,339.52,3.5768985876366943,0.3978,6.42,0,0.0,0.998,0
135.5647480952796,169.46,5.9624486399744345,0.1181,4.04,1,1.36,0.989,0
2.718929455993324,3.4,5.815005308815011,0.3591,4.18,0,0.0,0.909,0
237.75931767194115,297.2,1.2697467013341002,0.3342,8.73,0,0.0,0.794,0
85.52065214168749,106.9,0.9024498910898082,0.0885,9.1,1,0.86,0.802,1
2.9663595050762215,3.71,8.894267695892278,0.1855,1.11,0,0.0,0.703,0
241.49656769283663,301.87,9.335368914530015,0.4569,0.66,0,0.0,0.773,1
155.22425664506946,194.03,9.042417881502791,0.3694,0.96,0,0.0,0.773,1
205.5632239015407,256.95,3.966547944410314,0.3802,6.03,0,0.0,0.614,1
274.40694634334324,343.01,2.8762009173350234,0.2819,7.12,1,2.74,0.781,1
162.3521490414316,202.94,9.421722774044971,0.3328,0.58,1,1.62,0.792,0
150.95822177368973,188.7,8.828023684740437,0.2544,1.17,1,1.51,0.866,0
87.19863640447906,109.0,8.198173407610334,0.3704,1.8,1,0.87,0.807,0
91.5581503319858,114.45,3.3418500119256036,0.3664,6.66,1,0.92,0.945,0
238.96261980889375,298.7,6.387426112806907,0.0155,3.61,0,0.0,0.747,1
134.70877367578112,168.39,7.504202757555511,0.3159,2.5,1,1.35,0.764,0
49.057862582436115,61.32,5.761542963206049,0.3149,4.24,1,0.49,0.829,0
28.358629200148677,35.45,6.020043332994767,0.0337,3.98,1,0.28,0.681,1
141.8760350585338,177.35,7.566877828797671,0.2052,2.43,0,0.0,0.757,0
139.48650708531915,174.36,7.668279815932767,0.4494,2.33,0,0.0,0.874,1
196.0374834616188,245.05,2.3994866539419357,0.4767,7.6,0,0.0,0.765,0
141.3202433235422,176.65,3.906747191855894,0.3911,6.09,0,0.0,0.963,1
43.04271124026442,53.8,7.811844216387412,0.0757,2.19,1,0.43,0.846,1
152.34086543955405,190.43,2.614475078111421,0.1874,7.39,1,1.52,0.662,0
272.03682116580757,340.05,9.155939659811157,0.0913,0.84,0,0.0,0.795,0
47.832423486063725,59.79,8.38893274950022,0.3261,1.61,0,0.0,0.906,1
206.92639229332468,258.66,8.954562059379102,0.3866,1.05,0,0.0,0.857,1
178.15777948965797,222.7,2.9729991879879125,0.4419,7.03,0,0.0,0.954,1
224.5757180135408,280.72,1.0511701040554433,0.4303,8.95,0,0.0,0.9,0
45.18008202827782,56.48,1.0059063037548943,0.0496,8.99,1,0.45,0.625,0
282.48160107179837,353.1,5.5590753973915845,0.0628,4.44,0,0.0,0.645,0
186.28992833014755,232.86,3.0559044070770867,0.4548,6.94,1,1.86,0.86,1
254.12134130734103,317.65,2.6352168350276486,0.4219,7.36,0,0.0,0.695,0
73.98202910407068,92.48,2.224053939696459,0.2302,7.78,0,0.0,0.835,1
221.82386681938848,277.28,5.620976104877668,0.215,4.38,0,0.0,0.917,0
234.3092113001757,292.89,5.480952317444415,0.2764,4.52,0,0.0,0.831,0
119.2305817161227,149.04,4.2231267949176825,0.2983,5.78,0,0.0,0.766,1
115.18603586502662,143.98,1.3844003523403892,0.1271,8.62,1,1.15,0.859,0
197.3388795077248,246.67,9.287948068392849,0.2019,0.71,1,1.97,0.657,1
28.02230452806479,35.03,4.2793596225803,0.3098,5.72,0,0.0,0.889,1
220.68724506525268,275.86,1.2364229494508816,0.1031,8.76,0,0.0,0.879,0
12.866027951823275,16.08,0.3707893915504379,0.4994,9.63,1,0.13,0.806,1
57.177090336247794,71.47,1.5259329839106273,0.1415,8.47,0,0.0,0.712,0
199.24312717241017,249.05,2.9712623176423647,0.2762,7.03,1,1.99,0.919,1
29.49710012758915,36.87,6.300935228217897,0.2771,3.7,1,0.29,0.804,1
291.552627443037,364.44,9.709356703312398,0.2257,0.29,0,0.0,0.624,1
260.5188628385702,325.65,2.720676760059201,0.1208,7.28,1,2.61,0.967,1
187.89069972202097,234.86,7.898042718314594,0.2827,2.1,0,0.0,0.907,1
245.71723670080496,307.15,9.113863379639623,0.0455,0.89,1,2.46,0.834,0
266.27401457687034,332.84,3.915725750524808,0.1935,6.08,0,0.0,0.775,0
77.84269487154553,97.3,2.5327359392477664,0.1121,7.47,1,0.78,0.984,1
254.82347638479584,318.53,4.910668995591355,0.0621,5.09,1,2.55,0.91,0
58.43813509128054,73.05,8.967120982073094,0.4627,1.03,0,0.0,0.814,1
124.0026792446446,155.0,0.1098186813946833,0.35,9.89,0,0.0,0.861,1
167.4778893745798,209.35,4.866314769421047,0.0844,5.13,1,1.67,0.712,0
214.16728892220976,267.71,7.575952619051361,0.4747,2.42,0,0.0,0.678,0
9.042395316758412,11.3,6.011304291591861,0.108,3.99,0,0.0,0.709,1
87.1528238334567,108.94,4.973393835045083,0.1178,5.03,0,0.0,0.717,0
182.55572946311707,228.19,5.536132014200361,0.0666,4.46,1,1.83,0.896,1
107.21060374473562,134.01,6.1923165796783834,0.3639,3.81,1,1.07,0.656,1
232.50751668884803,290.63,6.820751544254234,0.2854,3.18,1,2.33,0.911,1
195.49564834521487,244.37,3.561855863629153,0.0291,6.44,0,0.0,0.809,1
70.32043611712074,87.9,5.173745469377714,0.0126,4.83,0,0.0,0.754,1
43.77869387769992,54.72,2.7357021347957255,0.2663,7.26,1,0.44,0.72,1
188.7140980761151,235.89,9.8399005247474,0.3258,0.16,1,1.89,0.805,1
135.14019831142733,168.93,1.8728806717741744,0.4114,8.13,1,1.35,0.727,0
50.68711233039558,63.36,1.5065722607082543,0.2391,8.49,0,0.0,0.772,0
97.9122615955132,122.39,2.688222757415958,0.3383,7.31,0,0.0,0.896,0
90.91402449557596,113.64,9.200542505076958,0.3668,0.8,0,0.0,0.85,1
32.43959170181253,40.55,6.588560580847713,0.3065,3.41,1,0.32,0.899,0
164.07270577956842,205.09,4.559275256834502,0.1761,5.44,0,0.0,0.885,1
229.09459017376625,286.37,9.25395407569784,0.0659,0.75,1,2.29,0.926,1
172.6400666558961,215.8,9.001471925026902,0.3238,1.0,1,1.73,0.681,1
247.8874094812057,309.86,4.015925059352843,0.3843,5.98,1,2.48,0.998,1
38.27056416462939,47.84,5.636409631231923,0.0949,4.36,0,0.0,0.79,0
130.68355734666716,163.35,9.053739819585765,0.2474,0.95,1,1.31,0.887,0
182.82453109742977,228.53,3.1939866239471595,0.1986,6.81,0,0.0,0.871,1
202.8004682825722,253.5,4.075372313969411,0.1029,5.92,0,0.0,0.826,1
208.7358919270281,260.92,7.93014594854856,0.1227,2.07,1,2.09,0.998,1
218.6896281293643,273.36,6.986388453566247,0.1188,3.01,1,2.19,0.687,1
195.428943658805,244.29,0.4865039199668264,0.2095,9.51,0,0.0,0.769,1
28.268426682260294,35.34,1.1737643653796426,0.1952,8.83,0,0.0,0.651,0
208.59170328068893,260.74,8.462638781382099,0.2771,1.54,1,2.09,0.673,0
217.43479703231628,271.79,0.2973873766590063,0.0466,9.7,1,2.17,0.885,1
298.04398030008815,372.55,9.199292055569382,0.2906,0.8,0,0.0,0.602,1
208.00873101033775,260.01,2.7175275233537244,0.0109,7.28,0,0.0,0.956,0
206.04911872546467,257.56,5.9837918239911865,0.1287,4.02,1,2.06,0.853,0
154.4439870545916,193.05,5.645808842921723,0.2511,4.35,0,0.0,0.776,0
260.37687257553415,325.47,3.962537561577657,0.3435,6.04,0,0.0,0.733,1
299.0504285883475,373.81,0.3143692360921946,0.3856,9.69,1,2.99,0.651,0
233.7134610592296,292.14,1.9247126079543453,0.0178,8.08,1,2.34,0.969,0
183.7501133573425,229.69,6.149734858335937,0.2687,3.85,1,1.84,0.885,0
23.686448079470455,29.61,4.463727727090822,0.1772,5.54,0,0.0,0.735,0
218.02173951888827,272.53,4.138370460189233,0.3475,5.86,0,0.0,0.628,1
212.56847057458512,265.71,0.977029007896486,0.1419,9.02,1,2.13,0.73,0
232.6704443428295,290.84,3.471274252461791,0.3719,6.53,1,2.33,0.674,1
37.366616519846794,46.71,5.264305520592686,0.3011,4.74,1,0.37,0.915,1
196.11975003784303,245.15,0.7769273494241136,0.3948,9.22,1,1.96,0.888,1
88.7171714855024,110.9,0.6669575262196847,0.4922,9.33,1,0.89,0.799,0
228.08137302085012,285.1,4.9155338321887445,0.4543,5.08,0,0.0,0.954,1
72.11218620943987,90.14,5.612521738408613,0.2966,4.39,0,0.0,0.672,0
205.1936030461232,256.49,2.576415046256045,0.4469,7.42,0,0.0,0.781,1
88.49788409519391,110.62,3.257663469656409,0.0765,6.74,0,0.0,0.884,1
2.6982878452293413,3.37,7.968704245386379,0.0215,2.03,1,0.03,0.627,1
190.00737359192863,237.51,8.69236023999132,0.2666,1.31,1,1.9,0.749,0
33.98072494767671,42.48,3.2522868666032148,0.4872,6.75,0,0.0,0.829,1
197.78744183646424,247.23,3.5571456428306214,0.3549,6.44,0,0.0,0.747,0
277.6828345070812,347.1,8.303265572809549,0.1526,1.7,1,2.78,0.792,0
290.77378026332707,363.47,9.738345014111092,0.3344,0.26,0,0.0,0.843,1
70.77692619828377,88.47,3.205931952970458,0.02,6.79,1,0.71,0.747,1
242.7759682951965,303.47,7.887265712201369,0.2353,2.11,1,2.43,0.642,1
106.0659830617321,132.58,4.796923688747903,0.1186,5.2,0,0.0,0.656,0
270.1371218243947,337.67,2.6372804564481243,0.0246,7.36,1,2.7,0.811,1
236.24687058881213,295.31,6.817851965563973,0.125,3.18,0,0.0,0.67,0
22.17651499372909,27.72,4.625503768356014,0.3612,5.37,0,0.0,0.956,1
122.1410981631832,152.68,2.6816243949900698,0.2756,7.32,1,1.22,0.934,1
101.19534780290222,126.49,1.0722964389414025,0.0117,8.93,1,1.01,0.74,1
235.5543062169831,294.44,8.66954413814886,0.2049,1.33,0,0.0,0.932,0
123.08571319594772,153.86,8.78667803428624,0.3761,1.21,0,0.0,0.813,0
205.3765192959251,256.72,0.7496175591379228,0.4773,9.25,0,0.0,0.664,1
180.73057667713212,225.91,6.63395370608244,0.4372,3.37,1,1.81,0.846,1
292.6916157292901,365.86,1.6257743061494925,0.0008,8.37,1,2.93,0.872,0
281.33548704048445,351.67,6.463200801696008,0.1094,3.54,0,0.0,0.634,1
128.3098544216156,160.39,9.07617193560369,0.1039,0.92,1,1.28,0.726,0
217.0734634923448,271.34,2.6021469022215857,0.2065,7.4,0,0.0,0.602,0
248.83802819436653,311.05,3.4792923277679644,0.3229,6.52,1,2.49,0.727,1
269.66572615864357,337.08,7.951299591782732,0.0765,2.05,0,0.0,0.734,0
20.440279132945104,25.55,7.353737927433249,0.4578,2.65,1,0.2,0.852,1
90.62363978204904,113.28,4.0865528445541415,0.3886,5.91,1,0.91,0.68,1
96.06901229055654,120.09,8.485480792776128,0.2097,1.51,1,0.96,0.612,0
130.3337853659636,162.92,9.20585477831298,0.292,0.79,1,1.3,0.726,1
50.779425214625704,63.47,4.526436384675842,0.2709,5.47,0,0.0,0.93,0
148.86176398500243,186.08,0.3945160260389502,0.2911,9.61,1,1.49,0.76,1
198.96429818953683,248.71,5.094399780471277,0.4301,4.91,1,1.99,0.766,1
149.20917606501533,186.51,7.396824595378401,0.1001,2.6,0,0.0,0.788,1
199.7379285592847,249.67,2.2003574247773248,0.3419,7.8,1,2.0,0.901,1
19.932489545370093,24.92,0.994303206065832,0.0535,9.01,1,0.2,0.792,0
262.7961995122231,328.5,2.852146435570164,0.2296,7.15,0,0.0,0.637,1
281.7207576303205,352.15,0.1158688867636303,0.3179,9.88,1,2.82,0.683,0
185.37222723559455,231.72,7.154717296675528,0.0063,2.85,0,0.0,0.675,0
264.4172995910691,330.52,1.460683657226447,0.054,8.54,0,0.0,0.803,0
39.43380499446373,49.29,7.236490220920486,0.0456,2.76,1,0.39,0.612,0
239.23467602289307,299.04,2.3454799258695336,0.1873,7.65,1,2.39,0.713,1
35.744458041778195,44.68,9.920621087826904,0.311,0.08,0,0.0,0.843,0
122.403069449261,153.0,5.317953820667521,0.498,4.68,0,0.0,0.742,0
97.1455603674825,121.43,0.4133885600151965,0.127,9.59,1,0.97,0.883,1
175.67754756613627,219.6,7.726788774966463,0.068,2.27,0,0.0,0.756,1
90.45436057186006,113.07,4.100902451304971,0.2074,5.9,0,0.0,0.992,0
191.1940889001398,238.99,6.073212882816073,0.073,3.93,1,1.91,0.986,1
110.21618674558736,137.77,9.512132228379468,0.0123,0.49,0,0.0,0.92,0
258.2371143091393,322.8,5.1726977184547795,0.282,4.83,0,0.0,0.982,0
190.16515206588343,237.71,8.043763650767884,0.4398,1.96,1,1.9,0.682,0
64.58948919643383,80.74,3.027928172908811,0.4304,6.97,1,0.65,0.9,1
100.83882660842612,126.05,7.1452104344273435,0.0504,2.85,1,1.01,0.729,1
254.2262662879967,317.78,0.9932300436120932,0.0737,9.01,0,0.0,0.89,0
115.94392499623754,144.93,8.933490549623645,0.2456,1.07,1,1.16,0.75,0
160.73971966969356,200.92,1.9974740735893248,0.1839,8.0,0,0.0,0.716,1
194.68258078569983,243.35,3.0192953472532915,0.3515,6.98,1,1.95,0.984,1
104.34289487577504,130.43,9.582118813364218,0.2475,0.42,0,0.0,0.684,1
88.19358922742049,110.24,1.5521359228199627,0.0101,8.45,1,0.88,0.903,1
142.5764707824086,178.22,2.5440975948195534,0.1423,7.46,0,0.0,0.87,1
64.46429162783673,80.58,5.801792981961302,0.4507,4.2,0,0.0,0.721,0
85.26317607571903,106.58,9.806939991802828,0.2558,0.19,0,0.0,0.783,1
18.623545209610825,23.28,6.9141947456592225,0.399,3.09,1,0.19,0.657,1
91.19108279130164,113.99,1.1419007501008085,0.2011,8.86,1,0.91,0.968,1
96.2112280090708,120.26,7.481171523003382,0.3385,2.52,0,0.0,0.987,1
288.5499498873959,360.69,4.262154645363293,0.0845,5.74,1,2.89,0.893,1
176.91864763976403,221.15,9.92328940860563,0.3683,0.08,0,0.0,0.94,0
236.21472762474167,295.27,6.287170601309976,0.3933,3.71,0,0.0,0.633,0
13.613175834096737,17.02,5.319558950926423,0.0451,4.68,1,0.14,0.754,0
31.961008082511576,39.95,5.572651563778469,0.0917,4.43,0,0.0,0.732,0
244.3610882587777,305.45,6.415618107895753,0.2314,3.58,1,2.44,0.826,0
187.06486482529073,233.83,7.31829277679064,0.3187,2.68,0,0.0,0.673,0
57.29460916206087,71.62,0.7832183522605529,0.3187,9.22,1,0.57,0.825,0
121.43862175852146,151.8,1.3066951980957664,0.3341,8.69,0,0.0,0.862,1
161.60174999448685,202.0,3.004777255204597,0.3572,7.0,0,0.0,0.653,1
253.0829487412325,316.35,4.779543247720093,0.2529,5.22,1,2.53,0.653,0
18.123597508348254,22.65,3.1106739743481993,0.2874,6.89,0,0.0,0.614,0
179.0166868102087,223.77,2.1383812906371444,0.0042,7.86,1,1.79,0.904,0
215.1107764760052,268.89,9.250297083832898,0.0833,0.75,1,2.15,0.732,0
293.3675573731378,366.71,0.3260053432439336,0.2493,9.67,1,2.93,0.69,0
242.1480234876553,302.69,9.386981706632804,0.3728,0.61,1,2.42,0.911,1
82.86819406958202,103.59,9.07242314466554,0.4045,0.93,1,0.83,0.657,0
212.87375816347952,266.09,6.837817499068785,0.3645,3.16,0,0.0,0.771,0
228.98336547809313,286.23,0.3253458192968539,0.2432,9.67,1,2.29,0.898,1
218.92064997551856,273.65,2.2535556158287315,0.1406,7.75,1,2.19,0.83,0
246.043220385561,307.55,9.791006236754974,0.2224,0.21,1,2.46,0.822,1
271.1189928640913,338.9,9.05950365087117,0.0046,0.94,1,2.71,0.663,1
29.528960696802077,36.91,9.645719609910026,0.299,0.35,1,0.3,0.672,1
31.429157304335657,39.29,9.96123159823922,0.0373,0.04,0,0.0,0.833,1
238.9199966311938,298.65,0.6388746629492625,0.0727,9.36,1,2.39,0.609,1
75.71174295644127,94.64,5.7086253647577125,0.313,4.29,1,0.76,0.948,1
17.56242658502338,21.95,8.341376112202568,0.0067,1.66,0,0.0,0.74,0
120.36875429418174,150.46,3.197089657843857,0.2868,6.8,0,0.0,0.767,1
245.96307354782343,307.45,4.355587222536025,0.3192,5.64,1,2.46,0.703,0
37.96950714419411,47.46,2.837386486554818,0.3941,7.16,0,0.0,0.951,1
201.55259154134023,251.94,0.3807213579939683,0.034,9.62,1,2.02,0.857,0
1.084758531470309,1.36,0.7271334237168625,0.0015,9.27,1,0.01,0.78,0
32.92123416373498,41.15,0.2144176962546351,0.3834,9.79,1,0.33,0.834,0
105.25510373054604,131.57,5.272444489361142,0.145,4.73,1,1.05,0.752,0
25.08068430732421,31.35,6.184230832180342,0.4436,3.82,1,0.25,0.786,1
253.77050023113387,317.21,3.077016825069958,0.0925,6.92,1,2.54,0.743,0
259.2211509436407,324.03,8.261485371419644,0.2928,1.74,0,0.0,0.764,1
226.67121092985727,283.34,8.880133513010303,0.0547,1.12,0,0.0,0.726,1
72.74388941868524,90.93,1.397483052343096,0.2013,8.6,0,0.0,0.631,0
156.97412257199397,196.22,0.519244627419444,0.441,9.48,0,0.0,0.615,1
55.25655765701142,69.07,3.193806130286616,0.3042,6.81,0,0.0,0.67,1
84.38353502193324,105.48,7.1298753244630415,0.3448,2.87,0,0.0,0.701,0
154.80158765213733,193.5,5.074238913109669,0.113,4.93,0,0.0,0.956,0
220.50414253823936,275.63,4.880899973497285,0.4614,5.12,0,0.0,0.844,0
28.396314118091748,35.5,1.5241039844993942,0.3117,8.48,1,0.28,0.983,0
89.00900928842584,111.26,3.5145411843838072,0.0529,6.49,1,0.89,0.736,1
277.98640457157666,347.48,9.588912583337034,0.0078,0.41,1,2.78,0.761,0
128.73699533456644,160.92,3.405604390185201,0.008,6.59,1,1.29,0.888,0
281.66090217279435,352.08,5.914324125500919,0.0256,4.09,1,2.82,0.831,0
297.4201624656407,371.78,0.5834889908192775,0.4558,9.42,1,2.97,0.811,1
157.99794783342475,197.5,0.6385425785763199,0.1792,9.36,0,0.0,0.83,0
86.41320293545517,108.02,4.242539924828587,0.1491,5.76,1,0.86,0.834,0
237.23304257177372,296.54,6.0411235645469095,0.2083,3.96,1,2.37,0.906,1
47.79322065750448,59.74,3.723410433206764,0.2048,6.28,1,0.48,0.867,1
75.61405790162115,94.52,1.7901357588021605,0.1192,8.21,1,0.76,0.983,0
235.46397284978465,294.33,7.359573151657887,0.0459,2.64,1,2.35,0.979,1
130.09377741960895,162.62,1.4004381693154433,0.0543,8.6,0,0.0,0.769,0
60.46138109630002,75.58,6.680167446854485,0.2996,3.32,1,0.6,0.614,0
195.33772348569732,244.17,9.567344882768438,0.1984,0.43,1,1.95,0.604,1
219.82855841450487,274.79,4.705368583500981,0.4512,5.29,0,0.0,0.649,0
37.521371835170726,46.9,2.004336786122056,0.2319,8.0,1,0.38,0.63,1
83.09407799248024,103.87,8.419817983539863,0.2517,1.58,0,0.0,0.749,0
66.38302661166998,82.98,5.054761968079288,0.4641,4.95,0,0.0,0.621,0
113.95638862873564,142.45,9.232220151674223,0.2508,0.77,1,1.14,0.85,1
229.03346867281937,286.29,7.205860753732079,0.251,2.79,0,0.0,0.676,1
214.1124306822973,267.64,4.306096058596256,0.1816,5.69,1,2.14,0.806,0
198.7571731151112,248.45,6.17384281057439,0.3552,3.83,1,1.99,0.641,1
1.8856637605773607,2.36,1.699644201371764,0.1961,8.3,1,0.02,0.931,0
42.64299401411683,53.3,3.872304067489485,0.2942,6.13,1,0.43,0.912,1
66.98926473062004,83.74,5.938712736505871,0.2237,4.06,0,0.0,0.755,0
81.58675381165487,101.98,5.900418502514663,0.2644,4.1,0,0.0,0.964,0
43.927962494670005,54.91,5.8721536680201805,0.4135,4.13,1,0.44,0.674,0
123.0946654421669,153.87,7.435360765795457,0.2069,2.56,0,0.0,0.926,1
22.554175504207773,28.19,1.0565338489079723,0.115,8.94,0,0.0,0.818,1
225.00665711633425,281.26,0.7365708804406468,0.2852,9.26,0,0.0,0.732,0
236.31623618883148,295.4,1.4802072001369715,0.4688,8.52,1,2.36,0.634,0
172.28000688026944,215.35,7.923943102911737,0.3466,2.08,0,0.0,0.669,0
26.91146311259035,33.64,0.6485374678649825,0.1542,9.35,1,0.27,0.945,0
267.0249508640274,333.78,2.252354784403663,0.4815,7.75,1,2.67,0.843,0
289.69074861243433,362.11,2.547760055249867,0.1714,7.45,1,2.9,0.695,1
60.70906809653681,75.89,6.472516223630627,0.4916,3.53,1,0.61,0.798,1
211.39194583221592,264.24,4.016295261820936,0.096,5.98,1,2.11,0.643,0
252.58158919274572,315.73,1.9899322342178871,0.4998,8.01,0,0.0,0.64,0
161.9530567628107,202.44,4.495384557735539,0.038,5.5,0,0.0,0.963,1
96.99692985802466,121.25,6.854513556248137,0.3566,3.15,1,0.97,0.783,1
143.56761452410578,179.46,7.860518700049716,0.3702,2.14,0,0.0,0.745,1
153.6806252353356,192.1,1.238831873322742,0.3398,8.76,1,1.54,0.98,0
120.19111325640836,150.24,7.147155983606694,0.3888,2.85,1,1.2,0.76,1
278.95274809011187,348.69,0.0452265825769016,0.2359,9.95,1,2.79,0.734,1
223.1649332827506,278.96,7.243236679022554,0.0271,2.76,1,2.23,0.709,1
72.39049267648919,90.49,6.61003865317551,0.1789,3.39,1,0.72,0.826,0
175.66715619596056,219.58,4.686665785158302,0.3212,5.31,1,1.76,0.823,0
206.60674527935024,258.26,1.368732796362082,0.3231,8.63,0,0.0,0.606,1
42.04692651063908,52.56,7.645490038722422,0.0976,2.35,0,0.0,0.862,0
107.52772271404464,134.41,0.717530887523723,0.1265,9.28,1,1.08,0.915,1
271.6644844811748,339.58,8.955686137527348,0.2433,1.04,1,2.72,0.846,1
170.15193005556046,212.69,7.734603669615611,0.3643,2.27,1,1.7,0.948,1
65.09932381809506,81.37,7.409634945457608,0.4264,2.59,1,0.65,0.711,1
36.83543943574523,46.04,7.543942402031954,0.0432,2.46,1,0.37,0.677,1
155.4680680424633,194.34,0.6757323920821934,0.4628,9.32,1,1.55,0.879,0
164.30571690874322,205.38,9.899490844298064,0.4639,0.1,1,1.64,0.675,0
100.3243354063837,125.41,8.585996199111177,0.004,1.41,0,0.0,0.636,1
189.12480852573557,236.41,5.079334306457231,0.2532,4.92,0,0.0,0.639,1
20.605405865816618,25.76,7.1940031086978005,0.2936,2.81,1,0.21,0.907,0
43.541907979842186,54.43,7.392571616777125,0.2769,2.61,0,0.0,0.611,0
163.88214630337777,204.85,8.29785284382365,0.3079,1.7,1,1.64,0.716,0
18.544708153336188,23.18,2.553740834251469,0.2517,7.45,0,0.0,0.652,0
264.2726294973302,330.34,3.7205272471939983,0.1469,6.28,0,0.0,0.902,0
42.64391113695504,53.3,7.996853021356108,0.0479,2.0,1,0.43,0.801,0
202.17596222536093,252.72,7.689838852765094,0.1042,2.31,0,0.0,0.682,1
117.36103251432756,146.7,5.226153233225499,0.3701,4.77,1,1.17,0.9,1
119.93632426267452,149.92,3.9620534474486746,0.1205,6.04,1,1.2,0.9,0
229.4668585833431,286.83,9.684425709069718,0.4149,0.32,1,2.29,0.809,1
149.83864025187418,187.3,4.150213906528341,0.2017,5.85,1,1.5,0.71,1
217.69663909315992,272.12,7.6398571959040975,0.2072,2.36,1,2.18,0.835,1
151.55736862583078,189.45,4.126423648517181,0.4342,5.87,1,1.52,0.973,1
177.871602421579,222.34,3.0983616369413647,0.1071,6.9,1,1.78,0.621,1
228.21438836089925,285.27,6.4099675336672135,0.0948,3.59,0,0.0,0.707,0
182.1926228763826,227.74,8.076158750147812,0.4927,1.92,1,1.82,0.714,0
184.6845328166366,230.86,9.813775077005682,0.2703,0.19,0,0.0,0.853,1
236.76587742827832,295.96,1.4890409181992947,0.0953,8.51,0,0.0,0.86,0
284.726044745812,355.91,8.761144706356443,0.0829,1.24,0,0.0,0.683,1
113.01484618060104,141.27,5.241419333333301,0.4308,4.76,0,0.0,0.686,1
173.13514716778536,216.42,1.0774247768579726,0.2999,8.92,1,1.73,0.971,0
25.88194732006368,32.35,7.943786191650544,0.0575,2.06,0,0.0,0.903,1
107.64116417066008,134.55,3.315444230793988,0.4435,6.68,1,1.08,0.974,1
123.6147677668158,154.52,8.682498071468428,0.222,1.32,0,0.0,0.932,1
250.5711950472153,313.21,1.5780187254704292,0.4947,8.42,0,0.0,0.761,0
154.01772063770304,192.52,7.1109168430110845,0.1409,2.89,1,1.54,0.649,1
219.31991198953733,274.15,3.0079626024023067,0.2644,6.99,0,0.0,0.852,0
5.702220007701408,7.13,2.573487352823705,0.0866,7.43,1,0.06,0.741,1
139.34780088849467,174.18,0.5026016324839655,0.2199,9.5,1,1.39,0.77,0
270.3952995490753,337.99,4.819086771173001,0.0883,5.18,1,2.7,0.77,0
67.29417279173553,84.12,3.915024203165726,0.1536,6.08,0,0.0,0.975,0
9.456655592133878,11.82,0.6169035704230064,0.1349,9.38,1,0.09,0.628,0
130.02262011404292,162.53,2.266422503531873,0.1415,7.73,0,0.0,0.677,0
211.3295461942786,264.16,4.872718470281406,0.4849,5.13,0,0.0,0.843,0
136.33905205244085,170.42,8.082714041656502,0.0192,1.92,0,0.0,0.954,0
137.99349405337975,172.49,9.294478835290716,0.2484,0.71,0,0.0,0.967,0
200.94151237149583,251.18,5.15332172948304,0.3146,4.85,0,0.0,0.823,1
76.3166424849147,95.4,4.033067379759492,0.3304,5.97,1,0.76,0.614,0
225.56693749259324,281.96,9.547544261512938,0.3773,0.45,0,0.0,0.745,1
45.93405927172003,57.42,9.628623945880364,0.3805,0.37,0,0.0,0.968,0
118.7251815857963,148.41,1.904123393282923,0.4778,8.1,1,1.19,0.8,1
196.80243254127535,246.0,5.314553048765207,0.3778,4.69,0,0.0,0.891,1
248.5107021690593,310.64,8.209100809382154,0.4118,1.79,1,2.49,0.708,1
237.4593213495166,296.82,8.222589969131475,0.2662,1.78,1,2.37,0.61,1
216.50567979230937,270.63,6.84978616394779,0.3288,3.15,0,0.0,0.831,0
107.72891506091732,134.66,4.714689168129944,0.2391,5.29,0,0.0,0.934,1
36.69129488811715,45.86,4.0365649391520115,0.1382,5.96,0,0.0,0.996,0
65.05026530789718,81.31,8.06412169497446,0.1567,1.94,0,0.0,0.939,1
259.4501443729455,324.31,2.2572317579911285,0.1803,7.74,0,0.0,0.822,1
257.19941103979784,321.5,4.284298887188393,0.1703,5.72,1,2.57,0.843,0
285.4682557617047,356.84,5.668646979613298,0.2666,4.33,1,2.85,0.93,1
22.79659556866248,28.5,8.317839201138396,0.1238,1.68,0,0.0,0.608,1
161.04272558323683,201.3,3.738501261625414,0.2583,6.26,1,1.61,0.981,1
194.60491347127007,243.26,5.486557636357664,0.4581,4.51,0,0.0,0.812,0
213.19721312005697,266.5,2.7916383710218815,0.203,7.21,1,2.13,0.981,1
193.15897050312907,241.45,8.36912675435277,0.1113,1.63,0,0.0,0.906,1
231.0034169706846,288.75,7.855412372749991,0.1734,2.14,0,0.0,0.661,1
107.84147288680246,134.8,8.200982557936582,0.4384,1.8,1,1.08,0.666,0
53.82983164064464,67.29,0.5747628447124509,0.4708,9.43,0,0.0,0.741,1
61.37501164513156,76.72,4.8689813412971805,0.4433,5.13,1,0.61,0.706,1
3.5936068410493016,4.49,1.3584281936517006,0.1437,8.64,1,0.04,0.776,0
105.0965616318667,131.37,6.737604417791962,0.1939,3.26,0,0.0,0.842,0
27.523215263993183,34.4,3.113909290077822,0.4875,6.89,0,0.0,0.775,1
96.44660783705726,120.56,7.745762329747735,0.1619,2.25,0,0.0,0.623,1
188.46302314987437,235.58,0.6516690479816112,0.0689,9.35,1,1.88,0.99,0
268.343416676046,335.43,5.132605544849635,0.141,4.87,1,2.68,0.77,1
251.88163529715493,314.85,1.2366515764502362,0.482,8.76,0,0.0,0.94,1
75.80226358727306,94.75,5.5789910137887935,0.2079,4.42,1,0.76,0.63,0
40.22494265941409,50.28,6.07351475427858,0.4669,3.93,0,0.0,0.924,0
57.92168213901939,72.4,4.621435233478569,0.052,5.38,0,0.0,0.669,0
291.2959955710821,364.12,2.796466164754751,0.383,7.2,1,2.91,0.872,1
164.84234390564723,206.05,0.3232785866848287,0.0467,9.68,1,1.65,0.865,0
54.75066690017245,68.44,6.621141260807761,0.0987,3.38,1,0.55,0.964,0
252.22384640604457,315.28,8.704418962186903,0.3081,1.3,0,0.0,0.728,1
118.55737329376647,148.2,7.336477701070746,0.2172,2.66,0,0.0,0.644,0
269.7666455924182,337.21,8.930180113820727,0.3333,1.07,1,2.7,0.946,0
78.20313805034596,97.75,9.295009032476669,0.4867,0.7,0,0.0,0.733,0
117.96652764127084,147.46,4.495464652664614,0.0264,5.5,1,1.18,0.693,1
151.48432883702537,189.36,6.9799136626703175,0.0958,3.02,0,0.0,0.794,0
267.7846002267095,334.73,3.97378749176328,0.3201,6.03,0,0.0,0.658,0
260.62722948151674,325.78,9.195427100172118,0.4483,0.8,0,0.0,0.719,1
172.30652109116338,215.38,5.629728584395627,0.3988,4.37,1,1.72,0.754,0
66.5326529342672,83.17,7.524500087498738,0.2328,2.48,1,0.67,0.711,0
121.00709152136253,151.26,0.145182297748907,0.3727,9.85,1,1.21,0.78,1
292.6899196096516,365.86,5.755492262040175,0.104,4.24,0,0.0,0.754,1
182.3319671632206,227.91,7.41991100121695,0.0069,2.58,0,0.0,0.91,0
234.329326537259,292.91,2.5700617573805284,0.285,7.43,1,2.34,0.967,0
134.95940860842592,168.7,0.1437396928869116,0.4066,9.86,1,1.35,0.64,0
159.60218264004192,199.5,7.436327655863701,0.2167,2.56,0,0.0,0.929,1
128.68623366976323,160.86,3.3808582015244104,0.2846,6.62,1,1.29,0.973,0
210.8762994185904,263.6,4.287896075815503,0.2111,5.71,0,0.0,0.875,1
255.4413041660632,319.3,5.6205241394936,0.257,4.38,0,0.0,0.999,1
152.20906296736908,190.26,1.1025116587099135,0.4422,8.9,1,1.52,0.734,1
144.26023759086772,180.33,1.0355266589334888,0.2391,8.96,1,1.44,0.932,0
102.08594012951907,127.61,9.608804494101136,0.0037,0.39,1,1.02,0.869,1
53.129008288225144,66.41,3.388965064154701,0.3999,6.61,0,0.0,0.729,0
281.77431686253266,352.22,2.5552484610305912,0.3089,7.44,0,0.0,0.882,0
94.8239156038515,118.53,0.4773811978965403,0.3652,9.52,1,0.95,0.804,0
240.20743907228564,300.26,1.739287174336959,0.4505,8.26,0,0.0,0.676,1
214.60410638624225,268.26,4.308950857238106,0.1431,5.69,1,2.15,0.67,1
237.27528008343873,296.59,3.420733234338548,0.2515,6.58,0,0.0,0.885,0
281.03044001163073,351.29,4.245817472671537,0.3012,5.75,0,0.0,0.885,0
187.01122806626915,233.76,7.0390971123467025,0.1727,2.96,0,0.0,0.812,1
269.3851030146134,336.73,6.417894922856072,0.423,3.58,1,2.69,0.801,1
50.3091968736881,62.89,4.931530676665878,0.3488,5.07,0,0.0,0.672,1
188.0137727870363,235.02,8.14821495228451,0.3667,1.85,1,1.88,0.772,1
231.6826838743838,289.6,8.573245509696285,0.404,1.43,0,0.0,0.949,1
81.49233922325222,101.87,5.90812674110534,0.129,4.09,0,0.0,0.942,0
222.2261403875895,277.78,1.1757102341767112,0.3728,8.82,1,2.22,0.864,0
233.54304873487104,291.93,4.061792114011514,0.3869,5.94,0,0.0,0.999,1
249.35638680493344,311.7,6.344634801940918,0.4212,3.66,0,0.0,0.957,0
93.86487377877984,117.33,0.6285101101635826,0.2443,9.37,0,0.0,0.658,1
204.48197705049276,255.6,0.1990653221042515,0.2521,9.8,1,2.04,0.76,1
91.27598502292862,114.09,9.48334410141744,0.0491,0.52,0,0.0,0.653,1
221.7121162495366,277.14,7.300646614636447,0.4261,2.7,0,0.0,0.786,1
138.89209954371367,173.62,1.5310783002107975,0.2667,8.47,0,0.0,0.911,1
179.263312358166,224.08,4.451264703722435,0.2972,5.55,0,0.0,0.662,1
124.75199442917068,155.94,1.9355726857519264,0.0607,8.06,0,0.0,0.952,1
48.59487807894729,60.74,0.1028540143501222,0.3009,9.9,0,0.0,0.828,0
53.4088588816091,66.76,3.916931299016992,0.021,6.08,1,0.53,0.9,0
23.27067217864035,29.09,6.483847363683708,0.4616,3.52,1,0.23,0.618,1
185.42180391649853,231.78,9.541288220040474,0.4318,0.46,1,1.85,0.638,0
254.5915193859178,318.24,7.69834718965888,0.0972,2.3,1,2.55,0.848,1
6.2510478786242825,7.81,2.301381972831477,0.2969,7.7,1,0.06,0.935,1
19.87185062650605,24.84,3.362118874595459,0.3013,6.64,0,0.0,0.95,1
137.24009769087309,171.55,5.205805120930672,0.4017,4.79,1,1.37,0.875,0
221.3162208504568,276.65,1.9127291508660504,0.3785,8.09,1,2.21,0.68,0
47.312293413585394,59.14,8.329458238170131,0.4966,1.67,1,0.47,0.678,1
81.49539586475815,101.87,1.6796491284489024,0.1754,8.32,0,0.0,0.953,0
69.60186038454215,87.0,2.8997304494952534,0.0623,7.1,1,0.7,0.645,0
119.71536560134624,149.64,5.776006659287223,0.2867,4.22,1,1.2,0.874,0
67.49960310527135,84.37,1.2322403146683614,0.382,8.77,0,0.0,0.813,0
105.77960356342592,132.22,6.2461494142262275,0.1429,3.75,1,1.06,0.769,0
218.56277959858323,273.2,9.44225202184869,0.1181,0.56,1,2.19,0.776,1
183.30277453625675,229.13,6.915358703863874,0.4012,3.08,1,1.83,0.978,1
24.354511617507868,30.44,8.127845916799409,0.3769,1.87,1,0.24,0.945,1
191.32369987371533,239.15,4.384943914985642,0.1017,5.62,1,1.91,0.946,0
143.12315146776405,178.9,3.6531724978402846,0.4346,6.35,0,0.0,0.763,0
280.3696724121416,350.46,3.286026906747348,0.0674,6.71,0,0.0,0.643,0
86.79129513121597,108.49,6.604651752011809,0.0546,3.4,0,0.0,0.999,1
217.849925909748,272.31,5.1853567929461715,0.1756,4.81,1,2.18,0.658,0
219.25824691337095,274.07,4.723194184081119,0.4433,5.28,0,0.0,0.806,1
66.4502343027562,83.06,1.0074609230946765,0.3477,8.99,0,0.0,0.706,0
270.96708749128084,338.71,6.733731540587532,0.1974,3.27,0,0.0,0.804,0
147.35496012888092,184.19,7.253829186531316,0.0786,2.75,0,0.0,0.722,1
203.66501006679073,254.58,1.9619829061062664,0.3567,8.04,0,0.0,0.959,0
43.75666766505136,54.7,7.597053728437978,0.2996,2.4,1,0.44,0.987,1
77.34117509759078,96.68,8.793940403789671,0.4938,1.21,1,0.77,0.764,0
175.83213538116684,219.79,1.746237680359467,0.3828,8.25,1,1.76,0.628,1
95.70818051200484,119.64,4.520416811624641,0.0511,5.48,1,0.96,0.865,1
149.90787557129204,187.38,8.761851826047934,0.3641,1.24,0,0.0,0.751,1
112.20155981198675,140.25,4.8729804175859766,0.1287,5.13,0,0.0,0.994,0
192.1661389932144,240.21,8.152537056590635,0.4809,1.85,0,0.0,0.636,1
146.14360883424266,182.68,2.1575289972331357,0.0096,7.84,0,0.0,0.648,1
1.38298079195045,1.73,0.639312412926718,0.1192,9.36,0,0.0,0.88,0
194.9042513836152,243.63,0.5946684862188634,0.2495,9.41,0,0.0,0.903,1
126.63646711505451,158.3,9.723563767080757,0.0395,0.28,0,0.0,0.788,0
102.50950214706684,128.14,1.6471781289905774,0.172,8.35,1,1.03,0.711,1
28.244025684967067,35.31,8.648911917560453,0.2486,1.35,1,0.28,0.724,1
66.11090716994744,82.64,3.1572859647014893,0.2235,6.84,1,0.66,0.735,1
67.13168747425603,83.91,0.4008855099341235,0.2303,9.6,0,0.0,0.69,0
280.6108498214187,350.76,2.4097728301399957,0.4395,7.59,1,2.81,0.94,1
129.75389242396403,162.19,5.054925034079279,0.2526,4.95,0,0.0,0.626,1
12.619754164551011,15.77,1.0677182735849156,0.4705,8.93,1,0.13,0.763,1
41.645004672996265,52.06,9.22163352608126,0.0739,0.78,1,0.42,0.899,1
23.70980271987362,29.64,8.998850417493976,0.1401,1.0,1,0.24,0.602,0
176.6608170621634,220.83,1.4914747423848118,0.3283,8.51,1,1.77,0.951,1
55.98644747004802,69.98,7.371083722663224,0.1416,2.63,1,0.56,0.883,0
149.5672920845328,186.96,4.607083159566661,0.1736,5.39,1,1.5,0.629,0
111.01861886099267,138.77,9.821271100809213,0.4505,0.18,0,0.0,0.958,1
241.1629131432598,301.45,0.5540429104944589,0.2693,9.45,0,0.0,0.795,1
96.14689117960867,120.18,4.710345942645636,0.1673,5.29,1,0.96,0.861,1
137.47964471904248,171.85,2.854730629411052,0.3884,7.15,0,0.0,0.953,1
216.38566457934775,270.48,7.2637838080282116,0.0353,2.74,1,2.16,0.952,1
130.0053620791918,162.51,1.1113425703563196,0.2818,8.89,1,1.3,0.763,1
237.96466080395672,297.46,6.281086865684743,0.0498,3.72,1,2.38,0.695,1
198.50530687099948,248.13,9.480593487627273,0.0884,0.52,0,0.0,0.703,0
123.1587341840148,153.95,4.538804261338196,0.0312,5.46,0,0.0,0.906,1
151.1945777059088,188.99,4.542306568533407,0.4508,5.46,1,1.51,0.972,1
290.16103675265805,362.7,4.957023108790918,0.0241,5.04,1,2.9,0.629,0
198.4834489525177,248.1,4.157082182638745,0.2582,5.84,0,0.0,0.606,1
271.49856779169744,339.37,4.47475936350742,0.1125,5.53,0,0.0,0.929,0
53.62755104131931,67.03,4.632386788989872,0.1918,5.37,0,0.0,0.755,1
144.97084687354558,181.21,9.980659227232804,0.2468,0.02,1,1.45,0.711,1
272.59850095351516,340.75,1.164360181801091,0.225,8.84,0,0.0,0.675,0
96.78361843242529,120.98,2.853214126982052,0.374,7.15,0,0.0,0.739,0
290.29925944392625,362.87,2.107873309090469,0.4559,7.89,0,0.0,0.989,0
29.12324714209723,36.4,5.441880004449542,0.1501,4.56,1,0.29,0.991,1
270.8013510825111,338.5,0.0280893538418758,0.0123,9.97,1,2.71,0.733,0
133.5636366197576,166.95,9.21098637797728,0.447,0.79,0,0.0,0.985,0
22.1232495423482,27.65,5.311209005976835,0.4894,4.69,0,0.0,0.72,1
263.85647777582625,329.82,8.960772037336875,0.2167,1.04,1,2.64,0.942,0
75.58206372273403,94.48,3.4496521464645458,0.2279,6.55,0,0.0,0.685,0
6.675037648567561,8.34,1.4992992215300982,0.0721,8.5,1,0.07,0.931,1
40.742131670757686,50.93,1.922925524018615,0.2378,8.08,1,0.41,0.741,0
197.73442256992848,247.17,4.707323860854996,0.1517,5.29,0,0.0,0.678,0
293.3434467414584,366.68,0.4026890399943406,0.4972,9.6,1,2.93,0.974,0
33.43864187505504,41.8,7.818041075066873,0.0924,2.18,1,0.33,0.686,1
138.5844144374286,173.23,7.906365850345982,0.1893,2.09,1,1.39,0.997,0
54.190965284259754,67.74,7.019550284932529,0.3083,2.98,1,0.54,0.643,0
223.5109602304776,279.39,8.963398155942029,0.1726,1.04,1,2.24,0.604,1
35.41766992854425,44.27,5.494772599079947,0.2372,4.51,1,0.35,0.948,1
71.95252454426686,89.94,4.793194789591736,0.4867,5.21,1,0.72,0.835,0
58.92179029472141,73.65,5.2917576265892095,0.254,4.71,0,0.0,0.769,1
165.75593411009336,207.19,1.81953671008111,0.4552,8.18,0,0.0,0.633,0
261.9552276001897,327.44,5.1229126142804615,0.0215,4.88,1,2.62,0.83,0
153.32706034692558,191.66,5.4175701966011625,0.0599,4.58,0,0.0,0.757,0
17.473035831441376,21.84,7.645898535399748,0.4723,2.35,0,0.0,0.793,0
169.0166791790494,211.27,3.4791945630825136,0.0644,6.52,0,0.0,0.852,1
239.2562997954028,299.07,0.9222708610173448,0.3683,9.08,1,2.39,0.856,1
39.64685919129681,49.56,5.974625053080209,0.223,4.03,0,0.0,0.984,1
21.813364303377515,27.27,7.879582873690955,0.2034,2.12,0,0.0,0.862,0
56.34233326727072,70.43,9.695597145386746,0.3296,0.3,0,0.0,0.736,1
223.82589684648823,279.78,0.902545661886891,0.3638,9.1,1,2.24,0.732,1
177.50412585960046,221.88,7.463511451435714,0.466,2.54,1,1.78,0.791,0
162.17839618852466,202.72,5.958400632663685,0.1284,4.04,0,0.0,0.704,1
74.8439683895305,93.55,0.1533718184256216,0.349,9.85,0,0.0,0.751,1
99.67097857405784,124.59,7.182416048066544,0.1711,2.82,0,0.0,0.937,1
289.7655038830027,362.21,0.2620125387162997,0.3588,9.74,0,0.0,0.944,1
72.18756801881571,90.23,7.852561597234252,0.0711,2.15,0,0.0,0.851,1
270.4936269765265,338.12,7.2132219225883984,0.2288,2.79,0,0.0,0.833,0
174.15945133732097,217.7,6.879200898112652,0.0918,3.12,1,1.74,0.771,1
36.98893991137434,46.24,1.1999616916490874,0.1682,8.8,0,0.0,0.854,1
140.1937134465204,175.24,9.190329572239763,0.3578,0.81,0,0.0,0.922,1
284.56461520826275,355.71,8.989130877859347,0.1167,1.01,0,0.0,0.895,1
125.56967944120758,156.96,9.00260990069113,0.3424,1.0,1,1.26,0.614,0
259.0159694368087,323.77,3.603623892132171,0.248,6.4,1,2.59,0.892,1
76.92860839551231,96.16,4.921729663901852,0.046,5.08,0,0.0,0.888,1
171.2766455401119,214.1,1.1489533637894056,0.1933,8.85,0,0.0,0.64,0
253.1556174605921,316.44,0.5109535765294282,0.4346,9.49,0,0.0,0.66,1
276.2065323509087,345.26,0.5877746944596096,0.4946,9.41,1,2.76,0.915,1
145.74701014539022,182.18,5.687696097507119,0.1845,4.31,0,0.0,0.824,1
191.9064306436287,239.88,3.214031539678494,0.0274,6.79,1,1.92,0.929,0
0.8940392346992843,1.12,5.795556172266294,0.0651,4.2,1,0.01,0.674,1
75.96699225401689,94.96,5.926643524353822,0.3941,4.07,1,0.76,0.612,0
83.61363112408372,104.52,9.070623710413283,0.3279,0.93,1,0.84,0.665,0
28.04790349632924,35.06,8.822832480512579,0.1425,1.18,1,0.28,0.781,0
83.908504007093,104.89,7.185834788168103,0.1956,2.81,1,0.84,0.809,1
96.33660991744172,120.42,8.185033573470854,0.4056,1.81,1,0.96,0.943,1
290.629811870458,363.29,0.0315963969517529,0.2066,9.97,1,2.91,0.886,1
200.5807141682513,250.73,0.1553513651955818,0.3779,9.84,0,0.0,0.996,0
127.80152382490328,159.75,4.585873122036519,0.1476,5.41,0,0.0,0.631,0
296.4163382086528,370.52,6.536937115061975,0.3624,3.46,0,0.0,0.652,1
45.96969607038336,57.46,7.940842069610543,0.2332,2.06,0,0.0,0.634,0
142.81535817914536,178.52,4.472669801842304,0.2727,5.53,0,0.0,0.815,1
194.1186621147148,242.65,9.40167319065377,0.2994,0.6,1,1.94,0.707,0
16.674190345223106,20.84,8.149852614192557,0.2253,1.85,1,0.17,0.873,1
215.09965742493563,268.87,1.0275562918716974,0.2331,8.97,1,2.15,0.653,0
29.96020587659697,37.45,4.401783305415112,0.1329,5.6,0,0.0,0.641,1
42.08469257990309,52.61,9.948782250682914,0.4929,0.05,1,0.42,0.784,1
47.90685373862522,59.88,4.099418443532787,0.4529,5.9,0,0.0,0.75,1
278.6669479966553,348.33,3.86269794186088,0.2637,6.14,1,2.79,0.932,0
204.9706635414503,256.21,2.940803573989738,0.0173,7.06,0,0.0,0.935,0
196.6282503309312,245.79,4.864890024563002,0.0842,5.14,1,1.97,0.647,0
166.64804893949764,208.31,7.298571145148291,0.427,2.7,1,1.67,0.925,1
87.84179960853085,109.8,0.4747191492326175,0.4654,9.53,1,0.88,0.826,0
186.26691137980544,232.83,8.357176197960241,0.0806,1.64,0,0.0,0.801,0
123.04491596659194,153.81,9.175796096906064,0.3673,0.82,1,1.23,0.638,1
43.62484502778447,54.53,7.810925567343566,0.3115,2.19,1,0.44,0.896,1
206.87918709831993,258.6,9.15634878645687,0.1517,0.84,1,2.07,0.624,0
38.87465037897682,48.59,0.9490447780135414,0.218,9.05,0,0.0,0.711,1
57.20057430635197,71.5,4.50107616251954,0.3386,5.5,0,0.0,0.638,0
245.30979355428175,306.64,0.7104245649316221,0.0506,9.29,0,0.0,0.812,1
198.0351288375462,247.54,8.3683595929278,0.0945,1.63,0,0.0,0.858,1
189.2973462640927,236.62,9.525467610826684,0.0167,0.47,1,1.89,0.956,1
125.46083530281722,156.83,2.977512106382715,0.4511,7.02,0,0.0,0.894,0
118.88415547181135,148.61,5.353946457537612,0.2869,4.65,1,1.19,0.984,1
207.07878275562035,258.85,2.9767548917444273,0.2617,7.02,1,2.07,0.904,0
222.00166158271372,277.5,3.788725154962034,0.3531,6.21,1,2.22,0.719,1
153.06396070929316,191.33,4.765576241734105,0.4942,5.23,0,0.0,0.819,0
290.7807733045579,363.48,7.90802492213266,0.0861,2.09,0,0.0,0.783,0
286.7098676756616,358.39,1.46997484315465,0.0666,8.53,1,2.87,0.826,1
123.7288470038276,154.66,1.5705430313237525,0.1474,8.43,1,1.24,0.829,1
246.1866762849461,307.73,2.018620660056051,0.452,7.98,0,0.0,0.881,0
162.9803524795246,203.73,0.5315216257165256,0.2057,9.47,1,1.63,0.633,1
153.52676626715234,191.91,6.434649220708218,0.3967,3.57,1,1.54,0.899,0
16.48921841359555,20.61,1.8986428685465409,0.1015,8.1,1,0.16,0.657,0
172.19241314049304,215.24,4.375379897761612,0.2468,5.62,1,1.72,0.61,1
270.1733791689494,337.72,6.855903327873972,0.0637,3.14,0,0.0,0.808,1
234.0401547585276,292.55,4.489466536049949,0.2064,5.51,1,2.34,0.833,0
235.89514340977863,294.87,9.060170948840543,0.1311,0.94,1,2.36,0.614,1
47.978711572901766,59.97,7.691681508989983,0.2747,2.31,0,0.0,0.806,0
107.5348341400691,134.42,2.7302218527087674,0.3902,7.27,1,1.08,0.814,1
69.96147499507074,87.45,1.304098561746192,0.4692,8.7,1,0.7,0.621,0
94.77458473669078,118.47,8.944377979908744,0.1419,1.06,0,0.0,0.885,0
173.86180304811762,217.33,3.9690766659733088,0.3716,6.03,0,0.0,0.684,0
109.43514401107436,136.79,3.8251182698669215,0.4428,6.17,0,0.0,0.918,0
168.20934523927983,210.26,8.100040757539075,0.0624,1.9,0,0.0,0.724,1
131.55037448237312,164.44,0.0935478920425658,0.293,9.91,1,1.32,0.791,0
85.98466753491829,107.48,4.511122853653779,0.3059,5.49,1,0.86,0.957,1
28.62103026154759,35.78,7.143200660852763,0.1362,2.86,1,0.29,0.922,0
267.5515372034348,334.44,8.486864636835502,0.0113,1.51,0,0.0,0.913,1
3.4120098013946,4.27,8.852088539291213,0.1284,1.15,0,0.0,0.664,0
0.4957464425913493,0.62,4.6568016884309955,0.2924,5.34,1,0.0,0.619,0
248.0393219290638,310.05,8.477075569881865,0.0982,1.52,1,2.48,0.842,0
299.043282097737,373.8,0.3576176068177794,0.1437,9.64,0,0.0,0.764,1
218.13084831409685,272.66,3.0542555542085426,0.354,6.95,0,0.0,0.964,0
4.582151418865421,5.73,0.1049830252424033,0.1992,9.9,1,0.05,0.74,0
68.007068000554,85.01,1.6552537336521669,0.0327,8.34,0,0.0,0.764,0
291.5468100785884,364.43,7.247312715297911,0.1996,2.75,0,0.0,0.81,0
242.58127565215045,303.23,0.0442415954810493,0.4999,9.96,0,0.0,0.919,1
170.03995314141332,212.55,5.230554950436641,0.1305,4.77,1,1.7,0.707,0
71.0582128321077,88.82,4.139861510286046,0.1326,5.86,1,0.71,0.977,1
4.311061778024694,5.39,1.2287079064789908,0.0849,8.77,1,0.04,0.816,1
6.258441791222702,7.82,6.85634283884137,0.1358,3.14,1,0.06,0.936,1
183.594259059068,229.49,6.931238648475063,0.2874,3.07,1,1.84,0.81,0
6.549562905726935,8.19,7.263485415024217,0.4823,2.74,1,0.07,0.909,1
298.0890425776118,372.61,7.653075502427034,0.3038,2.35,0,0.0,0.621,1
55.01515004812143,68.77,3.1499191693200954,0.2049,6.85,0,0.0,0.92,1
213.2122085607832,266.52,9.941292889648096,0.1948,0.06,0,0.0,0.81,0
46.517916423724024,58.15,0.7295373958314288,0.0121,9.27,0,0.0,0.78,1
162.02802632931434,202.54,6.476953676353237,0.0013,3.52,1,1.62,0.645,1
24.18338653986527,30.23,9.707750973333988,0.3986,0.29,0,0.0,0.897,1
230.03352735997296,287.54,2.2431046154318968,0.2451,7.76,1,2.3,0.652,0
175.4763284174489,219.35,2.781249284174404,0.0166,7.22,0,0.0,0.677,1
25.850008020424507,32.31,5.759774383191941,0.143,4.24,1,0.26,0.651,0
254.57585676000164,318.22,7.81257596892743,0.1783,2.19,0,0.0,0.603,0
164.1055844330106,205.13,3.2894698290463142,0.3916,6.71,0,0.0,0.865,0
276.4776930039954,345.6,8.367751636484455,0.2172,1.63,1,2.76,0.708,0
274.9870121034338,343.73,2.4104378634367096,0.3947,7.59,1,2.75,0.66,0
276.15233684597473,345.19,8.743666853418222,0.3169,1.26,1,2.76,0.728,0
23.33556006014039,29.17,2.529531241352797,0.0166,7.47,1,0.23,0.8,1
36.28732852635703,45.36,6.174351556712817,0.4843,3.83,0,0.0,0.801,1
296.3117429148594,370.39,3.577912131397799,0.0907,6.42,0,0.0,0.747,1
146.2802464196118,182.85,3.2182611235217884,0.1378,6.78,1,1.46,0.798,0
71.46421584874429,89.33,3.539955694069831,0.4046,6.46,0,0.0,0.771,1
230.8993465495974,288.62,4.9920141445615185,0.0949,5.01,0,0.0,0.929,0
79.28556636374459,99.11,8.450485866137809,0.2005,1.55,0,0.0,0.612,1
218.1647064055927,272.71,7.593182360308129,0.4325,2.41,1,2.18,0.947,1
251.18573335492837,313.98,4.493408862609717,0.3186,5.51,1,2.51,0.698,0
235.27901318858417,294.1,2.8216028935244317,0.151,7.18,0,0.0,0.889,1
82.21434245938062,102.77,8.543009809723642,0.322,1.46,0,0.0,0.762,0
120.48557222377111,150.61,8.701850118635631,0.4063,1.3,1,1.2,0.718,0
123.97530096998292,154.97,4.536763006276535,0.2019,5.46,0,0.0,0.846,1
147.38187543134154,184.23,6.958458582916154,0.2858,3.04,0,0.0,0.908,1
50.21185546204081,62.76,3.692635639064203,0.494,6.31,0,0.0,0.78,1
135.74101512430272,169.68,1.4909768052336902,0.4823,8.51,1,1.36,0.787,0
153.2348971546439,191.54,3.214829028467467,0.2545,6.79,1,1.53,0.624,1
159.51269897431573,199.39,6.820843185755495,0.0481,3.18,0,0.0,0.97,1
245.97012899533743,307.46,7.694096635386289,0.3503,2.31,0,0.0,0.939,0
155.20034954384855,194.0,8.516553930696073,0.1343,1.48,0,0.0,0.759,1
69.23517675410255,86.54,0.1771270007696446,0.3347,9.82,0,0.0,0.906,0
198.93862147325615,248.67,4.864061292244458,0.1759,5.14,1,1.99,0.725,1
239.19424322598755,298.99,2.7392211031885347,0.3594,7.26,1,2.39,0.892,0
95.81149993147852,119.76,6.839595139680189,0.1837,3.16,0,0.0,0.807,0
193.59177870528157,241.99,2.453313354491323,0.4706,7.55,0,0.0,0.784,0
44.08139878380379,55.1,5.662802066662193,0.0683,4.34,0,0.0,0.623,0
102.57789137341922,128.22,7.119626524610072,0.0342,2.88,0,0.0,0.986,0
272.76717886489024,340.96,7.700649196417539,0.3906,2.3,0,0.0,0.935,0
273.39244894877123,341.74,2.694682902527913,0.2007,7.31,1,2.73,0.917,0
172.5973736229191,215.75,0.8783214644534298,0.2328,9.12,0,0.0,0.722,0
210.705438259532,263.38,2.1871336748315553,0.4669,7.81,0,0.0,0.716,1
256.2046245617824,320.26,5.991314137379927,0.295,4.01,0,0.0,0.829,1
287.565955593788,359.46,0.4044918563019828,0.3301,9.6,1,2.88,0.938,1
146.96593208693085,183.71,1.5886193477135602,0.0097,8.41,1,1.47,0.974,1
168.4727209878103,210.59,9.954747276474915,0.3353,0.05,0,0.0,0.708,0
124.69246999434908,155.87,3.823314366156124,0.1942,6.18,0,0.0,0.843,1
21.594581116928623,26.99,4.965262743607351,0.2301,5.03,1,0.22,0.89,0
126.84104173464551,158.55,0.1100716259490364,0.404,9.89,1,1.27,0.691,1
237.18820181492316,296.49,5.919077916956308,0.2619,4.08,0,0.0,0.763,1
241.4656493974586,301.83,3.252986844322048,0.4934,6.75,1,2.41,0.675,0
267.7131343779899,334.64,5.301932294743486,0.3984,4.7,0,0.0,0.88,1
15.440011552790722,19.3,5.261183434188222,0.3643,4.74,0,0.0,0.946,0
158.14637687419017,197.68,9.67457449235239,0.2943,0.33,0,0.0,0.951,1
32.22734638112288,40.28,2.6825699852412432,0.2062,7.32,1,0.32,0.868,0
60.222654949723,75.28,5.704329205020269,0.0264,4.3,0,0.0,0.739,0
270.0649507141819,337.58,3.815525964230063,0.0092,6.18,1,2.7,0.864,0
149.03737752890876,186.3,4.2199980997396525,0.0234,5.78,1,1.49,0.946,1
227.5634762689841,284.45,0.5555906257694521,0.4794,9.44,1,2.28,0.85,1
19.315231778604247,24.14,6.8845301270522485,0.1616,3.12,0,0.0,0.765,1
125.0479511774556,156.31,1.9528540793292224,0.3503,8.05,0,0.0,0.968,0
202.2720841993013,252.84,4.68488910309712,0.2972,5.32,1,2.02,0.934,1
40.02194438346399,50.03,4.342696345483336,0.2858,5.66,1,0.4,0.953,0
97.74536373170494,122.18,4.681411164433812,0.2896,5.32,0,0.0,0.961,0
19.364341507164973,24.21,3.755459959622296,0.1511,6.24,1,0.19,0.758,1
195.40198226085312,244.25,2.423854147065013,0.4433,7.58,1,1.95,0.944,1
291.2673777174356,364.08,4.487140529357938,0.4596,5.51,0,0.0,0.828,1
248.1136473428489,310.14,0.4621952496556092,0.3223,9.54,0,0.0,0.615,0
292.38693504226967,365.48,2.423225525136268,0.432,7.58,0,0.0,0.854,0
253.68143852951897,317.1,7.848483715554443,0.03,2.15,0,0.0,0.788,1
256.5587418590936,320.7,8.42820388177765,0.0502,1.57,0,0.0,0.71,0
173.15315861140277,216.44,7.1530933815965625,0.2795,2.85,0,0.0,0.988,1
155.47569342396298,194.34,6.32564031036691,0.4233,3.67,0,0.0,0.622,1
121.87627992834828,152.35,8.112657593161062,0.1577,1.89,1,1.22,0.978,1
245.428468513764,306.79,1.2783092459837109,0.274,8.72,1,2.45,0.664,1
54.62028368340738,68.28,5.2525413803731125,0.005,4.75,0,0.0,0.751,0
16.86747474725796,21.08,1.1631564981645837,0.4933,8.84,1,0.17,0.767,0
284.3681468054025,355.46,7.778660751089865,0.3835,2.22,0,0.0,0.892,1
1.1334555610431174,1.42,5.205563854048646,0.1807,4.79,1,0.01,0.686,0
293.04879656275557,366.31,8.100248851886407,0.4915,1.9,1,2.93,0.994,0
218.65601096212976,273.32,7.990634250738623,0.0462,2.01,1,2.19,0.9,1
98.5496759093483,123.19,4.662123768426548,0.2321,5.34,0,0.0,0.916,1
209.34595292589307,261.68,4.9687429478285345,0.0294,5.03,1,2.09,0.643,1
245.3625471555382,306.7,0.2826749519659044,0.1675,9.72,0,0.0,0.791,0
73.60861679593077,92.01,5.235132903771817,0.1097,4.76,0,0.0,0.978,0
231.26870498387456,289.09,6.774647760704352,0.1583,3.23,0,0.0,0.708,0
241.31088750247204,301.64,2.3365569755656757,0.4737,7.66,0,0.0,0.658,0
74.80638903760362,93.51,9.865271705008029,0.2136,0.13,0,0.0,0.794,0
12.57790631339506,15.72,9.74828873881411,0.1624,0.25,1,0.13,0.972,0
61.2366853674293,76.55,2.8283059480359674,0.3204,7.17,1,0.61,0.795,0
60.19392266681833,75.24,7.129732564636053,0.3417,2.87,0,0.0,0.762,1
19.572136252644956,24.47,0.3000166816192029,0.4919,9.7,1,0.2,0.86,1
217.80221539655875,272.25,6.657527107652149,0.273,3.34,0,0.0,0.975,0
113.99247733752246,142.49,6.240164875615751,0.3763,3.76,1,1.14,0.62,0
265.31585023615753,331.64,8.221596595292482,0.1911,1.78,1,2.65,0.661,0
75.6513316995558,94.56,3.0436508087773486,0.0855,6.96,0,0.0,0.653,1
135.9696495299782,169.96,8.780101528151453,0.2149,1.22,0,0.0,0.634,0
191.70522867802885,239.63,8.579750271245736,0.2094,1.42,0,0.0,0.721,1
263.2394849015334,329.05,6.696029602665675,0.2103,3.3,0,0.0,0.692,1
157.38633048581244,196.73,4.723348689552649,0.3477,5.28,0,0.0,0.819,0
112.05738834371483,140.07,6.184012414776516,0.203,3.82,1,1.12,0.731,1
260.10452354160265,325.13,7.299587689598734,0.4771,2.7,1,2.6,0.762,1
93.07392740628316,116.34,9.752513897466862,0.4914,0.25,1,0.93,0.977,0
23.827109889772935,29.78,1.2172819123694734,0.2617,8.78,1,0.24,0.662,0
133.51263225307198,166.89,3.130727809099562,0.2792,6.87,1,1.34,0.755,1
235.52799194939757,294.41,7.807163131767951,0.2038,2.19,1,2.36,0.703,0
9.234249526056926,11.54,4.091800224033796,0.1778,5.91,1,0.09,0.82,1
175.76467349687763,219.71,6.724799714636594,0.4927,3.28,0,0.0,0.895,1
178.33921455817082,222.92,1.331179743473022,0.0203,8.67,0,0.0,0.927,1
278.5625290282145,348.2,7.091616036885716,0.205,2.91,1,2.79,0.806,1
85.93944514350655,107.42,6.740638187028311,0.0757,3.26,0,0.0,0.942,0
83.65098396320886,104.56,5.8582006680361145,0.3631,4.14,0,0.0,0.914,0
132.14509540190343,165.18,7.652379652166795,0.0972,2.35,0,0.0,0.663,0
107.07447044145457,133.84,8.801122324979529,0.4423,1.2,0,0.0,0.698,0
220.90375880679804,276.13,8.29302606851927,0.1872,1.71,0,0.0,0.869,1
192.52562313946487,240.66,1.2757409546115428,0.4586,8.72,0,0.0,0.99,1
227.6763113718799,284.6,7.443933706174924,0.4933,2.56,0,0.0,0.75,0
246.0125373596067,307.52,4.497644411253475,0.3856,5.5,1,2.46,0.692,1
276.89433982024434,346.12,3.338818185008,0.3116,6.66,1,2.77,0.948,1
129.28101953539428,161.6,8.796495858033921,0.075,1.2,0,0.0,0.68,1
295.40921684146485,369.26,5.596132346652518,0.4665,4.4,0,0.0,0.879,1
64.69824402109582,80.87,5.012347320326649,0.3884,4.99,0,0.0,0.614,0
214.30954858419855,267.89,7.845993525827614,0.144,2.15,0,0.0,0.608,0
160.20279519215677,200.25,5.5330854595088175,0.2343,4.47,0,0.0,0.781,0
245.070178405465,306.34,8.580075853257553,0.0338,1.42,1,2.45,0.863,1
143.0311561819278,178.79,1.029009535582046,0.3295,8.97,1,1.43,0.657,1
235.18159060872935,293.98,7.761330644279153,0.0626,2.24,0,0.0,0.906,1
279.0506143943034,348.81,1.6383458996447595,0.3258,8.36,1,2.79,0.651,1
219.6882798420262,274.61,2.2523134537826026,0.3358,7.75,1,2.2,0.813,0
232.8282858654973,291.04,1.7945152084029514,0.1623,8.21,1,2.33,0.723,0
20.15262937975684,25.19,2.3842135202343897,0.4743,7.62,0,0.0,0.901,1
61.487298669684186,76.86,7.318306966873465,0.3895,2.68,1,0.61,0.922,0
292.2911221510781,365.36,6.5533171230555585,0.2484,3.45,1,2.92,0.626,0
207.9561011362183,259.95,2.2978129450734186,0.4593,7.7,1,2.08,0.677,0
168.43470519330137,210.54,2.7017493677773077,0.4279,7.3,0,0.0,0.957,1
110.09291201893502,137.62,0.9929411260959063,0.3461,9.01,1,1.1,0.766,1
13.316700362075371,16.65,4.144355222059064,0.0765,5.86,0,0.0,0.791,1
110.74077238924048,138.43,3.785851631071444,0.2485,6.21,1,1.11,0.667,0
149.67386198687277,187.09,1.4581579125731814,0.4322,8.54,1,1.5,0.998,0
63.43785281606602,79.3,8.34625040868871,0.3044,1.65,0,0.0,0.969,0
51.94103738214976,64.93,8.525950486632267,0.2728,1.47,1,0.52,0.601,0
152.52496540725505,190.66,1.0904680147308332,0.4776,8.91,0,0.0,0.82,1
175.77127068826317,219.71,2.663659532571524,0.0083,7.34,0,0.0,0.949,1
71.97537565635746,89.97,7.360890009250691,0.006,2.64,1,0.72,0.772,0
176.21684233686392,220.27,8.699666912730814,0.4464,1.3,1,1.76,0.775,1
270.1019891622885,337.63,0.7167298856961257,0.0193,9.28,0,0.0,0.752,1
141.95197740640614,177.44,9.023703219043629,0.1663,0.98,1,1.42,0.612,0
257.2170508761544,321.52,0.6163715474454834,0.462,9.38,1,2.57,0.916,0
278.18143335999554,347.73,6.337839593840542,0.3456,3.66,1,2.78,0.783,1
27.71820868112571,34.65,0.2207513532860594,0.3241,9.78,1,0.28,0.812,0
28.743473897039095,35.93,9.282650217444733,0.3285,0.72,1,0.29,0.702,0
142.81325486628043,178.52,3.536906493748979,0.1588,6.46,0,0.0,0.914,0
176.4307332953108,220.54,6.488030753959873,0.2653,3.51,1,1.76,0.917,0
127.76503933950876,159.71,1.8462219908067825,0.315,8.15,1,1.28,0.821,0
97.93523112525092,122.42,3.2125541600414853,0.1529,6.79,1,0.98,0.962,0
192.29823483784676,240.37,7.472984822156299,0.3977,2.53,0,0.0,0.646,0
0.6244537049760801,0.78,9.729958867387596,0.1609,0.27,1,0.01,0.915,0
290.4219842591227,363.03,9.920532906094191,0.0357,0.08,0,0.0,0.823,1
69.62372645640664,87.03,8.09679516148199,0.1007,1.9,1,0.7,0.692,1
275.12963057490214,343.91,8.471930397041547,0.2042,1.53,0,0.0,0.653,0
32.7044233603518,40.88,9.694038601275697,0.454,0.31,0,0.0,0.72,1
71.42615461337178,89.28,0.4031668976892311,0.2079,9.6,1,0.71,0.943,1
70.46211032625011,88.08,1.7015044698528692,0.0449,8.3,0,0.0,0.915,1
298.84587126019386,373.56,0.5267777851972899,0.0982,9.47,1,2.99,0.858,0
1.380163717765326,1.73,5.011611532891078,0.2722,4.99,0,0.0,0.636,1
191.89146279104875,239.86,9.584892450045638,0.0888,0.42,0,0.0,0.982,0
260.90597431825586,326.13,5.824361868999341,0.032,4.18,1,2.61,0.722,0
201.682096207421,252.1,5.554041158508431,0.3574,4.45,1,2.02,0.843,0
108.82014546508326,136.03,8.266863516619242,0.3922,1.73,0,0.0,0.921,1
287.4928088108805,359.37,9.289488818197384,0.4253,0.71,0,0.0,0.653,1
268.0562263767123,335.07,6.985552315253775,0.422,3.01,0,0.0,0.861,1
130.18647607485534,162.73,8.95377370537826,0.1896,1.05,1,1.3,0.613,0
171.99854778334904,215.0,1.7521627899508851,0.3672,8.25,1,1.72,0.641,0
290.25575634157224,362.82,5.034070318737301,0.2918,4.97,1,2.9,0.889,0
294.768108577941,368.46,3.646050375934911,0.0117,6.35,0,0.0,0.662,1
134.94698271538567,168.68,3.3252130318625985,0.2008,6.67,1,1.35,0.777,0
254.20500844292656,317.76,2.1425029954278987,0.0264,7.86,0,0.0,0.699,1
90.5940680861809,113.24,8.939965828844857,0.0417,1.06,1,0.91,0.768,0
111.5438618791994,139.43,4.503692191505105,0.028,5.5,1,1.12,0.631,1
49.44656489706788,61.81,5.302540242558096,0.4805,4.7,0,0.0,0.902,0
62.75537783301909,78.44,2.7631069669320327,0.4221,7.24,1,0.63,0.632,0
197.06199067780767,246.33,9.628508931742791,0.2196,0.37,1,1.97,0.935,1
153.23448540212428,191.54,6.112100032911645,0.124,3.89,1,1.53,0.865,1
69.33955818768086,86.67,0.0069417885557143,0.0362,9.99,0,0.0,0.767,0
120.87288490849576,151.09,2.6789246480188824,0.2156,7.32,1,1.21,0.947,0
111.95503795910452,139.94,9.993475915738886,0.3002,0.01,0,0.0,0.674,0
296.20806136060025,370.26,9.747748238426423,0.3986,0.25,1,2.96,0.706,0
256.0697511634138,320.09,5.4461647659615,0.0258,4.55,0,0.0,0.655,0
116.38990001514728,145.49,5.641172700841631,0.2089,4.36,1,1.16,0.753,0
274.1749736688099,342.72,9.015884966892123,0.4884,0.98,0,0.0,0.995,1
102.79061748845136,128.49,7.08565940457061,0.0604,2.91,0,0.0,0.664,0
200.37045382045784,250.46,9.322163862731689,0.2001,0.68,1,2.0,0.932,1
289.99499900463377,362.49,4.791329743769622,0.1375,5.21,0,0.0,0.861,0
117.08365919656568,146.35,9.759007170426012,0.067,0.24,1,1.17,0.606,1
203.96548953148013,254.96,5.395497848882313,0.4195,4.6,1,2.04,0.978,0
88.77714331878997,110.97,6.448389692477176,0.3486,3.55,0,0.0,0.988,0
79.8936946793924,99.87,0.8256686092152832,0.2058,9.17,0,0.0,0.97,0
172.24699992946557,215.31,6.116300950913731,0.1845,3.88,1,1.72,0.801,0
293.7793794099655,367.22,7.677759464986229,0.4139,2.32,0,0.0,0.688,1
135.940154616051,169.93,4.39304346338914,0.0454,5.61,0,0.0,0.757,1
281.2910910949742,351.61,5.024382099278694,0.0734,4.98,1,2.81,0.846,0
274.3090560734285,342.89,3.933274211373854,0.4533,6.07,0,0.0,0.752,1
76.12878370349843,95.16,9.690415072729683,0.4086,0.31,1,0.76,0.883,1
120.54582212529822,150.68,4.766242363206232,0.3874,5.23,1,1.21,0.918,0
192.99074354825493,241.24,1.2621134420267244,0.312,8.74,1,1.93,0.684,1
155.4137653234175,194.27,0.2887218283865012,0.1462,9.71,1,1.55,0.762,1
28.787558958952296,35.98,7.724691970697619,0.4674,2.28,0,0.0,0.983,0
298.1094090381475,372.64,5.476728484366618,0.2459,4.52,1,2.98,0.7,0
225.796200363384,282.25,0.0277050536583922,0.1403,9.97,1,2.26,0.739,0
131.3082114674135,164.14,3.825226373647218,0.1828,6.17,0,0.0,0.614,1
185.45056489988735,231.81,9.140492701598564,0.0084,0.86,1,1.85,0.733,0
26.271845179869036,32.84,9.477549260522014,0.1276,0.52,0,0.0,0.748,1
148.590496106883,185.74,0.535592483456615,0.094,9.46,1,1.49,0.64,1
279.24972474524634,349.06,1.2342241369858709,0.0678,8.77,0,0.0,0.601,1
268.98028741649347,336.23,0.0487034503378869,0.0161,9.95,1,2.69,0.83,0
101.21425364494368,126.52,8.686737122609532,0.1134,1.31,0,0.0,0.721,1
159.41035914640165,199.26,0.7088622582551907,0.0518,9.29,0,0.0,0.607,0
209.21505722629405,261.52,1.0790015221989602,0.0226,8.92,1,2.09,0.944,0
102.0027800723716,127.5,2.2762264957473266,0.0687,7.72,0,0.0,0.834,1
19.463765428181546,24.33,9.172495516453347,0.1012,0.83,0,0.0,0.668,0
151.6324970153414,189.54,6.88234007286482,0.208,3.12,1,1.52,0.946,1
180.49072074700092,225.61,6.16881359767449,0.2918,3.83,1,1.8,0.701,1
1.7524800364530746,2.19,7.846569056731458,0.1611,2.15,0,0.0,0.691,0
28.67261206155919,35.84,6.932844976425228,0.0706,3.07,1,0.29,0.958,1
62.18719307824568,77.73,7.459268206811841,0.4702,2.54,1,0.62,0.672,1
104.41568609728024,130.52,0.7365643869796379,0.2574,9.26,1,1.04,0.952,0
162.31536684917413,202.89,5.897652964409969,0.3709,4.1,1,1.62,0.921,0
88.15287562789959,110.19,7.532072872558788,0.3472,2.47,1,0.88,0.724,0
82.85514432195113,103.57,5.6565862033329575,0.1424,4.34,1,0.83,0.614,0
260.8048031439246,326.01,0.1179487336452411,0.2799,9.88,0,0.0,0.633,1
43.51519224042788,54.39,2.111198894828793,0.3011,7.89,1,0.44,0.644,1
148.63803995170807,185.8,9.628999970669907,0.1759,0.37,0,0.0,0.956,0
285.8474150808408,357.31,7.046946409211438,0.3354,2.95,0,0.0,0.762,1
187.50397473481377,234.38,6.885049008802295,0.3953,3.11,0,0.0,0.613,0
215.16164396833156,268.95,6.602524418183088,0.1821,3.4,0,0.0,0.823,1
129.37109741718214,161.71,1.2780800018322591,0.0075,8.72,1,1.29,0.683,1
5.97965013591587,7.47,0.040827809919437,0.1747,9.96,0,0.0,0.694,1
193.8391105101616,242.3,4.406523180717622,0.0584,5.59,0,0.0,0.664,1
189.5772844284372,236.97,4.443244048453105,0.0778,5.56,1,1.9,0.905,0
33.128290938999925,41.41,8.118054511680517,0.183,1.88,0,0.0,0.6,1
138.64791408738944,173.31,1.81567516357379,0.1038,8.18,1,1.39,0.776,1
274.5986833996951,343.25,2.7511116309917383,0.4674,7.25,0,0.0,0.635,1
61.52544959159254,76.91,0.7824233168936845,0.3264,9.22,1,0.62,0.821,0
138.3296263902331,172.91,3.998750352879641,0.2592,6.0,1,1.38,0.738,0
138.33095556015613,172.91,2.559897484926612,0.0049,7.44,1,1.38,0.611,1
243.22844044429152,304.04,2.62895844152136,0.0518,7.37,1,2.43,0.784,0
247.37276109883337,309.22,2.540530871186176,0.3942,7.46,0,0.0,0.828,1
227.78082589901757,284.73,2.315185091488434,0.1949,7.68,0,0.0,0.699,1
109.63624775648212,137.05,3.197930302912985,0.0227,6.8,1,1.1,0.906,0
21.611077505556032,27.01,5.3669016478189775,0.4128,4.63,1,0.22,0.748,0
104.84489316720423,131.06,4.377102771450807,0.1513,5.62,0,0.0,0.9,1
203.9373603814019,254.92,0.6344696122562477,0.1931,9.37,0,0.0,0.832,1
210.8239723467229,263.53,4.258598637597716,0.4872,5.74,1,2.11,0.948,1
289.5000628430157,361.88,8.462782545125854,0.0078,1.54,1,2.9,0.819,1
136.09236943311254,170.12,1.0070411746721442,0.3607,8.99,1,1.36,0.674,1
189.7306748820871,237.16,9.443615993316552,0.4744,0.56,0,0.0,0.929,1
161.7572612167595,202.2,3.085903707649874,0.0319,6.91,1,1.62,0.913,1
45.185568033971215,56.48,0.1453562940150266,0.433,9.85,1,0.45,0.989,1
138.36074163964082,172.95,2.531555790643172,0.2081,7.47,1,1.38,0.637,1
163.4505464066983,204.31,0.6965962055470343,0.439,9.3,1,1.63,0.836,1
285.22488181267755,356.53,5.66381346056672,0.1541,4.34,1,2.85,0.797,0
109.96171632268684,137.45,3.1632512755054965,0.4913,6.84,1,1.1,0.868,0
294.0297309323933,367.54,8.068766139246705,0.3235,1.93,1,2.94,0.992,1
162.69002220722533,203.36,7.32625088123752,0.3135,2.67,0,0.0,0.813,1
72.74077299091726,90.93,4.685964594867759,0.403,5.31,1,0.73,0.874,1
57.499316104742334,71.87,5.606016108413044,0.2183,4.39,0,0.0,0.739,0
42.50847517806952,53.14,6.087696009810202,0.1293,3.91,0,0.0,0.72,1
135.8798611720359,169.85,2.7070468739549503,0.1315,7.29,1,1.36,0.734,0
6.577928936676969,8.22,1.393763731941875,0.1653,8.61,1,0.07,0.615,1
133.51358499445962,166.89,3.765188160543566,0.3087,6.23,0,0.0,0.714,0
296.52140764678387,370.65,0.948575461139799,0.4192,9.05,0,0.0,0.669,0
201.03203871668,251.29,3.1486337540538853,0.2498,6.85,1,2.01,0.783,1
227.9358363601214,284.92,5.52602160777716,0.2017,4.47,1,2.28,0.784,1
35.70161721547876,44.63,5.401125241314673,0.3969,4.6,1,0.36,0.906,1
141.93025844702723,177.41,1.2061337443925568,0.1448,8.79,0,0.0,0.801,1
85.86693030771417,107.33,0.0833910000400783,0.3445,9.92,0,0.0,0.785,0
268.2292583967088,335.29,0.8894356194064812,0.0529,9.11,1,2.68,0.693,1
54.387741604173755,67.98,0.3615004195086768,0.0566,9.64,1,0.54,0.941,0
137.6199981410226,172.02,4.004688894072848,0.322,6.0,0,0.0,0.636,0
176.4143155036913,220.52,3.897501861724948,0.0414,6.1,1,1.76,0.993,1
154.21232747355978,192.77,2.4161536530458374,0.0775,7.58,1,1.54,0.79,1
249.0730583911222,311.34,2.154444596648596,0.3122,7.85,0,0.0,0.674,0
69.43595139589212,86.79,3.964199164584064,0.2191,6.04,1,0.69,0.742,1
113.21733312710737,141.52,0.8657357822274692,0.2806,9.13,1,1.13,0.606,0
237.62528897218576,297.03,2.1430912499521626,0.4885,7.86,1,2.38,0.667,0
158.42142352104145,198.03,4.056919048545585,0.316,5.94,0,0.0,0.734,0
120.63521569438718,150.79,0.9482991424357868,0.2954,9.05,1,1.21,0.822,0
8.832754423449451,11.04,8.408136728046106,0.1901,1.59,0,0.0,0.652,1
226.0156272046828,282.52,6.760184979567729,0.3154,3.24,0,0.0,0.87,1
291.65462339002806,364.57,3.8311924884647777,0.0065,6.17,0,0.0,0.938,0
186.086102846553,232.61,1.5039830922887454,0.2787,8.5,1,1.86,0.829,0
256.96236620663836,321.2,1.9418731186873428,0.0344,8.06,0,0.0,0.719,0
155.06272295847785,193.83,1.20089584747744,0.1101,8.8,1,1.55,0.649,1
69.50428962700937,86.88,1.600838272735332,0.2816,8.4,1,0.7,0.606,1
4.332631270543641,5.42,4.2251413897015535,0.334,5.77,0,0.0,0.893,0
196.01948027699677,245.02,2.456646652813097,0.1924,7.54,1,1.96,0.851,0
147.9326544744734,184.92,8.84578476861224,0.2095,1.15,0,0.0,0.791,0
234.62944412628045,293.29,9.609287300342,0.249,0.39,1,2.35,0.641,0
208.40472523059137,260.51,6.913650434911426,0.3795,3.09,0,0.0,0.683,0
296.38571046196944,370.48,8.087611094468826,0.0088,1.91,1,2.96,0.926,1
153.09377502361193,191.37,2.551195355791215,0.2235,7.45,1,1.53,0.792,1
128.1524369019028,160.19,6.650239741581233,0.0071,3.35,0,0.0,0.985,0
86.02190683178848,107.53,0.5799865293612783,0.1596,9.42,1,0.86,1.0,0
143.05838753738234,178.82,9.60216085308996,0.2599,0.4,1,1.43,0.92,0
261.86144343687664,327.33,6.702069653069417,0.04,3.3,0,0.0,0.703,1
12.73191773752238,15.91,3.1685117147298314,0.2426,6.83,1,0.13,0.692,1
293.37001418585663,366.71,7.730415587839065,0.4623,2.27,0,0.0,0.701,1
297.9921582923394,372.49,0.1579944920398912,0.3427,9.84,0,0.0,0.995,1
179.3464135763705,224.18,3.762362353904112,0.3911,6.24,1,1.79,0.734,0
99.46326110862042,124.33,8.956577629644203,0.2902,1.04,0,0.0,0.883,1
66.91469049660714,83.64,2.6319956307823213,0.4482,7.37,0,0.0,0.984,1
82.94711870546362,103.68,6.679143120790632,0.0734,3.32,0,0.0,0.928,0
15.031627951491554,18.79,3.601036823996926,0.2249,6.4,1,0.15,0.839,0
142.53328754500765,178.17,3.9236433568669407,0.2985,6.08,0,0.0,0.668,0
17.197281259321752,21.5,7.459370501544841,0.4367,2.54,0,0.0,0.67,1
215.54226443277756,269.43,9.102059981969132,0.154,0.9,0,0.0,0.797,1
111.57883665985622,139.47,1.6671852296540957,0.0006,8.33,0,0.0,0.981,1
59.80941952414896,74.76,2.7689210875554684,0.4872,7.23,1,0.6,0.962,1
163.4560673508115,204.32,4.877851826226335,0.013,5.12,0,0.0,0.666,0
292.1277921729041,365.16,6.138160659076112,0.0762,3.86,1,2.92,0.715,1
208.53931470552547,260.67,4.677871127874008,0.211,5.32,1,2.09,0.836,0
147.52405503124805,184.41,8.05528694932143,0.2482,1.94,0,0.0,0.791,1
233.0742897763519,291.34,7.680948846147487,0.4172,2.32,0,0.0,0.648,0
221.2429415696966,276.55,4.052429220355944,0.2239,5.95,1,2.21,0.748,1
267.5206383173381,334.4,0.4061187266053834,0.2737,9.59,1,2.68,0.982,0
61.40068427818425,76.75,1.9449637881737936,0.1,8.06,0,0.0,0.981,0
257.6632728776196,322.08,4.869526492092453,0.2846,5.13,0,0.0,0.824,0
90.30782611250966,112.88,9.275137566620668,0.1742,0.72,1,0.9,0.854,1
282.29967834752915,352.87,5.675694868517947,0.0494,4.32,0,0.0,0.689,0
84.31954468402056,105.4,5.3039490644337,0.4732,4.7,0,0.0,0.897,1
278.05456294880287,347.57,7.23970043303008,0.0408,2.76,1,2.78,0.621,1
289.137214339224,361.42,1.5229494815642697,0.3389,8.48,0,0.0,0.688,0
43.647407237104275,54.56,1.469184681387372,0.4541,8.53,1,0.44,0.602,0
292.3499649788349,365.44,3.4539517446933345,0.0896,6.55,1,2.92,0.754,1
25.716890528784685,32.15,9.94852631546434,0.1186,0.05,0,0.0,0.94,0
65.57033598375659,81.96,8.759418324994,0.2134,1.24,0,0.0,0.993,0
133.25063426184136,166.56,6.801139004348062,0.1473,3.2,0,0.0,0.867,0
298.079209713513,372.6,3.911549228629711,0.3795,6.09,0,0.0,0.898,0
146.5689153496138,183.21,5.546739551767418,0.1691,4.45,0,0.0,0.705,1
165.12283295354575,206.4,3.035541179090547,0.4929,6.96,1,1.65,0.808,1
208.32748485709456,260.41,6.743070121860527,0.4294,3.26,1,2.08,0.895,0
290.4880674818854,363.11,4.1884566155748075,0.4477,5.81,1,2.9,0.799,1
235.00542003727332,293.76,1.202158942422169,0.0318,8.8,0,0.0,0.635,1
67.24620132710957,84.06,2.150879540980596,0.0882,7.85,1,0.67,0.896,1
90.8972791993064,113.62,6.086927913367813,0.0847,3.91,0,0.0,0.688,1
29.28847188255732,36.61,6.945647026910096,0.336,3.05,1,0.29,0.639,0
193.3357092494219,241.67,0.9602166463416116,0.006,9.04,1,1.93,0.791,0
54.22209196176647,67.78,8.083409770721461,0.4032,1.92,0,0.0,0.63,1
77.22146654380971,96.53,8.243473859149233,0.2735,1.76,1,0.77,0.852,1
266.4340965541131,333.04,7.230819142770252,0.2832,2.77,0,0.0,0.856,0
98.02670259960456,122.53,6.835885344460908,0.2687,3.16,0,0.0,0.703,1
169.9940155062501,212.49,2.3186858602393534,0.2677,7.68,1,1.7,0.986,0
119.26980263675313,149.09,9.19621962413576,0.0989,0.8,1,1.19,0.93,0
22.209386221774075,27.76,2.6857355516901817,0.1416,7.31,0,0.0,0.644,0
108.85914896901151,136.07,1.825046393174582,0.2438,8.17,1,1.09,0.899,0
122.42046091077924,153.03,6.385340367039491,0.3389,3.61,1,1.22,0.741,1
268.71033057345545,335.89,3.64104294945478,0.136,6.36,1,2.69,0.9,1
97.33519609390186,121.67,9.330280846619456,0.4031,0.67,1,0.97,0.92,0
113.77233592862036,142.22,4.602496084583505,0.4053,5.4,1,1.14,0.661,0
234.86903060170036,293.59,1.6371854305115383,0.1369,8.36,1,2.35,0.865,0
227.68699536347935,284.61,9.575286473948507,0.28,0.42,1,2.28,0.945,1
239.48558299454723,299.36,5.154339136926652,0.1745,4.85,0,0.0,0.729,0
286.13122202280124,357.66,5.185589248179294,0.0953,4.81,1,2.86,0.632,0
238.66724951843528,298.33,3.858026888443616,0.403,6.14,1,2.39,0.611,1
122.28246096536728,152.85,8.359937750282052,0.4957,1.64,0,0.0,0.644,1
246.4525550694276,308.07,2.8764362068600913,0.2829,7.12,1,2.46,0.602,1
152.6023896269815,190.75,0.1370970789028591,0.457,9.86,0,0.0,0.731,1
83.31420975556959,104.14,4.972779269100856,0.3211,5.03,1,0.83,0.72,1
90.87512043930371,113.59,9.258869116422725,0.2829,0.74,0,0.0,0.644,1
67.1527165690195,83.94,2.732666865443749,0.2401,7.27,1,0.67,0.86,0
43.497887345926024,54.37,2.663054366934511,0.1179,7.34,0,0.0,0.997,1
55.3471235560951,69.18,7.380998794440522,0.0421,2.62,1,0.55,0.96,1
18.953414986145813,23.69,7.755333340641824,0.2212,2.24,0,0.0,0.701,0
266.5352594797159,333.17,4.355565376851475,0.2807,5.64,0,0.0,0.908,1
279.30234289473697,349.13,8.336432711230358,0.2547,1.66,1,2.79,0.975,1
176.03111774816864,220.04,1.7193308400368337,0.3478,8.28,1,1.76,0.963,0
252.1468669826055,315.18,3.670253733609469,0.096,6.33,1,2.52,0.954,0
55.07133079594414,68.84,4.0427791531677215,0.1771,5.96,0,0.0,0.915,0
270.50214756809555,338.13,3.127958932062934,0.2078,6.87,0,0.0,0.717,1
151.9084678891525,189.89,2.17737549019144,0.0933,7.82,1,1.52,0.633,1
20.149497781666525,25.19,3.3814952894229258,0.4532,6.62,1,0.2,0.795,1
42.39382334824806,52.99,0.1800318353575769,0.3408,9.82,1,0.42,0.622,0
92.69293823604517,115.87,7.033500347600685,0.0459,2.97,1,0.93,0.999,1
13.06727410642543,16.33,6.839592345303121,0.3564,3.16,1,0.13,0.743,0
92.78801340523307,115.99,4.502181122103332,0.2739,5.5,1,0.93,0.983,0
17.979129935667537,22.47,3.229155838656835,0.262,6.77,0,0.0,0.909,1
70.80828155784755,88.51,4.34093535902449,0.4949,5.66,1,0.71,0.765,0
79.70092675693247,99.63,9.3652081598892,0.3091,0.63,0,0.0,0.647,0
298.31069291003814,372.89,6.035648488992342,0.4484,3.96,1,2.98,0.695,1
70.66400212909933,88.33,7.313573158180791,0.4568,2.69,0,0.0,0.869,1
71.75593468157409,89.69,2.2951674531129695,0.0507,7.7,1,0.72,0.932,0
206.0366905075155,257.55,0.9475797232522808,0.0042,9.05,0,0.0,0.992,1
257.8072435549356,322.26,0.8318493470911681,0.2176,9.17,1,2.58,0.653,1
116.11662378062596,145.15,4.720188535785844,0.3846,5.28,0,0.0,0.662,0
262.6854059822077,328.36,7.1668633791103264,0.4121,2.83,0,0.0,0.617,0
102.04260622432712,127.55,7.741203825940546,0.3937,2.26,1,1.02,0.704,0
59.10476388450579,73.88,7.2040980699000965,0.2236,2.8,0,0.0,0.928,1
98.89164729831704,123.61,9.127624876481702,0.375,0.87,1,0.99,0.679,0
182.8069121783977,228.51,0.5200244589218617,0.3594,9.48,1,1.83,0.819,0
110.14294779362211,137.68,8.553394885648304,0.1569,1.45,1,1.1,0.779,1
201.86814119678664,252.34,6.606765956039721,0.0844,3.39,0,0.0,0.73,1
71.08076382674471,88.85,1.7552011200263062,0.3107,8.24,0,0.0,0.847,1
210.29786819674464,262.87,6.823807348376275,0.3385,3.18,0,0.0,0.801,0
104.23150897454,130.29,5.117595601375713,0.284,4.88,1,1.04,0.734,0
136.76051148058036,170.95,3.5904124653420153,0.1066,6.41,0,0.0,0.876,0
167.32354213286877,209.15,2.479581591658644,0.1383,7.52,1,1.67,0.712,1
205.8675009557981,257.33,4.6415438724473255,0.3542,5.36,0,0.0,0.857,1
71.6141075546201,89.52,2.391326451892095,0.4813,7.61,1,0.72,0.983,1
250.78366122324312,313.48,0.8284708396413343,0.4724,9.17,1,2.51,0.892,1
216.55282492657193,270.69,8.461200584199876,0.2598,1.54,1,2.17,0.767,1
70.22937570719984,87.79,5.9283698185619285,0.4433,4.07,1,0.7,0.899,1
292.4923687808731,365.62,3.6366965838833054,0.0147,6.36,1,2.92,0.924,1
199.4390973091375,249.3,4.466799806327549,0.4306,5.53,1,1.99,0.73,0
135.72806594001167,169.66,8.648273676096885,0.2381,1.35,1,1.36,0.882,0
47.258197666054905,59.07,3.1984350550585794,0.3908,6.8,1,0.47,0.774,0
159.96630069243943,199.96,3.80173047455005,0.0028,6.2,1,1.6,0.927,0
49.432766048135456,61.79,7.66080410781727,0.4343,2.34,1,0.49,0.718,1
128.84750360935314,161.06,2.005226109132312,0.2975,7.99,1,1.29,0.975,0
122.61375682185566,153.27,6.592625523366125,0.1201,3.41,0,0.0,0.83,1
215.98189330423804,269.98,4.343238054592893,0.1737,5.66,0,0.0,0.741,0
57.71495436727494,72.14,5.001585655968087,0.1003,5.0,0,0.0,0.768,0
246.56140646125377,308.2,7.868801556208002,0.2122,2.13,1,2.47,0.739,1
97.83969810484972,122.3,9.931323563149354,0.165,0.07,1,0.98,0.658,0
133.19658809063253,166.5,8.315119240194704,0.2673,1.68,1,1.33,0.627,1
231.70229266615272,289.63,1.6054396636260415,0.4074,8.39,0,0.0,0.729,1
187.61771991405445,234.52,2.2455183524038844,0.4911,7.75,1,1.88,0.783,1
92.4076055405812,115.51,4.099304771390832,0.1257,5.9,1,0.92,0.745,0
115.8608773637643,144.83,7.192265199010263,0.0533,2.81,1,1.16,0.606,0
91.73604419688304,114.67,5.093711653202315,0.1978,4.91,0,0.0,0.832,1
178.43105018314714,223.04,9.018006752554877,0.0718,0.98,0,0.0,0.658,1
99.78735996205192,124.73,0.4867548037278346,0.4171,9.51,0,0.0,0.684,1
217.70930843494224,272.14,2.5851697881299742,0.2506,7.41,0,0.0,0.648,1
173.9361475751178,217.42,2.192715924308173,0.31,7.81,0,0.0,0.808,1
43.711983524252695,54.64,7.441709475093803,0.0753,2.56,0,0.0,0.638,0
93.08058560396472,116.35,4.647715481892885,0.3748,5.35,1,0.93,0.703,0
66.43423257304673,83.04,0.1501304070266573,0.4868,9.85,0,0.0,0.781,1
117.0939637654456,146.37,7.734367524288333,0.2412,2.27,1,1.17,0.667,0
154.79522586280893,193.49,3.618031561026717,0.4812,6.38,0,0.0,0.778,1
152.02885718523297,190.04,2.6046035846228124,0.0174,7.4,1,1.52,0.737,1
226.3571029689867,282.95,1.8271768207975303,0.0179,8.17,0,0.0,0.944,1
56.751559080512806,70.94,9.46012186725569,0.48,0.54,0,0.0,0.918,1
283.94184878923403,354.93,9.420380276394676,0.3501,0.58,0,0.0,0.997,0
102.8535320646506,128.57,0.7655288818171668,0.0943,9.23,1,1.03,0.812,1
90.07465407484156,112.59,2.3276735965292006,0.1819,7.67,0,0.0,0.83,0
205.5535734540659,256.94,6.461193220828464,0.2539,3.54,0,0.0,0.979,0
241.6549886049187,302.07,6.704246583783142,0.3513,3.3,1,2.42,0.76,1
113.54152944409604,141.93,4.1767174384431405,0.421,5.82,1,1.14,0.822,1
224.05409246819315,280.07,5.685098578122143,0.0413,4.31,1,2.24,0.752,1
265.12078684081644,331.4,7.02630583209661,0.3283,2.97,0,0.0,0.818,1
230.04109956208725,287.55,9.50509204068366,0.2384,0.49,1,2.3,0.632,1
10.258945671249895,12.82,7.251094012667809,0.2988,2.75,1,0.1,0.914,1
248.21067340985644,310.26,1.102706309558844,0.2543,8.9,0,0.0,0.994,1
232.34428753631025,290.43,7.178466141728084,0.2253,2.82,1,2.32,0.626,1
200.7870714459558,250.98,0.6772632853914085,0.1028,9.32,1,2.01,0.92,1
228.00672572637103,285.01,5.025072370077391,0.2362,4.97,1,2.28,0.697,0
293.8276187495817,367.28,5.268952409228921,0.0948,4.73,0,0.0,0.679,1
129.3338663455049,161.67,7.782647057060723,0.0223,2.22,0,0.0,0.877,1
20.16697048637934,25.21,0.1155864940523299,0.1869,9.88,0,0.0,0.618,0
138.266990888315,172.83,8.74752067100269,0.0125,1.25,1,1.38,0.785,1
13.93009661731438,17.41,6.6388472970803,0.2813,3.36,0,0.0,0.601,1
88.27512242653835,110.34,0.3119084998218779,0.0362,9.69,0,0.0,0.822,0
176.0639375390277,220.08,1.6003027594277963,0.2188,8.4,1,1.76,0.785,1
92.8868678778469,116.11,0.3951752997685254,0.4901,9.6,1,0.93,0.966,1
205.61857377286157,257.02,7.659396004514059,0.0049,2.34,1,2.06,0.888,1
246.59589830571633,308.24,1.709050924086637,0.1834,8.29,0,0.0,0.65,1
126.13175378386109,157.66,0.4559998366652229,0.3366,9.54,1,1.26,0.742,0
270.0413853879011,337.55,1.3798773182496038,0.0795,8.62,1,2.7,0.973,0
23.951679405120064,29.94,5.595570039209465,0.2804,4.4,0,0.0,0.89,0
252.03394926013493,315.04,4.954865252659869,0.1291,5.05,1,2.52,0.838,1
248.57194363178968,310.71,2.4625735299092035,0.1114,7.54,0,0.0,0.824,1
96.59816889802948,120.75,9.429352807341292,0.4475,0.57,0,0.0,0.759,1
89.6145561373845,112.02,8.548088656853123,0.1016,1.45,1,0.9,0.834,1
91.5284943460538,114.41,3.144609396218975,0.1883,6.86,0,0.0,0.909,0
243.4181137033233,304.27,4.745719319715579,0.0848,5.25,0,0.0,0.651,1
249.49604628305852,311.87,5.1682319227519695,0.1419,4.83,1,2.49,0.988,0
98.91673764830028,123.65,7.561757749144309,0.1466,2.44,0,0.0,0.696,1
177.77710423333855,222.22,4.279465548407941,0.1634,5.72,1,1.78,0.779,0
41.679968832136346,52.1,5.464707653246482,0.3205,4.54,0,0.0,0.609,0
140.63362148430664,175.79,4.125655642792495,0.3713,5.87,1,1.41,0.82,0
299.63785525666145,374.55,7.628208112311102,0.2553,2.37,0,0.0,0.753,0
47.651744311874054,59.56,5.559339860880038,0.3052,4.44,0,0.0,0.7,0
284.2687919880177,355.34,8.277806101438381,0.4066,1.72,1,2.84,0.994,1
247.27641658950233,309.1,0.5373578872971818,0.4998,9.46,0,0.0,0.771,0
291.664395283881,364.58,9.043063607580546,0.2283,0.96,0,0.0,0.766,1
53.87362818315991,67.34,8.193904449770228,0.4682,1.81,0,0.0,0.785,1
64.05554713300927,80.07,8.185046961446021,0.2452,1.81,0,0.0,0.646,0
5.060154520457605,6.33,1.403088393250692,0.391,8.6,1,0.05,0.757,1
217.41054387468165,271.76,2.6347287484758564,0.2866,7.37,1,2.17,0.735,1
193.2284080308557,241.54,9.802616256852469,0.442,0.2,0,0.0,0.786,0
53.41963149741963,66.77,9.502750597321509,0.2244,0.5,0,0.0,0.943,0
237.3434896626216,296.68,2.2654467318942717,0.3479,7.73,0,0.0,0.677,1
89.75865183951763,112.2,4.329026701564155,0.2332,5.67,1,0.9,0.843,1
40.49867079919055,50.62,1.5594310752126428,0.4285,8.44,1,0.4,0.615,1
126.76879950580444,158.46,2.6263817189107685,0.4972,7.37,0,0.0,0.727,0
27.290954528056822,34.11,1.847284932457015,0.1217,8.15,0,0.0,0.789,1
78.97309688197399,98.72,0.8093703153521126,0.2372,9.19,0,0.0,0.63,0
111.40000752820384,139.25,5.794788658980673,0.0406,4.21,1,1.11,0.818,0
255.55925235424496,319.45,2.4078569274668995,0.0705,7.59,0,0.0,0.724,0
237.76462238796643,297.21,9.922404529659856,0.4646,0.08,0,0.0,0.997,1
132.82628572518547,166.03,5.154397509302787,0.2718,4.85,0,0.0,0.852,1
217.37251732571625,271.72,3.590943204385595,0.1976,6.41,1,2.17,0.698,0
170.5948908537015,213.24,9.131621714028071,0.3357,0.87,1,1.71,0.641,1
102.25255652342042,127.82,6.207461770475181,0.2801,3.79,1,1.02,0.616,0
217.76230304858544,272.2,1.270788191671718,0.1444,8.73,0,0.0,0.636,1
205.04974633991336,256.31,4.978204565123608,0.1133,5.02,0,0.0,0.872,1
185.7283326580806,232.16,4.4107915076245865,0.2951,5.59,1,1.86,0.942,0
185.38665631297516,231.73,7.651320684082408,0.0941,2.35,1,1.85,0.663,1
204.89459769809304,256.12,6.937776717021659,0.0696,3.06,1,2.05,0.761,1
115.36365379276148,144.2,3.707913194310189,0.1592,6.29,1,1.15,0.742,0
260.7227445203107,325.9,4.694793209774957,0.4307,5.31,1,2.61,0.858,1
48.69235364893824,60.87,5.187880634736741,0.0184,4.81,1,0.49,0.673,0
265.1656389717462,331.46,4.224609313451799,0.4166,5.78,1,2.65,0.981,1
102.68455290959832,128.36,1.0772137403191462,0.3105,8.92,1,1.03,0.891,0
37.50948468258676,46.89,9.054458797558713,0.0202,0.95,1,0.38,0.982,1
180.00822080373896,225.01,6.725599912944668,0.301,3.27,0,0.0,0.711,0
112.79600072112156,141.0,4.697202487048829,0.213,5.3,0,0.0,0.835,0
244.64991813105576,305.81,5.695869458205721,0.4206,4.3,0,0.0,0.893,0
129.2356405586302,161.54,2.1316361726518043,0.4536,7.87,0,0.0,0.884,0
200.56875766863297,250.71,5.305563327785804,0.1432,4.69,1,2.01,0.609,0
92.47739685144764,115.6,7.46027777696816,0.3921,2.54,0,0.0,0.999,0
62.835712507602025,78.54,5.336743645135117,0.1549,4.66,0,0.0,0.971,0
116.41470928464716,145.52,4.806653726566204,0.1478,5.19,1,1.16,0.648,1
182.04235038073008,227.55,4.623856704923678,0.0963,5.38,0,0.0,0.817,1
197.08402176340556,246.36,7.616227932166986,0.3392,2.38,1,1.97,0.726,0
173.4619995894055,216.83,7.533396695873254,0.1308,2.47,1,1.73,0.952,1
296.41671558723266,370.52,7.500702279430634,0.2324,2.5,0,0.0,0.879,1
207.3270559485496,259.16,2.461699979122176,0.4061,7.54,0,0.0,0.689,0
279.45588827907534,349.32,6.178949678652359,0.396,3.82,0,0.0,0.614,0
35.37995846855235,44.22,7.789073130097965,0.4277,2.21,1,0.35,0.717,0
18.411878944043657,23.01,5.618942693636888,0.0805,4.38,1,0.18,0.615,1
93.2984106035861,116.62,7.7897734843494515,0.2934,2.21,1,0.93,0.657,1
40.97668151292718,51.22,8.544033983185264,0.4574,1.46,0,0.0,0.854,1
157.7605584684803,197.2,1.7389005956056558,0.021,8.26,0,0.0,0.898,0
155.69437605698363,194.62,3.0634082555287643,0.3973,6.94,1,1.56,0.787,1
172.51414993318505,215.64,6.013096439545624,0.1231,3.99,1,1.73,0.84,0
223.5683642493218,279.46,2.8967838634670295,0.3348,7.1,0,0.0,0.662,0
291.39891006369595,364.25,9.413853777708663,0.3587,0.59,0,0.0,0.727,0
263.47760743174393,329.35,1.941342399319208,0.4628,8.06,1,2.63,0.885,1
35.510171872674476,44.39,3.5694797788978603,0.2544,6.43,1,0.36,0.746,1
101.55410663119716,126.94,9.943063025681637,0.4241,0.06,0,0.0,0.74,0
76.74690751441257,95.93,1.8918174607289704,0.0227,8.11,0,0.0,0.678,0
53.04520733393784,66.31,4.4881770805770405,0.2103,5.51,1,0.53,0.838,0
163.41746299673534,204.27,3.1378229874360377,0.2198,6.86,1,1.63,0.924,0
165.97932060981915,207.47,8.097991905492526,0.2691,1.9,1,1.66,0.788,1
68.1734483664184,85.22,3.0414723954659593,0.2407,6.96,0,0.0,0.646,1
213.56917509200565,266.96,1.6142895454191408,0.484,8.39,0,0.0,0.935,1
219.87428975085157,274.84,9.331351303632204,0.0393,0.67,1,2.2,0.629,1
6.293998450179994,7.87,3.1740237618157563,0.1325,6.83,0,0.0,0.789,1
118.72731111669496,148.41,7.417475305655891,0.4843,2.58,1,1.19,0.704,1
267.0421923604863,333.8,2.9056772525034837,0.2227,7.09,0,0.0,0.975,1
156.09558247315147,195.12,1.7858163148137451,0.2856,8.21,1,1.56,0.895,1
104.28834043169827,130.36,8.024121825654976,0.0405,1.98,0,0.0,0.827,1
76.10284547853904,95.13,0.555819873032265,0.142,9.44,1,0.76,0.867,1
73.00635597548468,91.26,3.3197285703553647,0.0198,6.68,1,0.73,0.813,1
29.930410155241905,37.41,7.800816675817673,0.0688,2.2,0,0.0,0.659,1
245.16792572792764,306.46,5.121375215935554,0.3167,4.88,1,2.45,0.884,1
25.997221618251366,32.5,6.895738175449045,0.3818,3.1,0,0.0,0.797,0
87.68842975854474,109.61,0.6681690722218459,0.435,9.33,0,0.0,0.854,1
13.702721569905965,17.13,7.4980999096562435,0.1257,2.5,0,0.0,0.618,0
234.41597091711017,293.02,1.7194040559928123,0.1664,8.28,0,0.0,0.657,0
11.78510466803714,14.73,8.087040361478552,0.2847,1.91,0,0.0,0.836,1
92.49033116046252,115.61,5.6417472019826755,0.0418,4.36,0,0.0,0.784,0
171.98921102599925,214.99,7.391618180432623,0.4034,2.61,1,1.72,0.691,1
122.86840808803316,153.59,2.128326915152432,0.2416,7.87,1,1.23,0.696,0
84.68132017473013,105.85,3.954255064387836,0.4828,6.05,0,0.0,0.853,1
82.55672172826249,103.2,8.0206933245506,0.0587,1.98,0,0.0,0.624,0
239.3370918018748,299.17,9.108044943040236,0.0666,0.89,0,0.0,0.774,1
292.19342852617353,365.24,2.2657219529688524,0.1743,7.73,1,2.92,0.809,0
104.41232113463802,130.52,7.933936599698136,0.1034,2.07,1,1.04,0.723,0
11.743654082704955,14.68,1.085551783633818,0.3483,8.91,0,0.0,0.928,1
10.969733372732527,13.71,4.257486615209876,0.4734,5.74,1,0.11,0.623,0
227.76402456321543,284.71,9.387196665134054,0.045,0.61,0,0.0,0.946,1
165.71094648273808,207.14,9.45136485687504,0.1211,0.55,1,1.66,0.889,1
235.0777972251991,293.85,2.9668220203942717,0.1189,7.03,0,0.0,0.779,0
209.24910308657243,261.56,1.9291340658192249,0.2545,8.07,0,0.0,0.97,1
272.25190477961894,340.31,1.4948637046353408,0.226,8.51,0,0.0,0.881,0
265.74728731398704,332.18,4.808752535709607,0.3634,5.19,1,2.66,0.972,0
236.4982186863532,295.62,0.9207682621613288,0.3663,9.08,0,0.0,0.789,1
142.5567480126431,178.2,3.568530524551109,0.2864,6.43,1,1.43,0.781,1
92.43792228115574,115.55,0.1701111659514353,0.2955,9.83,1,0.92,0.812,0
152.10803623339197,190.14,2.5939811098426846,0.4212,7.41,1,1.52,0.626,1
150.62148219594707,188.28,9.002769018957329,0.1985,1.0,1,1.51,0.963,1
183.0826646668013,228.85,4.469783933328958,0.0062,5.53,1,1.83,0.867,1
55.829270334871225,69.79,0.7374544573287922,0.1065,9.26,1,0.56,0.847,0
196.68596413349664,245.86,6.468367878608991,0.0177,3.53,0,0.0,0.971,0
136.98027726174473,171.23,9.556335606911649,0.1967,0.44,0,0.0,0.997,0
186.06144958225775,232.58,4.634076248056685,0.1789,5.37,0,0.0,0.665,0
71.8814468758637,89.85,6.242878605077124,0.0493,3.76,0,0.0,0.9,1
130.3184681632065,162.9,9.194180068275628,0.3775,0.81,1,1.3,0.832,0
63.06036433575608,78.83,4.190994238959609,0.2765,5.81,0,0.0,0.784,1
262.5915470270405,328.24,6.645868057777861,0.1129,3.35,1,2.63,0.991,1
146.38831351246128,182.99,4.407042742780842,0.3796,5.59,0,0.0,0.94,1
67.49442467214364,84.37,9.621309765256946,0.334,0.38,0,0.0,0.879,0
12.362608722463886,15.45,5.038015729721517,0.0958,4.96,0,0.0,0.753,1
202.72159939606257,253.4,8.856528947594306,0.4914,1.14,1,2.03,0.866,1
64.39341419692671,80.49,5.071984984450041,0.0887,4.93,1,0.64,0.813,1
296.8746576956335,371.09,6.683860827949325,0.3859,3.32,0,0.0,0.7,0
160.11011202455148,200.14,3.861414871915149,0.4841,6.14,0,0.0,0.78,1
86.69309887440963,108.37,9.175550667262245,0.3628,0.82,1,0.87,0.685,0
197.3032301377891,246.63,6.4694214698839385,0.3329,3.53,1,1.97,0.8,1
82.56597703142566,103.21,0.199123298835776,0.4517,9.8,1,0.83,0.888,1
246.0822881729239,307.6,0.1564117351623983,0.1346,9.84,1,2.46,0.615,0
92.47081527898256,115.59,6.761775183937343,0.1386,3.24,1,0.92,0.906,0
296.4743197187728,370.59,1.1426886226770203,0.3206,8.86,1,2.96,0.608,1
181.54343563358808,226.93,7.161644126998665,0.4411,2.84,1,1.82,0.807,1
253.323344682799,316.65,3.220167797843189,0.3087,6.78,0,0.0,0.829,1
21.844640873526664,27.31,5.389196780915415,0.4885,4.61,1,0.22,0.904,1
104.48982521585646,130.61,1.7439958753360685,0.1115,8.26,1,1.04,0.904,1
221.2461258498449,276.56,2.462217984046444,0.4129,7.54,1,2.21,0.767,0
196.5177052021748,245.65,4.369177513445669,0.4636,5.63,0,0.0,0.627,0
58.27293643012733,72.84,6.654775772220369,0.2135,3.35,1,0.58,0.877,0
106.86087915291296,133.58,1.5573163663758385,0.481,8.44,0,0.0,0.804,0
79.03302224626228,98.79,2.8128313578664588,0.1011,7.19,0,0.0,0.733,0
184.0110509285529,230.01,2.0696240189090065,0.4764,7.93,1,1.84,0.694,0
103.37046883763249,129.21,8.626743087804526,0.4514,1.37,0,0.0,0.648,0
92.71627260010494,115.9,6.4800649346249255,0.0331,3.52,0,0.0,0.718,0
62.21339413090251,77.77,4.684957368580682,0.2607,5.32,0,0.0,0.783,0
122.70813627439448,153.39,9.469430542162833,0.2644,0.53,1,1.23,0.791,1
58.65077705896608,73.31,7.358262953931009,0.0285,2.64,1,0.59,0.833,1
288.7708762132897,360.96,9.322261136799398,0.0198,0.68,0,0.0,0.745,0
46.35054344859102,57.94,5.975929602257527,0.0025,4.02,1,0.46,0.968,0
273.9914144876329,342.49,1.3805691129120925,0.2623,8.62,1,2.74,0.798,1
128.5419294469746,160.68,6.754271064452233,0.2319,3.25,0,0.0,0.769,0
113.35979746851662,141.7,2.014911606568517,0.4702,7.99,1,1.13,0.619,1
69.39594027145465,86.74,3.4596859166773584,0.1712,6.54,0,0.0,0.84,1
190.72690031025573,238.41,5.096179338129021,0.3291,4.9,0,0.0,0.841,1
205.65840450325092,257.07,1.5736598206170072,0.0038,8.43,1,2.06,0.833,1
140.27128867572523,175.34,0.207813828494483,0.3318,9.79,1,1.4,0.955,0
16.71206870802724,20.89,3.2708593987069823,0.4567,6.73,0,0.0,0.905,0
275.55304520656495,344.44,8.24315769088452,0.1774,1.76,1,2.76,0.947,0
294.09873986291433,367.62,0.1537996120827212,0.157,9.85,0,0.0,0.624,1
129.3130245635505,161.64,1.0943393319461348,0.313,8.91,0,0.0,0.727,0
184.09824222279815,230.12,8.068548567367182,0.1643,1.93,0,0.0,0.727,1
135.089587873124,168.86,3.0585170295002415,0.2012,6.94,1,1.35,0.863,1
96.56389526583618,120.7,9.382135144809826,0.1366,0.62,0,0.0,0.779,1
23.195637857342287,28.99,3.8024414299229825,0.1724,6.2,0,0.0,0.911,1
136.82031911918966,171.03,7.967039290844493,0.3397,2.03,1,1.37,0.754,0
245.51536690783544,306.89,2.5878984126215467,0.4612,7.41,1,2.46,0.689,1
5.109438326401072,6.39,0.6183123841550697,0.2916,9.38,0,0.0,0.716,1
174.63230495406668,218.29,8.81554485714251,0.005,1.18,0,0.0,0.673,1
264.23163261800664,330.29,9.272964756495757,0.1319,0.73,1,2.64,0.679,1
65.2648290043074,81.58,7.080996579892183,0.4761,2.92,1,0.65,0.687,1
54.97675940671866,68.72,7.700678235961453,0.4552,2.3,0,0.0,0.606,1
231.68298771058292,289.6,0.0712762009190071,0.0578,9.93,0,0.0,0.886,1
76.52592933578799,95.66,7.538235176598058,0.4542,2.46,0,0.0,0.76,0
57.595280268194536,71.99,4.7219638688882695,0.4823,5.28,0,0.0,0.609,0
113.39677517077052,141.75,4.527904546142578,0.1623,5.47,1,1.13,0.748,1
117.7506036810654,147.19,5.400699204704211,0.3505,4.6,0,0.0,0.962,0
262.2303189049698,327.79,2.7121021620954933,0.28,7.29,0,0.0,0.804,0
185.53304158010303,231.92,6.962885548109021,0.1685,3.04,1,1.86,0.995,1
121.7884369018768,152.24,2.955888720270078,0.0767,7.04,1,1.22,0.816,1
160.31638928573005,200.4,5.586066379673802,0.1835,4.41,1,1.6,0.985,0
286.1895699975822,357.74,1.3692722881153496,0.4639,8.63,1,2.86,0.681,0
33.96440298296861,42.46,6.750756351168009,0.4056,3.25,1,0.34,0.716,1
62.31465651740743,77.89,1.8961276455496543,0.1653,8.1,1,0.62,0.88,1
288.7586119759666,360.95,1.7041398574808586,0.2738,8.3,0,0.0,0.995,0
287.1974545581612,359.0,0.2428316236936667,0.203,9.76,0,0.0,0.93,1
53.149626379431794,66.44,1.2178577576981464,0.2331,8.78,1,0.53,0.821,1
43.53264513758946,54.42,2.3257024507893274,0.3806,7.67,1,0.44,0.634,0
126.32554030158596,157.91,2.2230936068942606,0.2715,7.78,0,0.0,0.746,0
14.915487746390731,18.64,3.276714292783325,0.0905,6.72,0,0.0,0.635,1
196.47105968554203,245.59,0.5441641807711983,0.1345,9.46,1,1.96,0.725,0
23.248806498522654,29.06,9.351980185199334,0.2839,0.65,0,0.0,0.704,1
17.408888128284218,21.76,1.191758793476847,0.3464,8.81,0,0.0,0.755,0
145.55608086265477,181.95,7.01963878962005,0.2541,2.98,0,0.0,0.935,1
287.33599083303045,359.17,5.350731698495342,0.3101,4.65,1,2.87,0.66,0
128.03878081894788,160.05,5.527888049141447,0.3947,4.47,0,0.0,0.722,0
106.94434759816532,133.68,1.0551682552076649,0.2727,8.94,1,1.07,0.704,1
299.3870146506858,374.23,2.432149421614598,0.4886,7.57,1,2.99,0.718,0
159.59068823375503,199.49,7.798812944685589,0.1178,2.2,0,0.0,0.744,1
112.57242206707456,140.72,4.636864582712556,0.4598,5.36,0,0.0,0.698,1
115.75824400248057,144.7,4.570678172870574,0.1238,5.43,1,1.16,0.977,0
58.487848810053144,73.11,5.459117959561343,0.2658,4.54,1,0.58,0.768,1
153.6669172342617,192.08,4.338058885092321,0.228,5.66,0,0.0,0.646,0
131.65650845040173,164.57,8.061359310614362,0.1864,1.94,1,1.32,0.787,0
81.23858890422402,101.55,7.487051978887123,0.4814,2.51,1,0.81,0.674,0
48.162025980527936,60.2,3.170042168611793,0.1362,6.83,1,0.48,0.686,1
93.37166060026613,116.71,8.120811131217028,0.3374,1.88,1,0.93,0.714,1
152.60499830631878,190.76,5.186064301279183,0.402,4.81,1,1.53,0.65,0
17.499981685440503,21.87,6.277368332366271,0.0985,3.72,0,0.0,0.888,1
46.123208575186794,57.65,8.661758318928158,0.4866,1.34,0,0.0,0.917,0
284.2971800907286,355.37,4.759932492454056,0.2733,5.24,0,0.0,0.758,1
162.8566053094017,203.57,7.562603625528578,0.4572,2.44,0,0.0,0.876,0
19.03479109801136,23.79,6.280873591050443,0.3319,3.72,0,0.0,0.756,1
207.9263276308719,259.91,4.267449412975494,0.3247,5.73,0,0.0,0.666,0
18.54086102371042,23.18,7.890483663779525,0.1728,2.11,1,0.19,0.759,1
221.6622681139119,277.08,1.0515911787021923,0.3853,8.95,0,0.0,0.823,1
224.9888165160081,281.24,5.81220217308148,0.0149,4.19,0,0.0,0.616,1
195.3236927247758,244.15,0.4641075737245548,0.2779,9.54,1,1.95,0.862,1
219.66136338580492,274.58,1.5616912775467329,0.0161,8.44,1,2.2,0.897,0
26.38973430391732,32.99,5.988736374111326,0.1534,4.01,1,0.26,0.944,1
218.0341657065803,272.54,3.0760669659944995,0.0481,6.92,0,0.0,0.641,0
41.00649591716488,51.26,2.6247498874634556,0.4558,7.38,1,0.41,0.6,0
101.85177218155314,127.31,9.558386920694534,0.3141,0.44,0,0.0,0.629,0
282.82357605018984,353.53,3.6590562288877297,0.3343,6.34,1,2.83,0.97,0
150.86264329774204,188.58,5.647414702258064,0.4256,4.35,1,1.51,0.906,1
290.22792962490416,362.78,5.342487712778688,0.3665,4.66,0,0.0,0.934,1
26.676737666021268,33.35,0.6201842313798334,0.0621,9.38,1,0.27,0.807,1
143.26697986895402,179.08,6.742757383605031,0.3088,3.26,1,1.43,0.811,0
18.720696083061195,23.4,5.129013196708721,0.4891,4.87,1,0.19,0.719,0
189.06307871978544,236.33,3.814171167982614,0.1071,6.19,1,1.89,0.937,1
23.612100410554916,29.52,0.6601681606626042,0.3099,9.34,1,0.24,0.932,1
52.6103407621132,65.76,2.930139849867145,0.2818,7.07,0,0.0,0.757,0
77.64909302078415,97.06,8.840953758059992,0.1958,1.16,0,0.0,0.732,0
224.62315549934496,280.78,1.737113733074691,0.4773,8.26,1,2.25,0.895,1
49.18863564542243,61.49,2.193336397516209,0.1782,7.81,1,0.49,0.61,1
253.98961598792033,317.49,2.052940310697714,0.0468,7.95,0,0.0,0.944,1
39.57118164924026,49.46,8.908048192568335,0.4813,1.09,0,0.0,0.778,0
10.5733347210469,13.22,6.999954827183268,0.3646,3.0,1,0.11,0.777,1
118.51362569090035,148.14,8.81843063054802,0.1712,1.18,0,0.0,0.868,0
293.83249259138853,367.29,9.137464998768332,0.1403,0.86,1,2.94,0.858,0
33.102668336633165,41.38,9.279675351598897,0.464,0.72,1,0.33,0.706,0
30.515533211888712,38.14,4.8571561283404465,0.1368,5.14,1,0.31,0.977,0
225.34995323868716,281.69,4.762238510585629,0.2686,5.24,1,2.25,0.995,0
93.6485081980696,117.06,8.289228402567668,0.1075,1.71,0,0.0,0.81,1
215.18448516771508,268.98,3.3192667415197996,0.4976,6.68,0,0.0,0.825,0
60.00317683300901,75.0,0.2221112951992365,0.3848,9.78,0,0.0,0.822,0
138.0215982594489,172.53,3.315477170153205,0.2838,6.68,1,1.38,0.794,1
79.58696332467537,99.48,7.163503304053441,0.3729,2.84,0,0.0,0.978,0
135.45846446372607,169.32,1.2361405161206929,0.4582,8.76,0,0.0,0.698,1
230.7291277755911,288.41,7.847808578989094,0.4816,2.15,0,0.0,0.643,0
228.6029821432985,285.75,8.15474317446249,0.393,1.85,0,0.0,0.972,1
154.73168630211708,193.41,1.0091236603434262,0.4245,8.99,1,1.55,0.685,1
278.51155311631527,348.14,0.9783928644943184,0.1989,9.02,0,0.0,0.9,1
79.13523073448219,98.92,1.9881214653295043,0.1959,8.01,0,0.0,0.682,0
72.09340533576992,90.12,3.563893932541987,0.4041,6.44,0,0.0,0.984,1
184.1419203526301,230.18,5.327335685966218,0.3798,4.67,1,1.84,0.916,1
186.38911026503672,232.99,4.855419980541074,0.4505,5.14,1,1.86,0.967,0
13.962011869492198,17.45,8.531684871920532,0.0665,1.47,0,0.0,0.98,0
182.33331371606928,227.92,1.4223198707676998,0.3454,8.58,1,1.82,0.634,0
112.33084720470433,140.41,6.975727221985694,0.3238,3.02,1,1.12,0.773,0
224.23275759616777,280.29,5.4888658521839675,0.3993,4.51,1,2.24,0.859,1
242.43169936358183,303.04,7.3682482316222195,0.0123,2.63,1,2.42,0.921,1
165.64614586411096,207.06,3.419464268291038,0.4131,6.58,0,0.0,0.697,0
0.5115094506795259,0.64,4.713796287278779,0.1632,5.29,1,0.01,0.966,1
190.9097430499926,238.64,0.2859298918606745,0.3436,9.71,0,0.0,0.688,0
224.6643838997803,280.83,1.161059090769796,0.3083,8.84,1,2.25,0.946,1
74.69497986945427,93.37,3.749956119618317,0.2201,6.25,0,0.0,0.805,1
139.39380034223663,174.24,4.812547411151212,0.373,5.19,0,0.0,0.806,1
289.71798702353647,362.15,0.8574689306431305,0.4806,9.14,1,2.9,0.75,0
89.43466601823104,111.79,8.249882491273057,0.1617,1.75,0,0.0,0.641,1
66.94597531252224,83.68,9.46052362333582,0.3742,0.54,1,0.67,0.739,1
63.25643714340304,79.07,5.963974778466019,0.1573,4.04,1,0.63,0.771,0
167.64025030619888,209.55,0.5340192121671372,0.4228,9.47,1,1.68,0.792,1
284.93613039240194,356.17,7.388262242378112,0.2186,2.61,0,0.0,0.896,1
182.6070387601064,228.26,2.1716371228567546,0.2246,7.83,1,1.83,0.741,0
90.99693607129798,113.75,7.336516921027629,0.3859,2.66,0,0.0,0.763,0
191.57093342023623,239.46,4.343460151341297,0.2481,5.66,0,0.0,0.962,0
187.45268927933623,234.32,0.5342665624479859,0.1333,9.47,1,1.87,0.901,1
179.07754071889627,223.85,2.7874893915616097,0.4978,7.21,1,1.79,0.609,0
47.8278620664906,59.78,4.270299601242763,0.3101,5.73,1,0.48,0.925,0
190.37003980349823,237.96,7.3625034164345236,0.3226,2.64,0,0.0,0.996,0
129.0493357543499,161.31,1.330692818300303,0.3233,8.67,1,1.29,0.976,1
5.57761758691001,6.97,2.870016773280005,0.4417,7.13,0,0.0,0.934,1
161.92934614424854,202.41,0.8353728090385792,0.0919,9.16,0,0.0,0.852,0
296.7800235655253,370.98,6.1580698796947475,0.0296,3.84,0,0.0,0.711,1
104.92187725319506,131.15,4.742714989277978,0.1934,5.26,1,1.05,0.862,1
289.66776549559745,362.08,9.290049453730386,0.2825,0.71,0,0.0,0.878,1
28.861722498778363,36.08,7.405530031734157,0.1429,2.59,1,0.29,0.713,0
219.7350347601919,274.67,7.778873625609608,0.3446,2.22,0,0.0,0.702,1
34.2989983988506,42.87,1.6439257535675078,0.037,8.36,0,0.0,0.759,0
82.07147206658225,102.59,2.6662252051269,0.3954,7.33,0,0.0,0.856,0
171.2522505966373,214.07,5.131395433859427,0.359,4.87,0,0.0,0.717,1
177.83390819302468,222.29,0.1348450088402197,0.107,9.87,0,0.0,0.822,1
232.56339517025137,290.7,8.701281436025356,0.1492,1.3,0,0.0,0.96,1
184.59342216823177,230.74,7.777403819938509,0.4035,2.22,1,1.85,0.718,0
178.08441131416822,222.61,0.5793968519521586,0.3867,9.42,1,1.78,0.986,1
273.7059260967415,342.13,8.490339119731114,0.4069,1.51,1,2.74,0.789,1
135.64822566274717,169.56,0.0448811481815814,0.1611,9.96,1,1.36,0.64,1
67.5797336085165,84.47,1.142193185381878,0.4848,8.86,0,0.0,0.622,0
48.53657550708907,60.67,0.5536455295769016,0.3577,9.45,1,0.49,0.735,0
119.99837904284992,150.0,4.791599318407075,0.0326,5.21,0,0.0,0.704,0
213.82582655810873,267.28,7.840497799188944,0.2389,2.16,1,2.14,0.937,1
12.76304547897027,15.95,1.7853916183849006,0.3323,8.21,0,0.0,0.895,0
38.716015952821834,48.4,7.714864611358258,0.0843,2.29,0,0.0,0.954,0
31.834038031091826,39.79,1.8492478216061792,0.4509,8.15,1,0.32,0.836,1
175.57504591543764,219.47,9.905363395376638,0.3771,0.09,1,1.76,0.774,0
72.85939515937989,91.07,8.534745343000615,0.0407,1.47,1,0.73,0.708,1
49.87782849041895,62.35,7.37186773823087,0.4566,2.63,1,0.5,0.833,0
177.8312159229067,222.29,5.916884230915417,0.2022,4.08,0,0.0,0.847,1
228.39297463571376,285.49,2.425481969382873,0.2262,7.57,1,2.28,0.757,1
99.64647493579932,124.56,1.1926762198228025,0.3916,8.81,1,1.0,0.975,0
173.46138170297883,216.83,4.603067520048578,0.322,5.4,1,1.73,0.856,1
29.437323959838057,36.8,4.026602542386569,0.2188,5.97,0,0.0,0.935,0
280.557309137271,350.7,6.744809230266529,0.1298,3.26,1,2.81,0.848,1
101.06885559443184,126.34,1.7008975134011417,0.2584,8.3,0,0.0,0.727,0
299.25170795205037,374.06,5.621284670341204,0.2896,4.38,1,2.99,0.895,0
293.5763267549346,366.97,6.9335021415032365,0.3155,3.07,1,2.94,0.692,1
233.64703480074343,292.06,2.989662587066105,0.3025,7.01,0,0.0,0.839,1
6.020128622090015,7.53,7.800142710819632,0.3087,2.2,0,0.0,0.761,1
163.042476115309,203.8,4.318428735213024,0.2379,5.68,1,1.63,0.66,0
26.05092613200345,32.56,1.6263109587770008,0.2809,8.37,0,0.0,0.765,1
268.5414077884548,335.68,1.9477004696809976,0.1443,8.05,0,0.0,0.724,0
236.89087579422088,296.11,2.788984119033826,0.0792,7.21,1,2.37,0.645,1
291.70211297870486,364.63,1.5812626936165153,0.3035,8.42,1,2.92,0.93,1
182.5148859449386,228.14,5.629195667366263,0.0235,4.37,1,1.83,0.799,1
156.6518413453014,195.81,9.491411741951696,0.0326,0.51,1,1.57,0.739,1
155.69215678331628,194.62,8.9607307923381,0.1237,1.04,1,1.56,0.802,1
115.93451233630348,144.92,3.2375398398344046,0.0972,6.76,0,0.0,0.902,1
140.60702016874228,175.76,8.646693217305891,0.1871,1.35,1,1.41,0.607,0
190.6237749406051,238.28,9.540229614500529,0.1856,0.46,0,0.0,0.819,0
279.88428226688313,349.86,2.941671403331172,0.0584,7.06,1,2.8,0.792,1
178.76530147680933,223.46,9.052848799681016,0.1233,0.95,1,1.79,0.957,1
257.13478269521016,321.42,9.974290643408748,0.0023,0.03,0,0.0,0.822,1
258.8339733907502,323.54,7.97671809497841,0.1755,2.02,0,0.0,0.655,0
155.64980275447778,194.56,3.902233199791549,0.3982,6.1,1,1.56,0.755,0
104.24089244928648,130.3,6.08541604594226,0.1331,3.91,0,0.0,0.848,0
191.87216199962432,239.84,3.6418664913562826,0.3217,6.36,0,0.0,0.618,0
133.76320257445283,167.2,9.959612833537468,0.0491,0.04,1,1.34,0.954,0
24.43226019657987,30.54,0.6785323770460527,0.0061,9.32,1,0.24,0.627,0
113.3427301297301,141.68,8.93080325069653,0.2492,1.07,0,0.0,0.612,1
298.2216414147975,372.78,0.74548133242472,0.2307,9.25,0,0.0,0.601,1
14.553561007886165,18.19,0.4219782282403395,0.0958,9.58,0,0.0,0.873,1
209.000073570278,261.25,9.399395165335465,0.1433,0.6,0,0.0,0.782,0
252.35661152137413,315.45,8.672819374552915,0.0153,1.33,0,0.0,0.641,1
194.6177710426136,243.27,3.6156174528279905,0.3989,6.38,0,0.0,0.942,1
170.924469348987,213.66,9.575321883179834,0.1506,0.42,0,0.0,0.681,1
212.26632509362727,265.33,8.618568776636039,0.1097,1.38,1,2.12,0.731,0
128.8028211898967,161.0,9.019828757554713,0.4023,0.98,1,1.29,0.671,0
27.408521192663027,34.26,5.951154862586242,0.0196,4.05,1,0.27,0.971,0
288.71152629101454,360.89,9.583285362176072,0.1423,0.42,0,0.0,0.903,0
129.69023099525882,162.11,8.095822077385403,0.1314,1.9,0,0.0,0.89,1
199.61677115040527,249.52,9.399528604370612,0.1315,0.6,0,0.0,0.618,1
159.39313106678858,199.24,2.815109354140355,0.0057,7.18,0,0.0,0.809,0
16.401921593266366,20.5,5.320975673330217,0.4673,4.68,1,0.16,0.83,0
285.8239802977615,357.28,8.67662829148675,0.4321,1.32,0,0.0,0.753,1
237.761167834297,297.2,5.797290408667019,0.2072,4.2,1,2.38,0.729,1
44.729368340818475,55.91,8.010983600506613,0.2227,1.99,0,0.0,0.941,1
294.49466288648006,368.12,9.730969676234476,0.2621,0.27,1,2.94,0.609,1
221.0704116515124,276.34,8.045628341134869,0.2392,1.95,0,0.0,0.85,0
141.69649512849267,177.12,3.15359620611677,0.3896,6.85,0,0.0,0.758,0
183.41101696787197,229.26,1.1869938961420743,0.2442,8.81,1,1.83,0.866,1
32.02100460437926,40.03,2.7274682578122067,0.0944,7.27,1,0.32,0.679,0
168.12345300468328,210.15,6.627911215994915,0.0585,3.37,1,1.68,0.695,0
22.09832160511782,27.62,0.1094436131482268,0.4591,9.89,0,0.0,0.835,0
163.45657713579058,204.32,1.8971872709583348,0.0242,8.1,1,1.63,0.992,1
165.80870662883564,207.26,3.2690264514455993,0.4488,6.73,0,0.0,0.99,0
262.3316355482232,327.91,8.752249436281742,0.3452,1.25,1,2.62,0.7,1
217.5172500816882,271.9,0.5100414838744938,0.2024,9.49,0,0.0,0.641,1
74.865717664536,93.58,0.4993615982387678,0.0936,9.5,0,0.0,0.836,0
266.52784265635705,333.16,5.517825483693102,0.1552,4.48,1,2.67,0.768,1
171.97279945440172,214.97,1.777662522056952,0.2649,8.22,1,1.72,0.905,1
181.9138435722101,227.39,2.4221518015890418,0.3284,7.58,0,0.0,0.811,1
50.6944107666535,63.37,1.8423610097934773,0.3457,8.16,0,0.0,0.804,1
257.33207879073416,321.67,5.8160713759692975,0.2236,4.18,1,2.57,0.859,0
279.28953450496317,349.11,0.5554774960666953,0.187,9.44,0,0.0,0.651,1
232.49719484847245,290.62,9.400000286295576,0.3842,0.6,0,0.0,0.871,1
282.2257357935018,352.78,1.2313838541282829,0.4627,8.77,0,0.0,0.795,0
90.68997123670376,113.36,9.51595502162114,0.4572,0.48,0,0.0,0.928,1
258.3357505088313,322.92,7.781290304642634,0.2758,2.22,1,2.58,0.655,1
146.66794285912275,183.33,8.280158862261121,0.0395,1.72,1,1.47,0.72,0
49.17516088307548,61.47,1.7280823448560156,0.0366,8.27,0,0.0,0.98,0
200.64017971002036,250.8,6.696470869545915,0.2014,3.3,0,0.0,0.821,1
205.2360812117637,256.55,8.170721512964564,0.3664,1.83,0,0.0,0.972,1
86.07735412700704,107.6,5.580355400503812,0.2487,4.42,0,0.0,0.876,0
8.247999488271018,10.31,5.510747079043932,0.3137,4.49,1,0.08,0.971,0
59.954177725669,74.94,1.5941333650085454,0.4217,8.41,1,0.6,0.727,0
119.93326430216602,149.92,4.142324996035662,0.0202,5.86,1,1.2,0.636,1
50.26887331796056,62.84,1.505399601266335,0.4619,8.49,1,0.5,0.921,1
58.20898447188125,72.76,9.728577587102688,0.1654,0.27,1,0.58,0.922,1
117.41719931468086,146.77,6.848500086304599,0.0234,3.15,0,0.0,0.848,1
288.5359842925681,360.67,0.4842192573086412,0.4177,9.52,0,0.0,0.832,0
229.2730546222945,286.59,4.767679134133812,0.4671,5.23,1,2.29,0.966,1
95.92452036796924,119.91,6.379641500339375,0.3843,3.62,0,0.0,0.671,0
285.4812206755645,356.85,0.956403808313977,0.4023,9.04,0,0.0,0.847,1
193.6940376776198,242.12,6.649885753298777,0.4357,3.35,1,1.94,0.62,1
136.63489339204204,170.79,1.7730524582110752,0.2612,8.23,0,0.0,0.656,1
140.49005968654413,175.61,4.078794048602129,0.3402,5.92,1,1.4,0.775,0
123.22334035061756,154.03,6.255540552717033,0.1432,3.74,0,0.0,0.928,0
69.8976157637819,87.37,3.650541210535889,0.1249,6.35,1,0.7,0.893,1
115.98965766411172,144.99,3.8088419745413526,0.3045,6.19,0,0.0,0.99,1
158.36891521301777,197.96,8.436152997646714,0.3673,1.56,0,0.0,0.618,0
158.4082052190663,198.01,3.092648416701506,0.1986,6.91,1,1.58,0.753,0
228.5210706637554,285.65,6.551943239238213,0.2001,3.45,0,0.0,0.664,1
107.63935714720576,134.55,8.49152660246981,0.4771,1.51,0,0.0,0.615,0
215.03940879118576,268.8,1.5264918280132556,0.2592,8.47,0,0.0,0.706,0
173.4275516306054,216.78,0.4592797900250933,0.4931,9.54,0,0.0,0.698,1
288.55362135805035,360.69,8.255340437806526,0.4314,1.74,1,2.89,0.768,0
115.5854778101948,144.48,5.511307916291836,0.3198,4.49,1,1.16,0.656,0
270.3649392782371,337.96,8.277012989039136,0.0046,1.72,1,2.7,0.795,1
246.19276418948684,307.74,2.1303563399009553,0.148,7.87,0,0.0,0.968,1
191.29928537683708,239.12,8.326322229183855,0.2088,1.67,1,1.91,0.899,1
196.35434002263517,245.44,0.9531041391479922,0.3264,9.05,1,1.96,0.937,1
25.394980381923205,31.74,8.832030341481735,0.1978,1.17,0,0.0,0.922,0
285.06738167802973,356.33,8.225336628857866,0.4139,1.77,1,2.85,0.756,0
32.08081904872317,40.1,5.673347329465791,0.3315,4.33,0,0.0,0.884,0
168.96999262305212,211.21,6.083398929991,0.1736,3.92,0,0.0,0.902,0
99.02124013474636,123.78,3.4584419675811704,0.3922,6.54,0,0.0,0.682,1
128.95559348695554,161.19,2.0161615436012847,0.1515,7.98,0,0.0,0.944,0
183.05490325104512,228.82,4.554380922149268,0.0314,5.45,1,1.83,0.783,1
272.65541336469647,340.82,6.5745211479102466,0.0863,3.43,0,0.0,0.607,1
137.27013707169044,171.59,9.98464859894663,0.0014,0.02,1,1.37,0.857,0
296.31886659193236,370.4,8.172530659019401,0.4162,1.83,1,2.96,0.871,1
177.84361960544993,222.3,4.343078366603805,0.3136,5.66,1,1.78,0.821,0
48.16618279265234,60.21,7.432478528619959,0.2853,2.57,1,0.48,0.685,0
57.002788449375686,71.25,1.0804750268884866,0.331,8.92,0,0.0,0.793,0
214.8333106767753,268.54,4.150360469545875,0.3268,5.85,1,2.15,0.76,1
15.119338273014527,18.9,4.249245820427559,0.2827,5.75,0,0.0,0.99,1
144.10247286666805,180.13,9.988238112132406,0.4212,0.01,1,1.44,0.93,1
44.46573294105498,55.58,3.910149639426913,0.2205,6.09,1,0.44,0.905,0
129.9655905533535,162.46,0.8328160289976461,0.4024,9.17,1,1.3,0.672,1
224.97522662151584,281.22,0.6722795141592464,0.3933,9.33,0,0.0,0.732,0
137.64387847243026,172.05,6.9838438493148844,0.0998,3.02,0,0.0,0.752,0
49.03533269427809,61.29,2.8909308959640967,0.2269,7.11,0,0.0,0.797,1
75.57761110699272,94.47,8.689134476571722,0.4175,1.31,1,0.76,0.612,0
110.26187659565473,137.83,4.829476936536209,0.4154,5.17,0,0.0,0.837,1
20.868355045924417,26.09,3.3037238460407203,0.012,6.7,0,0.0,0.743,1
175.30129082433658,219.13,7.591144997538713,0.1115,2.41,0,0.0,0.825,0
182.26013738341504,227.83,4.175325114778325,0.2119,5.82,0,0.0,0.604,0
18.645578139770237,23.31,7.373833274759604,0.0236,2.63,1,0.19,0.729,0
120.6933963522486,150.87,7.140919310178846,0.1303,2.86,0,0.0,0.907,1
124.20020486541748,155.25,7.232114389413725,0.1291,2.77,1,1.24,0.8,1
100.14587056578036,125.18,8.571218722868712,0.1073,1.43,1,1.0,0.916,1
167.32192209933356,209.15,8.48399397502638,0.1983,1.52,0,0.0,0.88,0
103.78724701803354,129.73,6.646082503659578,0.4065,3.35,1,1.04,0.942,0
124.92278384334182,156.15,9.569618719323133,0.1221,0.43,0,0.0,0.603,1
239.25706423248167,299.07,0.207274889894603,0.291,9.79,1,2.39,0.705,0
48.63280662906043,60.79,9.304229109365174,0.2788,0.7,1,0.49,0.82,0
185.73440859102627,232.17,1.4825342033340905,0.409,8.52,0,0.0,0.976,1
151.67832050725366,189.6,2.1164306869159666,0.197,7.88,1,1.52,0.872,0
91.52149124380472,114.4,8.173990490178854,0.1118,1.83,0,0.0,0.783,0
218.2603969471232,272.83,4.004354826760847,0.4458,6.0,0,0.0,0.652,0
165.3565078623444,206.7,4.2531044222764525,0.4165,5.75,0,0.0,0.797,1
143.2084580882086,179.01,2.6122696110902996,0.3108,7.39,1,1.43,0.776,1
200.30079443136003,250.38,2.2444119491544035,0.0466,7.76,1,2.0,0.911,1
240.68709239440824,300.86,1.0624045482499866,0.0081,8.94,0,0.0,0.765,0
291.8006370100729,364.75,1.9677122046261777,0.0913,8.03,1,2.92,0.728,0
188.80511051291205,236.01,5.667463474468331,0.0983,4.33,0,0.0,0.636,1
262.33199562011487,327.91,7.066088822241175,0.0681,2.93,0,0.0,0.619,0
0.327462306887083,0.41,7.388392763085787,0.1311,2.61,0,0.0,0.776,0
159.07070781776736,198.84,3.70123195540042,0.1689,6.3,0,0.0,0.739,0
64.39426463105943,80.49,9.219547763171375,0.3772,0.78,1,0.64,0.822,0
28.25773712494115,35.32,3.287280566471915,0.3548,6.71,0,0.0,0.885,1
159.59130511931764,199.49,1.1113664339848672,0.0522,8.89,0,0.0,0.616,1
224.04795184472823,280.06,9.452227690121289,0.4886,0.55,1,2.24,0.798,1
123.68175674231392,154.6,5.406771412477864,0.3761,4.59,0,0.0,0.945,1
201.03223480333045,251.29,9.713762221157648,0.0817,0.29,0,0.0,0.782,0
146.915776152285,183.64,3.936665531831072,0.0622,6.06,1,1.47,0.808,1
131.1257597878278,163.91,7.573932834027498,0.0438,2.43,1,1.31,0.795,0
87.07699213075819,108.85,1.099367267345723,0.3659,8.9,1,0.87,0.756,1
114.77805435030136,143.47,8.540791315932173,0.1181,1.46,0,0.0,0.644,1
104.93868923832837,131.17,1.7069980545112995,0.0365,8.29,0,0.0,0.651,0
193.85615520446444,242.32,0.6867907290784758,0.2109,9.31,0,0.0,0.672,0
34.80555338374186,43.51,0.9775327175316416,0.3543,9.02,0,0.0,0.917,1
27.7909106063418,34.74,5.573755928763429,0.1523,4.43,1,0.28,0.71,1
198.00389826253812,247.5,2.918735405623888,0.2413,7.08,1,1.98,0.979,1
163.88942096366424,204.86,9.609543230755714,0.0963,0.39,0,0.0,0.924,1
129.06002902279727,161.33,8.526765924120571,0.2146,1.47,0,0.0,0.874,0
45.73286532237106,57.17,8.033077478272528,0.1795,1.97,0,0.0,0.888,1
123.30813356079344,154.14,8.096384662616916,0.217,1.9,1,1.23,0.619,0
236.9195289960035,296.15,8.906773277845263,0.2329,1.09,1,2.37,0.827,1
266.8863707367771,333.61,8.652101099563703,0.0461,1.35,1,2.67,0.976,0
210.77297098926604,263.47,9.282075631059326,0.0467,0.72,1,2.11,0.616,0
17.973652764264248,22.47,9.343663229817036,0.1303,0.66,1,0.18,0.716,1
201.1229329803356,251.4,2.9832132555804227,0.0579,7.02,0,0.0,0.621,1
72.29567686388837,90.37,2.1956416973660495,0.1264,7.8,0,0.0,0.828,1
94.57537290792152,118.22,6.430981311521917,0.0123,3.57,1,0.95,0.646,1
58.76196238799536,73.45,1.23331214925395,0.1754,8.77,0,0.0,0.792,0
232.72673718606137,290.91,2.1114511373253,0.1067,7.89,0,0.0,0.888,0
194.5806367911837,243.23,7.729566723522448,0.4461,2.27,0,0.0,0.666,0
183.55051637975427,229.44,6.49335427758123,0.4291,3.51,1,1.84,0.902,1
200.39178290078283,250.49,6.5085195528831585,0.1502,3.49,1,2.0,0.624,1
71.03167842117102,88.79,9.506384961859668,0.2377,0.49,1,0.71,0.66,0
133.39332429760847,166.74,6.676244613727844,0.4779,3.32,1,1.33,0.712,0
189.97611646469676,237.47,4.308071478953952,0.262,5.69,1,1.9,0.918,0
190.97820828549013,238.72,2.8033243404693065,0.4242,7.2,1,1.91,0.94,1
237.55555882653917,296.94,3.385553822540144,0.4132,6.61,1,2.38,0.688,0
86.13119000643317,107.66,2.778134839836728,0.4706,7.22,1,0.86,0.638,1
231.10083650904673,288.88,0.3498806508071095,0.1529,9.65,0,0.0,0.939,1
132.0553441850807,165.07,2.615740222827303,0.0217,7.38,1,1.32,0.86,0
201.05180761768045,251.31,8.353700679620378,0.052,1.65,1,2.01,0.663,0
136.71581401958605,170.89,7.282289927772997,0.2856,2.72,0,0.0,0.823,0
284.58305093728296,355.73,6.218382488876298,0.2651,3.78,0,0.0,0.949,0
53.79067942249334,67.24,9.022053661553857,0.1492,0.98,1,0.54,0.628,1
202.50152657470713,253.13,2.6412504205773546,0.1244,7.36,1,2.03,0.633,0
172.96050023044768,216.2,5.776844407878398,0.3547,4.22,1,1.73,0.709,1
51.81931228432338,64.77,0.3132642436005317,0.1703,9.69,1,0.52,0.861,1
19.80190074350038,24.75,8.920065454614013,0.302,1.08,0,0.0,0.671,0
239.74331669149907,299.68,4.477369461516445,0.3561,5.52,1,2.4,0.927,1
47.235400093879555,59.04,1.7787142993123617,0.2152,8.22,1,0.47,0.9,1
55.952004835732794,69.94,2.3931661770525823,0.0967,7.61,0,0.0,0.824,0
293.5302671967118,366.91,8.482390783296475,0.4304,1.52,1,2.94,0.646,0
215.17825544298924,268.97,1.0880616329778392,0.0468,8.91,1,2.15,0.995,1
75.14605248036675,93.93,9.252027440280624,0.4147,0.75,1,0.75,0.796,1
177.28468804548038,221.61,3.734626557914974,0.4183,6.27,0,0.0,0.781,0
160.233551520754,200.29,2.5108526486235103,0.2855,7.49,1,1.6,0.998,0
253.3419802541543,316.68,3.318586937448189,0.3147,6.68,1,2.53,0.946,0
218.7962243497873,273.5,4.089832198214342,0.179,5.91,0,0.0,0.783,1
249.51633764795577,311.9,5.481131289020319,0.4208,4.52,0,0.0,0.768,0
63.45197639320873,79.31,5.868074942897048,0.1319,4.13,1,0.63,0.638,1
192.06576131010155,240.08,4.4781927508636965,0.2799,5.52,1,1.92,0.971,1
12.072257525514097,15.09,4.463639079012585,0.0009,5.54,1,0.12,0.938,1
20.68218368376603,25.85,2.852997858078681,0.4699,7.15,0,0.0,0.724,0
214.0581098113792,267.57,3.838097597433485,0.4741,6.16,1,2.14,0.901,1
7.326030793179406,9.16,4.671383377594607,0.3552,5.33,0,0.0,0.905,1
173.92950267015277,217.41,5.975880235625633,0.2116,4.02,0,0.0,0.691,0
252.12152953335905,315.15,1.3069987900543634,0.0893,8.69,0,0.0,0.845,0
113.98254252540858,142.48,7.639737946224304,0.2462,2.36,1,1.14,0.702,0
13.452131051973836,16.82,6.805712306998642,0.3957,3.19,0,0.0,0.916,1
214.15423488861805,267.69,2.9876784978359483,0.3026,7.01,1,2.14,0.662,0
278.90593573924525,348.63,4.5934394225906185,0.2637,5.41,0,0.0,0.868,1
215.15141761748035,268.94,9.469289813292784,0.4247,0.53,0,0.0,0.73,0
173.53417290083257,216.92,0.2047738214023431,0.1566,9.8,0,0.0,0.614,1
69.00864896371802,86.26,8.113515984638678,0.43,1.89,1,0.69,0.649,0
4.612687213349098,5.77,5.117247049985317,0.2197,4.88,1,0.05,0.862,0
208.401632543716,260.5,6.188124919542187,0.0012,3.81,1,2.08,0.696,0
69.30785275328789,86.63,6.845325602172624,0.366,3.15,1,0.69,0.852,1
257.44880315470726,321.81,4.560201893210319,0.4389,5.44,0,0.0,0.766,0
139.9092356497834,174.89,1.9185960190220752,0.2422,8.08,0,0.0,0.877,1
159.19067471173688,198.99,9.095905649474766,0.2274,0.9,0,0.0,0.797,0
226.18096327991,282.73,7.40190756149783,0.4027,2.6,1,2.26,0.723,0
233.82918234100296,292.29,5.595896982706476,0.4424,4.4,1,2.34,0.658,1
192.79524992417043,240.99,4.4845638932583505,0.4872,5.52,0,0.0,0.736,0
281.5295446238229,351.91,4.993316283558479,0.1728,5.01,1,2.82,0.854,1
294.6895308961258,368.36,8.235382080304637,0.2973,1.76,0,0.0,0.896,0
284.06563331238505,355.08,0.1250340686098605,0.4115,9.87,1,2.84,0.664,0
247.25375560318307,309.07,8.65334994085471,0.2659,1.35,1,2.47,0.866,0
211.68756607327543,264.61,0.4675197313731183,0.2309,9.53,0,0.0,0.672,0
198.99775736450027,248.75,6.159130664662883,0.286,3.84,1,1.99,0.689,0
31.12505307616017,38.91,3.3312257248366963,0.1784,6.67,1,0.31,0.813,1
81.44530404573375,101.81,6.78236279375819,0.096,3.22,0,0.0,0.716,0
1.7064670588131103,2.13,0.8554291592996288,0.0333,9.14,1,0.02,0.865,0
41.22296107019756,51.53,5.56232545412449,0.305,4.44,1,0.41,0.982,1
131.7688431507565,164.71,8.55234217493191,0.1896,1.45,0,0.0,0.66,0
43.960965236722,54.95,4.946378599704953,0.4415,5.05,1,0.44,0.828,1
270.49902440302736,338.12,0.8434660185123666,0.1115,9.16,0,0.0,0.969,1
241.70975560058457,302.14,0.3737842475507569,0.1554,9.63,0,0.0,0.671,0
21.483573626855467,26.85,6.2120134881020554,0.4853,3.79,1,0.21,0.747,1
74.67411464017981,93.34,0.6953057612414115,0.2781,9.3,0,0.0,0.649,0
245.72156538345263,307.15,0.7128887210811641,0.1734,9.29,0,0.0,0.857,1
240.91383796796205,301.14,4.254395060107285,0.4304,5.75,1,2.41,0.868,0
283.6351650353366,354.54,2.0950831858953167,0.3717,7.9,1,2.84,0.866,0
299.26432848520807,374.08,2.0419589410671013,0.2866,7.96,1,2.99,0.817,0
292.88101897233656,366.1,4.809762149456699,0.4445,5.19,1,2.93,0.899,1
123.04139571643243,153.8,2.8080172732142747,0.047,7.19,1,1.23,0.614,1
75.09853314060967,93.87,2.192664942115845,0.1972,7.81,0,0.0,0.983,1
227.52305712811875,284.4,5.1441448828945,0.4053,4.86,0,0.0,0.689,0
89.78186782320924,112.23,2.9088373923896462,0.193,7.09,0,0.0,0.649,1
241.92010803939897,302.4,0.8022043531638945,0.4634,9.2,0,0.0,0.976,1
160.18641911937732,200.23,6.827390706070622,0.0763,3.17,1,1.6,0.932,1
238.17818257048617,297.72,5.856080205370945,0.1683,4.14,1,2.38,0.906,1
82.76396391510313,103.45,2.1211713909193053,0.2129,7.88,1,0.83,0.642,1
152.40819466614624,190.51,5.822463994478725,0.3435,4.18,1,1.52,0.923,0
169.2071380806546,211.51,9.555896609734708,0.0977,0.44,0,0.0,0.844,1
282.9324203160396,353.67,9.56478550717304,0.0049,0.44,1,2.83,0.893,0
79.97927304912518,99.97,5.31942410324527,0.4883,4.68,1,0.8,0.991,1
281.0064717854684,351.26,0.9802971603291089,0.4494,9.02,1,2.81,0.678,1
241.45767463971475,301.82,4.581855287065817,0.1501,5.42,0,0.0,0.802,1
219.26821622600855,274.09,0.2698338365163211,0.2417,9.73,1,2.19,0.901,0
236.06108075553755,295.08,4.152012799751491,0.2445,5.85,0,0.0,0.773,0
181.6275137640171,227.03,9.09418835037262,0.4346,0.91,1,1.82,0.622,0
73.22400313874576,91.53,4.674436907406102,0.2985,5.33,1,0.73,0.645,0
56.84849065195582,71.06,5.504873806392211,0.4132,4.5,1,0.57,0.841,0
259.90243075511717,324.88,1.5803650252481594,0.456,8.42,0,0.0,0.714,1
217.54182077874995,271.93,0.1565065223214323,0.283,9.84,0,0.0,0.655,0
63.96128482828472,79.95,9.933839887655749,0.1427,0.07,1,0.64,0.736,0
184.5280097623205,230.66,3.3825727599616595,0.2494,6.62,0,0.0,0.68,1
134.26394442426715,167.83,2.7934998249551546,0.4254,7.21,1,1.34,0.61,0
47.59655098892818,59.5,5.712816532238703,0.2918,4.29,1,0.48,0.661,1
159.55713280714932,199.45,7.453185330222183,0.4479,2.55,1,1.6,0.953,0
84.45572773992518,105.57,2.5140779799699997,0.4477,7.49,0,0.0,0.605,0
28.873237247271465,36.09,5.241238498885746,0.1867,4.76,0,0.0,0.91,0
140.08748956362325,175.11,3.3263562553531036,0.2241,6.67,1,1.4,0.901,0
177.03256562806854,221.29,4.809655076830037,0.339,5.19,0,0.0,0.826,1
14.071923114345154,17.59,1.6130991377323012,0.0555,8.39,0,0.0,0.683,0
120.62782482329904,150.78,5.101182798776449,0.2328,4.9,0,0.0,0.951,0
77.29857595100559,96.62,0.4734700273320202,0.0747,9.53,0,0.0,0.79,0
9.195177212169725,11.49,8.399973337741988,0.424,1.6,1,0.09,0.669,0
37.698764883451744,47.12,6.276596466245299,0.4714,3.72,1,0.38,0.772,1
41.71024764551326,52.14,9.414904308480027,0.0708,0.59,0,0.0,0.678,1
54.86227443539134,68.58,5.997319144454286,0.3337,4.0,0,0.0,0.75,1
241.01327143137635,301.27,1.8216608423243796,0.3183,8.18,0,0.0,0.799,0
131.84755994344175,164.81,4.840507597171934,0.38,5.16,1,1.32,0.744,0
44.12579768111606,55.16,6.646954268241627,0.3479,3.35,0,0.0,0.863,0
30.089090078366777,37.61,3.742233415152789,0.1086,6.26,1,0.3,0.974,0
89.38213761871172,111.73,5.526496803435799,0.1456,4.47,0,0.0,0.739,0
239.4046556113357,299.26,1.6268851112319915,0.0826,8.37,0,0.0,0.742,0
109.33795438189304,136.67,7.771241584188472,0.4606,2.23,1,1.09,0.895,1
47.969208088181425,59.96,9.09529968936054,0.2609,0.9,1,0.48,0.812,1
121.23485446384798,151.54,3.148765782309865,0.4881,6.85,1,1.21,0.772,1
166.59346718611724,208.24,7.933313883855585,0.2247,2.07,1,1.67,0.926,0
8.875255091404155,11.09,0.9194552677390466,0.2764,9.08,0,0.0,0.956,1
188.2925404320519,235.37,2.4670449027101404,0.3946,7.53,0,0.0,0.836,0
118.5302259044368,148.16,4.618700664554281,0.3986,5.38,1,1.19,0.674,0
2.917762539358315,3.65,3.8640712412950906,0.1156,6.14,1,0.03,0.787,0
202.16681968391427,252.71,6.196257858927499,0.1441,3.8,1,2.02,0.802,1
213.71629066879444,267.15,5.62984995992173,0.0489,4.37,1,2.14,0.773,1
188.65193656760485,235.81,0.872719850418815,0.4027,9.13,1,1.89,0.705,0
102.57906527952667,128.22,1.316944058870061,0.3969,8.68,0,0.0,0.789,0
158.88145621978833,198.6,0.5171162736109081,0.0406,9.48,0,0.0,0.779,0
116.1473118400306,145.18,9.52606716162192,0.1287,0.47,1,1.16,0.684,1
210.18651904790832,262.73,6.453442444845857,0.2249,3.55,0,0.0,0.961,0
175.0740558701066,218.84,8.555843954190156,0.2709,1.44,1,1.75,0.954,0
24.539734148234928,30.67,5.412638824270182,0.2613,4.59,0,0.0,0.904,1
192.92806746569923,241.16,1.9383818727885893,0.4915,8.06,1,1.93,0.76,1
206.17152430134047,257.71,6.266008797459321,0.3821,3.73,1,2.06,0.748,1
111.21065418440982,139.01,5.053389300922474,0.0566,4.95,0,0.0,0.887,1
262.7357342879113,328.42,4.081923354558905,0.1468,5.92,0,0.0,0.843,1
252.9043064534888,316.13,3.7180528124505106,0.1727,6.28,1,2.53,0.84,1
52.54995716992136,65.69,6.5007651948406036,0.1576,3.5,1,0.53,0.65,1
271.27989254576056,339.1,6.177616529946296,0.393,3.82,0,0.0,0.847,0
132.26171144852324,165.33,1.5156595803891315,0.1803,8.48,1,1.32,0.961,1
217.124895790288,271.41,8.1622205383446,0.2462,1.84,1,2.17,0.634,1
244.2291020901708,305.29,6.3609124497758165,0.2667,3.64,0,0.0,0.736,1
151.53372632090696,189.42,5.358084664073437,0.1352,4.64,0,0.0,0.804,0
119.73058181124472,149.66,7.489175202765641,0.1613,2.51,0,0.0,0.874,1
274.6354105845295,343.29,1.5366636672281764,0.39,8.46,0,0.0,0.636,0
69.25606588062696,86.57,9.197161658267827,0.4333,0.8,0,0.0,0.949,1
77.09102331574334,96.36,2.705872046339892,0.0185,7.29,1,0.77,0.616,1
108.48609420403112,135.61,2.6275737306111777,0.3026,7.37,1,1.08,0.943,1
257.83973339116966,322.3,8.149025513261611,0.3167,1.85,0,0.0,0.611,1
281.63647926392275,352.05,3.339912051558813,0.3687,6.66,1,2.82,0.661,1
66.02031442645855,82.53,8.307082212769568,0.3469,1.69,1,0.66,0.92,0
259.1610442893736,323.95,3.280098749024863,0.4387,6.72,1,2.59,0.944,1
77.46088784057079,96.83,5.50687983978904,0.0392,4.49,0,0.0,0.993,0
291.1923740249664,363.99,2.3084494278710976,0.1942,7.69,1,2.91,0.646,0
179.2223675944747,224.03,7.315203705938405,0.391,2.68,1,1.79,0.811,1
2.1259402342147182,2.66,1.6694110381430003,0.4233,8.33,0,0.0,0.631,1
10.238971221353363,12.8,8.994314860954711,0.1324,1.01,1,0.1,0.663,1
44.245359241412544,55.31,3.716488304234865,0.2926,6.28,0,0.0,0.67,0
56.27194734562701,70.34,4.715744816412769,0.0904,5.28,0,0.0,0.625,1
230.285736847979,287.86,0.2402189383677166,0.4254,9.76,1,2.3,0.957,1
66.82976292508496,83.54,9.75789966085688,0.3652,0.24,0,0.0,0.651,1
290.74248601495793,363.43,8.13175319768353,0.111,1.87,1,2.91,0.852,0
190.8336171608815,238.54,4.47008907267962,0.3119,5.53,0,0.0,0.85,1
207.75525277605533,259.69,9.202613390774264,0.2547,0.8,1,2.08,0.679,1
65.34495578556225,81.68,9.310596358226888,0.1294,0.69,0,0.0,0.999,0
267.81189422852543,334.76,5.3305212162826985,0.4466,4.67,1,2.68,0.739,1
200.34437184597945,250.43,2.338507914733705,0.0739,7.66,0,0.0,0.962,0
259.32168730255916,324.15,4.871103346434529,0.2337,5.13,1,2.59,0.979,1
286.9443291693681,358.68,3.247986070941764,0.2914,6.75,0,0.0,0.98,1
37.69229313287893,47.12,4.479856290105973,0.4118,5.52,0,0.0,0.901,1
28.9761690806837,36.22,9.113920307880752,0.0751,0.89,1,0.29,0.702,0
241.02234797689073,301.28,2.818345859290771,0.3046,7.18,0,0.0,0.648,1
259.8378177282511,324.8,8.389667946854404,0.0033,1.61,1,2.6,0.828,1
175.1284262633957,218.91,9.353010541718575,0.4113,0.65,1,1.75,0.744,1
109.80016432515616,137.25,8.050527875450753,0.1174,1.95,1,1.1,0.932,1
195.7888908225671,244.74,5.272533436388768,0.3605,4.73,1,1.96,0.898,0
91.6992217777372,114.62,5.639773121203394,0.3009,4.36,0,0.0,0.711,0
71.51570764604045,89.39,8.19634995719953,0.0251,1.8,0,0.0,0.607,0
146.44356285817963,183.05,0.4450081347360313,0.0916,9.55,0,0.0,0.695,1
64.84614828191391,81.06,7.359299907868354,0.1339,2.64,1,0.65,0.827,1
145.11108249455188,181.39,5.288674881796421,0.4434,4.71,1,1.45,0.632,1
286.9819516390716,358.73,3.971374429284489,0.2404,6.03,1,2.87,0.863,0
251.93521068521713,314.92,7.66927680682827,0.4568,2.33,1,2.52,0.869,1
282.4892758500067,353.11,2.6624722768987485,0.0237,7.34,0,0.0,0.668,0
241.8986924542076,302.37,8.955337277145652,0.0033,1.04,1,2.42,0.839,0
106.425280783883,133.03,6.8848777831403805,0.4741,3.12,0,0.0,0.843,0
243.61357156546777,304.52,6.101555896352644,0.362,3.9,1,2.44,0.791,0
276.8747230659642,346.09,5.2312029419884905,0.3917,4.77,1,2.77,0.981,0
284.1107363511163,355.14,2.12757658630509,0.4579,7.87,1,2.84,0.643,0
204.95935520549912,256.2,6.169449595305448,0.4923,3.83,1,2.05,0.763,1
63.40999314453395,79.26,7.249139803524669,0.0489,2.75,1,0.63,0.953,1
11.918746009407254,14.9,0.1168971786355932,0.0791,9.88,0,0.0,0.755,0
44.16006844804673,55.2,3.6641914766720185,0.0943,6.34,0,0.0,0.77,0
289.6640753681836,362.08,8.324640972876539,0.4092,1.68,0,0.0,0.867,0
138.62904725783082,173.29,6.322107934367826,0.1778,3.68,1,1.39,0.866,1
256.49580444961725,320.62,6.152704384238086,0.2966,3.85,1,2.56,0.609,1
139.51324606748733,174.39,2.286126851226337,0.4276,7.71,1,1.4,0.782,0
198.24527503795184,247.81,6.320887334765307,0.3416,3.68,1,1.98,0.733,0
7.242233136700094,9.05,7.861500672955101,0.0327,2.14,0,0.0,0.851,1
74.95948281581003,93.7,4.017563848625118,0.2228,5.98,1,0.75,0.822,0
130.8807840127768,163.6,1.8209214534304683,0.0338,8.18,1,1.31,0.86,0
189.18931414624896,236.49,0.7727425829522794,0.2394,9.23,1,1.89,0.862,0
51.45635641595355,64.32,5.056956664484349,0.1097,4.94,0,0.0,0.702,0
229.36543928114705,286.71,6.838585931499565,0.0007,3.16,1,2.29,0.699,1
109.3214118408712,136.65,1.6263926092975578,0.4066,8.37,1,1.09,0.748,0
245.23058077016532,306.54,4.214436249546587,0.4847,5.79,1,2.45,0.697,1
29.39072711852019,36.74,5.686432091443747,0.4821,4.31,1,0.29,0.873,1
203.92697630471156,254.91,1.558584239033678,0.1496,8.44,0,0.0,0.841,0
87.99849996195306,110.0,2.698899531093465,0.4144,7.3,0,0.0,0.687,0
238.61495223678537,298.27,6.084133860861324,0.3394,3.92,0,0.0,0.954,0
120.65112811272316,150.81,7.250239406185392,0.4,2.75,0,0.0,0.784,1
199.6048896790699,249.51,6.359934043418971,0.4231,3.64,1,2.0,0.651,0
280.29158059094203,350.36,7.136342123503726,0.4901,2.86,0,0.0,0.685,1
6.1879896041293065,7.73,5.815044788750149,0.0759,4.18,0,0.0,0.816,0
3.3350347003120895,4.17,8.358329113838208,0.3849,1.64,0,0.0,0.735,1
231.08377565301404,288.85,8.26735970871476,0.3671,1.73,0,0.0,0.94,1
193.91791545242344,242.4,7.962475338544346,0.1439,2.04,0,0.0,0.798,0
87.8939161513298,109.87,5.75458122131831,0.1963,4.25,1,0.88,0.966,0
148.3190108322787,185.4,9.941302019380815,0.0884,0.06,0,0.0,0.641,1
12.580699679660622,15.73,0.3911201381859774,0.4566,9.61,0,0.0,0.867,1
57.73368160837224,72.17,1.9565309990488744,0.4397,8.04,0,0.0,0.954,0
127.34891235815024,159.19,8.088772930153707,0.307,1.91,0,0.0,0.717,0
250.21332486644468,312.77,8.26292518921524,0.2558,1.74,1,2.5,0.654,0
143.90015485802545,179.88,8.187528212410646,0.1164,1.81,0,0.0,0.783,1
175.90875135779362,219.89,8.72713936059417,0.3948,1.27,1,1.76,0.985,0
262.1261375981341,327.66,4.226079360761709,0.0041,5.77,0,0.0,0.853,1
92.64567407665358,115.81,9.318335219365338,0.2314,0.68,0,0.0,0.858,0
210.20979633061677,262.76,2.09170478324485,0.4303,7.91,0,0.0,0.869,1
258.500177603476,323.13,9.369484890451078,0.3092,0.63,1,2.59,0.616,0
60.78471020885302,75.98,5.56678519625115,0.3176,4.43,0,0.0,0.778,0
106.94344954434976,133.68,1.6388407215584788,0.0354,8.36,0,0.0,0.631,0
293.9430521668065,367.43,7.360771069630338,0.1434,2.64,1,2.94,0.726,1
294.9655694388633,368.71,2.9587926530253505,0.3369,7.04,1,2.95,0.929,1
66.96897908818137,83.71,2.204575831355009,0.0248,7.8,1,0.67,0.863,1
19.933751667788435,24.92,1.7207526969329543,0.1655,8.28,1,0.2,0.998,0
81.27648339301587,101.6,0.29405314036131,0.177,9.71,0,0.0,0.669,0
119.31958719110618,149.15,7.646540134633554,0.2494,2.35,0,0.0,0.759,1
132.3016802793491,165.38,4.865042728662444,0.1812,5.13,0,0.0,0.924,0
185.64189219912708,232.05,9.787321469668075,0.2271,0.21,0,0.0,0.686,0
269.8508280394639,337.31,4.392715708882978,0.2735,5.61,1,2.7,0.661,1
99.10440357214874,123.88,8.433505485365966,0.0642,1.57,0,0.0,0.771,0
254.99536064976255,318.74,9.68094633034968,0.0902,0.32,1,2.55,0.753,0
28.043676277988073,35.05,0.2246206962439079,0.4163,9.78,0,0.0,0.992,0
12.562409691964415,15.7,1.0531889064984357,0.2299,8.95,1,0.13,0.783,0
151.21355493703837,189.02,3.4786376978182334,0.1776,6.52,0,0.0,0.944,0
17.89866699918147,22.37,8.70116187772296,0.2169,1.3,0,0.0,0.955,0
117.74694037026904,147.18,8.379504467636632,0.0874,1.62,1,1.18,0.663,0
269.03343506077033,336.29,3.6673502408521506,0.1199,6.33,1,2.69,0.886,1
72.44491086224201,90.56,1.999040307411092,0.2578,8.0,0,0.0,0.711,1
211.79273253747095,264.74,8.023208818159056,0.1795,1.98,1,2.12,0.638,1
90.70961771702008,113.39,5.969145890621811,0.2377,4.03,0,0.0,0.95,0
13.47601657264068,16.85,0.3160046733992883,0.0749,9.68,1,0.13,0.717,1
167.0071744230928,208.76,8.042159327204306,0.0782,1.96,1,1.67,0.738,0
250.4560471610255,313.07,9.56960866359293,0.192,0.43,0,0.0,0.73,1
122.84053450278584,153.55,0.4208699164934759,0.1894,9.58,0,0.0,0.68,1
185.18814793742612,231.49,2.8587360281501906,0.4417,7.14,1,1.85,0.774,1
270.0070792973178,337.51,8.194649758479372,0.0167,1.81,1,2.7,0.771,0
236.9083538210963,296.14,5.846496826863526,0.4964,4.15,0,0.0,0.764,0
58.16291981784579,72.7,9.89356224660474,0.4783,0.11,0,0.0,0.967,0
220.01518780950173,275.02,9.155030040013848,0.2711,0.84,0,0.0,0.736,0
150.5679075480456,188.21,1.782715463258302,0.3594,8.22,0,0.0,0.612,0
223.79004236582543,279.74,6.740282646394133,0.4676,3.26,1,2.24,0.671,1
148.35466515666545,185.44,6.5328698007528665,0.1256,3.47,1,1.48,0.889,1
38.38744923249086,47.98,1.1085727955518776,0.1578,8.89,0,0.0,0.836,1
170.97283400677173,213.72,0.8951893664500477,0.0555,9.1,0,0.0,0.981,1
147.64019771920198,184.55,5.694441170406773,0.2819,4.31,0,0.0,0.878,1
155.37652009243254,194.22,4.029731301837934,0.0797,5.97,0,0.0,0.678,1
263.6707360937611,329.59,5.454459152092675,0.4654,4.55,0,0.0,0.648,1
268.4511140118754,335.56,2.388284549093096,0.2158,7.61,0,0.0,0.808,1
136.0611320297155,170.08,5.566630351737095,0.4598,4.43,1,1.36,0.866,0
136.7196123840265,170.9,3.833953018042254,0.1025,6.17,0,0.0,0.666,0
154.5560876617848,193.2,8.875375179937233,0.347,1.12,1,1.55,0.841,0
155.87678350027707,194.85,3.060866626622303,0.3238,6.94,0,0.0,0.946,1
285.1161432537338,356.4,8.70834554126059,0.1998,1.29,1,2.85,0.891,1
194.82014021324804,243.53,3.899923627535231,0.4492,6.1,1,1.95,0.866,1
83.23709846638319,104.05,5.7816588862195495,0.2174,4.22,0,0.0,0.916,1
159.461039086197,199.33,2.8637704020974617,0.0992,7.14,0,0.0,0.642,1
188.1670748723949,235.21,8.09088950259691,0.4885,1.91,1,1.88,0.682,1
191.93151630418936,239.91,8.43646554009774,0.2207,1.56,1,1.92,0.615,1
175.5762678714548,219.47,8.090503772174257,0.104,1.91,1,1.76,0.658,1
53.320846386461206,66.65,6.398364724874087,0.1818,3.6,1,0.53,0.965,0
10.077956723852244,12.6,3.047840973083749,0.3068,6.95,0,0.0,0.689,0
101.35291571005632,126.69,6.364882997680371,0.256,3.64,0,0.0,0.865,0
128.25664636807608,160.32,9.595116774169105,0.3176,0.4,1,1.28,0.877,0
18.54127187282598,23.18,6.483853537826265,0.3309,3.52,1,0.19,0.858,0
244.49020140595383,305.61,9.563930075226448,0.0617,0.44,1,2.44,0.822,0
103.22323125308212,129.03,3.045804527421032,0.1574,6.95,0,0.0,0.794,1
274.0898238535514,342.61,8.460010706679064,0.3744,1.54,0,0.0,0.768,1
46.32303235267955,57.9,7.184684836356347,0.3252,2.82,1,0.46,0.967,1
17.08048708119403,21.35,8.19204086633173,0.0442,1.81,0,0.0,0.604,1
144.69483131589652,180.87,7.107629667221267,0.1576,2.89,0,0.0,0.621,0
56.738801047711995,70.92,4.803628651706435,0.4657,5.2,0,0.0,0.797,1
281.21978267335834,351.52,6.865749800288384,0.431,3.13,1,2.81,0.732,0
3.0910195361216863,3.86,9.320899127098418,0.3353,0.68,1,0.03,0.763,0
123.78590251771048,154.73,4.175411838304244,0.0364,5.82,1,1.24,0.999,0
278.0243314035505,347.53,9.517452922729609,0.3035,0.48,0,0.0,0.91,1
115.32546201893052,144.16,0.493999865925564,0.0061,9.51,1,1.15,0.951,1
27.932784180138228,34.92,0.1417268193799115,0.3306,9.86,0,0.0,0.747,0
90.86848285853613,113.59,4.938028527258586,0.3656,5.06,1,0.91,0.696,1
149.40311815033004,186.75,8.485129521578092,0.2486,1.51,0,0.0,0.907,1
55.54550620299993,69.43,2.478353593303696,0.0019,7.52,1,0.56,0.923,1
139.96851154297858,174.96,6.934238558478305,0.3333,3.07,0,0.0,0.82,0
250.90295873575124,313.63,5.46904970873308,0.4099,4.53,0,0.0,0.958,1
261.7853910589839,327.23,2.9079510898186154,0.2929,7.09,1,2.62,0.987,0
14.778220413219634,18.47,2.8579339372217683,0.3546,7.14,0,0.0,0.788,0
48.27100741577205,60.34,0.7327620077727193,0.0452,9.27,0,0.0,0.689,1
82.58704073004125,103.23,5.362140230741099,0.3577,4.64,1,0.83,0.807,1
178.45975526628055,223.07,4.501409133320443,0.3071,5.5,0,0.0,0.996,0
108.29842763774012,135.37,2.8942301829800856,0.1655,7.11,0,0.0,0.717,0
253.21227403382264,316.52,9.704323583700267,0.3427,0.3,0,0.0,0.847,1
215.00156048488128,268.75,8.18474749048009,0.3228,1.82,0,0.0,0.878,0
30.136806934052466,37.67,5.249508423024674,0.2997,4.75,0,0.0,0.686,1
187.36725075362736,234.21,5.217042482234485,0.0915,4.78,0,0.0,0.835,1
33.90378760409353,42.38,1.9361168488586469,0.1481,8.06,1,0.34,0.726,1
76.51070089093803,95.64,6.491272371372258,0.4957,3.51,0,0.0,0.942,1
53.36119006026841,66.7,9.536354932363338,0.2166,0.46,1,0.53,0.886,1
51.91858476021148,64.9,8.982895107607705,0.0297,1.02,1,0.52,0.931,0
184.91865743305777,231.15,0.8477102725510055,0.4495,9.15,1,1.85,0.68,1
169.08147676624844,211.35,0.5309719064580909,0.0865,9.47,1,1.69,0.614,1
52.808445836318064,66.01,9.612450460281584,0.2018,0.39,0,0.0,0.94,1
297.0518416255295,371.31,1.9990584534360711,0.139,8.0,1,2.97,0.755,0
126.55101971048812,158.19,5.50414087371273,0.4819,4.5,0,0.0,0.672,1
29.12079844648099,36.4,0.7470980594293297,0.189,9.25,1,0.29,0.637,0
36.17070508653454,45.21,8.432975574322864,0.3544,1.57,1,0.36,0.807,1
175.1681141179784,218.96,1.1786451158659828,0.2992,8.82,1,1.75,0.66,1
293.72082101504185,367.15,6.437571480993103,0.0215,3.56,1,2.94,0.827,0
171.58533048575936,214.48,0.56627980179349,0.1922,9.43,1,1.72,0.891,0
284.7124429849911,355.89,1.566718764438576,0.195,8.43,0,0.0,0.814,1
133.23985522740804,166.55,5.121410776433252,0.4949,4.88,1,1.33,0.961,0
130.7523310956036,163.44,0.4568525843906346,0.406,9.54,1,1.31,0.662,1
150.00220779476467,187.5,1.9561277372189856,0.4283,8.04,0,0.0,0.798,0
209.22763744666656,261.53,1.3617230320916651,0.1568,8.64,1,2.09,0.665,1
110.2847899353998,137.86,0.4057503078850044,0.1645,9.59,1,1.1,0.95,0
259.1658098036871,323.96,9.709967702164128,0.2578,0.29,1,2.59,0.973,1
8.78441543044387,10.98,4.501662835127005,0.3155,5.5,0,0.0,0.76,1
131.9292585085327,164.91,8.58935824585478,0.3641,1.41,1,1.32,0.722,0
153.29755499397535,191.62,3.5822275925375866,0.4104,6.42,1,1.53,0.712,1
182.10967147892885,227.64,0.4259196948475474,0.4366,9.57,1,1.82,0.944,0
82.82157370975898,103.53,6.9565377113055105,0.0123,3.04,0,0.0,0.873,0
128.2439912957506,160.3,0.3875419122793699,0.398,9.61,0,0.0,0.952,0
145.361325064217,181.7,5.527822218009773,0.3054,4.47,0,0.0,0.647,0
206.072993604964,257.59,1.3911201722153954,0.266,8.61,1,2.06,0.79,1
232.06325542074416,290.08,6.708169732531327,0.3142,3.29,1,2.32,0.87,1
221.34819820313615,276.69,8.92703902513833,0.441,1.07,0,0.0,0.959,1
102.4749156868756,128.09,9.557638056834511,0.2726,0.44,1,1.02,0.753,0
299.83515689758906,374.79,5.277763513504874,0.0811,4.72,0,0.0,0.725,1
254.59959353615383,318.25,5.327037214920525,0.2184,4.67,1,2.55,0.965,0
78.00701194349068,97.51,0.3827904682605187,0.4622,9.62,1,0.78,0.619,1
58.53174170184826,73.16,7.698761428789026,0.4072,2.3,1,0.59,0.792,0
94.20637517501714,117.76,9.562084155287296,0.1015,0.44,0,0.0,0.783,1
135.70345589989347,169.63,4.382341238205752,0.3571,5.62,0,0.0,0.658,1
255.23981349588416,319.05,7.936920969109725,0.1281,2.06,1,2.55,0.758,1
233.50867913836032,291.89,7.974564902529456,0.1743,2.03,0,0.0,0.889,1
255.3738370517628,319.22,7.857008567790105,0.2345,2.14,0,0.0,0.747,1
81.58713447309854,101.98,7.586809663987905,0.2204,2.41,1,0.82,0.724,1
178.03836673555085,222.55,2.1509673667359563,0.0146,7.85,0,0.0,0.913,1
84.97471868321233,106.22,7.51424870163106,0.387,2.49,1,0.85,0.995,0
32.706948215847945,40.88,1.443953811426587,0.4232,8.56,0,0.0,0.912,1
205.2593230424042,256.57,7.12503036424561,0.2655,2.87,0,0.0,0.939,0
42.89926535863163,53.62,0.0353878782163497,0.0865,9.96,1,0.43,0.976,0
200.30932851194143,250.39,9.188250381679133,0.124,0.81,0,0.0,0.921,0
194.38929147162273,242.99,8.27388811793592,0.0632,1.73,1,1.94,0.992,1
243.0745333272051,303.84,6.829634607290247,0.0848,3.17,1,2.43,0.899,0
41.86638136906931,52.33,0.9446777906975468,0.4382,9.06,0,0.0,0.865,0
235.04404455264327,293.81,8.249885515593165,0.2401,1.75,0,0.0,0.877,0
299.7829577838711,374.73,8.751738143940646,0.0555,1.25,0,0.0,0.96,0
255.31273457577063,319.14,6.879878035234844,0.1274,3.12,0,0.0,0.873,0
225.54362289829987,281.93,9.758866341067728,0.4748,0.24,0,0.0,0.904,1
198.6496064084123,248.31,0.9287936845728872,0.2546,9.07,0,0.0,0.686,1
126.53444540562884,158.17,7.086495819268754,0.2578,2.91,0,0.0,0.965,0
219.15005036748067,273.94,5.247960346509216,0.2628,4.75,1,2.19,0.779,1
217.25341054213595,271.57,1.4560612881076818,0.0558,8.54,1,2.17,0.664,1
189.4494848061865,236.81,6.584141132768266,0.4852,3.42,0,0.0,0.92,1
238.88351348934853,298.6,7.995282251267609,0.0422,2.0,1,2.39,0.743,1
134.6291665280504,168.29,1.647482411411867,0.35,8.35,1,1.35,0.674,1
36.375813639717194,45.47,7.934907105441765,0.0289,2.07,1,0.36,0.703,1
167.72031828277122,209.65,0.9297062266970546,0.2218,9.07,0,0.0,0.614,0
79.51305861340279,99.39,5.914001110406538,0.4498,4.09,1,0.8,0.636,0
115.32992922874506,144.16,7.984701094378824,0.3842,2.02,0,0.0,0.837,0
5.224471182367807,6.53,1.4595683414299154,0.1673,8.54,0,0.0,0.946,1
114.837176375365,143.55,5.715190947145378,0.2757,4.28,1,1.15,0.779,0
242.6403318406364,303.3,4.248782139325751,0.0826,5.75,0,0.0,0.85,1
162.81671008147646,203.52,6.072753871796142,0.4781,3.93,1,1.63,0.924,0
2.940158080191313,3.68,4.242217004099648,0.3543,5.76,0,0.0,0.743,1
140.9531460719542,176.19,2.509118689221046,0.1871,7.49,0,0.0,0.862,0
87.43549429362223,109.29,2.5381089902637477,0.159,7.46,1,0.87,0.74,0
143.26519661915134,179.08,8.647001870307227,0.1193,1.35,1,1.43,0.857,1
121.40781643436311,151.76,1.5645431795312237,0.3933,8.44,0,0.0,0.687,0
279.5937658672145,349.49,1.2311425121332795,0.2173,8.77,1,2.8,0.991,0
12.353189688904742,15.44,0.9707914370546212,0.1651,9.03,0,0.0,0.63,0
205.0764033845797,256.35,0.7415476634728724,0.4526,9.26,1,2.05,0.802,0
255.30797889052243,319.13,0.1449218911181804,0.0751,9.86,1,2.55,0.715,0
287.77157539514263,359.71,1.6040583596478877,0.1319,8.4,1,2.88,0.84,1
53.29086796328877,66.61,1.9272743490335056,0.1724,8.07,0,0.0,0.771,0
159.39144058985818,199.24,2.697240602612736,0.1299,7.3,1,1.59,0.723,1
13.076873195163577,16.35,1.2403948013757915,0.2927,8.76,1,0.13,0.7,0
149.75505733652656,187.19,0.9415585392028992,0.3005,9.06,1,1.5,0.673,1
37.637426862294575,47.05,5.414767257001557,0.0274,4.59,0,0.0,0.913,1
251.36900240961404,314.21,7.186864427149057,0.0723,2.81,0,0.0,0.689,1
34.16100078160945,42.7,6.301871773665716,0.0993,3.7,1,0.34,0.909,1
153.9865081159486,192.48,5.567063689611976,0.0352,4.43,1,1.54,0.794,0
156.32882069782613,195.41,4.405637721449968,0.0624,5.59,1,1.56,0.629,1
291.49514937948163,364.37,6.339802481057929,0.1198,3.66,0,0.0,0.666,0
196.49420821166643,245.62,9.018667707279969,0.1728,0.98,0,0.0,0.957,0
86.35208792304057,107.94,6.274184214806877,0.3957,3.73,0,0.0,0.841,0
72.23979298144154,90.3,0.6086108199470874,0.109,9.39,0,0.0,0.674,1
38.474461693519466,48.09,5.7041888831322325,0.335,4.3,1,0.38,0.882,1
226.95441721471784,283.69,5.242144580716239,0.0289,4.76,1,2.27,0.929,0
207.2269968547016,259.03,4.5202324751568,0.3291,5.48,1,2.07,0.732,0
182.9631381924318,228.7,5.687953100031541,0.3974,4.31,0,0.0,0.823,0
12.252132884996502,15.32,6.72617662805434,0.3024,3.27,0,0.0,0.717,0
228.84865991828835,286.06,0.3726009309778499,0.1007,9.63,0,0.0,0.632,0
192.56627314454377,240.71,4.802008939925013,0.1652,5.2,0,0.0,0.76,0
289.1666604331465,361.46,8.172280331031875,0.4026,1.83,0,0.0,0.901,1
176.16063896304362,220.2,5.307772030827502,0.216,4.69,0,0.0,0.783,0
91.18557199851244,113.98,0.6785778951771682,0.1276,9.32,1,0.91,0.762,0
114.45616565679607,143.07,7.750699910960956,0.4663,2.25,1,1.14,0.746,1
52.75221161346975,65.94,9.413315573960473,0.3187,0.59,0,0.0,0.784,0
216.87425466041557,271.09,8.518439579993276,0.4029,1.48,0,0.0,0.727,0
212.3164980065176,265.4,3.625687995640844,0.0123,6.37,0,0.0,0.845,1
60.19500464330287,75.24,5.348238386854501,0.1697,4.65,0,0.0,0.625,0
47.54679695468358,59.43,5.913121563637303,0.2294,4.09,1,0.48,0.923,1
23.101479960658377,28.88,7.157985863286739,0.2937,2.84,0,0.0,0.669,0
273.5927231045276,341.99,6.66068791706841,0.095,3.34,0,0.0,0.853,1
69.92095010845534,87.4,1.9907146656826913,0.249,8.01,1,0.7,0.78,0
103.2490580255412,129.06,8.43038389764221,0.3428,1.57,0,0.0,0.909,1
84.15135251324719,105.19,8.491823932278791,0.1729,1.51,0,0.0,0.93,0
124.08738078323732,155.11,4.043515735784632,0.3457,5.96,0,0.0,0.682,0
214.214639814745,267.77,1.3091469920929275,0.1948,8.69,1,2.14,0.871,0
261.1786901178853,326.47,6.085667462586573,0.2347,3.91,0,0.0,0.676,0
54.779624858562045,68.47,3.5725992793701056,0.0671,6.43,0,0.0,0.65,1
205.9237031223495,257.4,7.413906287144535,0.3256,2.59,0,0.0,0.972,1
105.76864267274556,132.21,3.156571051090822,0.1121,6.84,1,1.06,0.666,0
294.15815048918785,367.7,2.6299927582891227,0.4144,7.37,0,0.0,0.691,1
89.67574778522305,112.09,8.677103715760776,0.2767,1.32,0,0.0,0.652,1
2.157886802357989,2.7,6.158205355576581,0.2801,3.84,1,0.02,0.788,1
154.69199220595357,193.36,0.8599164334891518,0.4562,9.14,0,0.0,0.968,1
45.21932528278132,56.52,6.893628472487631,0.0837,3.11,0,0.0,0.706,0
13.34832804551973,16.69,7.5273355140130525,0.2651,2.47,1,0.13,0.817,1
209.48076958431255,261.85,2.3520361343330687,0.1911,7.65,1,2.09,0.765,1
219.67778475253695,274.6,9.67656347628024,0.4832,0.32,1,2.2,0.734,1
138.20970393495077,172.76,3.7285824655741817,0.3964,6.27,1,1.38,0.829,0
203.0656550269732,253.83,9.405738497374,0.3788,0.59,0,0.0,0.824,0
161.47183447414017,201.84,2.9361692341972665,0.1021,7.06,1,1.61,0.744,0
188.9403323165795,236.18,6.091959811824065,0.1187,3.91,1,1.89,0.94,1
179.01119195638836,223.76,5.1756986563646254,0.0146,4.82,0,0.0,0.621,1
199.74682921667772,249.68,9.921585439371585,0.3193,0.08,0,0.0,0.634,1
59.88919460195138,74.86,4.083556093405944,0.1854,5.92,1,0.6,0.996,1
80.61198601101006,100.76,1.7929066347870692,0.156,8.21,0,0.0,0.899,1
131.9889448523076,164.99,8.332088631001625,0.3185,1.67,1,1.32,0.922,0
133.8384028257559,167.3,0.4204416186379001,0.4143,9.58,0,0.0,0.841,1
232.32351347607127,290.4,8.849560288420035,0.0665,1.15,0,0.0,0.768,1
110.2180977688596,137.77,1.1058949341845148,0.4593,8.89,1,1.1,0.852,1
48.75154681775471,60.94,5.720124379700259,0.0171,4.28,0,0.0,0.637,1
75.43979114732277,94.3,7.134153177216462,0.0476,2.87,1,0.75,0.903,0
64.42005071526852,80.53,3.3632334059448654,0.4191,6.64,1,0.64,0.816,1
219.4980057768066,274.37,8.447414399072859,0.2464,1.55,0,0.0,0.983,1
141.10188438779463,176.38,5.93704969395665,0.4696,4.06,1,1.41,0.855,0
212.58920939129504,265.74,3.951558903721903,0.2308,6.05,1,2.13,0.661,0
124.86590422728808,156.08,3.253635301229054,0.4631,6.75,0,0.0,0.791,1
266.9206807511716,333.65,1.1200823635565582,0.1198,8.88,0,0.0,0.623,1
295.05609231682035,368.82,6.403635609608673,0.3082,3.6,1,2.95,0.898,0
200.95275261078348,251.19,3.6404294633312686,0.4972,6.36,1,2.01,0.801,1
259.14376717086566,323.93,3.205605485389965,0.188,6.79,1,2.59,0.748,1
152.3799801516188,190.47,9.49947982385804,0.0007,0.5,0,0.0,0.987,1
280.3862521061724,350.48,2.7279758902420426,0.032,7.27,1,2.8,0.976,0
249.4759457018484,311.84,8.765651106968745,0.4295,1.23,0,0.0,0.981,1
297.53357152981175,371.92,9.74896022102599,0.2459,0.25,0,0.0,0.688,1
186.92812059833415,233.66,8.227399488268741,0.2684,1.77,0,0.0,0.891,1
233.76202208046857,292.2,0.1951706326246682,0.3997,9.8,1,2.34,0.978,1
162.86044199346404,203.58,8.68623990039137,0.4058,1.31,0,0.0,0.828,1
77.73603128142685,97.17,2.1341533721810513,0.2387,7.87,0,0.0,0.686,1
106.42655133892733,133.03,3.532776258508198,0.429,6.47,1,1.06,0.927,0
268.2016244193948,335.25,9.915831928618193,0.2342,0.08,0,0.0,0.952,1
16.78438397958617,20.98,4.049778594456094,0.3375,5.95,0,0.0,0.881,0
177.44396582232244,221.8,6.548348906748201,0.0167,3.45,1,1.77,0.717,1
111.7452097512326,139.68,3.107191871312145,0.069,6.89,1,1.12,0.676,1
116.00776140166673,145.01,3.694286686683303,0.4257,6.31,0,0.0,0.85,0
265.3713619241302,331.71,5.976253284562725,0.1566,4.02,1,2.65,0.793,1
256.14671236386795,320.18,9.48285745751583,0.1674,0.52,1,2.56,0.868,0
179.6527126717406,224.57,2.8245556479775615,0.3315,7.18,1,1.8,0.645,0
81.87565422130018,102.34,2.4736600704314373,0.2963,7.53,1,0.82,0.654,1
142.6369038486072,178.3,0.2627456031378128,0.0411,9.74,1,1.43,0.745,1
122.4880181367648,153.11,2.021088033119766,0.3829,7.98,0,0.0,0.704,0
106.0854087607486,132.61,2.6241255486961066,0.3086,7.38,1,1.06,0.848,1
30.835673567188927,38.54,0.628757569783529,0.4277,9.37,1,0.31,0.747,0
162.93416601459612,203.67,5.636087787025711,0.2677,4.36,0,0.0,0.874,0
90.54938936234508,113.19,1.2676436057506824,0.2072,8.73,0,0.0,0.908,0
198.24238287825852,247.8,5.110763989919864,0.1857,4.89,1,1.98,0.675,0
95.76118074765922,119.7,1.8898131907785165,0.0022,8.11,1,0.96,0.968,1
129.34904794044053,161.69,9.357255016134928,0.0199,0.64,1,1.29,0.915,0
15.70811225832226,19.64,3.0709756170129943,0.0656,6.93,0,0.0,0.851,0
297.7614209716433,372.2,0.9292847481624544,0.4648,9.07,0,0.0,0.964,1
152.28311498255275,190.35,8.361543253914007,0.4403,1.64,1,1.52,0.706,1
7.271278249251845,9.09,4.0203637719033285,0.2486,5.98,1,0.07,0.769,0
162.36919762834322,202.96,8.201209154888202,0.0901,1.8,1,1.62,0.634,1
261.1061997916949,326.38,3.124895831368173,0.0731,6.88,1,2.61,0.782,1
231.7656402798608,289.71,5.000377757737882,0.1281,5.0,1,2.32,0.803,0
210.27200523883624,262.84,4.453573021401241,0.4544,5.55,1,2.1,0.846,1
41.83939637971047,52.3,5.579063506309532,0.2607,4.42,1,0.42,0.626,1
197.3211236962417,246.65,4.016511853514107,0.402,5.98,0,0.0,0.613,1
229.88951340367808,287.36,4.96802150626242,0.2534,5.03,1,2.3,0.768,1
171.72571918964897,214.66,6.793275175924674,0.3047,3.21,0,0.0,0.676,0
267.8247013561055,334.78,4.146827782946909,0.3051,5.85,1,2.68,0.904,0
83.09693453546562,103.87,6.8440474642047295,0.0157,3.16,0,0.0,0.867,0
72.64340992177517,90.8,7.143019192182636,0.2226,2.86,1,0.73,0.73,0
260.87092348279384,326.09,7.489267656439594,0.432,2.51,1,2.61,0.618,0
187.6194728974357,234.52,4.709368360406005,0.2445,5.29,1,1.88,0.673,1
0.4341661562997978,0.54,0.0379008043844597,0.2177,9.96,1,0.0,0.877,1
105.93942255331577,132.42,7.53511072664483,0.2633,2.46,0,0.0,0.996,1
257.35679574440235,321.7,9.090851179232866,0.1904,0.91,1,2.57,0.731,1
8.195853492522986,10.24,6.526178754545597,0.2577,3.47,1,0.08,0.921,1
0.9743784784526645,1.22,5.245470241127357,0.0677,4.75,1,0.01,0.947,1
84.37778715753893,105.47,5.595913257775841,0.484,4.4,0,0.0,0.619,1
274.2000111027834,342.75,6.408117587256513,0.0171,3.59,0,0.0,0.966,1
270.4432744410049,338.05,9.985246449493715,0.2416,0.01,1,2.7,0.786,0
155.62858374045237,194.54,0.6205593784212471,0.105,9.38,0,0.0,0.986,0
165.97106134188678,207.46,0.2118289725382138,0.0292,9.79,0,0.0,0.815,0
99.60240339515664,124.5,9.641679798548717,0.3259,0.36,0,0.0,0.694,1
73.12099860834296,91.4,4.404746378390567,0.4926,5.6,1,0.73,0.99,1
244.56655626363548,305.71,6.123536933195347,0.3748,3.88,1,2.45,0.697,0
31.88845814989243,39.86,7.534409448193379,0.127,2.47,1,0.32,0.953,1
146.20631126359072,182.76,7.420962301667162,0.2467,2.58,1,1.46,0.669,0
190.31917784912537,237.9,6.471941931347221,0.0249,3.53,0,0.0,0.87,1
31.104087111308765,38.88,4.7189153801389185,0.2658,5.28,1,0.31,0.765,1
155.88212864170384,194.85,5.760782509111123,0.0497,4.24,0,0.0,0.989,0
173.25638637373294,216.57,7.2964601631598764,0.3973,2.7,0,0.0,0.674,0
222.74881815220945,278.44,8.508145164357192,0.0284,1.49,1,2.23,0.764,0
70.45081474425986,88.06,1.2730404705016618,0.0047,8.73,0,0.0,0.856,0
87.9982509872275,110.0,2.7795860462031587,0.4308,7.22,1,0.88,0.991,0
170.85634398991004,213.57,3.975947591066645,0.4713,6.02,0,0.0,0.722,0
294.93792299448427,368.67,6.65498262669918,0.0433,3.35,0,0.0,0.759,1
65.24795484603433,81.56,3.9567141468796496,0.1395,6.04,1,0.65,0.785,1
295.77114813703923,369.71,2.388850474504963,0.3708,7.61,1,2.96,0.701,0
214.30275991634437,267.88,0.3314297977827274,0.2698,9.67,1,2.14,0.927,1
247.82462088900695,309.78,8.425079412233755,0.4746,1.57,1,2.48,0.637,0
26.892380470901767,33.62,4.1893376292112166,0.1946,5.81,1,0.27,0.882,1
90.12605622918969,112.66,3.292289989156428,0.0017,6.71,1,0.9,0.814,0
17.320883895294315,21.65,5.308262211269705,0.0099,4.69,1,0.17,0.697,0
111.46409850095256,139.33,1.2291978669292214,0.2824,8.77,1,1.11,0.797,1
294.3868979760156,367.98,3.9735835809715647,0.3761,6.03,1,2.94,0.932,0
31.581918661901543,39.48,7.5178573799957,0.3953,2.48,0,0.0,0.778,0
168.71183471135984,210.89,7.361174491492485,0.4558,2.64,0,0.0,0.649,1
1.821186844143696,2.28,7.718963632997901,0.1145,2.28,0,0.0,0.616,1
213.8048448132188,267.26,4.674170921022291,0.3692,5.33,1,2.14,0.911,1
59.15780771161232,73.95,3.6891372423754754,0.4135,6.31,0,0.0,0.732,1
38.875361137428875,48.59,8.31440498555537,0.4181,1.69,0,0.0,0.972,1
101.10534364823629,126.38,1.7329103788778633,0.2058,8.27,1,1.01,0.847,0
231.3132893816945,289.14,7.251377801454165,0.313,2.75,0,0.0,0.775,0
31.98392589336324,39.98,8.879472934965285,0.2758,1.12,0,0.0,0.826,0
68.95169873960862,86.19,2.861522782941136,0.2987,7.14,1,0.69,0.783,1
2.539326485192861,3.17,1.9779542221686552,0.141,8.02,0,0.0,0.962,0
290.52445880868544,363.16,5.125246047037462,0.3416,4.87,1,2.91,0.783,1
177.64367999665916,222.05,2.1639068191539765,0.355,7.84,1,1.78,0.642,1
215.96989091540985,269.96,8.707685182029014,0.098,1.29,0,0.0,0.839,1
195.41495134680432,244.27,2.4441690100751923,0.2218,7.56,1,1.95,0.849,0
43.30936766090231,54.14,3.139659214637672,0.2111,6.86,0,0.0,0.906,1
178.48198169819824,223.1,8.884195415912142,0.3745,1.12,0,0.0,0.973,0
39.42467854237863,49.28,2.056216199692914,0.3333,7.94,0,0.0,0.777,1
120.37093618893836,150.46,8.84784025866664,0.2381,1.15,1,1.2,0.741,1
170.6889407775879,213.36,2.098029593968395,0.3263,7.9,1,1.71,0.796,0
167.66433423064677,209.58,9.118056614440212,0.1314,0.88,0,0.0,0.96,0
35.72202779482229,44.65,3.176419030961477,0.1162,6.82,0,0.0,0.992,1
10.330790893956651,12.91,2.462345914681656,0.12,7.54,1,0.1,0.988,1
239.47029416214417,299.34,4.77189771013983,0.0147,5.23,0,0.0,0.692,0
217.7767310988016,272.22,3.692235033229837,0.3455,6.31,1,2.18,0.799,1
24.545671369421417,30.68,2.017496870382438,0.4929,7.98,0,0.0,0.704,0
38.22465564046603,47.78,3.383537980893472,0.1545,6.62,0,0.0,0.747,1
267.7751329168861,334.72,7.132293432218551,0.4649,2.87,0,0.0,0.613,0
230.738670486534,288.42,8.31900638090606,0.3033,1.68,0,0.0,0.664,1
298.84808886500224,373.56,8.207618315441728,0.1125,1.79,0,0.0,0.759,0
76.1962347615065,95.25,7.568172484004919,0.0059,2.43,1,0.76,0.746,0
146.34089666064446,182.93,0.0543515248519144,0.3619,9.95,1,1.46,0.712,1
70.93787281870671,88.67,4.266039471220747,0.3483,5.73,1,0.71,0.692,0
186.84004154319297,233.55,1.6897217763132544,0.1146,8.31,0,0.0,0.9,1
34.624271727395396,43.28,0.7347582588372925,0.1664,9.27,0,0.0,0.718,0
38.17295182290993,47.72,7.358820482340662,0.449,2.64,0,0.0,0.883,1
21.566367421536793,26.96,7.934798704255391,0.0786,2.07,0,0.0,0.747,0
208.07582467925008,260.09,8.146166468247502,0.4177,1.85,1,2.08,0.921,1
148.22177322996205,185.28,8.903107953631121,0.0846,1.1,1,1.48,0.667,0
185.319364906389,231.65,5.900481909412298,0.2409,4.1,0,0.0,0.663,1
263.7903139768077,329.74,9.981297998052176,0.2495,0.02,0,0.0,0.872,0
222.0985454266076,277.62,4.837226403118411,0.236,5.16,1,2.22,0.966,0
138.5168754500073,173.15,8.834989988807475,0.144,1.17,1,1.39,0.657,1
295.30679651826796,369.13,1.1294076490298144,0.1267,8.87,1,2.95,0.629,0
136.87683034259197,171.1,1.4892350059542814,0.3666,8.51,1,1.37,0.974,0
33.73520197005996,42.17,5.903494445741644,0.1378,4.1,1,0.34,0.647,1
297.79642417581476,372.25,1.2413477192173794,0.305,8.76,1,2.98,0.7,1
6.84621900445419,8.56,0.7530063817259625,0.4233,9.25,0,0.0,0.972,0
164.96506784632564,206.21,1.9606463220628256,0.4185,8.04,1,1.65,0.921,1
92.72864660991276,115.91,7.875368648371563,0.0836,2.12,1,0.93,0.737,1
151.06564530509544,188.83,9.27458005346795,0.3274,0.73,0,0.0,0.982,1
167.61388577835646,209.52,3.3346732244053423,0.3011,6.67,1,1.68,0.827,0
72.02876888354628,90.04,9.747558404792269,0.141,0.25,1,0.72,0.629,0
167.05762672117856,208.82,8.095504663298836,0.1957,1.9,1,1.67,0.881,1
226.81833360166124,283.52,2.261077166295599,0.1426,7.74,0,0.0,0.815,0
79.95295117319951,99.94,5.8611499898698565,0.2685,4.14,1,0.8,0.829,0
115.02783999417213,143.78,9.817934146013451,0.4018,0.18,0,0.0,0.998,0
80.47280794921737,100.59,8.487858128240312,0.4388,1.51,1,0.8,0.661,1
246.16791929646072,307.71,3.6335908278964704,0.3614,6.37,0,0.0,0.863,1
217.494677762879,271.87,3.0632293516218887,0.2417,6.94,0,0.0,0.783,0
261.3589311655222,326.7,8.19254148249039,0.479,1.81,1,2.61,0.709,1
51.014967870497784,63.77,5.491651967315708,0.2819,4.51,1,0.51,0.877,1
22.073891447925465,27.59,1.634425153308141,0.2393,8.37,0,0.0,0.867,1
35.81505115760201,44.77,3.2783255838381145,0.4284,6.72,1,0.36,0.943,1
48.30549984727091,60.38,6.618129773737525,0.0923,3.38,1,0.48,0.952,0
159.9247982024407,199.91,1.5315888413930367,0.0789,8.47,0,0.0,0.825,1
291.27362110882945,364.09,6.987162074067506,0.3913,3.01,1,2.91,0.73,1
107.1706249850346,133.96,7.099287614675898,0.4353,2.9,0,0.0,0.812,0
287.55248080806155,359.44,2.707463549613389,0.0364,7.29,1,2.88,0.744,1
11.460238496753917,14.33,3.980305718317844,0.382,6.02,1,0.11,0.711,1
278.0616608443975,347.58,9.354506645712664,0.2122,0.65,1,2.78,0.821,0
54.34578219149135,67.93,7.4917578781496355,0.3519,2.51,1,0.54,0.863,1
273.74249571580464,342.18,7.878106555662223,0.0675,2.12,0,0.0,0.836,1
16.86822903463835,21.09,5.162651897723661,0.4865,4.84,1,0.17,0.982,0
284.4658342485098,355.58,2.131399308508449,0.4406,7.87,1,2.84,0.719,1
60.23947929565825,75.3,5.912559126168473,0.203,4.09,0,0.0,0.749,1
90.8142180219482,113.52,7.721042901500023,0.4467,2.28,1,0.91,0.867,1
147.28270323088742,184.1,0.0388326423797813,0.4475,9.96,0,0.0,0.84,0
114.21626437064256,142.77,1.1377625326550966,0.2306,8.86,1,1.14,0.601,1
200.25839077894497,250.32,4.742941157580784,0.4734,5.26,1,2.0,0.725,1
292.4423301750232,365.55,4.371961474432654,0.4884,5.63,0,0.0,0.702,1
181.9279472414822,227.41,9.82283045794986,0.1086,0.18,0,0.0,0.936,0
216.44562283096477,270.56,0.9215290059722304,0.0333,9.08,0,0.0,0.946,0
26.40157509171045,33.0,3.2368636254878194,0.1656,6.76,0,0.0,0.714,1
188.3437287210016,235.43,8.151104275461831,0.2444,1.85,0,0.0,0.641,1
136.15493311392396,170.19,6.124275936363642,0.0463,3.88,1,1.36,0.682,1
265.7347073758885,332.17,5.616144412331372,0.0703,4.38,1,2.66,0.671,0
116.4633298929306,145.58,7.412010385838265,0.4858,2.59,0,0.0,0.695,1
203.83624321497572,254.8,0.3998301055573561,0.3687,9.6,1,2.04,0.694,0
68.44611847772373,85.56,9.474916983672234,0.4375,0.53,0,0.0,0.792,0
77.8117600572588,97.26,1.9126394937673552,0.4856,8.09,1,0.78,0.728,1
112.83672927668208,141.05,0.8183752680265921,0.1891,9.18,1,1.13,0.824,0
91.21906125195082,114.02,3.3895357757241893,0.3439,6.61,1,0.91,0.738,1
76.16365181702245,95.2,7.023562326336653,0.092,2.98,1,0.76,0.926,0
14.900611770242788,18.63,2.3148325165839676,0.2758,7.69,0,0.0,0.98,0
251.0238995257377,313.78,0.498612371299687,0.1049,9.5,1,2.51,0.762,0
19.290459267385295,24.11,0.5741284650090861,0.0802,9.43,1,0.19,0.62,1
266.2096546808903,332.76,2.5657702010113246,0.0492,7.43,0,0.0,0.696,0
37.63961672041808,47.05,1.3527385555252036,0.2899,8.65,0,0.0,0.641,1
19.57852111879771,24.47,3.724331104816309,0.4749,6.28,0,0.0,0.738,1
168.90142919420913,211.13,1.7307308404945798,0.0611,8.27,1,1.69,0.858,1
150.73253777241652,188.42,3.4431433768409647,0.2512,6.56,0,0.0,0.808,1
147.37037064956553,184.21,4.444871308094971,0.3435,5.56,1,1.47,0.697,0
172.35129825041935,215.44,7.425392082506409,0.2479,2.57,0,0.0,0.907,1
86.11698183574671,107.65,2.273995268721609,0.4559,7.73,1,0.86,0.653,0
198.88478202888336,248.61,4.750637739201018,0.0831,5.25,1,1.99,0.691,0
150.72066591215497,188.4,8.153551925112323,0.0121,1.85,1,1.51,0.87,0
100.42304008719758,125.53,9.863771895474096,0.1916,0.14,0,0.0,0.679,0
247.95020009421845,309.94,5.573061700965334,0.2777,4.43,1,2.48,0.872,0
218.31632889801304,272.9,4.323203672837469,0.1273,5.68,1,2.18,0.991,0
118.0831025833866,147.6,6.315331291787107,0.0842,3.68,0,0.0,0.933,1
254.28533556866185,317.86,4.862956605546833,0.4024,5.14,1,2.54,0.664,1
276.07747503353227,345.1,1.6475664254342717,0.0943,8.35,0,0.0,0.808,0
161.05988012530875,201.32,4.594471820740579,0.2213,5.41,1,1.61,0.769,1
64.48573504707623,80.61,9.791003059199609,0.4772,0.21,1,0.64,0.997,0
274.7376469640961,343.42,6.4042864632461995,0.3064,3.6,1,2.75,0.986,0
56.84388602865516,71.05,2.8343225890538006,0.2489,7.17,0,0.0,0.651,1
14.526967925180744,18.16,9.471460063656416,0.1801,0.53,1,0.15,0.963,1
98.24610266193926,122.81,3.885816530866384,0.2602,6.11,1,0.98,0.677,0
218.08990333831193,272.61,3.901213764323627,0.3672,6.1,1,2.18,0.728,0
276.98222590606485,346.23,6.16599492032068,0.4113,3.83,0,0.0,0.741,0
191.18569404433197,238.98,5.689737163953161,0.3249,4.31,1,1.91,0.715,1
285.551564089998,356.94,2.9043657146925206,0.3952,7.1,1,2.86,0.941,1
27.711251782768983,34.64,4.670803246619584,0.0442,5.33,0,0.0,0.732,1
18.226118876406016,22.78,3.325130256104649,0.0072,6.67,1,0.18,0.927,0
181.25758522309923,226.57,7.377804506899652,0.3672,2.62,0,0.0,0.998,1
289.83489674782646,362.29,1.2250286644162844,0.1309,8.77,0,0.0,0.936,1
150.8163926864172,188.52,7.502511299527336,0.4388,2.5,0,0.0,0.738,0
15.45456778179154,19.32,1.6116702531299398,0.2679,8.39,1,0.15,0.885,0
66.36559682323686,82.96,3.0598199140890356,0.2393,6.94,1,0.66,0.814,1
73.4378719247312,91.8,3.3333178737136704,0.3864,6.67,0,0.0,0.915,1
101.357138741085,126.7,9.904121754603995,0.3705,0.1,0,0.0,0.661,1
13.081015075863789,16.35,5.898219847365176,0.3521,4.1,1,0.13,0.855,1
271.4678101493749,339.33,7.775541923222565,0.345,2.22,1,2.71,0.909,0
154.66918341644856,193.34,5.553779838294793,0.2577,4.45,0,0.0,0.904,1
201.27923788623272,251.6,9.831579690084634,0.4632,0.17,0,0.0,0.985,0
20.15185106850269,25.19,1.773813512461817,0.4453,8.23,1,0.2,0.623,0
16.23464034109482,20.29,6.048741293313153,0.1647,3.95,1,0.16,0.738,1
175.94033161216416,219.93,7.973820672427258,0.4023,2.03,1,1.76,0.791,1
266.1888031512624,332.74,6.285561427135359,0.4456,3.71,1,2.66,0.724,1
158.5446002878641,198.18,8.96936184431286,0.3091,1.03,0,0.0,0.724,0
263.34575177102147,329.18,6.007079813871989,0.2778,3.99,1,2.63,0.67,0
243.2973819165718,304.12,8.264385489766092,0.3359,1.74,0,0.0,0.925,1
22.756135738476225,28.45,1.7579712436995376,0.0815,8.24,0,0.0,0.963,0
60.587242315706966,75.73,2.6206389435032715,0.0437,7.38,1,0.61,0.633,0
197.31320074660275,246.64,4.440685773895937,0.4101,5.56,0,0.0,0.662,1
133.05041476501248,166.31,8.516177118347075,0.2867,1.48,0,0.0,0.691,0
87.20994409407616,109.01,4.265593920686408,0.0613,5.73,0,0.0,0.804,1
125.59015681439372,156.99,6.274589377341816,0.2082,3.73,0,0.0,0.916,1
133.5598938811903,166.95,3.958116019202941,0.1491,6.04,1,1.34,0.629,1
273.16567524647894,341.46,8.057203891170975,0.4377,1.94,1,2.73,0.855,0
31.037485111485907,38.8,2.0028758624801335,0.2536,8.0,0,0.0,0.66,0
83.9192240422845,104.9,5.937694780399555,0.2888,4.06,1,0.84,0.989,1
161.26944497481418,201.59,5.778901883382669,0.1176,4.22,0,0.0,0.96,0
209.4860779891775,261.86,4.0324182517598715,0.3995,5.97,1,2.09,0.98,0
189.1911866877731,236.49,7.051280566077801,0.4651,2.95,1,1.89,0.642,0
282.49282132121834,353.12,0.2847660802454965,0.3962,9.72,0,0.0,0.795,1
238.68267744584196,298.35,8.414999885565322,0.2464,1.59,1,2.39,0.666,0
167.1230525923291,208.9,3.4796522957225537,0.4175,6.52,0,0.0,0.84,1
64.40480750205225,80.51,7.930225695748532,0.094,2.07,1,0.64,0.693,0
135.26226942067194,169.08,3.0505949158535217,0.0567,6.95,0,0.0,0.908,1
208.0146732583432,260.02,1.879064670961622,0.2191,8.12,0,0.0,0.858,1
251.38865245082548,314.24,3.894894730848725,0.0908,6.11,0,0.0,0.829,1
287.92086732671623,359.9,7.973669529903753,0.1296,2.03,1,2.88,0.93,0
181.63582984137528,227.04,7.035180352854723,0.2926,2.96,0,0.0,0.8,0
158.07581019132974,197.59,4.01031201865972,0.202,5.99,0,0.0,0.708,0
5.307576936344494,6.63,9.378687244109509,0.4329,0.62,1,0.05,0.848,0
21.62972074505398,27.04,4.087761858508744,0.1128,5.91,1,0.22,0.983,1
46.83149929122008,58.54,3.5075272829334194,0.4984,6.49,0,0.0,0.84,0
16.42797935688842,20.53,1.4471891095412048,0.1797,8.55,1,0.16,0.852,1
120.25897164147794,150.32,0.702786457452288,0.2577,9.3,1,1.2,0.974,1
101.06356354166164,126.33,3.4990240385148317,0.0662,6.5,1,1.01,0.806,1
191.20624736051784,239.01,0.9200218620062696,0.2896,9.08,1,1.91,0.999,1
160.69953238002083,200.87,4.6263495788875355,0.4806,5.37,0,0.0,0.664,1
178.79122781635792,223.49,8.6000954371503,0.3747,1.4,0,0.0,0.815,1
141.59316088129623,176.99,4.761166526947273,0.122,5.24,0,0.0,0.685,1
83.32114456627714,104.15,4.8058097827158575,0.2213,5.19,1,0.83,0.781,1
285.8475944839431,357.31,2.5344062096656508,0.2127,7.47,0,0.0,0.668,0
25.92274792804169,32.4,1.662955759483966,0.049,8.34,1,0.26,0.689,1
281.66729983959215,352.08,2.2232885851067596,0.4429,7.78,1,2.82,0.684,1
93.3714140594204,116.71,5.679884795511596,0.1907,4.32,1,0.93,0.728,1
153.79843361018922,192.25,5.91793114394393,0.2471,4.08,0,0.0,0.654,1
32.652696848263844,40.82,2.201877926756184,0.1456,7.8,0,0.0,0.924,1
21.279320511302775,26.6,3.989203742316824,0.0762,6.01,1,0.21,0.688,1
128.86363461558088,161.08,5.686826843865061,0.4511,4.31,0,0.0,0.767,0
222.50921291390344,278.14,7.604620385099504,0.0187,2.4,0,0.0,0.606,0
80.80943326456467,101.01,3.1976936004243637,0.1999,6.8,0,0.0,0.642,1
168.70436668059602,210.88,2.713569200152394,0.3653,7.29,0,0.0,0.959,1
83.5951021568455,104.49,7.304669993217747,0.1544,2.7,1,0.84,0.935,0
116.58391826791224,145.73,5.138121707376775,0.223,4.86,0,0.0,0.936,0
271.9338955421474,339.92,8.567465911944677,0.2822,1.43,0,0.0,0.765,0
256.7518876484759,320.94,2.110030203873178,0.4975,7.89,1,2.57,0.657,0
154.80526302528895,193.51,7.709428760912498,0.3792,2.29,0,0.0,0.643,1
71.43168824162362,89.29,1.6203350741750944,0.4836,8.38,1,0.71,0.842,0
57.95517381990685,72.44,5.8477124449677955,0.3466,4.15,1,0.58,0.931,1
286.22620591071427,357.78,2.836337083146864,0.1345,7.16,0,0.0,0.96,0
60.81497895320626,76.02,1.0109095759958877,0.1437,8.99,1,0.61,0.715,0
242.45049327376177,303.06,6.167646045671427,0.4112,3.83,0,0.0,0.728,0
110.69106286066118,138.36,5.067989598960613,0.2139,4.93,0,0.0,0.64,0
295.6979542674715,369.62,4.859801885462422,0.1851,5.14,1,2.96,0.91,1
110.44672210883635,138.06,5.925194274537886,0.4725,4.07,0,0.0,0.71,0
105.45498747321784,131.82,3.724372174550568,0.0066,6.28,1,1.05,0.792,0
191.23908866328696,239.05,6.70167561752145,0.2625,3.3,0,0.0,0.972,1
288.45504198804576,360.57,1.3084373093850976,0.3875,8.69,1,2.88,0.901,0
292.86288173892984,366.08,7.149714836366611,0.3681,2.85,1,2.93,0.621,0
212.16184394009557,265.2,5.798137142806981,0.1838,4.2,0,0.0,0.603,1
226.3819096909061,282.98,4.864726400357913,0.2678,5.14,0,0.0,0.915,0
169.0206527919083,211.28,1.2765039996792482,0.0028,8.72,0,0.0,0.821,0
226.73272173969957,283.42,2.7826447949662336,0.2674,7.22,1,2.27,0.888,1
257.93389649114897,322.42,2.9529657861958203,0.2952,7.05,1,2.58,0.663,1
145.82859095850696,182.29,2.338126539099349,0.4374,7.66,0,0.0,0.949,0
185.95867884903092,232.45,9.541797265204025,0.1054,0.46,1,1.86,0.909,1
161.1950085699143,201.49,9.156415578490432,0.4126,0.84,0,0.0,0.956,1
168.74118405860315,210.93,5.461332138392505,0.359,4.54,0,0.0,0.736,1
267.0143729621823,333.77,2.056725832402233,0.333,7.94,0,0.0,0.71,1
106.68504906167108,133.36,9.111383650729891,0.1972,0.89,0,0.0,0.661,1
62.455207680187264,78.07,7.49406532856174,0.1837,2.51,1,0.62,0.972,1
136.8840330820887,171.11,0.3877183895403713,0.3516,9.61,1,1.37,0.671,1
62.42555714437955,78.03,4.907115217364936,0.4951,5.09,0,0.0,0.648,0
149.52012769860573,186.9,6.049446231076604,0.2027,3.95,0,0.0,0.677,1
271.05243160711757,338.82,0.6647336406342763,0.4593,9.34,0,0.0,0.909,0
185.23005614474337,231.54,0.4983103115572462,0.2933,9.5,1,1.85,0.956,1
256.6298559909233,320.79,4.6352395848518055,0.4341,5.36,1,2.57,0.924,1
49.85727588465354,62.32,0.0195171333762766,0.1086,9.98,0,0.0,0.825,1
270.262077761153,337.83,0.4683555941113637,0.3811,9.53,1,2.7,0.998,0
180.53614932213472,225.67,1.6513766381193984,0.4175,8.35,1,1.81,0.628,1
9.52793662214394,11.91,9.09970774029112,0.4161,0.9,1,0.1,0.947,0
189.93568658551104,237.42,7.662835270127076,0.3924,2.34,0,0.0,0.771,0
285.4190868782754,356.77,4.504260042372867,0.1521,5.5,0,0.0,0.782,1
23.75010014260862,29.69,4.79205667473663,0.261,5.21,1,0.24,0.651,0
174.73683914087164,218.42,6.86024549105935,0.1499,3.14,1,1.75,0.613,1
274.6435808609144,343.3,4.743865363248128,0.1715,5.26,0,0.0,0.727,1
2.908550500312368,3.64,0.6392510884689673,0.1506,9.36,0,0.0,0.67,1
189.27387793974697,236.59,7.387313750670096,0.1421,2.61,1,1.89,0.793,0
142.4706875492888,178.09,0.5774982564429976,0.3467,9.42,1,1.42,0.659,0
104.09679559458318,130.12,4.8609313244802905,0.3251,5.14,0,0.0,0.655,0
188.2609469836128,235.33,8.617075095976567,0.1021,1.38,0,0.0,0.951,1
15.810628376225075,19.76,1.1737970002803344,0.3458,8.83,0,0.0,0.969,1
225.91891388622005,282.4,7.066279124720683,0.1455,2.93,1,2.26,0.986,1
1.3438430759122877,1.68,0.4632792555107412,0.1009,9.54,1,0.01,0.872,1
92.08072313770566,115.1,9.93059618479384,0.3736,0.07,1,0.92,0.908,0
151.18759130540352,188.98,6.820863803221492,0.1814,3.18,1,1.51,0.934,0
113.10667516996553,141.38,9.689896188867364,0.2847,0.31,1,1.13,0.864,1
92.24278056167476,115.3,6.682239646072396,0.1001,3.32,0,0.0,0.732,1
249.25054364042884,311.56,2.422831402521836,0.3068,7.58,0,0.0,0.663,0
280.4497722815727,350.56,9.263645136096022,0.104,0.74,0,0.0,0.695,1
262.1138054717666,327.64,6.26670184829193,0.0834,3.73,0,0.0,0.936,0
156.72939391499992,195.91,5.759370506078472,0.1933,4.24,1,1.57,0.878,1
265.2492525580449,331.56,4.291118929969276,0.395,5.71,1,2.65,0.782,1
276.2584695544631,345.32,2.8459390940853635,0.0883,7.15,0,0.0,0.612,0
122.7715191142386,153.46,5.300695696469587,0.0585,4.7,1,1.23,0.706,0
85.03375785163362,106.29,3.66057708811218,0.0158,6.34,1,0.85,0.892,0
29.479561743996097,36.85,8.54024404356883,0.208,1.46,1,0.29,0.805,1
143.72757631476873,179.66,0.2879854196775711,0.141,9.71,1,1.44,0.774,1
283.8890761315324,354.86,5.300914848769987,0.1461,4.7,1,2.84,0.725,1
168.2722584211113,210.34,8.365648885727307,0.491,1.63,0,0.0,0.843,1
200.26863053585149,250.34,0.2760637138298327,0.0971,9.72,0,0.0,0.987,1
33.86514554755428,42.33,2.8230267626484573,0.2292,7.18,0,0.0,0.96,0
43.05589924267687,53.82,0.515225566343881,0.4932,9.48,0,0.0,0.612,1
139.34197858790176,174.18,5.950037698115432,0.0153,4.05,0,0.0,0.792,1
285.3794396951177,356.72,3.167360743917321,0.3483,6.83,0,0.0,0.732,0
108.23539247745867,135.29,9.597300379159256,0.1855,0.4,0,0.0,0.804,1
263.24521239526007,329.06,6.162936059356734,0.453,3.84,0,0.0,0.842,1
36.08657802771346,45.11,5.618020046905091,0.456,4.38,0,0.0,0.68,1
185.10516208011305,231.38,9.172397653455636,0.1936,0.83,1,1.85,0.913,0
180.18389307315545,225.23,2.235754060709163,0.1107,7.76,0,0.0,0.79,0
257.96242502108055,322.45,5.622422595228076,0.214,4.38,0,0.0,0.997,1
0.9950113214704516,1.24,5.42782634958325,0.4827,4.57,0,0.0,0.61,1
56.979500159271645,71.22,0.8211423431093612,0.1407,9.18,0,0.0,0.676,1
65.90628762884452,82.38,9.32059786373956,0.4907,0.68,1,0.66,0.876,0
284.9898264272212,356.24,7.00234732261908,0.4097,3.0,0,0.0,0.878,0
46.10809688096849,57.64,8.881058496798795,0.1337,1.12,1,0.46,0.833,1
11.088705066168114,13.86,9.825373869016238,0.3955,0.17,1,0.11,0.989,1
160.3384484225424,200.42,4.796539622981299,0.0249,5.2,0,0.0,0.766,1
158.5675387301045,198.21,8.036598420860967,0.274,1.96,0,0.0,0.767,1
253.21408961035928,316.52,5.775597355853479,0.1787,4.22,0,0.0,0.964,0
284.6578950533406,355.82,9.77123048802952,0.2135,0.23,1,2.85,0.815,0
161.5636326420393,201.95,2.4722358410768743,0.2364,7.53,0,0.0,0.741,0
278.99825472589663,348.75,0.1381717099036461,0.2514,9.86,1,2.79,0.888,0
217.5477453899489,271.93,1.859475712672245,0.3282,8.14,1,2.18,0.848,1
79.3677383986755,99.21,1.280187820087565,0.3484,8.72,0,0.0,0.723,1
278.52621328317787,348.16,4.369523113285582,0.4879,5.63,0,0.0,0.719,0
200.23295285456243,250.29,0.7741020374939178,0.3814,9.23,0,0.0,0.758,0
124.22877982279012,155.29,2.2019773713977333,0.3439,7.8,1,1.24,0.629,1
204.0726253550792,255.09,0.96265880524817,0.1962,9.04,0,0.0,0.977,0
120.39384832312528,150.49,4.867527782580384,0.0589,5.13,1,1.2,0.673,1
34.25513039638778,42.82,2.6677707208630164,0.0294,7.33,1,0.34,0.678,0
215.69362415306995,269.62,4.710072981786154,0.2388,5.29,1,2.16,0.859,1
247.22628365122313,309.03,0.8888810004447667,0.3341,9.11,1,2.47,0.89,1
218.6418597058163,273.3,5.16870666015037,0.3251,4.83,0,0.0,0.895,1
68.73440032700296,85.92,1.3006920185788062,0.4764,8.7,0,0.0,0.75,0
286.99050404328386,358.74,0.9934645142035968,0.1912,9.01,0,0.0,0.949,1
7.576368507346776,9.47,3.100195506557517,0.3139,6.9,0,0.0,0.818,0
99.80558921269215,124.76,8.74417476462594,0.4439,1.26,0,0.0,0.775,1
78.02773036046865,97.53,7.885214029273639,0.202,2.11,1,0.78,0.924,1
14.437868284455291,18.05,9.591498022993507,0.2389,0.41,0,0.0,0.697,0
121.71890789660054,152.15,4.601952643851598,0.4615,5.4,1,1.22,0.944,1
186.93445204883236,233.67,3.1244142302970044,0.2751,6.88,0,0.0,0.816,0
264.7658590455304,330.96,9.709067318565966,0.3998,0.29,0,0.0,0.96,1
296.906914857441,371.13,3.817680782678512,0.4678,6.18,1,2.97,0.681,1
242.42687592131944,303.03,0.091034062171309,0.2855,9.91,0,0.0,0.974,1
140.60415561384744,175.76,8.20108613811749,0.0546,1.8,1,1.41,0.875,1
217.1113277901092,271.39,1.692105409665826,0.4108,8.31,0,0.0,0.847,0
253.08713657689225,316.36,7.179124285673626,0.4089,2.82,0,0.0,0.769,0
139.5921589256044,174.49,0.1512189045236012,0.0575,9.85,0,0.0,0.983,1
235.51633020764996,294.4,1.1099016410946616,0.2741,8.89,0,0.0,0.778,0
144.79572549386302,180.99,4.83563553295816,0.2435,5.16,0,0.0,0.799,0
115.9487972630168,144.94,0.6789802647982623,0.4236,9.32,1,1.16,0.913,1
157.82725133512835,197.28,8.886308956869861,0.1373,1.11,0,0.0,0.714,1
202.75642128814343,253.45,7.49869061268564,0.2131,2.5,1,2.03,0.717,1
218.0646168955792,272.58,3.2818531202016987,0.3024,6.72,1,2.18,0.91,1
107.02088066763235,133.78,5.9752041439670345,0.2586,4.02,0,0.0,0.651,0
171.39607546681046,214.25,7.155267352531023,0.4775,2.84,0,0.0,0.929,0
272.96126222413415,341.2,7.553991886279119,0.4803,2.45,0,0.0,0.85,1
292.89387003319194,366.12,3.9567595448787807,0.0408,6.04,0,0.0,0.816,0
68.17442735518635,85.22,8.98800220736193,0.1489,1.01,0,0.0,0.692,1
57.84934971400244,72.31,9.417847300469743,0.0038,0.58,0,0.0,0.915,1
203.00569002859456,253.76,1.957152512260174,0.2089,8.04,1,2.03,0.922,1
124.40516574703317,155.51,9.112387997391094,0.3311,0.89,1,1.24,0.793,1
7.2667015254411105,9.08,7.126805110023417,0.2356,2.87,0,0.0,0.756,1
104.05856119418524,130.07,8.881380641373822,0.0336,1.12,0,0.0,0.698,1
242.02342304167564,302.53,4.247542682438884,0.098,5.75,0,0.0,0.902,0
239.22807911495477,299.04,6.611975415702604,0.0866,3.39,1,2.39,0.856,1
148.40554464497455,185.51,2.353797782522461,0.2556,7.65,0,0.0,0.683,0
141.7733804662606,177.22,7.511017523966906,0.3388,2.49,0,0.0,0.918,0
173.85223273031323,217.32,5.817335031470911,0.1582,4.18,1,1.74,0.953,0
65.8190131690728,82.27,4.809451118894019,0.0652,5.19,1,0.66,0.624,1
157.81308746728664,197.27,6.926816102729305,0.3993,3.07,1,1.58,0.909,0
3.3139080169945156,4.14,5.523452711265574,0.4292,4.48,0,0.0,0.941,1
142.66786643494012,178.33,7.653548721730844,0.1382,2.35,0,0.0,0.997,0
100.81531387517776,126.02,8.58436066815243,0.2104,1.42,1,1.01,0.695,1
202.4608817710979,253.08,8.006063044549034,0.041,1.99,0,0.0,0.748,0
191.50607524578825,239.38,3.075066315109222,0.1138,6.92,0,0.0,0.986,1
114.2507640548427,142.81,9.761192135636357,0.3835,0.24,0,0.0,0.638,1
2.18189444357747,2.73,6.497412629125185,0.1826,3.5,0,0.0,0.809,1
75.68208881848814,94.6,3.2346647608386725,0.3023,6.77,1,0.76,0.803,0
190.0043550567487,237.51,0.4258087527660481,0.4731,9.57,1,1.9,0.843,1
21.71200290525136,27.14,9.880964097028247,0.3618,0.12,0,0.0,0.732,1
32.292726550039156,40.37,5.990173934427725,0.2267,4.01,1,0.32,0.97,0
194.11050737012616,242.64,2.2754026250684345,0.1834,7.72,1,1.94,0.708,0
226.7302202847877,283.41,4.911238011176797,0.0953,5.09,0,0.0,0.86,0
96.46491240381364,120.58,3.975404802809516,0.3781,6.02,1,0.96,0.798,1
146.90191965496857,183.63,9.51365239697479,0.0562,0.49,1,1.47,0.707,0
283.7134094950976,354.64,4.926609451742822,0.0307,5.07,1,2.84,0.676,0
283.66306865279086,354.58,4.846676654906025,0.0524,5.15,1,2.84,0.983,0
92.25083233902905,115.31,7.945997077222845,0.1215,2.05,1,0.92,0.825,1
242.99636250512708,303.75,3.909115646636563,0.3136,6.09,0,0.0,0.842,0
178.18321584205765,222.73,1.9651834837675164,0.4307,8.03,1,1.78,0.913,1
292.645348005114,365.81,7.683987019292634,0.4963,2.32,1,2.93,0.632,0
143.28407091332895,179.11,9.101086379505066,0.3657,0.9,1,1.43,0.886,1
232.41206040466847,290.52,0.4572624882960063,0.073,9.54,1,2.32,0.666,1
230.4411388844613,288.05,8.599000609130977,0.1389,1.4,1,2.3,0.896,1
149.22986028992284,186.54,4.3786319581748065,0.066,5.62,1,1.49,0.657,1
238.6890342891923,298.36,2.8913347787944774,0.0578,7.11,0,0.0,0.933,1
78.31209999209895,97.89,0.3918033716547597,0.2839,9.61,1,0.78,0.872,0
36.67591088706866,45.84,2.055227698576114,0.4534,7.94,0,0.0,0.754,1
127.54912339659488,159.44,3.328698009184601,0.3422,6.67,1,1.28,0.744,0
283.08919699007544,353.86,0.7068424259193229,0.4003,9.29,0,0.0,0.66,0
150.2233824607586,187.78,1.8879006495366557,0.254,8.11,1,1.5,0.962,1
190.57774159407808,238.22,7.368404424021281,0.2377,2.63,0,0.0,0.647,0
187.2487367723626,234.06,6.868608162329464,0.4687,3.13,0,0.0,0.789,1
39.77186018085913,49.71,7.698389172392538,0.361,2.3,0,0.0,0.695,0
117.08906471316308,146.36,1.6525778032348093,0.2297,8.35,0,0.0,0.999,0
212.08169187656245,265.1,0.4303016652794245,0.1663,9.57,1,2.12,0.834,1
291.59702957421786,364.5,4.6858987123909435,0.0466,5.31,0,0.0,0.66,0
50.40532148910785,63.01,3.427847351071537,0.4105,6.57,1,0.5,0.867,0
123.13256710173488,153.92,7.767330799537849,0.0847,2.23,0,0.0,0.997,1
28.528139940818807,35.66,5.388267592294684,0.2575,4.61,0,0.0,0.842,1
72.71293789477681,90.89,9.311803099044244,0.3186,0.69,0,0.0,0.783,1
113.02780299784509,141.28,0.6120639096181202,0.372,9.39,0,0.0,0.717,0
162.19297438570513,202.74,3.636763652931304,0.0417,6.36,0,0.0,0.637,1
69.17006467172429,86.46,4.052406014353258,0.0053,5.95,1,0.69,0.691,0
68.26879835360572,85.34,1.2588943406002897,0.353,8.74,0,0.0,0.821,1
233.3489937420611,291.69,5.830158814917501,0.2272,4.17,0,0.0,0.902,0
288.7924988840644,360.99,0.4020244472908296,0.0906,9.6,0,0.0,0.951,1
97.08389032543684,121.35,7.1272512855197165,0.491,2.87,0,0.0,0.917,0
206.39760559070405,258.0,0.3744316076552278,0.3957,9.63,1,2.06,0.65,1
77.42413840737622,96.78,8.734720559435075,0.2893,1.27,1,0.77,0.909,1
278.3856764896896,347.98,0.6502697157865123,0.3511,9.35,1,2.78,0.833,0
201.87070804961948,252.34,4.563494148450556,0.0775,5.44,0,0.0,0.788,1
240.803056391271,301.0,1.5538539882185889,0.4811,8.45,0,0.0,0.829,1
14.806212959749445,18.51,1.331222451504278,0.4982,8.67,0,0.0,0.603,0
179.55179047218738,224.44,7.212156891979681,0.3242,2.79,1,1.8,0.627,0
158.2836994075147,197.85,7.742510419425093,0.3342,2.26,0,0.0,0.81,1
87.8990720734596,109.87,7.391990870849491,0.3522,2.61,0,0.0,0.669,1
78.72899551719541,98.41,4.03991851264783,0.3329,5.96,0,0.0,0.818,1
174.0074406950909,217.51,9.907860371289104,0.2193,0.09,1,1.74,0.742,0
211.9456905021675,264.93,3.3996891758650563,0.2703,6.6,1,2.12,0.963,1
9.951827110556687,12.44,2.4527956114526397,0.1414,7.55,0,0.0,0.98,0
170.2204745771113,212.78,9.965054216462622,0.2234,0.03,0,0.0,0.992,1
51.13785868398859,63.92,9.772768052801332,0.2181,0.23,1,0.51,0.96,1
42.10881941583017,52.64,5.91835974484738,0.1441,4.08,0,0.0,0.994,1
186.93584642840537,233.67,2.090391782865048,0.3934,7.91,1,1.87,0.882,0
93.2610351652419,116.58,2.384988489197055,0.2048,7.62,1,0.93,0.984,0
132.2640699404592,165.33,5.208854450927766,0.2759,4.79,1,1.32,0.857,0
107.99964283193188,135.0,7.761032042660363,0.078,2.24,0,0.0,0.924,1
194.50089604575712,243.13,0.7745414440303655,0.2375,9.23,0,0.0,0.653,1
141.03592981994066,176.29,6.876704005373576,0.3807,3.12,0,0.0,0.873,0
289.0375986113842,361.3,1.0311084932451495,0.2223,8.97,0,0.0,0.972,0
105.7148277319396,132.14,8.441107444098314,0.2789,1.56,0,0.0,0.816,1
222.08530207885056,277.61,5.3211822224631415,0.3509,4.68,0,0.0,0.675,0
77.18777027491336,96.48,9.896940904693412,0.1945,0.1,1,0.77,0.811,1
152.62592778784406,190.78,7.529822322281703,0.1766,2.47,1,1.53,0.883,1
165.7709255705871,207.21,4.972286573810348,0.0429,5.03,1,1.66,0.908,0
98.73278431881964,123.42,1.4117714944129822,0.2911,8.59,0,0.0,0.809,1
141.53415867378874,176.92,5.423956527359433,0.3535,4.58,0,0.0,0.687,1
83.78359136954765,104.73,1.1444473611223438,0.2906,8.86,1,0.84,0.971,0
1.8002345021945976,2.25,9.051623998820896,0.1418,0.95,1,0.02,0.909,0
64.69449049136362,80.87,2.3006774929063925,0.1312,7.7,1,0.65,0.708,1
210.0192517479602,262.52,8.653666801841155,0.0797,1.35,1,2.1,0.925,1
231.2889073456131,289.11,3.0390255666730637,0.0235,6.96,1,2.31,0.739,1
84.06086014167599,105.08,2.2189856726302892,0.2134,7.78,0,0.0,0.725,0
122.41289964542158,153.02,3.0423613872833677,0.0803,6.96,1,1.22,0.945,0
11.209698041583326,14.01,7.075541572400273,0.3454,2.92,1,0.11,0.949,1
71.11887032930417,88.9,5.2521556899413815,0.4809,4.75,1,0.71,0.759,1
233.76578501168976,292.21,1.074724873831101,0.0367,8.93,0,0.0,0.604,0
181.7958810795172,227.24,1.3705901725934633,0.4465,8.63,1,1.82,0.675,1
61.73115658631142,77.16,3.7852967263650106,0.3289,6.21,1,0.62,0.964,1
77.23259853672964,96.54,3.385435183136835,0.4301,6.61,1,0.77,0.959,0
245.04060689686804,306.3,8.517354114060138,0.0775,1.48,1,2.45,0.781,1
62.72526088347025,78.41,5.722531904898233,0.4532,4.28,1,0.63,0.722,0
100.24731775413936,125.31,1.8671498608817936,0.4789,8.13,0,0.0,0.721,0
199.3076074963933,249.13,0.2834299915086202,0.4534,9.72,1,1.99,0.959,1
168.33371571242358,210.42,1.0236310557969308,0.3927,8.98,0,0.0,0.73,1
138.26106157014428,172.83,7.004116834099612,0.0452,3.0,1,1.38,0.805,1
269.9223272939233,337.4,8.470972670277709,0.1104,1.53,0,0.0,0.892,0
65.9131388145155,82.39,7.825380029049656,0.4566,2.17,1,0.66,0.684,1
222.42596725889996,278.03,7.898754755750909,0.1147,2.1,1,2.22,0.702,1
47.719152185455,59.65,2.6096094608106792,0.1739,7.39,0,0.0,0.743,0
184.72015004464356,230.9,9.890860318483004,0.0252,0.11,0,0.0,0.862,0
261.187069023394,326.48,0.8640853681058402,0.314,9.14,0,0.0,0.927,0
137.37053564344137,171.71,8.210953368618648,0.2817,1.79,0,0.0,0.819,0
217.2883521573987,271.61,0.9681727394785756,0.4809,9.03,1,2.17,0.653,1
246.11800589969647,307.65,2.6753130469606843,0.4462,7.32,0,0.0,0.778,1
40.807927463280826,51.01,4.954140281669046,0.253,5.05,0,0.0,0.651,1
211.74806858463305,264.69,0.5334077076399646,0.3047,9.47,1,2.12,0.635,0
275.9523071966029,344.94,3.941713454432248,0.2066,6.06,1,2.76,0.836,1
172.91118295666325,216.14,3.501143821948678,0.0662,6.5,0,0.0,0.982,0
55.83667335862681,69.8,6.471720817633897,0.4339,3.53,0,0.0,0.935,1
38.082759476682895,47.6,7.180134302196016,0.2748,2.82,0,0.0,0.91,0
77.92059914002436,97.4,0.9049530043077436,0.2127,9.1,1,0.78,0.891,1
31.05398070500477,38.82,0.3806847883423958,0.0342,9.62,0,0.0,0.959,0
154.01822147551425,192.52,7.758913223650805,0.3327,2.24,1,1.54,0.901,1
20.911404812020372,26.14,5.279913870992338,0.1998,4.72,1,0.21,0.851,1
67.02138739086794,83.78,5.346367535330684,0.1268,4.65,1,0.67,0.746,0
131.9731331736643,164.97,9.80716671208386,0.4384,0.19,0,0.0,0.64,0
142.17442512060643,177.72,4.377415317496024,0.0918,5.62,0,0.0,0.784,1
169.61954554408933,212.02,1.9619252147198063,0.2575,8.04,1,1.7,0.97,0
211.68448882521795,264.61,6.806411394056382,0.3979,3.19,1,2.12,0.833,1
14.168591899640258,17.71,8.156780614131312,0.4245,1.84,0,0.0,0.674,1
24.186285652734973,30.23,5.023607781724344,0.4094,4.98,0,0.0,0.86,0
18.257745541434225,22.82,6.918145899678007,0.4483,3.08,1,0.18,0.786,0
126.9450946394731,158.68,5.1393140515546465,0.0712,4.86,0,0.0,0.973,1
12.554383464880292,15.69,4.073522584251262,0.4702,5.93,0,0.0,0.664,0
223.8243800493979,279.78,0.3427792393698847,0.0054,9.66,0,0.0,0.885,0
66.90005431154336,83.63,1.737425820020655,0.128,8.26,1,0.67,0.873,1
281.7637479869876,352.2,4.797674890756099,0.042,5.2,1,2.82,0.993,1
145.92112652913343,182.4,3.96528573758675,0.4728,6.03,1,1.46,0.826,0
133.8977257326605,167.37,8.42883768164067,0.212,1.57,1,1.34,0.949,1
234.1616077918501,292.7,1.084459258948678,0.1576,8.92,1,2.34,0.61,0
213.94619516789737,267.43,0.5012753459280772,0.0835,9.5,0,0.0,0.649,0
182.19271228444285,227.74,0.8713726776657937,0.0779,9.13,1,1.82,0.738,1
280.544011875111,350.68,6.780926696559325,0.307,3.22,0,0.0,0.848,0
126.6777782961231,158.35,5.944734776727736,0.0235,4.06,1,1.27,0.78,1
242.5595027316859,303.2,6.322203280792703,0.2972,3.68,0,0.0,0.681,0
114.02788372374556,142.53,1.5692145911651267,0.3873,8.43,1,1.14,0.836,0
251.50370228883145,314.38,5.163527679949552,0.3005,4.84,1,2.52,0.827,1
77.84238868979058,97.3,7.676700310259887,0.4133,2.32,1,0.78,0.81,0
86.78012185080975,108.48,6.838763625169423,0.1326,3.16,0,0.0,0.636,0
203.3608602052362,254.2,4.386878048549625,0.0386,5.61,1,2.03,0.971,0
63.81398848553891,79.77,1.0350051334462984,0.3605,8.96,1,0.64,0.837,1
68.74625610762864,85.93,8.70650213925977,0.4141,1.29,0,0.0,0.706,1
91.57872870522442,114.47,5.262043418439842,0.2508,4.74,0,0.0,0.875,1
203.67863089811271,254.6,8.896607597953665,0.4103,1.1,1,2.04,0.727,1
266.81642772696955,333.52,4.387001113280116,0.229,5.61,1,2.67,0.802,1
202.370295338096,252.96,2.3701302493760545,0.0993,7.63,0,0.0,0.736,0
248.34427330323757,310.43,3.074130102411607,0.2372,6.93,1,2.48,0.952,0
163.06817690834092,203.84,4.18149327399449,0.108,5.82,0,0.0,0.998,1
20.676966403543585,25.85,6.1422313319000965,0.236,3.86,1,0.21,0.664,0
30.1398634525502,37.67,7.689109882559848,0.0738,2.31,0,0.0,0.609,0
166.31759351007463,207.9,2.426406318522968,0.0928,7.57,0,0.0,0.688,1
98.34029059263288,122.93,1.877219206621964,0.4415,8.12,0,0.0,0.836,1
66.1704220910828,82.71,2.0265877900766616,0.0579,7.97,1,0.66,0.67,1
139.87707819078625,174.85,9.34499779011517,0.1121,0.66,0,0.0,0.925,1
199.9490222712905,249.94,1.639488537060857,0.4978,8.36,1,2.0,0.763,1
115.49758432075753,144.37,3.4574326053976434,0.288,6.54,1,1.15,0.844,1
240.76267714720248,300.95,4.858676202824805,0.2929,5.14,0,0.0,0.782,1
221.5569739714181,276.95,5.562034856211636,0.4225,4.44,1,2.22,0.961,0
220.47446464787004,275.59,8.580851434041234,0.2622,1.42,1,2.2,0.614,0
295.55690690321654,369.45,1.128838434391526,0.1109,8.87,1,2.96,0.892,1
88.56899321149044,110.71,1.0801339316320258,0.2112,8.92,0,0.0,0.861,0
193.41767590226857,241.77,3.1640964988410647,0.3775,6.84,1,1.93,0.86,0
256.64350204809404,320.8,4.132014575235301,0.4362,5.87,0,0.0,0.766,0
173.85733017417328,217.32,3.737756619657826,0.1366,6.26,0,0.0,0.606,1
236.8506528346178,296.06,3.919018059686301,0.131,6.08,1,2.37,0.876,0
124.33565575197368,155.42,8.514550010775153,0.1638,1.49,1,1.24,0.932,1
177.1474036964414,221.43,8.36668319695967,0.2981,1.63,0,0.0,0.634,0
16.699917841298483,20.87,8.055013056427091,0.1393,1.94,0,0.0,0.777,1
295.730281747444,369.66,7.552806677850882,0.4466,2.45,0,0.0,0.665,1
240.0055444345252,300.01,0.40389264902285,0.489,9.6,0,0.0,0.844,1
260.64272148943485,325.8,1.4938770272591215,0.3396,8.51,0,0.0,0.914,1
208.28828344288385,260.36,7.321926434389624,0.4851,2.68,0,0.0,0.867,1
55.81500984260984,69.77,5.948439233289764,0.1439,4.05,1,0.56,0.727,0
9.30853272540968,11.64,6.739445778932293,0.4076,3.26,1,0.09,0.656,0
259.39698232080406,324.25,7.169313859191514,0.3392,2.83,0,0.0,0.918,0
118.89919612083692,148.62,9.113647097173509,0.1316,0.89,1,1.19,0.73,0
79.15946281197598,98.95,6.35142945295681,0.1592,3.65,0,0.0,0.609,1
168.50188765168332,210.63,2.755674286755604,0.2443,7.24,0,0.0,0.829,1
126.2695567427158,157.84,0.8301593702150356,0.3958,9.17,0,0.0,0.699,0
195.49979870626711,244.37,4.320847290877787,0.4361,5.68,1,1.95,0.936,0
145.13796991635408,181.42,7.098495654450867,0.317,2.9,0,0.0,0.657,0
209.1699421320812,261.46,2.8190140073621195,0.3608,7.18,0,0.0,0.774,1
256.0269808527429,320.03,1.200793157247213,0.1319,8.8,1,2.56,0.701,0
58.66710328673671,73.33,9.987424104679784,0.3705,0.01,0,0.0,0.876,1
98.82986416964604,123.54,4.188743652610482,0.3025,5.81,0,0.0,0.819,0
131.04467597119168,163.81,2.1631479147553767,0.1115,7.84,0,0.0,0.916,1
288.6175344082915,360.77,1.6455593879017716,0.4751,8.35,1,2.89,0.783,1
109.60008406424558,137.0,8.627823798995117,0.2564,1.37,0,0.0,0.602,1
114.32995487778886,142.91,8.196038782618137,0.3972,1.8,0,0.0,0.686,0
196.04175688786836,245.05,6.133205890627515,0.2628,3.87,1,1.96,1.0,0
125.75991296698476,157.2,5.471855110790687,0.4665,4.53,0,0.0,0.762,0
285.36712369188155,356.71,9.514390047883412,0.0706,0.49,0,0.0,0.848,0
268.34062814263314,335.43,2.2826762335773543,0.2731,7.72,1,2.68,0.962,0
154.02263333270187,192.53,4.1539359596518155,0.0126,5.85,0,0.0,0.608,0
193.43257018435497,241.79,0.2466500182140563,0.0987,9.75,0,0.0,0.864,1
17.409168565086162,21.76,4.185897671662939,0.1405,5.81,1,0.17,0.715,1
208.71915840971943,260.9,3.842165202306922,0.2363,6.16,1,2.09,0.712,1
212.16026188470968,265.2,9.49493239390108,0.4101,0.51,0,0.0,0.69,0
107.75978869296242,134.7,3.5823243553688036,0.2333,6.42,0,0.0,0.929,1
65.9048650875818,82.38,8.347892593470771,0.2806,1.65,1,0.66,0.749,0
274.52352054510504,343.15,7.6659365951471425,0.462,2.33,0,0.0,0.627,0
128.01147024153832,160.01,1.4727204998298649,0.3783,8.53,0,0.0,0.639,0
196.1118314405132,245.14,9.62717222905296,0.0251,0.37,1,1.96,0.659,0
9.998638492876788,12.5,6.309657501725457,0.0882,3.69,0,0.0,0.96,0
124.22014997305088,155.28,5.965505272980036,0.0191,4.03,1,1.24,0.771,0
245.177643304164,306.47,0.1170544409259977,0.0345,9.88,0,0.0,0.966,0
116.27280012021453,145.34,6.992107936435272,0.1694,3.01,0,0.0,0.927,1
180.94834804106304,226.19,0.5562886443190973,0.3639,9.44,0,0.0,0.935,0
62.956740145361834,78.7,1.8538081185015531,0.1222,8.15,0,0.0,0.715,0
124.95769465186788,156.2,0.9862098258724504,0.1961,9.01,1,1.25,0.709,1
278.291315415956,347.86,3.782059230484101,0.1969,6.22,0,0.0,0.824,0
169.93552491031116,212.42,7.957115021328681,0.2952,2.04,0,0.0,0.767,0
270.57943772787945,338.22,7.0738154602648615,0.4465,2.93,0,0.0,0.804,0
270.605789846863,338.26,1.0669514330779806,0.4916,8.93,1,2.71,0.621,1
283.2443401273439,354.06,7.9846119278388095,0.3023,2.02,0,0.0,0.989,0
268.6174980240316,335.77,4.608471405066009,0.2525,5.39,1,2.69,0.623,0
0.9843387030901928,1.23,0.3263077788804813,0.3409,9.67,0,0.0,0.672,1
280.2044674744791,350.26,2.238264602632393,0.334,7.76,1,2.8,0.871,0
41.237831725612914,51.55,7.851855279678009,0.262,2.15,1,0.41,0.662,1
11.977875333345168,14.97,7.33299738923122,0.3685,2.67,0,0.0,0.643,1
16.616560373415844,20.77,1.8835112314589275,0.2456,8.12,1,0.17,0.661,1
104.67485855293008,130.84,0.3799906487772442,0.4982,9.62,1,1.05,0.625,1
186.2412255806381,232.8,2.9520194398589172,0.0245,7.05,1,1.86,0.701,1
120.69335895569924,150.87,7.949268971961675,0.2216,2.05,1,1.21,0.708,1
7.666285394813843,9.58,9.383904820237824,0.1985,0.62,0,0.0,0.799,0
142.9447902524144,178.68,5.728856349285558,0.3852,4.27,1,1.43,0.775,0
132.63922268111403,165.8,0.911038549694867,0.0954,9.09,1,1.33,0.789,1
227.05477965049403,283.82,5.020861551811095,0.217,4.98,1,2.27,0.846,1
83.8838695276315,104.85,9.987913721892536,0.349,0.01,0,0.0,0.692,1
65.25935213831015,81.57,9.38669012491194,0.3016,0.61,0,0.0,0.654,1
76.78168730298786,95.98,9.932110039015551,0.2726,0.07,1,0.77,0.952,1
91.1219467889544,113.9,6.99414710718213,0.2175,3.01,1,0.91,0.854,0
179.74946201014995,224.69,4.260885645914401,0.376,5.74,0,0.0,0.624,0
141.45764563562395,176.82,8.931295600944367,0.3232,1.07,0,0.0,0.984,1
101.06836955371736,126.34,8.951804630446947,0.4374,1.05,0,0.0,0.877,1
112.29424748510353,140.37,1.4436483303609082,0.3665,8.56,1,1.12,0.661,0
111.27709804769285,139.1,7.75385856811627,0.0702,2.25,1,1.11,0.988,0
291.72200841309524,364.65,9.193095194532702,0.3098,0.81,1,2.92,0.746,0
69.89909641588577,87.37,8.985196768787926,0.0223,1.01,1,0.7,0.994,0
245.4184680816776,306.77,7.06833617425136,0.1937,2.93,0,0.0,0.641,1
212.4632512764561,265.58,5.373583353944965,0.206,4.63,0,0.0,0.664,1
1.6710016810651762,2.09,7.76749264321135,0.4274,2.23,0,0.0,0.863,1
297.9528654376464,372.44,5.161558413937167,0.0902,4.84,1,2.98,0.609,1
226.93181119007207,283.66,3.2123406941650003,0.3218,6.79,0,0.0,0.607,0
204.7348759052374,255.92,2.58938493713201,0.0962,7.41,1,2.05,0.917,0
121.5974123029912,152.0,5.406572246613244,0.4743,4.59,1,1.22,0.667,1
166.5609266742869,208.2,4.559548805139745,0.2647,5.44,1,1.67,0.968,0
75.98126870024106,94.98,5.2449526803383275,0.3541,4.76,0,0.0,0.77,0
10.645021543709245,13.31,2.6069690853722904,0.3233,7.39,1,0.11,0.949,0
250.80649753379183,313.51,5.905831214766636,0.1518,4.09,1,2.51,0.767,0
268.9453481043515,336.18,6.620744197562253,0.4506,3.38,1,2.69,0.812,0
48.74119098427197,60.93,8.068488936824732,0.3136,1.93,0,0.0,0.727,0
236.1168287537199,295.15,5.899874226629333,0.2552,4.1,1,2.36,0.863,0
222.3458019856976,277.93,7.560708023670083,0.2642,2.44,0,0.0,0.727,1
53.51250058082714,66.89,1.6938532596673306,0.4453,8.31,1,0.54,0.689,0
126.54864077243816,158.19,1.2106269476251652,0.0296,8.79,1,1.27,0.632,1
126.827376250231,158.53,1.7964109040330056,0.1945,8.2,0,0.0,0.623,1
227.98927749157457,284.99,8.462651218176415,0.4208,1.54,1,2.28,0.722,0
251.29827173281663,314.12,5.561498859372241,0.0188,4.44,0,0.0,0.895,1
28.432536417411303,35.54,4.553152315296688,0.3196,5.45,1,0.28,0.682,1
168.89077047126088,211.11,7.621594237801231,0.2016,2.38,0,0.0,0.72,1
228.5245490786656,285.66,1.240779155271693,0.1023,8.76,0,0.0,0.962,0
235.8571782195475,294.82,0.062079637298813,0.3057,9.94,1,2.36,0.856,0
44.39805732912268,55.5,3.1096480987347164,0.4155,6.89,0,0.0,0.968,1
157.65154294523822,197.06,2.4889433405009145,0.2337,7.51,1,1.58,0.964,0
257.26761190881086,321.58,3.073308297682047,0.0734,6.93,1,2.57,0.625,0
95.55557297558524,119.44,9.735693471265044,0.1531,0.26,1,0.96,0.982,1
127.53506967353914,159.42,5.677457427960938,0.4907,4.32,0,0.0,0.62,0
241.30755340089976,301.63,5.891119046633415,0.0555,4.11,1,2.41,0.97,1
26.795856355128688,33.49,6.5566928779626,0.0804,3.44,0,0.0,0.819,0
257.84798696669344,322.31,3.977254654992276,0.4951,6.02,1,2.58,0.813,0
93.3470150192427,116.68,9.789759164198038,0.4411,0.21,1,0.93,0.885,0
0.4350949773381463,0.54,9.732614213458426,0.3536,0.27,0,0.0,0.952,1
70.24774351690748,87.81,7.692453128051826,0.0755,2.31,1,0.7,0.847,0
26.85019226865194,33.56,2.1169216796414982,0.1203,7.88,1,0.27,0.77,1
27.71547209887324,34.64,8.80196829229165,0.0901,1.2,1,0.28,0.645,1
207.85072024277744,259.81,1.0091988356835149,0.3155,8.99,0,0.0,0.916,0
64.19290069171944,80.24,6.298948255198607,0.1994,3.7,1,0.64,0.651,0
280.42270889309475,350.53,4.572151415608351,0.0239,5.43,0,0.0,0.891,0
154.9333639773912,193.67,0.3921567306033446,0.1456,9.61,0,0.0,0.811,1
138.02947738647558,172.54,9.039070102347798,0.4303,0.96,1,1.38,0.754,1
130.2850554660455,162.86,9.610928445216608,0.398,0.39,1,1.3,0.845,0
207.77629190148951,259.72,9.073945351656352,0.3215,0.93,1,2.08,0.909,1
135.67882875708253,169.6,1.924667983561602,0.0428,8.08,0,0.0,0.976,1
38.580106867557554,48.23,3.329819012732921,0.4414,6.67,1,0.39,0.706,0
264.051654192227,330.06,9.557329439151689,0.2673,0.44,1,2.64,0.979,1
128.5186046776976,160.65,1.0642394408708655,0.2473,8.94,0,0.0,0.984,0
22.20137270985074,27.75,5.833047435213964,0.467,4.17,1,0.22,0.925,0
158.80979624932831,198.51,4.855224856133021,0.0044,5.14,0,0.0,0.953,0
194.20405753671105,242.76,1.5189863040315863,0.2779,8.48,1,1.94,0.877,0
82.67473924732757,103.34,8.86577492779466,0.3956,1.13,1,0.83,0.616,1
240.10212230215268,300.13,1.3415442974959255,0.0318,8.66,1,2.4,0.83,1
200.93275381120912,251.17,5.927069608195618,0.1786,4.07,0,0.0,0.899,0
195.10235077933004,243.88,3.1818088234304076,0.4887,6.82,1,1.95,0.977,0
126.24748586033826,157.81,4.179811401769465,0.1059,5.82,1,1.26,0.828,0
288.5745904233863,360.72,2.113596142290499,0.2656,7.89,1,2.89,0.918,0
82.25675038477429,102.82,6.246690653988129,0.373,3.75,1,0.82,0.882,0
173.31165030463578,216.64,9.88677484925659,0.1952,0.11,0,0.0,0.712,1
92.71654724178528,115.9,8.335430976742424,0.2039,1.66,1,0.93,0.662,1
223.4414258914662,279.3,6.832058565765991,0.0316,3.17,0,0.0,0.9,1
14.337445161036433,17.92,7.563812806392019,0.095,2.44,0,0.0,0.694,0
13.76816036251477,17.21,8.392866782545305,0.4403,1.61,1,0.14,0.698,1
243.25829085563743,304.07,4.725470950617577,0.4092,5.27,0,0.0,0.858,1
130.2804483191013,162.85,5.670442057761589,0.1523,4.33,0,0.0,0.916,1
102.35401638010671,127.94,8.954827553189196,0.1909,1.05,0,0.0,0.833,0
182.25805865260153,227.82,6.959473341004578,0.2202,3.04,1,1.82,0.954,1
210.5698031606921,263.21,1.360232053878497,0.173,8.64,1,2.11,0.685,0
60.36040405332198,75.45,7.795357605282169,0.327,2.2,0,0.0,0.701,0
55.62937242141947,69.54,0.2270631688686719,0.0064,9.77,1,0.56,0.855,1
287.44522432796447,359.31,8.475269932920499,0.4401,1.52,0,0.0,0.932,1
176.8992919153708,221.12,7.882993222843766,0.1503,2.12,0,0.0,0.816,1
117.03494318828044,146.29,8.307459855058848,0.4362,1.69,0,0.0,0.604,1
240.43250840085193,300.54,0.235925460299653,0.2272,9.76,1,2.4,0.871,0
157.54768763337515,196.93,9.724488341223395,0.3882,0.28,0,0.0,0.925,0
72.49884311237442,90.62,6.141320277331614,0.4129,3.86,0,0.0,0.711,1
62.02059169247215,77.53,8.000483931837032,0.1506,2.0,0,0.0,0.622,1
119.05777985094652,148.82,5.665591033710408,0.3202,4.33,1,1.19,0.807,1
257.9687580779639,322.46,3.397493161747728,0.3037,6.6,0,0.0,0.617,1
18.43437481327768,23.04,2.96148367373531,0.238,7.04,1,0.18,0.766,1
65.55780022642894,81.95,0.6993395751577025,0.2348,9.3,1,0.66,0.607,0
267.94554565577744,334.93,5.425149432702144,0.1526,4.57,1,2.68,0.69,0
36.52037069077515,45.65,1.4358915520965854,0.1551,8.56,1,0.37,0.756,0
188.88771547925052,236.11,5.675173846094851,0.2741,4.32,1,1.89,0.645,0
64.05341043630753,80.07,6.249162219492589,0.0161,3.75,0,0.0,0.646,0
181.7600542535665,227.2,4.420806979688773,0.4668,5.58,0,0.0,0.931,0
114.93125005326962,143.66,1.5632484031428062,0.325,8.44,1,1.15,0.617,0
30.50306892929756,38.13,4.327073766994721,0.2217,5.67,1,0.31,0.876,0
174.7425202662319,218.43,8.786719742469593,0.0309,1.21,0,0.0,0.926,0
204.9128241253758,256.14,4.580477927103653,0.315,5.42,1,2.05,0.652,0
204.08178568974083,255.1,3.4272945814372657,0.0089,6.57,0,0.0,0.678,1
191.11032272181288,238.89,6.297639582782857,0.3399,3.7,1,1.91,0.857,1
150.06743428066375,187.58,6.188622658101163,0.0363,3.81,1,1.5,0.726,0
155.8417850577977,194.8,0.9061649810988448,0.3281,9.09,0,0.0,0.791,0
190.69203294238787,238.37,2.364905684169938,0.2029,7.64,0,0.0,0.934,0
207.0778085239923,258.85,4.944046973123535,0.3313,5.06,0,0.0,0.655,1
196.4630216494155,245.58,3.663310727915507,0.0692,6.34,0,0.0,0.848,0
176.08366947403553,220.1,3.1995691156033903,0.0587,6.8,0,0.0,0.977,1
46.75169544123552,58.44,4.45713706371828,0.1237,5.54,1,0.47,0.623,1
63.184961547858535,78.98,2.9031409142449816,0.2058,7.1,1,0.63,0.624,0
78.0672063106045,97.58,3.4747170415727915,0.1265,6.53,1,0.78,0.822,1
275.8984971262507,344.87,7.736297930001173,0.041,2.26,0,0.0,0.984,0
227.81852753908996,284.77,5.102309900809687,0.1625,4.9,1,2.28,0.688,0
165.86004586106347,207.33,8.7285589438233,0.3529,1.27,1,1.66,0.732,0
75.61707856321405,94.52,9.48560257117549,0.2915,0.51,0,0.0,0.639,1
33.267456973251356,41.58,9.220773011229436,0.4817,0.78,0,0.0,0.745,0
269.6277677939924,337.03,2.5371109264666702,0.218,7.46,1,2.7,0.618,0
267.7998047468751,334.75,4.728859298168491,0.1664,5.27,0,0.0,0.756,0
33.20867870870746,41.51,5.350521829151305,0.3468,4.65,1,0.33,0.822,1
239.1649998289488,298.96,8.521907547041641,0.206,1.48,0,0.0,0.99,0
133.9935207929738,167.49,5.590206687505268,0.3092,4.41,1,1.34,0.927,0
97.19007984916205,121.49,2.527154905718425,0.4731,7.47,0,0.0,0.929,0
221.73136086261215,277.16,5.475391138196709,0.2496,4.52,1,2.22,0.691,0
184.29886231821916,230.37,0.4428449424348679,0.2491,9.56,1,1.84,0.635,1
234.0090322780012,292.51,8.3413737047778,0.3876,1.66,0,0.0,0.841,0
22.298658189881127,27.87,5.659993744712066,0.378,4.34,0,0.0,0.808,0
95.57610598723691,119.47,6.517172095154652,0.2581,3.48,1,0.96,0.807,1
95.79505512502072,119.74,2.0093912994832683,0.0324,7.99,1,0.96,0.644,0
98.92592768632966,123.66,5.58134476843894,0.4904,4.42,1,0.99,0.798,0
150.74396179314164,188.43,5.306368903445357,0.1887,4.69,1,1.51,0.66,0
84.9041409242842,106.13,6.196309472564977,0.1584,3.8,1,0.85,0.769,0
133.3150830262559,166.64,8.474200512678578,0.4908,1.53,0,0.0,0.625,0
110.33327793462476,137.92,7.645384605750659,0.4361,2.35,1,1.1,0.943,1
220.58881440615335,275.74,5.468744090663497,0.1651,4.53,0,0.0,0.605,0
181.05023870251503,226.31,8.934030873387078,0.1542,1.07,0,0.0,0.976,0
196.08882969519465,245.11,3.584183482097858,0.3605,6.42,0,0.0,0.945,1
63.17516822479333,78.97,4.925508200736978,0.1672,5.07,1,0.63,0.901,0
97.6506495980668,122.06,6.494340036514784,0.1257,3.51,1,0.98,0.993,0
6.349634283622285,7.94,4.407666896680842,0.4898,5.59,0,0.0,0.622,1
32.512412187950964,40.64,3.6141821371646,0.2829,6.39,1,0.33,0.857,0
79.5162695966662,99.4,1.1239425169604966,0.3812,8.88,1,0.8,0.94,1
19.639116390606315,24.55,6.358994777582603,0.3565,3.64,1,0.2,0.651,0
180.78972010641073,225.99,1.9260636530923292,0.3778,8.07,1,1.81,0.834,0
299.4390347771476,374.3,1.3825497628512873,0.4517,8.62,0,0.0,0.758,1
30.244564219616553,37.81,1.8215289237959764,0.2504,8.18,1,0.3,0.774,1
246.36906380077951,307.96,6.884804969054397,0.3767,3.12,0,0.0,0.965,0
35.64487417954415,44.56,1.3835923341665723,0.3984,8.62,1,0.36,0.815,1
200.9742056389308,251.22,9.7623601181114,0.4732,0.24,0,0.0,0.637,0
192.94728091770511,241.18,7.585413763981187,0.3565,2.41,1,1.93,0.975,1
270.8150804433598,338.52,3.927347078804657,0.4463,6.07,0,0.0,0.674,1
34.18368410415371,42.73,5.932827520769848,0.0475,4.07,1,0.34,0.957,1
94.63333982456932,118.29,0.076266431052675,0.063,9.92,1,0.95,0.988,1
27.233928106405713,34.04,8.445319362289762,0.0792,1.55,1,0.27,0.951,1
122.21499774133017,152.77,2.7121156902987065,0.0724,7.29,1,1.22,0.871,0
273.47795206723345,341.85,0.7188370485827533,0.0438,9.28,0,0.0,0.897,0
234.4569453185568,293.07,7.581189005187965,0.0613,2.42,0,0.0,0.88,0
216.87003013359575,271.09,3.2958166264469613,0.498,6.7,0,0.0,0.784,1
159.9082514588106,199.89,5.675411582031938,0.1361,4.32,1,1.6,0.71,0
265.0457227006569,331.31,8.440315493019053,0.239,1.56,0,0.0,0.714,1
134.8325394723985,168.54,7.75931360659445,0.4108,2.24,1,1.35,0.892,0
44.90570013019147,56.13,3.3683679236683006,0.0592,6.63,0,0.0,0.85,0
251.27556693623376,314.09,8.686965865295402,0.1587,1.31,1,2.51,0.834,0
83.89149841551806,104.86,3.8884991449320703,0.0796,6.11,0,0.0,0.861,1
16.090062307334417,20.11,5.000238218891654,0.0313,5.0,1,0.16,0.91,1
37.811409200637414,47.26,6.12458670148901,0.4804,3.88,1,0.38,0.899,1
182.7176748582445,228.4,0.7098082093539471,0.4292,9.29,0,0.0,0.642,0
182.12458917635175,227.66,5.971638362869564,0.4396,4.03,0,0.0,0.745,0
78.05495132461034,97.57,5.774172408263841,0.4343,4.23,0,0.0,0.706,0
218.15404438379372,272.69,8.734944749195748,0.0773,1.27,1,2.18,0.815,0
232.0920466198603,290.12,3.5366387298681223,0.3925,6.46,1,2.32,0.625,0
276.15078784008546,345.19,2.4218867800779584,0.3639,7.58,1,2.76,0.905,0
175.4812496034711,219.35,4.765145262728119,0.4627,5.23,0,0.0,0.643,0
233.82700924427184,292.28,6.873316495357487,0.1097,3.13,0,0.0,0.709,0
225.92990393149012,282.41,5.618942373095669,0.207,4.38,1,2.26,0.913,0
77.34271454015786,96.68,1.3820667198300285,0.1475,8.62,0,0.0,0.621,1
93.0677783812978,116.33,3.4789162977885746,0.129,6.52,0,0.0,0.864,0
143.54471872586143,179.43,0.6378576343232589,0.3262,9.36,1,1.44,0.97,0
5.711690258774549,7.14,7.393263135066619,0.082,2.61,1,0.06,0.847,1
89.21933194731706,111.52,8.829483228313943,0.2324,1.17,0,0.0,0.885,0
142.1648620032714,177.71,0.4567300488093695,0.3233,9.54,1,1.42,0.917,1
32.42078858434312,40.53,5.254274910525516,0.0652,4.75,0,0.0,0.689,1
37.882766332537635,47.35,5.659800333751811,0.1285,4.34,0,0.0,0.832,0
138.97102072120234,173.71,4.388278810014493,0.4837,5.61,0,0.0,0.724,0
219.28950947577937,274.11,5.027337357677981,0.3977,4.97,1,2.19,0.7,1
250.12467927620497,312.66,7.103567334955356,0.3385,2.9,0,0.0,0.677,1
163.89416925142456,204.87,4.837256403213268,0.428,5.16,1,1.64,0.834,0
142.42469626401933,178.03,9.19652133951562,0.007,0.8,0,0.0,0.918,0
115.28417053792656,144.11,5.4087379768100945,0.003,4.59,1,1.15,0.95,1
57.88469773128186,72.36,0.7179665956735759,0.077,9.28,0,0.0,0.771,1
43.968600844309414,54.96,9.533246606311836,0.2476,0.47,1,0.44,0.749,0
237.56893549854243,296.96,1.4681070169138777,0.285,8.53,0,0.0,0.875,0
139.50198966370084,174.38,7.8445990001547825,0.0568,2.16,1,1.4,0.912,0
237.0960736439264,296.37,5.269056864718019,0.0361,4.73,1,2.37,0.701,0
211.2249107701889,264.03,7.408924542691709,0.4142,2.59,0,0.0,0.719,1
58.16877431501365,72.71,5.1342988418136395,0.2322,4.87,0,0.0,0.813,1
153.0921792633677,191.37,0.5897020033260769,0.4962,9.41,1,1.53,0.778,0
133.2049891268042,166.51,3.7492592968954703,0.1147,6.25,1,1.33,0.882,1
127.16205182720904,158.95,6.206859820405261,0.3236,3.79,0,0.0,0.802,1
162.77131476114414,203.46,6.288822185326776,0.4022,3.71,0,0.0,0.645,0
294.62457032263137,368.28,9.73044442183791,0.4363,0.27,1,2.95,0.666,0
243.8701793012236,304.84,6.063246983735528,0.1532,3.94,1,2.44,0.961,1
271.1137294891175,338.89,2.8643913139596777,0.0966,7.14,0,0.0,0.691,0
8.891874952811262,11.11,0.4342549008182583,0.113,9.57,0,0.0,0.62,1
42.10091003775178,52.63,7.884152011138648,0.3334,2.12,1,0.42,0.893,1
25.42909806736905,31.79,8.89290456464523,0.2612,1.11,1,0.25,0.874,0
78.96930151958298,98.71,6.136380403720868,0.2995,3.86,1,0.79,0.84,0
132.56774758999515,165.71,4.823769360206147,0.0103,5.18,1,1.33,0.801,0
192.6159742967669,240.77,8.609865177191748,0.1955,1.39,0,0.0,0.988,0
150.2493798859806,187.81,2.403560790363798,0.1551,7.6,1,1.5,0.648,0
270.95517447394195,338.69,3.987320836244778,0.4319,6.01,0,0.0,0.804,0
281.9567876681591,352.45,5.0765655422009095,0.3881,4.92,1,2.82,0.826,1
49.05628535923767,61.32,0.493726168808859,0.2148,9.51,0,0.0,0.609,1
255.87387607943552,319.84,6.885789951532323,0.3153,3.11,1,2.56,0.765,0
144.5166612039903,180.65,1.8855986618074283,0.0238,8.11,1,1.45,0.913,1
135.9988413952153,170.0,3.331531849872178,0.3186,6.67,1,1.36,0.788,1
235.48180454537044,294.35,4.144928139029377,0.0486,5.86,1,2.35,0.95,0
27.942152713462978,34.93,6.385103296144475,0.357,3.61,0,0.0,0.858,0
264.74793822574395,330.93,0.6548403790747603,0.2869,9.35,0,0.0,0.906,1
201.2590063642844,251.57,3.408617367536265,0.1502,6.59,0,0.0,0.922,1
262.5784822973994,328.22,2.7436173647242756,0.1854,7.26,0,0.0,0.876,0
298.34327331228684,372.93,0.0151942211098266,0.045,9.98,0,0.0,0.9,0
155.401335707176,194.25,6.916534412184172,0.1614,3.08,1,1.55,0.878,1
27.978659372678692,34.97,2.3593493588312633,0.4834,7.64,1,0.28,0.82,1
49.95715887926595,62.45,1.664383629389582,0.2431,8.34,1,0.5,0.827,0
97.08547276629298,121.36,7.979652627344818,0.2371,2.02,1,0.97,0.676,1
31.065882640412863,38.83,0.3919830703969651,0.3146,9.61,1,0.31,0.931,0
244.60254784133096,305.75,9.002399477065001,0.2422,1.0,0,0.0,0.725,1
89.06035530983054,111.33,6.869016623038643,0.1778,3.13,0,0.0,0.814,1
292.7658564059596,365.96,1.7174634742123218,0.0698,8.28,1,2.93,0.7,0
210.7774295795567,263.47,3.5010302659389945,0.3152,6.5,0,0.0,0.878,1
52.02911107666729,65.04,9.49983131982152,0.3745,0.5,0,0.0,0.99,1
142.81279408318207,178.52,6.188445822239691,0.4616,3.81,0,0.0,0.921,0
140.06526648999633,175.08,6.087176368883701,0.0015,3.91,0,0.0,0.848,0
147.75349750009016,184.69,6.530710921126518,0.0333,3.47,0,0.0,0.827,1
160.70735119288068,200.88,4.627377555281936,0.4497,5.37,0,0.0,0.796,1
9.35192469531926,11.69,1.6730341318878417,0.3156,8.33,1,0.09,0.682,0
205.89033772308704,257.36,1.508911116351458,0.479,8.49,1,2.06,0.739,0
146.15753258653297,182.7,6.873106443788625,0.2154,3.13,1,1.46,0.763,1
237.2896196606097,296.61,8.839413184952315,0.2083,1.16,1,2.37,0.978,1
244.60487197812915,305.76,3.002108866515808,0.1721,7.0,0,0.0,0.77,1
69.16053659751523,86.45,5.034035698760425,0.0714,4.97,1,0.69,0.834,0
14.52688392803334,18.16,9.922378435693911,0.1893,0.08,0,0.0,0.969,1
210.97015683369676,263.71,2.571611963463355,0.0073,7.43,1,2.11,0.807,0
293.3288365391623,366.66,3.902139285553035,0.2547,6.1,0,0.0,0.701,0
133.99739597427032,167.5,3.6352159605851977,0.4236,6.36,1,1.34,0.752,0
77.88384287807874,97.35,0.3258583615959232,0.1606,9.67,0,0.0,0.75,1
47.001568375044286,58.75,5.0951697398409745,0.0473,4.9,0,0.0,0.886,1
86.23367921717552,107.79,2.0867788650165897,0.4869,7.91,1,0.86,0.718,1
98.37586541143494,122.97,1.285975970536497,0.0645,8.71,0,0.0,0.892,0
127.16242303033935,158.95,7.104159993820556,0.2643,2.9,1,1.27,0.956,1
196.62213696437595,245.78,7.657604438085839,0.4046,2.34,1,1.97,0.734,1
81.94891682406812,102.44,8.888915350104405,0.1262,1.11,0,0.0,0.654,0
15.29302904060279,19.12,9.341323928637207,0.4207,0.66,0,0.0,0.855,0
111.98358347181588,139.98,8.690659601327686,0.2785,1.31,1,1.12,0.744,0
256.6888848477227,320.86,1.2249467069210995,0.166,8.78,1,2.57,0.814,1
149.50545325556513,186.88,2.2362883404601384,0.4328,7.76,1,1.5,0.854,1
289.43512732362296,361.79,1.2247529471092222,0.311,8.78,1,2.89,0.763,1
151.08645932661952,188.86,3.535245309445938,0.3077,6.46,1,1.51,0.97,1
82.76964507655434,103.46,1.2407184561837292,0.252,8.76,0,0.0,0.76,0
57.994199173564375,72.49,6.532772966143914,0.1374,3.47,1,0.58,0.723,0
208.3573490356729,260.45,7.1671549237096706,0.1524,2.83,0,0.0,0.954,1
160.91438573323092,201.14,1.595936928979543,0.044,8.4,0,0.0,0.655,1
181.19967869863245,226.5,6.215760503809896,0.1219,3.78,0,0.0,0.65,0
226.53803680023935,283.17,0.2298940660615867,0.1389,9.77,1,2.27,0.974,0
217.77103927946789,272.21,4.343702694606538,0.0294,5.66,1,2.18,0.684,1
13.008990050468094,16.26,2.853390540826978,0.0552,7.15,1,0.13,0.659,1
240.7715715885085,300.96,9.984948769677834,0.1351,0.02,0,0.0,0.814,1
159.8109921155134,199.76,9.227846189830936,0.3386,0.77,1,1.6,0.619,1
117.51255924443178,146.89,1.475654561162666,0.0921,8.52,1,1.18,0.848,1
161.25582788042112,201.57,9.173707913987048,0.2609,0.83,1,1.61,0.781,1
183.7354345371975,229.67,4.187898373933475,0.254,5.81,1,1.84,0.856,0
44.8518929621391,56.06,5.7664812758175765,0.417,4.23,0,0.0,0.714,1
125.2246185979335,156.53,5.3376442605980206,0.3046,4.66,1,1.25,0.962,0
100.67586305645514,125.84,7.261565517557599,0.4585,2.74,1,1.01,0.708,1
105.12268344541152,131.4,3.3495679369748843,0.3141,6.65,1,1.05,0.855,1
27.400481522192464,34.25,0.6968258622736212,0.0128,9.3,1,0.27,0.978,1
47.95304640006912,59.94,4.176269397956967,0.1907,5.82,0,0.0,0.76,1
48.54962027586641,60.69,5.4450555053125065,0.3495,4.55,0,0.0,0.665,1
111.96742296649434,139.96,5.549139578808261,0.2376,4.45,1,1.12,0.627,0
268.3474634624375,335.43,7.92597630541634,0.2097,2.07,0,0.0,0.985,0
61.8082115762828,77.26,0.4422584943175978,0.3358,9.56,0,0.0,0.905,0
124.85775230244136,156.07,9.8809436198905,0.1429,0.12,0,0.0,0.968,0
93.48282458974136,116.85,9.90565002891777,0.4545,0.09,1,0.93,0.88,1
236.21499376540143,295.27,0.9901682210583608,0.2066,9.01,0,0.0,0.737,0
15.037929696244843,18.8,3.4401748536427568,0.3156,6.56,1,0.15,0.649,0
58.96301866076712,73.7,5.903106756930506,0.4912,4.1,0,0.0,0.972,1
63.19246270643831,78.99,3.7332582963995007,0.3927,6.27,1,0.63,0.796,0
297.88884009396935,372.36,4.87624687805585,0.2658,5.12,1,2.98,0.759,0
171.2325053898911,214.04,3.25928356722312,0.4297,6.74,0,0.0,0.831,1
41.68747931505546,52.11,7.121333236223517,0.2802,2.88,1,0.42,0.643,0
81.65974178296965,102.07,3.640172445207246,0.2208,6.36,1,0.82,0.724,1
50.34662823687728,62.93,4.298864184141692,0.4367,5.7,0,0.0,0.855,0
37.3813708858344,46.73,5.7590773596198215,0.0136,4.24,0,0.0,0.64,1
239.15460852236777,298.94,9.692012627327903,0.2037,0.31,1,2.39,0.654,1
148.72578859810645,185.91,6.418044683936021,0.1715,3.58,0,0.0,0.804,0
189.3630410546344,236.7,0.9692114938054476,0.357,9.03,1,1.89,0.849,1
99.3753740975988,124.22,3.189006207547982,0.0063,6.81,1,0.99,0.675,0
166.10852582019882,207.64,4.197145442646297,0.3304,5.8,1,1.66,0.613,1
77.27070975710913,96.59,7.401738201884856,0.1732,2.6,0,0.0,0.983,0
92.41088247847044,115.51,4.468755517737966,0.0489,5.53,0,0.0,0.611,1
195.6713833100199,244.59,6.5910421991006825,0.4902,3.41,0,0.0,0.601,0
45.10503777576908,56.38,8.39494756334798,0.1061,1.61,1,0.45,0.729,1
185.16655775023855,231.46,1.0433758371691149,0.1746,8.96,0,0.0,0.689,1
255.6704449269382,319.59,7.65739579943712,0.1035,2.34,0,0.0,0.829,0
36.12696785423072,45.16,7.455797978350009,0.331,2.54,1,0.36,0.958,1
269.2383841709937,336.55,8.19712379397328,0.3913,1.8,1,2.69,0.792,0
23.833704089668498,29.79,9.56066469669559,0.4303,0.44,0,0.0,0.909,0
104.6727680867619,130.84,3.095979754121431,0.1555,6.9,0,0.0,0.964,0
183.15279457139837,228.94,4.290204927134368,0.2623,5.71,0,0.0,0.676,1
167.82442803556106,209.78,2.626819990760929,0.3316,7.37,0,0.0,0.795,0
28.91732174833004,36.15,3.2710562702507784,0.3148,6.73,0,0.0,0.857,1
239.67395033575593,299.59,3.298259590083117,0.358,6.7,1,2.4,0.733,1
291.94598794357586,364.93,8.69775018835874,0.3849,1.3,1,2.92,0.896,1
54.36848675513103,67.96,0.6289831768149989,0.0487,9.37,0,0.0,0.882,0
268.5392909446388,335.67,2.0269860587482533,0.0842,7.97,0,0.0,0.768,1
167.04283263352517,208.8,6.105582143053621,0.3672,3.89,0,0.0,0.635,1
280.78013137359824,350.98,7.651947820705799,0.2383,2.35,0,0.0,0.605,0
52.82578752502833,66.03,6.973770539835885,0.2135,3.03,1,0.53,0.748,0
237.60641795382736,297.01,0.4657567568187415,0.2277,9.53,0,0.0,0.633,1
17.93447263359934,22.42,4.537943812923666,0.186,5.46,0,0.0,0.913,1
264.95893404081795,331.2,1.8447358815758852,0.2955,8.16,1,2.65,0.734,1
202.2478266598901,252.81,9.881422066151606,0.1617,0.12,0,0.0,0.866,0
111.07643517672902,138.85,9.988919631983498,0.3184,0.01,0,0.0,0.739,0
57.14004704935505,71.43,0.5089854291759965,0.1013,9.49,1,0.57,0.918,0
244.95992957016145,306.2,6.677241284362072,0.3788,3.32,0,0.0,0.955,0
180.97239641844348,226.22,8.13064940474536,0.3908,1.87,0,0.0,0.935,1
108.1247558844004,135.16,3.24779868960847,0.2893,6.75,1,1.08,0.794,1
133.15074744075488,166.44,6.936364362454068,0.1847,3.06,0,0.0,0.634,1
247.96279682171297,309.95,1.876685348155016,0.0072,8.12,0,0.0,0.749,0
101.67815800706032,127.1,1.279591532728208,0.0608,8.72,0,0.0,0.77,1
26.88980343297861,33.61,9.253018167848875,0.0398,0.75,1,0.27,0.984,1
273.3846516610418,341.73,6.425357244821907,0.0051,3.57,1,2.73,0.826,0
116.20312189741038,145.25,8.169472402224772,0.3611,1.83,1,1.16,0.856,1
104.51625333456404,130.65,5.327131734934678,0.478,4.67,1,1.05,0.913,0
61.319885662781815,76.65,1.5472535687000422,0.0056,8.45,0,0.0,0.827,1
269.22677136850365,336.53,3.766551849697328,0.0563,6.23,1,2.69,0.839,0
65.25160010635017,81.56,8.816569529496114,0.4303,1.18,0,0.0,0.698,0
191.0018604004151,238.75,0.1560657759748829,0.3443,9.84,0,0.0,0.624,1
264.22950348243086,330.29,2.071776320451159,0.2024,7.93,0,0.0,0.889,0
10.47408438096522,13.09,2.5328659807413443,0.4964,7.47,0,0.0,0.939,1
248.63751159005872,310.8,2.6299577539811048,0.2868,7.37,0,0.0,0.765,1
123.17982650693234,153.97,0.9858669488297956,0.3348,9.01,1,1.23,0.82,1
197.39237257956356,246.74,8.482196934705147,0.3266,1.52,0,0.0,0.723,0
111.72136896766618,139.65,1.5951392000430864,0.1114,8.4,0,0.0,0.78,0
208.65487690424817,260.82,8.29674385808854,0.2441,1.7,1,2.09,0.684,0
76.28847436730975,95.36,3.5506177766530502,0.1082,6.45,1,0.76,0.904,1
6.579162730618881,8.22,4.573180916475966,0.2547,5.43,1,0.07,0.797,0
284.33625443638607,355.42,4.628508396049618,0.0154,5.37,0,0.0,0.819,0
4.910329212024833,6.14,7.13148822220297,0.191,2.87,0,0.0,0.615,0
247.22978689005217,309.04,7.312998340891221,0.1861,2.69,0,0.0,0.849,1
50.74127799674214,63.43,6.406880280370268,0.1458,3.59,0,0.0,0.681,1
117.66606858060835,147.08,7.737684835511679,0.0396,2.26,0,0.0,0.753,0
246.7477129518167,308.43,0.0830317903140209,0.3855,9.92,0,0.0,0.765,0
61.77964509370361,77.22,5.048104311991029,0.2102,4.95,0,0.0,0.779,1
259.71228165751074,324.64,5.240253440196163,0.407,4.76,0,0.0,0.691,1
149.32768173057042,186.66,2.3933984089084905,0.4179,7.61,1,1.49,0.94,0
109.84603881518296,137.31,5.563709080987065,0.1068,4.44,0,0.0,0.771,0
198.73132402090084,248.41,4.671573697138753,0.2107,5.33,1,1.99,0.845,0
102.41691659428726,128.02,4.721123086995527,0.3605,5.28,1,1.02,0.846,1
104.1865076989071,130.23,1.1845053102463343,0.2497,8.82,0,0.0,0.843,0
220.05791728149097,275.07,4.352625383005754,0.4275,5.65,0,0.0,0.824,0
92.94966736173237,116.19,7.664307285518511,0.2858,2.34,0,0.0,0.929,1
60.23179450632753,75.29,4.099899912200442,0.3148,5.9,0,0.0,0.925,1
242.2938383989716,302.87,4.874984235468281,0.3935,5.13,1,2.42,0.767,0
241.6113101181695,302.01,9.675204117051155,0.0611,0.32,0,0.0,0.854,0
149.27571111206078,186.59,8.717842842493335,0.2921,1.28,0,0.0,0.641,0
157.99668484888653,197.5,9.287001573517092,0.0427,0.71,0,0.0,0.636,1
208.8229877302916,261.03,0.77676550723491,0.1303,9.22,0,0.0,0.792,1
152.78228752873002,190.98,6.185806766288314,0.1063,3.81,1,1.53,0.96,1
125.11198769076977,156.39,2.2341187460061707,0.2835,7.77,1,1.25,0.86,0
298.46825798902375,373.09,4.042436529491883,0.422,5.96,0,0.0,0.868,1
44.29212835576768,55.37,6.7975017222263245,0.0664,3.2,1,0.44,0.663,0
177.8183937719582,222.27,5.789148988570235,0.3842,4.21,0,0.0,0.781,1
265.75890782269806,332.2,5.057323147159682,0.0715,4.94,1,2.66,0.76,1
206.1645123543344,257.71,8.144484364712966,0.0948,1.86,1,2.06,0.913,0
264.2769897264715,330.35,6.825986293897758,0.4585,3.17,1,2.64,0.655,1
100.90041610640178,126.13,8.210451064041695,0.0049,1.79,0,0.0,0.816,1
81.59789287807176,102.0,9.319322465851132,0.0986,0.68,0,0.0,0.965,0
255.38171607063143,319.23,7.119708019575041,0.1078,2.88,0,0.0,0.957,0
118.23437285563816,147.79,3.9539541448360302,0.1409,6.05,1,1.18,0.941,1
212.90469691719335,266.13,2.127783494433305,0.1817,7.87,0,0.0,0.75,0
44.32457352423428,55.41,2.709153209138991,0.0516,7.29,1,0.44,0.976,0
226.7514376130024,283.44,3.9663007504870977,0.2342,6.03,1,2.27,0.922,0
164.6947947074608,205.87,7.400911037703449,0.1997,2.6,0,0.0,0.94,1
80.58349197313827,100.73,0.4015467300432829,0.3125,9.6,1,0.81,0.973,1
148.3511891876715,185.44,8.142814750777598,0.4338,1.86,1,1.48,0.975,1
209.08308775191105,261.35,7.581349315808445,0.1489,2.42,1,2.09,0.696,1
3.5659226542151035,4.46,4.994166530821471,0.2732,5.01,1,0.04,0.651,1
191.24011764423884,239.05,3.996668267642809,0.1857,6.0,0,0.0,0.876,1
162.47723348198232,203.1,1.1269705215173953,0.0201,8.87,1,1.62,0.825,1
66.08585032401977,82.61,2.897015759151685,0.4105,7.1,1,0.66,0.731,0
225.89432219285905,282.37,1.0962807335574465,0.3171,8.9,0,0.0,0.874,0
91.03829538996034,113.8,8.188845152675876,0.0011,1.81,1,0.91,0.625,0
83.05827946396943,103.82,5.0933786305812845,0.1248,4.91,1,0.83,0.619,0
141.36550469979682,176.71,2.467867799283543,0.1545,7.53,1,1.41,0.742,1
202.84490352670943,253.56,0.1808934852096588,0.4058,9.82,1,2.03,0.678,1
278.6537927628763,348.32,5.23920968672742,0.3804,4.76,0,0.0,0.887,0
42.40717293963119,53.01,7.520870961781307,0.1981,2.48,0,0.0,0.979,1
118.9404362255201,148.68,7.66493785626302,0.0787,2.34,0,0.0,0.865,1
20.096877753788977,25.12,2.144262042002698,0.193,7.86,1,0.2,0.862,0
227.5652242415227,284.46,9.950620117048976,0.4051,0.05,0,0.0,0.603,1
134.3198669044082,167.9,5.687799162570897,0.2262,4.31,1,1.34,0.805,0
212.07874055645553,265.1,3.320070367074659,0.0579,6.68,0,0.0,0.927,0
96.6583271928862,120.82,3.928077470714808,0.0193,6.07,0,0.0,0.862,1
253.29517242189704,316.62,1.2443684923788767,0.1667,8.76,1,2.53,0.691,1
160.44842347203442,200.56,4.933558483464065,0.0742,5.07,1,1.6,0.939,0
283.0823465470965,353.85,7.532954378072907,0.3725,2.47,1,2.83,0.986,0
23.644391743210257,29.56,4.094100974909274,0.1394,5.91,0,0.0,0.712,1
154.2830473626223,192.85,8.668526575170329,0.4387,1.33,1,1.54,0.683,0
229.9365737993096,287.42,4.767523780200951,0.3087,5.23,0,0.0,0.735,1
180.0457944220844,225.06,9.006098243997139,0.1968,0.99,1,1.8,0.625,0
6.958242128052827,8.7,7.032037649944385,0.305,2.97,0,0.0,0.949,0
291.7016035031642,364.63,0.5500970158936014,0.1476,9.45,1,2.92,0.972,0
89.47910792276951,111.85,0.6701746470698489,0.0707,9.33,0,0.0,0.853,1
74.78335990991461,93.48,8.00106400749878,0.4821,2.0,1,0.75,0.906,0
145.69796268197385,182.12,3.568237124569007,0.2816,6.43,1,1.46,0.867,0
162.64743225700468,203.31,1.8924507377078992,0.0037,8.11,0,0.0,0.751,1
229.8864412769476,287.36,8.653204809939224,0.1552,1.35,1,2.3,0.853,0
117.98209729769674,147.48,9.833066662274453,0.0798,0.17,0,0.0,0.935,1
131.98811293866365,164.99,8.087482352412625,0.1291,1.91,0,0.0,0.924,0
160.4879747801493,200.61,7.251295137487138,0.0279,2.75,1,1.6,0.632,0
118.3161299224922,147.9,0.0095855977656134,0.1225,9.99,1,1.18,0.785,0
274.3644237303468,342.96,1.059739262326712,0.3415,8.94,0,0.0,0.759,1
255.37558999027564,319.22,6.709437918534043,0.4103,3.29,0,0.0,0.901,0
136.4921085233635,170.62,4.095645041977381,0.1737,5.9,0,0.0,0.801,1
0.0584587011951409,0.07,0.1947532431963439,0.2612,9.81,1,0.0,0.74,0
270.2803486587842,337.85,7.408696665320536,0.0209,2.59,0,0.0,0.883,1
37.30097203183958,46.63,4.1876507596079175,0.0454,5.81,0,0.0,0.789,1
73.35372455821386,91.69,6.588250285358881,0.276,3.41,0,0.0,0.703,0
45.70838530961946,57.14,4.683357451670741,0.4203,5.32,0,0.0,0.956,1
53.94467099430713,67.43,0.2649771439312742,0.044,9.74,1,0.54,0.645,0
240.8632613669504,301.08,6.359245680654128,0.2093,3.64,0,0.0,0.607,1
173.85043249977727,217.31,7.8808598387750255,0.4852,2.12,1,1.74,0.658,1
286.8285489376045,358.54,1.5597678886620123,0.3694,8.44,1,2.87,0.665,0
69.43605369711494,86.8,8.9108215691806,0.0988,1.09,0,0.0,0.815,0
145.6904724393702,182.11,1.8156176311741925,0.1426,8.18,1,1.46,0.85,0
293.228510724741,366.54,4.228366348935941,0.474,5.77,0,0.0,0.779,0
247.9330542824309,309.92,5.271870234090279,0.1105,4.73,0,0.0,0.682,1
218.58470373614733,273.23,3.138657578902182,0.2205,6.86,1,2.19,0.653,1
56.69256041123758,70.87,5.004571989543778,0.1778,5.0,0,0.0,0.797,1
230.82162027291483,288.53,7.183563892864221,0.245,2.82,0,0.0,0.826,0
104.26953677877532,130.34,7.144552006273498,0.1183,2.86,0,0.0,0.722,1
159.1610691140273,198.95,9.222827271012008,0.3342,0.78,1,1.59,0.688,0
182.74836391186204,228.44,8.620909309564656,0.1173,1.38,0,0.0,0.632,1
182.80911345727625,228.51,9.851055817139484,0.3011,0.15,1,1.83,0.61,1
217.95704157405493,272.45,5.953797631243839,0.1789,4.05,1,2.18,0.642,0
198.5106277926617,248.14,4.005146643116365,0.1257,5.99,0,0.0,0.897,0
20.511263793176948,25.64,2.40098114380661,0.3475,7.6,0,0.0,0.738,1
137.20410778473217,171.51,2.439693703783594,0.4826,7.56,1,1.37,0.611,0
199.20648201599377,249.01,1.5092399865456296,0.4347,8.49,1,1.99,0.803,1
88.7978946497186,111.0,7.266669740505197,0.0434,2.73,1,0.89,0.814,1
93.9170061649169,117.4,6.542422972551021,0.2272,3.46,1,0.94,0.771,0
37.370264326384664,46.71,2.922941961065526,0.3474,7.08,0,0.0,0.644,0
125.5844957924566,156.98,8.921374837720002,0.2813,1.08,1,1.26,0.902,1
296.0491302918524,370.06,5.5228634530689655,0.3632,4.48,0,0.0,0.876,1
85.5958083864112,106.99,0.6901902925534464,0.4876,9.31,1,0.86,0.758,0
159.43106780582943,199.29,0.6145092493273507,0.1711,9.39,0,0.0,0.752,0
222.9711758337253,278.71,1.4318695008107374,0.3854,8.57,1,2.23,0.662,0
4.049181265281199,5.06,2.112633680629661,0.047,7.89,0,0.0,0.901,0
270.1318678794897,337.66,8.874373414282632,0.4349,1.13,0,0.0,0.84,0
115.96505541748157,144.96,7.784483791836347,0.3892,2.22,0,0.0,0.634,0
260.73479601329467,325.92,2.0172413901720523,0.2605,7.98,1,2.61,0.751,0
11.684297669843414,14.61,2.484923522506577,0.4105,7.52,0,0.0,0.961,1
43.69906555910275,54.62,6.367880229122974,0.3333,3.63,0,0.0,0.781,0
96.75883634326776,120.95,8.71523072917708,0.2761,1.28,1,0.97,0.73,0
103.63853191898362,129.55,3.167291235732078,0.473,6.83,0,0.0,0.858,0
254.33826690840496,317.92,5.254965735217054,0.0651,4.75,1,2.54,0.681,0
3.3603346164705616,4.2,8.903775487682022,0.4965,1.1,0,0.0,0.81,0
192.33353294090384,240.42,7.706317672065412,0.0772,2.29,0,0.0,0.868,1
39.39373085356508,49.24,8.915094582878126,0.2401,1.08,1,0.39,0.942,0
246.96469521331483,308.71,2.7807385064696577,0.1157,7.22,0,0.0,0.877,0
233.5719797873737,291.96,6.909341479816052,0.136,3.09,0,0.0,0.754,1
149.97630822336018,187.47,1.140125938595462,0.3159,8.86,1,1.5,0.907,0
63.80616765371256,79.76,6.162078579702585,0.0174,3.84,1,0.64,0.959,1
190.3486172896669,237.94,3.0402553651646356,0.4704,6.96,1,1.9,0.791,0
46.87749529729369,58.6,7.014803144424896,0.1398,2.99,1,0.47,0.602,0
57.00713777779603,71.26,1.418745729821087,0.1363,8.58,1,0.57,0.952,0
188.0069706676073,235.01,6.655802690520757,0.4318,3.34,1,1.88,0.666,1
297.36853382658734,371.71,7.085191352644183,0.3824,2.91,0,0.0,0.651,1
267.31825117576386,334.15,8.571563154922883,0.3359,1.43,0,0.0,0.723,1
177.9322073051031,222.42,6.870765910320021,0.0732,3.13,1,1.78,0.752,1
161.56103063022712,201.95,5.228642817750819,0.3848,4.77,1,1.62,0.92,1
299.51546400243257,374.39,7.841596523553163,0.1804,2.16,1,3.0,0.756,0
164.21914429016812,205.27,2.8443317692235235,0.4969,7.16,0,0.0,0.62,1
126.03495658783318,157.54,6.7746648545263195,0.3356,3.23,1,1.26,0.854,1
272.86666073260244,341.08,7.245277264536991,0.4179,2.75,1,2.73,0.868,1
70.25528876078647,87.82,3.925412010854341,0.3669,6.07,1,0.7,0.926,0
29.257797089042693,36.57,9.88966517753306,0.2971,0.11,1,0.29,0.76,1
190.2270103085491,237.78,3.5608971459645833,0.3582,6.44,0,0.0,0.634,0
28.7548901306247,35.94,0.8449116939490453,0.2987,9.16,0,0.0,0.821,1
111.94456108588804,139.93,3.034743795240089,0.0256,6.97,1,1.12,0.648,1
127.07321567451616,158.84,0.994371381099074,0.1728,9.01,0,0.0,0.607,1
164.26142011476995,205.33,3.393041574854415,0.1582,6.61,1,1.64,0.911,0
297.4978637243887,371.87,1.2787288325093005,0.357,8.72,0,0.0,0.761,0
66.29451699995424,82.87,4.3953486385920915,0.2881,5.6,0,0.0,0.81,1
112.7269135520736,140.91,7.779754705286681,0.3052,2.22,1,1.13,0.865,1
39.67203732319741,49.59,0.6744305310050247,0.4235,9.33,0,0.0,0.76,0
182.2840578099704,227.86,5.631079254688636,0.2627,4.37,0,0.0,0.62,1
218.30195469235005,272.88,0.4382758390241548,0.1091,9.56,1,2.18,0.701,1
144.62304697076365,180.78,8.846091692185654,0.0062,1.15,0,0.0,0.678,0
73.74938048699131,92.19,9.213826460817875,0.0797,0.79,1,0.74,0.991,0
186.2664807545243,232.83,4.92357843599013,0.0153,5.08,0,0.0,0.896,1
161.74731701065485,202.18,7.692311635804301,0.1185,2.31,0,0.0,0.781,0
51.355717021115325,64.19,5.9291093527408005,0.3175,4.07,0,0.0,0.625,0
121.70457015063909,152.13,3.4066287799163266,0.0757,6.59,0,0.0,0.646,1
130.55912749055847,163.2,2.4514079766011374,0.041,7.55,1,1.31,0.925,0
294.7853261314299,368.48,7.58595816444815,0.4854,2.41,1,2.95,0.978,0
254.78574964665657,318.48,4.299802176509616,0.4985,5.7,0,0.0,0.613,1
220.31123648207813,275.39,9.20238458183658,0.3185,0.8,0,0.0,0.964,1
266.63310765088426,333.29,9.756919464786636,0.0543,0.24,0,0.0,0.752,1
220.6453217486145,275.81,2.103926706225232,0.4108,7.9,1,2.21,0.685,0
271.02055653772,338.78,5.6106330505507565,0.2696,4.39,0,0.0,0.641,1
16.365934463852394,20.46,5.369342410435715,0.091,4.63,0,0.0,0.909,0
136.81986278007497,171.02,8.680988616852913,0.2878,1.32,1,1.37,0.788,1
224.06950057255008,280.09,6.909849598315891,0.0197,3.09,1,2.24,0.933,0
174.98873898300403,218.74,6.073775064849105,0.4862,3.93,1,1.75,0.69,1
52.549849245236,65.69,6.7902487191070335,0.413,3.21,1,0.53,0.871,1
102.14762595856028,127.68,3.894575196059913,0.1304,6.11,0,0.0,0.647,1
95.33231250800738,119.17,9.602914940539748,0.2095,0.4,1,0.95,0.636,1
78.4040739553008,98.01,0.5762563960295586,0.1976,9.42,0,0.0,0.653,1
102.94066605418982,128.68,0.291289857915582,0.4307,9.71,0,0.0,0.924,1
154.4559865383363,193.07,4.155897362612348,0.1773,5.84,0,0.0,0.862,0
256.4607074349828,320.58,1.5457594737876337,0.024,8.45,0,0.0,0.666,1
222.60979871812688,278.26,5.448003227321566,0.1073,4.55,0,0.0,0.754,1
250.5749112048701,313.22,0.0900990383045152,0.1078,9.91,0,0.0,0.905,0
265.0811233689259,331.35,4.5968297476603475,0.4746,5.4,1,2.65,0.714,1
124.84513682928218,156.06,2.949245633886136,0.462,7.05,1,1.25,0.969,1
103.80788520802416,129.76,2.023603465754702,0.1503,7.98,1,1.04,0.966,0
17.287014505248543,21.61,4.446495378128259,0.0014,5.55,1,0.17,0.821,1
279.1474865629303,348.93,8.545489618160909,0.2585,1.45,1,2.79,0.853,0
19.74690538144318,24.68,6.553946842347481,0.3986,3.45,0,0.0,0.861,0
222.34065461114113,277.93,1.59941649859471,0.1343,8.4,0,0.0,0.703,1
113.43249133967616,141.79,4.9887305864425,0.2195,5.01,0,0.0,0.746,0
284.6342323497559,355.79,9.316711188161946,0.0864,0.68,0,0.0,0.654,0
125.88060628023872,157.35,4.3922482263963385,0.1637,5.61,1,1.26,0.97,0
244.98250540641493,306.23,4.705462318647263,0.3794,5.29,1,2.45,0.89,0
84.79644964910298,106.0,9.413576597682258,0.2141,0.59,1,0.85,0.619,0
89.726615173154,112.16,1.3580818298392738,0.2236,8.64,0,0.0,0.82,1
178.65582296353026,223.32,7.350414854226853,0.3948,2.65,1,1.79,0.737,0
299.3947901122421,374.24,2.991614000707097,0.3815,7.01,1,2.99,0.926,1
155.27172539375889,194.09,8.658916587930648,0.0936,1.34,1,1.55,0.738,0
280.89259091798715,351.12,0.5436248507875263,0.2076,9.46,0,0.0,0.858,1
235.87494847461835,294.84,9.904015681566374,0.4244,0.1,0,0.0,0.666,0
238.75929425317048,298.45,7.6860881991882035,0.2284,2.31,1,2.39,0.824,0
130.78799673862923,163.48,2.8433298253941985,0.3309,7.16,1,1.31,0.718,0
115.9626750518402,144.95,7.608558936831184,0.153,2.39,0,0.0,0.666,0
57.57654242724462,71.97,9.229697648433271,0.0298,0.77,0,0.0,0.848,1
289.18238009509605,361.48,1.1291739117486532,0.0824,8.87,0,0.0,0.855,0
287.818083733146,359.77,9.13578367087645,0.2009,0.86,0,0.0,0.993,0
224.12032029305485,280.15,3.601744231746067,0.1767,6.4,1,2.24,0.868,1
88.87573495580085,111.09,0.0645930545119954,0.4478,9.94,1,0.89,0.806,1
73.55386210268465,91.94,1.1242097047157928,0.2728,8.88,1,0.74,0.965,1
296.5830727160889,370.73,8.847939295886697,0.3136,1.15,0,0.0,0.931,1
19.96284453245325,24.95,9.826664681570788,0.3443,0.17,0,0.0,0.819,0
253.0692876423927,316.34,8.953720134927202,0.2658,1.05,0,0.0,0.805,1
106.6374001447424,133.3,4.415366318403357,0.3848,5.58,1,1.07,0.977,0
125.66091591816615,157.08,9.614101035585398,0.3916,0.39,1,1.26,0.847,1
249.59329462465115,311.99,4.068502191883937,0.1757,5.93,0,0.0,0.886,1
27.180904801607408,33.98,1.13696069263164,0.0424,8.86,0,0.0,0.635,1
106.25090355607716,132.81,3.409414963802655,0.4932,6.59,1,1.06,0.887,1
285.6072831508719,357.01,9.98421163589261,0.3213,0.02,0,0.0,0.706,1
209.71977383137693,262.15,6.259455987762989,0.3545,3.74,1,2.1,0.646,0
226.4817494417671,283.1,3.3999871062526834,0.3783,6.6,1,2.26,0.94,0
227.25159028664297,284.06,6.241790971696338,0.3065,3.76,0,0.0,0.876,0
18.171024949183355,22.71,4.2913582954995,0.2355,5.71,0,0.0,0.763,0
60.96227797812934,76.2,0.4954859204175932,0.4923,9.5,1,0.61,0.773,0
147.37897682436355,184.22,2.011276303125676,0.3638,7.99,1,1.47,0.679,0
110.44506974261256,138.06,0.1923533804886235,0.4229,9.81,0,0.0,0.604,1
123.27368793985605,154.09,2.547922228302734,0.2198,7.45,1,1.23,0.74,0
234.43421358770175,293.04,7.395650326494544,0.4524,2.6,0,0.0,0.659,1
4.403770520320583,5.5,1.9331859439535592,0.3661,8.07,0,0.0,0.769,0
198.1475778963716,247.68,5.280563789310138,0.3731,4.72,0,0.0,0.934,0
0.0330695405467373,0.04,7.016037187969349,0.0435,2.98,1,0.0,0.646,1
18.91755767287311,23.65,5.486824173989762,0.3087,4.51,0,0.0,0.637,1
122.4858359512872,153.11,0.1537053823719347,0.1676,9.85,1,1.22,0.961,0
252.28455594144643,315.36,3.633419708907384,0.3345,6.37,1,2.52,0.898,0
43.49872966933815,54.37,4.416305008496224,0.2841,5.58,0,0.0,0.621,1
166.38642273858346,207.98,3.427533506884659,0.0556,6.57,0,0.0,0.632,1
203.55156804802328,254.44,5.46263775548773,0.265,4.54,1,2.04,0.874,0
68.85986525164817,86.07,5.131536812736468,0.2256,4.87,1,0.69,0.748,0
153.6990765808749,192.12,1.8745024097539564,0.3882,8.13,1,1.54,0.89,0
273.4221849414577,341.78,7.519740335305332,0.2513,2.48,1,2.73,0.762,1
153.66855760965984,192.09,1.611637141573421,0.2406,8.39,1,1.54,0.987,0
47.1969185362944,59.0,4.589653702387132,0.3597,5.41,0,0.0,0.878,0
188.3442890062634,235.43,7.563022005202569,0.3343,2.44,0,0.0,0.619,1
177.6600540025542,222.08,6.972622864274816,0.4959,3.03,0,0.0,0.732,0
8.086427939439368,10.11,4.321858847123439,0.176,5.68,1,0.08,0.825,1
27.17832172426998,33.97,7.889204093438549,0.3442,2.11,0,0.0,0.657,0
47.03440654230323,58.79,7.137578958135214,0.0836,2.86,1,0.47,0.601,0
40.88672326856098,51.11,3.8453591727824934,0.4023,6.15,1,0.41,0.632,0
77.83973116827994,97.3,8.955133797711436,0.3931,1.04,1,0.78,0.81,0
136.23159697067038,170.29,1.4195952160000014,0.3629,8.58,1,1.36,0.853,0
111.51488936969533,139.39,3.584821215272105,0.0595,6.42,1,1.12,0.637,0
267.1949674213791,333.99,6.978096712411337,0.4938,3.02,0,0.0,0.866,1
183.63282282190113,229.54,8.729774508998151,0.4713,1.27,0,0.0,0.847,1
262.8433049885529,328.55,3.225797296106477,0.185,6.77,0,0.0,0.976,0
158.11179747527967,197.64,5.612423995379699,0.2887,4.39,0,0.0,0.936,1
26.961141206801987,33.7,0.1183974983085955,0.4444,9.88,1,0.27,0.977,1
138.98623471993045,173.73,3.708427957636235,0.2473,6.29,1,1.39,0.986,0
246.6097640527095,308.26,3.3093500667386277,0.2996,6.69,0,0.0,0.776,0
58.23113015013243,72.79,8.424709064139806,0.3016,1.58,0,0.0,0.795,1
27.36428362579493,34.21,0.7397669056962031,0.3246,9.26,0,0.0,0.713,1
98.83042150147804,123.54,0.6211457211060412,0.2878,9.38,1,0.99,0.803,0
116.66934919204188,145.84,4.427020381942631,0.203,5.57,0,0.0,0.66,0
91.87730292177132,114.85,4.0738900410162096,0.2697,5.93,1,0.92,0.869,0
40.5722356873668,50.72,1.615599305433374,0.4357,8.38,0,0.0,0.61,0
75.25195791651436,94.06,2.6334419500914477,0.4321,7.37,1,0.75,0.694,1
204.6847213806331,255.86,9.741944866254851,0.3863,0.26,0,0.0,0.683,0
115.77855488794918,144.72,5.131825643570876,0.2071,4.87,0,0.0,0.975,0
189.76483338556673,237.21,0.8785307762224648,0.393,9.12,0,0.0,0.658,0
160.89113397561974,201.11,0.4974682240154915,0.1939,9.5,0,0.0,0.956,1
164.7158819573007,205.89,0.4193786972045166,0.332,9.58,1,1.65,0.65,1
74.5648673843388,93.21,3.890190407946303,0.2837,6.11,0,0.0,0.86,1
156.46290983045446,195.58,8.656173730431952,0.15,1.34,0,0.0,0.728,0
7.078414158960533,8.85,8.329165933371856,0.2264,1.67,1,0.07,0.726,1
129.52312269747785,161.9,3.6788639645844023,0.4152,6.32,1,1.3,0.999,0
171.78684695697453,214.73,7.744235848712417,0.4564,2.26,1,1.72,0.69,0
54.59868640623279,68.25,7.522484570158689,0.1026,2.48,0,0.0,0.681,0
76.96755187468541,96.21,4.829954441274939,0.2281,5.17,0,0.0,0.836,0
65.85930594468581,82.32,4.043876619135034,0.2168,5.96,0,0.0,0.896,0
21.167386579627255,26.46,1.805486210150108,0.2445,8.19,1,0.21,0.993,1
104.357196342027,130.45,2.787709874251687,0.4883,7.21,1,1.04,0.881,0
293.68972993558185,367.11,3.3869543612373065,0.2594,6.61,0,0.0,0.825,1
106.16412193908302,132.71,8.127178397352585,0.415,1.87,1,1.06,0.764,1
138.1609865510927,172.7,5.529529699233292,0.332,4.47,1,1.38,0.838,0
195.92617528691255,244.91,2.009145269110608,0.0536,7.99,0,0.0,0.84,0
194.54932535073215,243.19,0.9582761086331126,0.3478,9.04,0,0.0,0.687,0
284.9684940055873,356.21,4.966638275803369,0.3235,5.03,1,2.85,0.868,1
257.26924211973756,321.59,6.663166014700207,0.3792,3.34,1,2.57,0.682,0
238.18520613154567,297.73,8.188836128611328,0.0372,1.81,1,2.38,0.796,0
285.4881677334932,356.86,7.973146691542511,0.1207,2.03,1,2.85,0.704,0
69.22961564495148,86.54,8.241557185478634,0.3846,1.76,0,0.0,0.725,1
185.11625838653777,231.4,4.478473499346079,0.1853,5.52,1,1.85,0.846,0
266.1590300166469,332.7,8.656575078434726,0.4554,1.34,1,2.66,0.626,1
187.24144748343053,234.05,4.446082509742962,0.2588,5.55,1,1.87,0.605,0
293.22614238206086,366.53,1.6812129058475211,0.0005,8.32,0,0.0,0.652,0
30.105814171913703,37.63,3.973785496392918,0.3494,6.03,0,0.0,0.667,1
131.7991508379601,164.75,3.400250774884511,0.2567,6.6,1,1.32,0.679,0
293.20887237259086,366.51,3.9217683356935584,0.1585,6.08,1,2.93,0.91,0
113.87040857097772,142.34,6.586192630542266,0.0102,3.41,1,1.14,0.779,0
221.8669125297913,277.33,6.5691651684895085,0.0994,3.43,0,0.0,0.788,0
9.120870323594756,11.4,2.2490151938230674,0.0808,7.75,0,0.0,0.858,1
208.4511343890939,260.56,3.1593056891920215,0.2914,6.84,1,2.08,0.892,0
280.3880197582735,350.49,5.953548969345507,0.3848,4.05,0,0.0,0.601,0
114.81188555700082,143.51,0.8412846053650824,0.1173,9.16,1,1.15,0.943,1
6.389951378078839,7.99,6.88664196216843,0.3489,3.11,1,0.06,0.995,1
8.372941318645156,10.47,1.7889230528013345,0.4499,8.21,1,0.08,0.649,1
267.6069917133267,334.51,8.507111374968488,0.3108,1.49,0,0.0,0.86,0
216.75483212887855,270.94,4.015876574337616,0.3878,5.98,0,0.0,0.601,0
32.00591526797395,40.01,2.208058664734993,0.1021,7.79,0,0.0,0.62,1
16.37708311535897,20.47,6.678204086001286,0.0375,3.32,0,0.0,0.714,1
241.44760908464383,301.81,5.54030805671653,0.1827,4.46,1,2.41,0.939,0
242.95818984160772,303.7,1.7193562803419538,0.3545,8.28,1,2.43,0.861,0
36.1565519376147,45.2,8.271610404803035,0.343,1.73,1,0.36,0.778,0
90.45612116659105,113.07,4.532890746702646,0.4775,5.47,1,0.9,0.775,1
234.0078193721669,292.51,1.5224486476990418,0.315,8.48,0,0.0,0.786,1
157.6236212862019,197.03,7.961819542269964,0.2056,2.04,0,0.0,0.724,1
286.9754582175898,358.72,1.3343448172849426,0.3986,8.67,0,0.0,0.951,1
144.31879360380148,180.4,9.680385017972736,0.0765,0.32,0,0.0,0.827,1
203.08738126965375,253.86,4.418098083174089,0.4065,5.58,1,2.03,0.794,0
152.93500972247526,191.17,7.282222669343104,0.183,2.72,0,0.0,0.786,0
282.8896487055137,353.61,4.519677297064978,0.077,5.48,0,0.0,0.974,0
119.59772762028264,149.5,1.8756266802177637,0.0811,8.12,1,1.2,0.889,1
68.93893655358,86.17,7.58114031632843,0.4918,2.42,1,0.69,0.658,1
97.99015808429796,122.49,2.8935702129527883,0.3116,7.11,1,0.98,0.775,0
255.83256124956876,319.79,6.824178329583131,0.0871,3.18,1,2.56,0.715,1
149.38156905364002,186.73,2.57372718396478,0.1343,7.43,1,1.49,0.995,1
106.27569105067172,132.84,2.4110827792236,0.186,7.59,1,1.06,0.766,1
163.27800654284485,204.1,4.574456175419263,0.0279,5.43,1,1.63,0.627,1
39.96891218305271,49.96,8.162393666340014,0.0542,1.84,0,0.0,0.764,0
1.6077913876788252,2.01,6.136330520037348,0.3809,3.86,0,0.0,0.729,1
84.17540510804723,105.22,0.646688594976732,0.3934,9.35,0,0.0,0.84,1
181.5017159350627,226.88,7.338646963579187,0.4941,2.66,1,1.82,0.69,1
213.50423089841615,266.88,5.797710012591606,0.0338,4.2,1,2.14,0.614,0
247.98328990559,309.98,6.235655298870544,0.4446,3.76,0,0.0,0.638,1
277.9990678183409,347.5,3.535781607427234,0.1586,6.46,0,0.0,0.713,0
123.63370408943042,154.54,5.561616510424016,0.1639,4.44,1,1.24,0.739,0
222.1550398672364,277.69,3.718886985756822,0.0636,6.28,1,2.22,0.934,1
22.40187905941876,28.0,0.8150567116131702,0.4932,9.18,0,0.0,0.708,0
17.25899963162403,21.57,8.444302804945785,0.4905,1.56,0,0.0,0.613,1
37.43939759584698,46.8,6.780267227673987,0.4324,3.22,1,0.37,0.912,0
134.5707293492287,168.21,6.704390121306464,0.0454,3.3,1,1.35,0.948,1
63.38443154962498,79.23,1.9367876460445788,0.4208,8.06,1,0.63,0.797,0
86.07748258134474,107.6,6.635965652419512,0.3173,3.36,1,0.86,0.714,0
194.3640520536908,242.96,2.320306238453518,0.0644,7.68,0,0.0,0.909,0
107.5566536408538,134.45,6.875346871044031,0.1309,3.12,1,1.08,0.604,1
167.21146731540665,209.01,3.3353048462091106,0.3446,6.66,1,1.67,0.97,1
123.72112702097768,154.65,1.5751378673555527,0.4017,8.42,1,1.24,0.946,0
50.69077665594587,63.36,9.062643498999934,0.424,0.94,0,0.0,0.818,1
22.20599707676823,27.76,1.0465032448095568,0.2719,8.95,1,0.22,0.711,0
70.86944859296635,88.59,7.617878166155728,0.2673,2.38,0,0.0,0.613,1
17.310140847313306,21.64,1.0177566891515275,0.3421,8.98,1,0.17,1.0,0
185.58358796694208,231.98,6.847196430648147,0.3889,3.15,0,0.0,0.905,1
238.7152804398301,298.39,1.1038559465851805,0.0853,8.9,0,0.0,0.735,1
101.92223047122026,127.4,5.088244706205737,0.3699,4.91,0,0.0,0.608,1
116.13331660570748,145.17,1.8799569185131184,0.1708,8.12,0,0.0,0.856,0
244.857318827792,306.07,8.665815827161463,0.1919,1.33,0,0.0,0.995,1
66.78387371206809,83.48,4.014845693118501,0.0389,5.99,0,0.0,0.883,1
35.748079558462265,44.69,0.1542634950013111,0.2942,9.85,0,0.0,0.633,0
150.33543519932593,187.92,6.281612521900507,0.0467,3.72,1,1.5,0.761,0
193.8570508599711,242.32,4.451391389089714,0.4566,5.55,1,1.94,0.644,0
179.8963275139438,224.87,8.59739297094657,0.3105,1.4,0,0.0,0.965,1
214.16191358225424,267.7,4.331441777818177,0.4951,5.67,0,0.0,0.732,0
17.025354651907165,21.28,4.111404801247529,0.1228,5.89,0,0.0,0.893,0
128.4604838275119,160.58,4.540932152131321,0.3398,5.46,1,1.28,0.634,1
71.57115718370794,89.46,8.598540182251874,0.4822,1.4,1,0.72,0.651,0
227.7363778638073,284.67,5.868225615265401,0.1493,4.13,0,0.0,0.872,0
261.8191452181049,327.27,6.6936242023560375,0.0482,3.31,1,2.62,0.937,1
84.40072224192447,105.5,7.204108861557936,0.317,2.8,0,0.0,0.681,0
28.56542372082248,35.71,9.375155224406576,0.183,0.62,0,0.0,0.767,0
76.02838859741905,95.04,8.375205926373678,0.1365,1.62,0,0.0,0.848,1
31.202546717675904,39.0,9.27284261643194,0.4968,0.73,0,0.0,0.919,1
96.72664983403612,120.91,3.4330494018426982,0.3771,6.57,0,0.0,0.851,0
161.4595734965477,201.82,2.148400421332164,0.2427,7.85,1,1.61,0.638,0
292.10428631946195,365.13,2.03389511930823,0.025,7.97,1,2.92,0.817,1
119.81107630540755,149.76,8.57801092150656,0.0958,1.42,0,0.0,0.954,1
66.01197715638634,82.51,8.305912308809908,0.1494,1.69,0,0.0,0.947,1
50.04052211125052,62.55,6.504116113967042,0.2436,3.5,0,0.0,0.834,1
51.9119298416028,64.89,0.6294238399355445,0.2486,9.37,1,0.52,0.998,0
57.77930497843776,72.22,3.1804815738277714,0.0124,6.82,0,0.0,0.642,1
228.68010676123413,285.85,7.342012877684909,0.4717,2.66,0,0.0,0.791,0
18.308313429725978,22.89,2.4856877373554207,0.2714,7.51,1,0.18,0.91,0
299.22081208291024,374.03,6.240589207724244,0.0099,3.76,0,0.0,0.656,1
156.80591734987834,196.01,5.4274122187453955,0.3507,4.57,1,1.57,0.989,0
163.2815682902477,204.1,2.6267237406026345,0.0357,7.37,0,0.0,0.742,1
107.26916360988145,134.09,9.343380308342589,0.3606,0.66,1,1.07,0.74,0
207.07660782363615,258.85,2.5673904925980207,0.3507,7.43,1,2.07,0.685,1
141.4369022642393,176.8,8.947911551443156,0.4925,1.05,0,0.0,0.715,0
98.71838548936492,123.4,5.409319191582785,0.171,4.59,1,0.99,0.831,0
79.54152111241287,99.43,0.918280130216146,0.0722,9.08,0,0.0,0.772,0
277.6953620799779,347.12,8.336247553381156,0.0459,1.66,0,0.0,0.677,0
87.29685451572607,109.12,7.914320442178518,0.0359,2.09,0,0.0,0.924,1
130.9179778289526,163.65,8.309745300950013,0.4052,1.69,1,1.31,0.625,1
105.10242063494049,131.38,6.381485456392167,0.3593,3.62,1,1.05,0.934,1
25.853648228410787,32.32,7.116156263248215,0.488,2.88,1,0.26,0.71,0
55.78031834468013,69.73,9.070579801644948,0.1546,0.93,0,0.0,0.798,1
56.850592597914606,71.06,1.276983471212234,0.4016,8.72,0,0.0,0.752,0
208.0948543168965,260.12,0.8303784435509731,0.0465,9.17,1,2.08,0.828,1
121.97562298974276,152.47,1.2507563898566465,0.4519,8.75,1,1.22,0.918,1
234.5902689211976,293.24,8.700716426852567,0.0259,1.3,0,0.0,0.996,1
212.6852773002471,265.86,5.629341958249606,0.3939,4.37,0,0.0,0.722,0
57.6149299188113,72.02,1.7606528126932486,0.1537,8.24,0,0.0,0.822,0
168.87507603603018,211.09,1.417120683398848,0.0906,8.58,1,1.69,0.786,1
222.87265381464084,278.59,4.4542355536464315,0.3523,5.55,0,0.0,1.0,1
189.9128770427169,237.39,8.157340559105974,0.4479,1.84,1,1.9,0.924,1
180.00495242639428,225.01,8.051767195615996,0.3821,1.95,0,0.0,0.759,0
221.8832662202304,277.35,8.512530689440027,0.1565,1.49,0,0.0,0.791,1
17.034221776892068,21.29,7.689447334110394,0.1768,2.31,0,0.0,0.698,0
219.42658420842983,274.28,0.6161980966467817,0.0947,9.38,1,2.19,0.902,1
81.7965789460285,102.25,7.201669042344766,0.412,2.8,1,0.82,0.938,0
171.56167635280622,214.45,5.189612903950607,0.0535,4.81,0,0.0,0.986,1
72.69149840895224,90.86,7.26412213246232,0.4516,2.74,0,0.0,0.826,1
251.64527166205127,314.56,4.842827396340576,0.3006,5.16,1,2.52,0.868,0
144.16780629022682,180.21,4.83539051097213,0.2944,5.16,1,1.44,0.778,1
192.88236360749508,241.1,1.2613466099046844,0.4189,8.74,0,0.0,0.844,0
238.2246130430184,297.78,9.052252416399702,0.3338,0.95,1,2.38,0.739,1
268.5945765214093,335.74,3.7462175641921966,0.1521,6.25,0,0.0,0.895,0
219.6186291208023,274.52,5.8237409235034265,0.1748,4.18,1,2.2,0.609,0
44.63057285712172,55.79,2.0715626643789085,0.0865,7.93,0,0.0,0.611,0
256.35971087573597,320.45,3.688888986598533,0.232,6.31,0,0.0,0.886,1
185.57337475965184,231.97,8.7057742318448,0.0551,1.29,1,1.86,0.972,1
182.83492751408207,228.54,2.0959936521692493,0.3265,7.9,0,0.0,0.853,1
276.4021679414765,345.5,2.0610561334229285,0.0846,7.94,0,0.0,0.891,0
74.64946669976493,93.31,2.6049911026749015,0.432,7.4,0,0.0,0.93,0
71.87628554820999,89.85,5.746610879422905,0.3502,4.25,1,0.72,0.745,1
153.95806640848855,192.45,5.2068822102653485,0.4458,4.79,0,0.0,0.643,1
225.2589199604595,281.57,1.7532200188791005,0.0435,8.25,1,2.25,0.973,1
134.17221246855274,167.72,6.919690209010282,0.3993,3.08,1,1.34,0.975,0
190.16741696772067,237.71,9.075400290973043,0.4404,0.92,1,1.9,0.777,0
135.75741726681565,169.7,1.9882887733228904,0.0223,8.01,1,1.36,0.687,1
183.11615414609065,228.9,6.729538254626136,0.4995,3.27,1,1.83,0.957,0
246.67869078411337,308.35,5.863845909184338,0.1503,4.14,1,2.47,0.883,0
54.143008827276994,67.68,3.2893896053995517,0.1059,6.71,1,0.54,0.603,0
208.6135602017952,260.77,6.178306186616709,0.2075,3.82,0,0.0,0.643,1
236.22772180145495,295.28,2.0990888820796783,0.0043,7.9,0,0.0,0.993,0
134.13342224453473,167.67,8.33954833441952,0.443,1.66,0,0.0,0.615,0
96.97007312035628,121.21,0.2221208651877926,0.1342,9.78,1,0.97,0.713,1
4.063297177320624,5.08,5.670629767740638,0.2608,4.33,0,0.0,0.819,1
239.13150670022804,298.91,3.187801818794198,0.3118,6.81,0,0.0,0.674,1
98.38159771079644,122.98,8.813607199240481,0.3955,1.19,1,0.98,0.693,1
107.19284082241506,133.99,4.993662680408301,0.1251,5.01,1,1.07,0.741,0
100.80184892964368,126.0,8.024880392708866,0.3586,1.98,0,0.0,0.708,0
149.62179924370145,187.03,9.238203448511534,0.0588,0.76,1,1.5,0.921,1
210.74987196572312,263.44,3.3434955146368006,0.3521,6.66,1,2.11,0.8,1
231.55893930015324,289.45,8.80341856571418,0.4596,1.2,1,2.32,0.711,0
117.7712161209475,147.21,7.262789280745675,0.0425,2.74,1,1.18,0.725,0
198.93061051355073,248.66,1.0817439710796315,0.0584,8.92,1,1.99,0.616,1
216.20527508139455,270.26,1.039199487712933,0.2786,8.96,0,0.0,0.62,1
89.07519950321446,111.34,8.173453908139097,0.0232,1.83,1,0.89,0.887,0
28.98644086112798,36.23,4.683160896049592,0.0937,5.32,0,0.0,0.645,0
268.39971619333875,335.5,4.9515027097008275,0.0951,5.05,0,0.0,0.79,1
203.13479153447787,253.92,8.912465387146744,0.2406,1.09,0,0.0,0.937,0
194.43312266288743,243.04,9.038033368486657,0.1242,0.96,0,0.0,0.747,0
17.670754563593395,22.09,1.127059846866384,0.2378,8.87,1,0.18,0.738,1
245.3619172511779,306.7,3.736483229445587,0.2606,6.26,0,0.0,0.949,1
169.81624682581594,212.27,8.952267692691485,0.3653,1.05,0,0.0,0.946,0
254.36532519526983,317.96,8.19854348343964,0.473,1.8,0,0.0,0.952,1
292.36835512102846,365.46,7.210088210358766,0.2519,2.79,0,0.0,0.829,0
287.1300962640726,358.91,1.0196720377283874,0.1775,8.98,0,0.0,0.981,1
256.82680391706225,321.03,6.211945662058667,0.1294,3.79,0,0.0,0.928,1
3.28421214941067,4.11,5.818514016619804,0.3173,4.18,0,0.0,0.766,0
265.71816247108694,332.15,1.6716706106856294,0.4715,8.33,0,0.0,0.852,1
22.51869414829365,28.15,7.738587897339362,0.3823,2.26,1,0.23,0.649,1
255.35819105303017,319.2,3.1197698492874726,0.1031,6.88,1,2.55,0.821,1
84.0522205834871,105.07,6.2062572297805065,0.4467,3.79,0,0.0,0.705,0
183.02050156001027,228.78,3.618354858063934,0.3678,6.38,1,1.83,0.713,1
11.420469344963902,14.28,0.843952131049206,0.064,9.16,0,0.0,0.65,1
231.3545088354684,289.19,5.247948924639216,0.3564,4.75,1,2.31,0.743,0
33.51183666989145,41.89,3.06643135555655,0.1447,6.93,0,0.0,0.793,1
123.20645150273155,154.01,0.7131300334758972,0.2457,9.29,1,1.23,0.84,0
245.2338006975904,306.54,1.9850891609259391,0.1501,8.01,1,2.45,0.722,0
208.60469895250057,260.76,6.18855769190912,0.042,3.81,0,0.0,0.917,0
1.8128090574200728,2.27,1.0138199938406167,0.3843,8.99,1,0.02,0.808,1
120.90970036276464,151.14,0.8746634105211981,0.4143,9.13,1,1.21,0.855,0
12.578255089352409,15.72,9.44021569030851,0.116,0.56,0,0.0,0.711,1
202.04995824554075,252.56,1.0752337912141483,0.1198,8.92,1,2.02,0.926,0
290.68454752599644,363.36,3.7605972830955734,0.215,6.24,1,2.91,0.85,1
196.57837869022777,245.72,1.334108904834873,0.4057,8.67,1,1.97,0.945,1
67.31172933526673,84.14,9.3926909224225,0.0386,0.61,0,0.0,0.664,1
106.56990961996205,133.21,4.811613995034431,0.4044,5.19,0,0.0,0.752,0
292.9951666975403,366.24,1.1111924211377011,0.4614,8.89,0,0.0,0.645,0
67.21572360970501,84.02,7.688164424256408,0.2808,2.31,0,0.0,0.686,0
168.4587219163328,210.57,7.807865877069391,0.0302,2.19,1,1.68,0.758,0
120.13614260452344,150.17,9.011994633417247,0.1348,0.99,1,1.2,0.958,1
230.4945893784665,288.12,7.056553869086733,0.0557,2.94,1,2.3,0.823,0
260.2167815939661,325.27,0.5471627384105826,0.1296,9.45,1,2.6,0.732,0
102.25118230508905,127.81,5.5031154710298145,0.4059,4.5,0,0.0,0.899,0
198.1189091098148,247.65,3.840398587337109,0.0278,6.16,0,0.0,0.608,1
164.7143092553182,205.89,7.485810502933661,0.1419,2.51,1,1.65,0.748,0
83.53334701663002,104.42,5.9092900850581636,0.2585,4.09,0,0.0,0.84,1
81.58224084390051,101.98,7.252005207922245,0.437,2.75,0,0.0,0.833,0
161.58949425969118,201.99,1.8044391787308975,0.125,8.2,0,0.0,0.843,1
46.20086205968994,57.75,4.370709939344533,0.3892,5.63,1,0.46,0.685,0
243.24296894474145,304.05,4.321043269825159,0.2918,5.68,0,0.0,0.735,0
20.701451760120605,25.88,9.8097461158237,0.3382,0.19,1,0.21,0.973,1
28.372345862494896,35.47,0.191101628032726,0.4309,9.81,0,0.0,0.99,0
102.66789267818028,128.33,8.160429420809548,0.0132,1.84,1,1.03,0.725,1
35.42752745914001,44.28,0.9711164298733344,0.2649,9.03,1,0.35,0.858,1
142.71000637664775,178.39,0.8037805573409884,0.3736,9.2,0,0.0,0.697,0
119.90276713256112,149.88,3.2817649315069297,0.4423,6.72,0,0.0,0.747,0
216.54293876571512,270.68,7.007668939071331,0.0663,2.99,1,2.17,0.917,1
285.9012465629161,357.38,6.78446323757051,0.1707,3.22,1,2.86,0.8,1
226.0675754217378,282.58,6.278806441246453,0.0393,3.72,0,0.0,0.94,0
53.8345988641813,67.29,7.745511027242678,0.4175,2.25,0,0.0,0.851,0
280.6563856393209,350.82,2.3237805319973424,0.4287,7.68,0,0.0,0.852,1
117.64002976592016,147.05,6.338444448472837,0.2418,3.66,1,1.18,0.614,1
142.25680827807386,177.82,6.38037545770641,0.0104,3.62,1,1.42,0.9,0
126.47287121119066,158.09,6.54335512795114,0.0511,3.46,0,0.0,0.991,0
84.16410698631569,105.21,5.944536350553675,0.3122,4.06,1,0.84,0.789,0
268.51328633924516,335.64,2.215228928375935,0.4913,7.78,0,0.0,0.663,0
99.67165976898484,124.59,9.142988980954389,0.4194,0.86,0,0.0,0.991,1
173.57894090386392,216.97,9.76004628532377,0.399,0.24,1,1.74,0.716,0
72.01007531229907,90.01,6.891867124199394,0.209,3.11,0,0.0,0.764,0
239.2126124310541,299.02,4.440797173072206,0.4926,5.56,1,2.39,0.631,1
232.25959785875597,290.32,5.371907748071769,0.4125,4.63,0,0.0,0.644,1
88.89364153411319,111.12,1.0837151807940648,0.1678,8.92,0,0.0,0.687,0
204.4662219430361,255.58,3.6339589811261064,0.3742,6.37,1,2.04,0.819,1
211.16205992848492,263.95,9.761343539650122,0.2163,0.24,1,2.11,0.823,1
168.75342483142987,210.94,5.4772226260715335,0.3302,4.52,0,0.0,0.842,0
180.17951468150105,225.22,5.60627543590167,0.485,4.39,1,1.8,0.834,1
172.33639148723873,215.42,9.53979869020248,0.1232,0.46,0,0.0,0.798,0
24.559321198453688,30.7,8.863541803441759,0.3975,1.14,1,0.25,0.921,0
201.07960341413548,251.35,5.687163778040278,0.2952,4.31,1,2.01,0.974,0
140.93250295160738,176.17,2.6899084898215375,0.475,7.31,0,0.0,0.708,0
131.53718416242407,164.42,1.169314152322518,0.0672,8.83,0,0.0,0.652,1
257.9997656345402,322.5,8.636514256947542,0.3599,1.36,0,0.0,0.77,0
6.968014038335313,8.71,9.200915165175832,0.0186,0.8,1,0.07,0.611,1
75.39447538762654,94.24,4.942849213467056,0.1233,5.06,1,0.75,0.953,1
36.4210499528239,45.53,0.9454856620637876,0.1604,9.05,1,0.36,0.696,1
10.602313382917728,13.25,6.06224730533348,0.2161,3.94,0,0.0,0.82,0
82.70309930278427,103.38,3.6746139894187446,0.4826,6.33,0,0.0,0.646,0
296.5428818384033,370.68,1.5786066064738724,0.0338,8.42,0,0.0,0.821,1
81.06875196227213,101.34,9.191433896389263,0.0845,0.81,0,0.0,0.616,0
199.11174593873145,248.89,2.394490520477074,0.1015,7.61,0,0.0,0.908,1
35.489667012216444,44.36,7.1116151584616265,0.212,2.89,1,0.35,0.982,1
180.554289014169,225.69,4.293778593026811,0.0303,5.71,0,0.0,0.723,0
295.344444941494,369.18,8.279208672882682,0.4827,1.72,1,2.95,0.703,0
87.5512570381396,109.44,7.008349035094396,0.2799,2.99,1,0.88,0.779,1
254.42268491267484,318.03,1.2316002961855743,0.4066,8.77,1,2.54,0.848,0
299.27141410996063,374.09,4.496117346567222,0.3862,5.5,0,0.0,0.676,1
176.5662266162232,220.71,2.597885552758413,0.3304,7.4,1,1.77,0.921,1
92.82033012841062,116.03,7.135844715114099,0.4522,2.86,0,0.0,0.679,0
202.0593779697469,252.57,5.4468882672733665,0.4512,4.55,1,2.02,0.602,1
253.45446188058563,316.82,3.4018121776785204,0.0639,6.6,1,2.53,0.81,1
51.405072888593494,64.26,3.294601469947981,0.451,6.71,0,0.0,0.646,1
135.754729152436,169.69,1.1448699285469532,0.2619,8.86,0,0.0,0.879,0
95.75631303715228,119.7,2.1382183336792626,0.134,7.86,1,0.96,0.667,0
85.00769908871396,106.26,7.134662475960849,0.3043,2.87,1,0.85,0.927,1
258.24637822205176,322.81,6.099044804825281,0.1405,3.9,1,2.58,0.788,0
126.49620204655156,158.12,3.5559594597783075,0.2395,6.44,1,1.26,0.827,1
101.72290254117384,127.15,8.361156056235956,0.4082,1.64,1,1.02,0.675,1
181.0531624278041,226.32,4.844128509641874,0.0161,5.16,0,0.0,0.659,1
65.82047389121438,82.28,7.944341543553238,0.0915,2.06,0,0.0,0.853,1
68.96804717042369,86.21,7.811801509955759,0.4783,2.19,1,0.69,0.702,0
156.08661926145135,195.11,8.479989506495608,0.2225,1.52,0,0.0,0.754,1
122.78181859385523,153.48,8.497717072153083,0.1517,1.5,0,0.0,0.792,1
88.49471517669734,110.62,6.79062598627111,0.4616,3.21,1,0.88,0.692,0
16.18533968223066,20.23,7.494234933956002,0.4556,2.51,0,0.0,0.918,0
156.23227159155647,195.29,7.769071960476483,0.0221,2.23,1,1.56,0.976,1
244.9827616803225,306.23,1.6915940022235176,0.1812,8.31,0,0.0,0.773,0
255.41316158581736,319.27,3.002448283355277,0.4564,7.0,1,2.55,0.967,1
70.63199391782406,88.29,1.0423973826554889,0.0899,8.96,1,0.71,0.953,1
179.8923611842465,224.87,1.8937136240683283,0.2891,8.11,1,1.8,0.666,0
256.7643928388821,320.96,7.782872523011868,0.1604,2.22,1,2.57,0.669,0
122.61777848287944,153.27,9.471104338753154,0.3683,0.53,0,0.0,0.791,1
279.64104519225856,349.55,6.7363546673086425,0.0791,3.26,1,2.8,0.81,0
270.89355873886586,338.62,8.860477070406507,0.298,1.14,1,2.71,0.736,1
62.44016922564282,78.05,3.1797668194100517,0.0,6.82,0,0.0,0.725,0
77.68944987006114,97.11,8.45795580306502,0.1263,1.54,0,0.0,0.773,0
54.132599593790665,67.67,3.3878593582571934,0.0811,6.61,0,0.0,0.876,1
58.81630543641069,73.52,8.941667249119622,0.1049,1.06,0,0.0,0.634,1
272.3586261520494,340.45,7.980458381772583,0.4302,2.02,0,0.0,0.884,1
279.34137275778687,349.18,9.835971854533277,0.4574,0.16,1,2.79,0.97,0
15.569172355539283,19.46,8.272727113763244,0.3775,1.73,1,0.16,0.905,1
178.08100670166144,222.6,3.982096586020494,0.2951,6.02,0,0.0,0.677,0
169.26946885727148,211.59,1.1007978013576702,0.1154,8.9,0,0.0,0.635,0
117.16429401733797,146.46,8.742730998922953,0.1374,1.26,1,1.17,0.796,0
189.5092778469321,236.89,5.711909735333869,0.1549,4.29,0,0.0,0.983,1
284.21034765325504,355.26,8.581415493448842,0.3885,1.42,1,2.84,0.928,1
51.07646481664385,63.85,3.871289145756714,0.1264,6.13,1,0.51,0.825,0
36.12327291493669,45.15,0.2894923346863343,0.4867,9.71,0,0.0,0.657,0
10.0171712486927,12.52,0.5241658729473786,0.3982,9.48,0,0.0,0.886,0
109.14999235204304,136.44,6.7049847939910485,0.4999,3.3,0,0.0,0.925,0
101.28854312335982,126.61,1.1446257117117442,0.2296,8.86,0,0.0,0.974,0
129.24590644759317,161.56,7.454619956580702,0.2947,2.55,0,0.0,0.845,0
150.9930092642847,188.74,4.194426079056824,0.1402,5.81,1,1.51,0.806,0
227.3471982091364,284.18,5.631079176345221,0.3019,4.37,1,2.27,0.848,0
117.63401713725553,147.04,8.012133761194299,0.487,1.99,0,0.0,0.977,0
99.18393280837007,123.98,2.530714443031213,0.0152,7.47,1,0.99,0.851,1
248.06364607788808,310.08,4.1290254818650975,0.1446,5.87,1,2.48,0.703,0
254.9390011960969,318.67,7.295573162382514,0.1406,2.7,1,2.55,0.854,1
69.82978928800595,87.29,9.184277572298678,0.4912,0.82,0,0.0,0.952,0
94.4015468133925,118.0,2.902997614949412,0.0663,7.1,1,0.94,0.827,1
247.5349112730265,309.42,6.227229443964397,0.4062,3.77,0,0.0,0.801,0
23.822473289329448,29.78,9.512139588594255,0.1373,0.49,1,0.24,0.893,1
97.75403411722137,122.19,6.488521890409563,0.4303,3.51,1,0.98,0.864,1
134.50503211225836,168.13,8.927891034743796,0.2439,1.07,1,1.35,0.623,0
56.12148456017131,70.15,9.397298514768488,0.1211,0.6,0,0.0,0.89,0
53.97425898320945,67.47,9.29342622428758,0.3549,0.71,1,0.54,0.763,1
127.4586174040586,159.32,7.5847708431100305,0.4208,2.42,0,0.0,0.976,0
226.3565174204567,282.95,5.5209548630283845,0.2351,4.48,0,0.0,0.988,1
252.06989386428825,315.09,0.9675283789317168,0.357,9.03,1,2.52,0.779,0
293.770527760852,367.21,2.227061405648999,0.0908,7.77,1,2.94,0.988,1
22.195215027515715,27.74,2.5576712650115754,0.4688,7.44,1,0.22,0.724,1
65.00466034379781,81.26,0.3325957283696501,0.0482,9.67,1,0.65,0.873,0
226.98895271525933,283.74,1.0192337790804695,0.111,8.98,1,2.27,0.63,0
162.17961181669855,202.72,2.947566982782953,0.1442,7.05,0,0.0,0.658,0
98.30393218872548,122.88,0.9074094225619788,0.0764,9.09,0,0.0,0.946,1
61.676898374173064,77.1,1.6953500773364572,0.2033,8.3,0,0.0,0.958,0
84.14326549273441,105.18,0.5441759737586449,0.2289,9.46,1,0.84,0.813,1
128.78668509028557,160.98,4.165326495990893,0.2593,5.83,0,0.0,0.736,0
53.14536585180982,66.43,8.213272916730688,0.0204,1.79,0,0.0,0.78,1
289.2677867630252,361.58,8.122438442032182,0.1096,1.88,1,2.89,0.948,1
32.276533379962316,40.35,9.04890429598096,0.4039,0.95,1,0.32,0.684,1
295.6732303467657,369.59,7.45599502587048,0.4053,2.54,0,0.0,0.718,1
252.56798580020177,315.71,2.4444195670896995,0.165,7.56,0,0.0,0.914,1
126.94548525412172,158.68,7.023898964558223,0.2306,2.98,0,0.0,0.974,0
221.94490031646305,277.43,7.538218957135325,0.0917,2.46,1,2.22,0.637,0
201.4545731089158,251.82,5.431075414411046,0.4111,4.57,0,0.0,0.922,1
63.98607538467929,79.98,8.070105962882533,0.4783,1.93,1,0.64,0.858,1
101.72102583568392,127.15,0.7126584257665969,0.1457,9.29,1,1.02,0.692,1
153.93676884163736,192.42,5.947805869052159,0.391,4.05,1,1.54,0.902,1
191.35325396631808,239.19,4.7989338006849005,0.1762,5.2,1,1.91,0.891,1
162.86849440698646,203.59,8.05211814999022,0.0013,1.95,0,0.0,0.657,0
141.89623830194213,177.37,1.2796059563587048,0.2999,8.72,1,1.42,0.801,1
132.94568203647006,166.18,2.1262397664149058,0.2052,7.87,0,0.0,0.903,0
149.47934978850537,186.85,5.586919644553898,0.3792,4.41,1,1.49,0.677,0
130.3054559537911,162.88,9.47205321954128,0.3744,0.53,1,1.3,0.785,1
162.39902326371478,203.0,0.8319990215193174,0.473,9.17,0,0.0,0.648,1
266.39558971400004,332.99,7.433770240038562,0.2189,2.57,0,0.0,0.723,0
189.8487939163835,237.31,2.0539920200999564,0.2413,7.95,1,1.9,0.687,1
216.78626249656205,270.98,1.0544886808488396,0.2002,8.95,0,0.0,0.802,0
179.24494011923298,224.06,3.947661138435419,0.1485,6.05,1,1.79,0.656,1
192.90530472420068,241.13,5.8305283284327025,0.3189,4.17,1,1.93,0.753,0
173.50494853445406,216.88,8.27017941172108,0.414,1.73,1,1.74,0.71,0
8.059956658746959,10.07,6.346918507400091,0.0789,3.65,0,0.0,0.898,1
299.87951466000595,374.85,4.916671429261613,0.4909,5.08,1,3.0,0.88,1
10.082772063869005,12.6,2.85667366361304,0.3419,7.14,0,0.0,0.638,1
118.54440247009612,148.18,2.925530433316043,0.3901,7.07,1,1.19,0.981,0
31.534703489680027,39.42,7.705768312650543,0.4994,2.29,0,0.0,0.898,1
29.078535132279736,36.35,1.1405967503153391,0.252,8.86,0,0.0,0.846,0
238.05808550234508,297.57,1.4647376737164708,0.0356,8.54,0,0.0,0.791,1
127.77773380742308,159.72,7.197363789960311,0.3951,2.8,0,0.0,0.671,1
240.34161248962943,300.43,9.610420292826047,0.4354,0.39,1,2.4,0.985,1
81.83594120424945,102.29,1.2023420333306722,0.0812,8.8,1,0.82,0.603,0
76.93883754187043,96.17,6.0942608286110325,0.0121,3.91,0,0.0,0.877,0
75.36941454433864,94.21,2.391883872680705,0.0679,7.61,0,0.0,0.803,1
184.84368792237575,231.05,0.2575781487251705,0.162,9.74,1,1.85,0.961,0
244.49981695368,305.62,8.322676560647224,0.4621,1.68,0,0.0,0.752,1
135.67830302257218,169.6,5.0860460398680285,0.0012,4.91,0,0.0,0.807,0
113.77466719232471,142.22,0.2388995169441821,0.4019,9.76,1,1.14,0.897,1
292.0738662604948,365.09,8.954533020999587,0.4274,1.05,1,2.92,0.619,1
35.026210803491644,43.78,5.356852406273721,0.4055,4.64,0,0.0,0.622,1
145.98980461346775,182.49,7.370673884060989,0.0411,2.63,0,0.0,0.685,0
122.54632595443032,153.18,4.235048110968108,0.3396,5.76,0,0.0,0.659,0
29.43797897606711,36.8,1.8488327270462104,0.477,8.15,0,0.0,0.603,0
80.46010862646575,100.58,4.65573305793742,0.0602,5.34,1,0.8,0.849,0
8.532363773733609,10.67,2.8767235045265305,0.0158,7.12,0,0.0,0.918,1
263.0862866948871,328.86,2.9673543878693276,0.4368,7.03,0,0.0,0.983,1
182.3548586971203,227.94,6.438781213058148,0.3225,3.56,1,1.82,0.776,0
244.50554936107525,305.63,0.9407965505520456,0.3232,9.06,1,2.45,0.712,1
156.46633572089695,195.58,3.9701453213658455,0.4822,6.03,0,0.0,0.946,1
179.8529488265683,224.82,5.466453941191628,0.3849,4.53,1,1.8,0.938,1
210.25634334274943,262.82,7.098574724265849,0.1987,2.9,1,2.1,0.85,0
272.4034882392645,340.5,6.3289926264555305,0.2179,3.67,1,2.72,0.709,0
27.525566347753728,34.41,8.862465707105532,0.0723,1.14,0,0.0,0.963,0
99.28451842071809,124.11,9.923842825293898,0.152,0.08,0,0.0,0.671,1
212.70785721000016,265.88,9.374234240147816,0.2227,0.63,0,0.0,0.617,0
287.50516890041786,359.38,7.641523727985167,0.1305,2.36,0,0.0,0.919,0
294.2422285470016,367.8,6.86015254852777,0.4579,3.14,0,0.0,0.825,0
191.4309027411787,239.29,0.3543168410829422,0.0059,9.65,0,0.0,0.699,1
58.07954332646018,72.6,5.3349881267677235,0.2935,4.67,1,0.58,0.868,0
35.76267342418702,44.7,6.6371690113872965,0.3858,3.36,0,0.0,0.907,0
283.8130932841276,354.77,4.129400479349954,0.3661,5.87,0,0.0,0.938,0
130.17830683875223,162.72,3.847966128246104,0.3219,6.15,0,0.0,0.713,1
58.444809978805445,73.06,5.425264831661613,0.2052,4.57,0,0.0,0.61,1
280.16775473328033,350.21,9.066399183945771,0.4592,0.93,1,2.8,0.804,1
31.357281469293564,39.2,2.6092836912466866,0.1645,7.39,0,0.0,0.942,0
218.87132905712252,273.59,3.990548210729692,0.3751,6.01,1,2.19,0.683,1
187.57890826300024,234.47,6.530878066490696,0.4633,3.47,0,0.0,0.768,0
26.32039931426755,32.9,1.8600725996607304,0.0642,8.14,1,0.26,0.703,0
101.62463869183264,127.03,8.349035805176538,0.4735,1.65,0,0.0,0.605,0
44.9792068620032,56.22,6.660672045881498,0.388,3.34,0,0.0,0.959,1
181.34957775994835,226.69,3.5226205971643965,0.3083,6.48,1,1.81,0.654,1
143.13390950322864,178.92,7.221670048248043,0.1867,2.78,0,0.0,0.907,1
1.2825373981472876,1.6,2.793465373444466,0.4521,7.21,1,0.01,0.739,0
292.7131698851724,365.89,7.744608967348553,0.022,2.26,0,0.0,0.711,1
104.87539496686212,131.09,0.7068805305717252,0.2159,9.29,1,1.05,0.976,0
77.461317851115,96.83,4.267519873767417,0.3783,5.73,1,0.77,0.863,0
66.7328867382308,83.42,2.61638857863045,0.4056,7.38,1,0.67,0.875,1
47.64476885207035,59.56,8.167003873467657,0.1011,1.83,0,0.0,0.904,0
299.74112286495296,374.68,7.527470629328184,0.0238,2.47,1,3.0,0.736,0
88.53284036448146,110.67,8.41861380561189,0.4014,1.58,1,0.89,0.825,0
121.6540491672845,152.07,6.515630421022108,0.2109,3.48,1,1.22,0.708,1
261.40677485342667,326.76,7.95322417616304,0.0718,2.05,1,2.61,0.934,0
192.56625106286344,240.71,4.3878826924850225,0.0428,5.61,1,1.93,0.84,0
110.60832352358176,138.26,6.780574161018997,0.3203,3.22,0,0.0,0.697,0
269.4985307771559,336.87,0.3111766901967561,0.2914,9.69,0,0.0,0.96,0
224.91726066408003,281.15,8.807246085395253,0.427,1.19,1,2.25,0.832,0
68.3701522625099,85.46,6.847736512030317,0.0158,3.15,0,0.0,0.798,0
193.12169837997612,241.4,8.660964577184997,0.4342,1.34,1,1.93,0.614,1
276.7195494877204,345.9,7.708588676193896,0.4436,2.29,0,0.0,0.964,1
148.93826353512375,186.17,2.8637668094126347,0.2231,7.14,1,1.49,0.981,1
220.08372084950017,275.1,2.728802295944085,0.0383,7.27,1,2.2,0.825,1
291.33112319674774,364.16,7.9963877757352115,0.4734,2.0,1,2.91,0.777,0
207.12424226856388,258.91,1.847091918213043,0.036,8.15,0,0.0,0.744,1
30.731606929824185,38.41,1.1066120082843445,0.2953,8.89,1,0.31,0.707,0
73.3678652793868,91.71,0.1504220499458286,0.2466,9.85,1,0.73,0.83,1
178.5289312027947,223.16,2.984280459186545,0.4175,7.02,0,0.0,0.651,1
82.66674461157183,103.33,0.992650505691971,0.2513,9.01,0,0.0,0.968,0
287.26251161674196,359.08,8.01686530096765,0.2346,1.98,1,2.87,0.67,0
121.60561020665212,152.01,4.845438309817498,0.4403,5.15,0,0.0,0.898,0
137.16912171970952,171.46,2.525152241433004,0.482,7.47,1,1.37,0.723,1
210.48062804103515,263.1,6.020869381917931,0.2746,3.98,0,0.0,0.69,1
157.27491940256223,196.59,0.7035241999696806,0.2274,9.3,0,0.0,0.823,1
114.6437900666305,143.3,7.261212512835015,0.4155,2.74,0,0.0,0.906,0
22.99136254637363,28.74,5.013930449414614,0.4155,4.99,1,0.23,0.891,0
178.93367685235916,223.67,0.0647636922800898,0.1597,9.94,1,1.79,0.694,0
260.2740092382104,325.34,3.192171529147594,0.2881,6.81,0,0.0,0.732,0
205.72873252801685,257.16,7.501923733892967,0.0771,2.5,0,0.0,0.948,0
114.44850301408566,143.06,1.881151704835816,0.3178,8.12,0,0.0,0.889,0
38.31781938693882,47.9,9.61877257871922,0.417,0.38,0,0.0,0.885,0
244.90145607127317,306.13,8.966291443211349,0.0938,1.03,0,0.0,0.708,0
282.5245086693614,353.16,7.782387287959541,0.1615,2.22,1,2.83,0.917,0
116.48189723887944,145.6,0.7854835850031527,0.2245,9.21,0,0.0,0.743,1
218.59265675521848,273.24,3.538372976333799,0.4225,6.46,1,2.19,0.761,0
123.2290319672267,154.04,2.9819734510891047,0.3657,7.02,0,0.0,0.715,1
150.68008165565982,188.35,1.3762531840876913,0.1584,8.62,1,1.51,0.649,0
250.94291418492293,313.68,9.996188950868437,0.1215,0.0,0,0.0,0.768,1
25.02730266334607,31.28,1.471976349527918,0.3479,8.53,1,0.25,0.607,1
159.10060463601152,198.88,3.15327546543,0.2399,6.85,0,0.0,0.782,0
64.38608240136674,80.48,8.801414525677062,0.2968,1.2,0,0.0,0.89,0
101.94178364872872,127.43,1.443853607985518,0.3243,8.56,0,0.0,0.984,0
193.32864739268229,241.66,4.695279719537307,0.2793,5.3,0,0.0,0.631,0
8.168523701054509,10.21,9.756901306994695,0.3065,0.24,0,0.0,0.713,0
178.14752969194882,222.68,2.4728848296573913,0.4438,7.53,1,1.78,0.798,1
85.0326718361249,106.29,7.030582169695831,0.4341,2.97,1,0.85,0.668,0
200.84530824242165,251.06,0.8003964837578093,0.0745,9.2,1,2.01,0.647,0
42.474405573916265,53.09,6.00871941248288,0.2932,3.99,1,0.42,0.781,1
220.7434811448536,275.93,3.390495330988234,0.2197,6.61,1,2.21,0.832,0
193.69191592889345,242.11,6.995645320272685,0.1428,3.0,1,1.94,0.928,1
291.37254986410534,364.22,4.32890005435277,0.3156,5.67,0,0.0,0.999,1
273.3706089774444,341.71,2.9899864655466057,0.2554,7.01,1,2.73,0.91,0
84.9908589599107,106.24,5.460078853341836,0.3875,4.54,0,0.0,0.689,1
8.194971817631092,10.24,1.3968691292071989,0.0467,8.6,1,0.08,0.899,1
196.61056833352737,245.76,8.144319706485138,0.1513,1.86,0,0.0,0.815,1
180.86621670140175,226.08,7.507093919816078,0.0129,2.49,0,0.0,0.78,1
8.22863062993382,10.29,5.44968171573501,0.373,4.55,0,0.0,0.974,1
36.8032587607778,46.0,3.670483012973949,0.4562,6.33,1,0.37,0.881,0
175.41051136079568,219.26,9.152261606892887,0.2937,0.85,0,0.0,0.873,0
273.54817921304755,341.94,6.344583999974136,0.3085,3.66,0,0.0,0.605,1
271.9500829540221,339.94,2.848001324115168,0.0232,7.15,0,0.0,0.946,0
45.445516383622454,56.81,8.067086086892393,0.2519,1.93,1,0.45,0.917,1
115.37218392157487,144.22,6.35019701732663,0.2634,3.65,0,0.0,0.72,1
12.960859305652209,16.2,1.2701261654684182,0.0195,8.73,0,0.0,0.717,0
140.78155390887872,175.98,1.1423324460873008,0.3912,8.86,1,1.41,0.621,0
225.9250379019617,282.41,9.381050194336368,0.1392,0.62,0,0.0,0.62,0
236.99181340968343,296.24,2.8791198112394434,0.3617,7.12,1,2.37,0.867,1
149.6968399789719,187.12,6.63482599321441,0.2015,3.37,1,1.5,0.674,1
28.760902412465516,35.95,0.3643387306741052,0.4978,9.64,1,0.29,0.969,1
114.40919255446993,143.01,5.5650193680544735,0.1061,4.43,0,0.0,0.937,1
279.6305879923093,349.54,2.311286377843446,0.0291,7.69,1,2.8,0.74,0
68.88376695591441,86.1,1.3962626935695666,0.49,8.6,0,0.0,0.752,1
95.92633497381794,119.91,7.735031256342612,0.1219,2.26,1,0.96,0.731,1
224.04815263892127,280.06,8.095426569395617,0.3177,1.9,1,2.24,0.637,1
220.07423666578143,275.09,7.152122338665443,0.1873,2.85,1,2.2,0.613,1
273.6606864074797,342.08,0.1118684514152068,0.3198,9.89,1,2.74,0.781,0
116.43560721611264,145.54,2.84909215643284,0.298,7.15,1,1.16,0.977,1
154.37961716228736,192.97,3.609612664364972,0.3536,6.39,1,1.54,0.967,0
140.2177383661433,175.27,6.908502238516317,0.0092,3.09,1,1.4,0.924,0
278.32565130673595,347.91,7.555436816761115,0.4181,2.44,1,2.78,0.851,1
230.7991766473904,288.5,6.278549220279129,0.2393,3.72,0,0.0,0.942,1
249.4325339501545,311.79,7.890883447380216,0.2594,2.11,1,2.49,0.806,0
39.929480648823265,49.91,4.272998778194647,0.2055,5.73,1,0.4,0.672,1
237.55400786044797,296.94,5.418449898367711,0.4947,4.58,1,2.38,0.874,0
129.8936298172491,162.37,0.6425017507722797,0.4008,9.36,1,1.3,0.968,1
7.001604849194132,8.75,4.27163246545425,0.1557,5.73,1,0.07,0.608,0
18.026505822985385,22.53,4.326331134961543,0.3915,5.67,0,0.0,0.701,1
203.37238192045336,254.22,6.115201095682636,0.2185,3.88,1,2.03,0.706,0
111.60373234379097,139.5,3.7789635267831634,0.435,6.22,0,0.0,0.64,0
260.43467196704415,325.54,2.3845498705148627,0.0154,7.62,0,0.0,0.69,1
220.28194016275992,275.35,2.3759628926066476,0.1777,7.62,0,0.0,0.754,0
6.504003500088529,8.13,1.33872894734557,0.2149,8.66,0,0.0,0.976,0
206.0664935508006,257.58,7.010226500949179,0.3721,2.99,0,0.0,0.944,0
57.705741819706866,72.13,6.225683810552795,0.0912,3.77,1,0.58,0.978,0
126.77477061117362,158.47,5.792499199404496,0.1431,4.21,0,0.0,0.648,0
187.4205606368888,234.28,5.310196292654369,0.3619,4.69,1,1.87,0.611,1
261.8153523887079,327.27,3.6753749886657383,0.0384,6.32,0,0.0,0.644,0
136.82936651758178,171.04,7.6871686663073024,0.1006,2.31,0,0.0,0.966,0
242.54713625734033,303.18,9.220241650726187,0.3767,0.78,1,2.43,0.663,1
234.88969884018985,293.61,4.399891891984298,0.4378,5.6,0,0.0,0.829,1
124.3615538553775,155.45,4.090886059468946,0.3644,5.91,0,0.0,0.691,0
150.29404902987085,187.87,1.627275570844533,0.2636,8.37,1,1.5,0.608,1
210.14550301494393,262.68,6.707088053140171,0.0495,3.29,0,0.0,0.634,0
9.344530394081918,11.68,5.580922633778133,0.4136,4.42,0,0.0,0.884,0
267.2434241397738,334.05,9.87997996237808,0.062,0.12,1,2.67,0.673,0
230.94484783130804,288.68,5.84323166769958,0.1925,4.16,1,2.31,0.692,1
74.82476442069913,93.53,2.886108661948892,0.0252,7.11,0,0.0,0.751,0
294.35398595669267,367.94,5.629406617279221,0.3548,4.37,1,2.94,0.863,0
53.81710577688563,67.27,9.846952327210785,0.2517,0.15,1,0.54,0.788,1
274.22600211132055,342.78,7.233351800241498,0.4538,2.77,0,0.0,0.978,1
97.34203749693334,121.68,1.2857730876994369,0.0694,8.71,1,0.97,0.774,1
228.9440130492407,286.18,3.431626183319463,0.4096,6.57,1,2.29,0.68,0
136.91297797438352,171.14,2.9868496105256948,0.2553,7.01,0,0.0,0.814,1
220.94021623500063,276.18,8.568237789874162,0.183,1.43,1,2.21,0.78,1
46.73491438180988,58.42,6.111628481612073,0.3218,3.89,1,0.47,0.915,0
80.85193751594484,101.06,8.101019962326655,0.3952,1.9,0,0.0,0.974,1
29.957347341607687,37.45,1.7624605343347766,0.2201,8.24,0,0.0,0.935,1
259.54319443134096,324.43,9.0803490496635,0.1164,0.92,1,2.6,0.756,1
88.8878963308498,111.11,0.5831099709560195,0.4579,9.42,1,0.89,0.686,1
208.34286882499904,260.43,3.748371871207485,0.1565,6.25,1,2.08,0.966,0
246.0663593224584,307.58,0.1414904428643193,0.4991,9.86,1,2.46,0.754,1
270.4254709138038,338.03,1.8427949410697408,0.3837,8.16,1,2.7,0.908,1
31.889134593515344,39.86,9.622258658374314,0.3439,0.38,0,0.0,0.996,0
267.90448005378374,334.88,0.7849533139047571,0.0062,9.22,1,2.68,0.831,1
59.17583331921584,73.97,1.4540657737161078,0.2243,8.55,0,0.0,0.792,1
221.07060347728847,276.34,9.2484902624552,0.2512,0.75,1,2.21,0.88,1
218.65470580938336,273.32,7.101745639395533,0.1882,2.9,1,2.19,0.678,0
2.5509425222862703,3.19,4.069644086416732,0.075,5.93,0,0.0,0.795,0
66.18717249307628,82.73,0.6876581738833432,0.1837,9.31,1,0.66,0.725,1
147.5725543994602,184.47,7.850389590792439,0.0375,2.15,1,1.48,0.666,0
126.01041199898464,157.51,4.927266054756558,0.1455,5.07,1,1.26,0.844,0
275.5720439653829,344.47,3.2301686632399207,0.0418,6.77,1,2.76,0.83,0
107.92226085075694,134.9,3.607504254750801,0.3762,6.39,0,0.0,0.904,1
281.0951144507887,351.37,5.052775379745039,0.3356,4.95,0,0.0,0.949,0
137.82879551775932,172.29,5.5123282307816615,0.47,4.49,0,0.0,0.688,0
289.30586899204974,361.63,8.18098770870433,0.19,1.82,0,0.0,0.912,0
221.20644300745835,276.51,7.717037220699861,0.3931,2.28,1,2.21,0.747,1
248.8003774896468,311.0,7.670586915202087,0.2938,2.33,0,0.0,0.852,1
31.4630665047003,39.33,7.292979863202854,0.3231,2.71,1,0.31,0.94,1
175.8424299727103,219.8,7.577869151430114,0.2737,2.42,1,1.76,0.702,1
42.81010794880524,53.51,6.776015251949387,0.3896,3.22,0,0.0,0.84,0
89.28630061529222,111.61,8.680234733881464,0.021,1.32,1,0.89,0.792,1
187.06962185018045,233.84,5.5745429610608745,0.0402,4.43,1,1.87,0.916,0
217.86771140816725,272.33,5.208442596064341,0.048,4.79,1,2.18,0.879,0
11.75513460337525,14.69,7.012959786388669,0.1443,2.99,1,0.12,0.908,1
159.28311932170942,199.1,1.6600597307977494,0.2956,8.34,1,1.59,0.715,0
169.5941958869659,211.99,7.769517138350426,0.3228,2.23,1,1.7,0.882,1
23.648399133060348,29.56,9.361558432172888,0.3563,0.64,0,0.0,0.842,0
150.20641026022906,187.76,2.962599648147055,0.1404,7.04,0,0.0,0.783,0
214.15268401494797,267.69,6.110449571784767,0.3251,3.89,1,2.14,0.751,1
15.96818546265929,19.96,0.3262251360104129,0.0588,9.67,0,0.0,0.733,0
228.0803328971886,285.1,7.65822862672667,0.005,2.34,0,0.0,0.604,0
172.92795147124104,216.16,5.596681731860392,0.3473,4.4,0,0.0,0.668,1
249.9681624815373,312.46,6.7365428463469526,0.3578,3.26,0,0.0,0.624,0
65.41877185622099,81.77,1.429927199418044,0.3111,8.57,0,0.0,0.939,0
249.98210526393552,312.48,8.094548053608012,0.1294,1.91,1,2.5,0.944,0
28.368292580240396,35.46,2.5593633734362786,0.4637,7.44,0,0.0,0.938,0
121.14890893340142,151.44,6.847922032934237,0.4378,3.15,0,0.0,0.927,1
59.845437457394546,74.81,5.931417650302112,0.2578,4.07,1,0.6,0.689,0
262.80624968726227,328.51,6.5379144612836715,0.4946,3.46,1,2.63,0.797,0
211.47594489053213,264.34,0.5023728680615802,0.1493,9.5,1,2.11,0.963,1
7.608533148218455,9.51,7.418505702312233,0.2456,2.58,0,0.0,0.904,0
2.857006684186836,3.57,7.952497285276757,0.464,2.05,1,0.03,0.601,0
87.37477634450092,109.22,4.7481582315241075,0.2311,5.25,0,0.0,0.784,0
42.98493428416962,53.73,4.088610442370843,0.2355,5.91,0,0.0,0.604,0
189.09134326805875,236.36,3.425447039548394,0.0397,6.57,1,1.89,0.712,1
199.13908016476793,248.92,9.278819064822702,0.1057,0.72,1,1.99,0.774,1
282.58527109841026,353.23,7.550682543415351,0.0789,2.45,1,2.83,0.957,0
285.61197736375226,357.01,6.986187272366482,0.2826,3.01,1,2.86,0.862,0
197.6690116234037,247.09,9.256066246254855,0.1592,0.74,0,0.0,0.745,1
1.7025338558126155,2.13,3.487692306192136,0.0385,6.51,1,0.02,0.796,1
107.69937497088428,134.62,6.301380858165785,0.255,3.7,1,1.08,0.927,1
153.94245397417987,192.43,6.860568305268462,0.3346,3.14,1,1.54,0.72,1
149.7539269525398,187.19,9.962275433177508,0.3683,0.04,0,0.0,0.846,1
181.002188850668,226.25,4.271861144071557,0.4188,5.73,0,0.0,0.705,0
288.16544484142815,360.21,4.001810519397775,0.241,6.0,1,2.88,0.792,1
265.5578075865461,331.95,0.8448792431060081,0.1953,9.16,0,0.0,0.61,0
32.672410035146484,40.84,0.9845248473997514,0.3421,9.02,0,0.0,0.941,1
79.79411741801798,99.74,5.117990605316475,0.0067,4.88,1,0.8,0.619,1
249.9328252258909,312.42,1.711819594377065,0.3168,8.29,1,2.5,0.69,0
247.2920726457621,309.12,0.7293083225695762,0.2028,9.27,0,0.0,0.733,0
82.61121723650129,103.26,9.648930050352366,0.2264,0.35,1,0.83,0.85,1
219.17640920583585,273.97,9.514173979083198,0.1481,0.49,0,0.0,0.888,0
201.6112136153572,252.01,3.252767683489932,0.0636,6.75,0,0.0,0.632,1
142.05718949098846,177.57,7.898694069333043,0.2007,2.1,0,0.0,0.617,0
60.436485803708806,75.55,8.725490536191707,0.1541,1.27,0,0.0,0.92,1
266.59295426822587,333.24,4.647470677839905,0.4801,5.35,0,0.0,0.885,0
203.35535529205043,254.19,2.2369710576036517,0.4718,7.76,1,2.03,0.933,0
50.697877463512405,63.37,1.2980482731078946,0.322,8.7,1,0.51,0.871,1
211.44070345225825,264.3,1.4082237142510357,0.4519,8.59,0,0.0,0.9,1
222.43011587309397,278.04,7.969331547370066,0.3756,2.03,0,0.0,0.752,0
266.0640855363122,332.58,3.8441581502626274,0.1729,6.16,0,0.0,0.836,1
66.85177657258048,83.56,6.935076504505487,0.302,3.06,1,0.67,0.922,1
296.62623162402195,370.78,5.386934343853417,0.1102,4.61,1,2.97,0.669,0
46.01802675807637,57.52,3.946683804234553,0.3436,6.05,1,0.46,0.769,1
180.2066675578749,225.26,1.2381573918426048,0.0224,8.76,0,0.0,0.896,1
197.15295158204356,246.44,3.33448987628938,0.4157,6.67,0,0.0,0.813,0
125.68586857975816,157.11,8.401739208538073,0.2916,1.6,1,1.26,0.873,0
142.51131263111597,178.14,8.113979369585518,0.0292,1.89,1,1.43,0.717,1
267.2730290166412,334.09,0.2836859196568397,0.4359,9.72,1,2.67,0.613,1
193.58226889963856,241.98,1.4027655837512798,0.4389,8.6,1,1.94,0.612,0
149.10028747040587,186.38,7.559012167332496,0.4264,2.44,0,0.0,0.977,1
38.50486873005741,48.13,3.3573289636637527,0.3872,6.64,0,0.0,0.978,1
2.201287566940391,2.75,6.435910669585375,0.339,3.56,1,0.02,0.685,1
37.49058544555004,46.86,5.626757389940499,0.1985,4.37,0,0.0,0.659,0
286.8553702429516,358.57,6.520673153948854,0.0682,3.48,0,0.0,0.607,1
229.2260348973992,286.53,0.5369655092428727,0.1444,9.46,1,2.29,0.693,1
290.1348982530743,362.67,9.311192055302268,0.1735,0.69,0,0.0,0.734,0
10.712612912451558,13.39,0.2096954975531528,0.179,9.79,1,0.11,0.696,1
204.06612115759177,255.08,0.0803249598474531,0.2827,9.92,1,2.04,0.919,0
13.288057921025398,16.61,2.2615300238889735,0.1042,7.74,0,0.0,0.9,0
234.61694066064695,293.27,9.934959194307332,0.0948,0.07,1,2.35,0.632,0
114.28505182055828,142.86,0.725324346003734,0.3585,9.27,1,1.14,0.879,1
28.72960803194845,35.91,8.745001740107142,0.0038,1.25,1,0.29,0.808,0
170.4139925362546,213.02,1.590890704433059,0.0748,8.41,0,0.0,0.653,1
84.03605898041643,105.05,1.0910329319019083,0.2175,8.91,1,0.84,0.896,1
197.87218256154551,247.34,7.789703976190943,0.0745,2.21,1,1.98,0.634,0
197.4524278541371,246.82,8.466787145536687,0.4799,1.53,0,0.0,0.671,0
211.50224223622584,264.38,7.921828884592114,0.3351,2.08,1,2.12,0.66,0
297.73952363332774,372.17,2.410288791877492,0.2164,7.59,0,0.0,0.976,0
116.0093129842216,145.01,8.79842726067651,0.0561,1.2,0,0.0,0.879,1
139.59464234553027,174.49,0.7188543219013832,0.1926,9.28,0,0.0,0.765,1
241.38351030760225,301.73,3.4197746323905953,0.3253,6.58,0,0.0,0.929,0
173.5110069065656,216.89,4.631831257277796,0.4844,5.37,0,0.0,0.686,0
11.177163206339891,13.97,0.6773527160702275,0.2363,9.32,1,0.11,0.972,0
252.92355607795696,316.15,5.7984327854861615,0.3462,4.2,0,0.0,0.879,0
15.449604581412292,19.31,5.593830170655902,0.0977,4.41,0,0.0,0.824,1
51.246040947535285,64.06,9.921825749081837,0.3118,0.08,1,0.51,0.918,0
30.623990092256157,38.28,6.216640027879551,0.1195,3.78,1,0.31,0.858,1
23.378139864336056,29.22,3.975456768189961,0.0991,6.02,0,0.0,0.955,0
7.70546259141306,9.63,7.901848475346278,0.2546,2.1,0,0.0,0.932,0
16.508314191710216,20.64,3.3496700417359726,0.1058,6.65,0,0.0,0.679,0
132.731756753643,165.91,5.328686543725368,0.3607,4.67,0,0.0,0.696,0
75.85568099478417,94.82,0.5546960679322077,0.4687,9.45,1,0.76,0.626,1
37.961065025645624,47.45,3.2266577446604474,0.1968,6.77,1,0.38,0.688,0
197.6116628179578,247.01,5.2810801475399405,0.1612,4.72,0,0.0,0.737,1
67.83357319027755,84.79,7.023118937251867,0.0879,2.98,0,0.0,0.612,1
5.684746603442836,7.11,0.9903279037046276,0.1952,9.01,0,0.0,0.726,0
125.5259351301983,156.91,7.971867291439168,0.2798,2.03,1,1.26,0.909,0
93.12989759349152,116.41,9.001589866512646,0.1865,1.0,1,0.93,0.936,1
95.58132940394782,119.48,2.8103716556109415,0.3115,7.19,1,0.96,0.604,1
133.58100845446845,166.98,7.653465807843041,0.3312,2.35,0,0.0,0.603,0
200.6741781702833,250.84,1.803484911606943,0.0489,8.2,0,0.0,0.659,0
184.9437360113982,231.18,5.234158717566895,0.3489,4.77,0,0.0,0.949,0
281.17848293666265,351.47,7.976353650720744,0.4502,2.02,0,0.0,0.788,1
155.31499989075644,194.14,3.864916855784588,0.0131,6.14,1,1.55,0.993,1
141.77097291752165,177.21,0.2630025203882091,0.2757,9.74,1,1.42,0.955,1
64.02433056506909,80.03,5.399673752141848,0.3019,4.6,1,0.64,0.956,1
226.61438665444703,283.27,8.446998729007388,0.3549,1.55,0,0.0,0.651,1
42.23273286428542,52.79,1.0832737731459352,0.1929,8.92,0,0.0,0.79,0
147.33986694614524,184.17,0.2964140214251098,0.4094,9.7,1,1.47,0.997,1
126.39665951623331,158.0,8.090407759845862,0.2699,1.91,0,0.0,0.66,0
197.49026352132097,246.86,2.671325786713558,0.2045,7.33,1,1.97,0.83,1
275.28644098699766,344.11,3.64343705738884,0.3596,6.36,0,0.0,0.738,0
283.9786774494667,354.97,0.8698202990459991,0.4637,9.13,0,0.0,0.755,1
50.33978014894752,62.92,0.9661898442446726,0.406,9.03,0,0.0,0.956,1
78.54516548015346,98.18,6.1454335691600654,0.4653,3.85,1,0.79,0.835,1
243.490595989412,304.36,5.522296493464928,0.133,4.48,1,2.43,0.904,0
155.48392873475785,194.35,2.9240177641425236,0.0593,7.08,0,0.0,0.869,0
135.91037050671954,169.89,4.527375562847748,0.2672,5.47,0,0.0,0.812,0
213.18763571421175,266.48,3.8819776434302513,0.0222,6.12,1,2.13,0.917,0
180.57748578209151,225.72,6.950529164212854,0.3373,3.05,1,1.81,0.988,1
291.2142163264004,364.02,8.620890248135872,0.12,1.38,1,2.91,0.987,1
175.1923956864801,218.99,7.651024194460167,0.2272,2.35,0,0.0,0.916,0
139.79214790417598,174.74,0.044076496682005,0.3278,9.96,1,1.4,0.795,0
162.8452086234527,203.56,0.9955346112119255,0.2415,9.0,1,1.63,0.665,1
242.56194500909197,303.2,4.293767800534124,0.118,5.71,1,2.43,0.618,1
183.80251703556624,229.75,8.517988558811007,0.4402,1.48,1,1.84,0.693,0
194.1144274160153,242.64,2.3697418807404502,0.3823,7.63,1,1.94,0.736,0
291.4316640109776,364.29,8.789520865485086,0.3005,1.21,1,2.91,0.652,0
185.5186453276372,231.9,1.1001365854113163,0.3493,8.9,1,1.86,0.69,0
114.08557450036194,142.61,0.7260712384847423,0.2077,9.27,1,1.14,0.633,0
207.39780810383897,259.25,9.134196971455978,0.1879,0.87,0,0.0,0.809,0
197.83781909319345,247.3,1.6197692599669145,0.0801,8.38,0,0.0,0.651,1
4.154290651914572,5.19,4.637755816321158,0.4018,5.36,0,0.0,0.897,0
140.19878903574994,175.25,3.259570441764917,0.1905,6.74,0,0.0,0.733,0
222.8710808647198,278.59,1.4763643466486651,0.3462,8.52,0,0.0,0.869,1
149.71243731633868,187.14,6.321110149600365,0.15,3.68,1,1.5,0.953,1
233.8863407806168,292.36,9.636727141315074,0.398,0.36,0,0.0,0.634,0
135.26510892828432,169.08,6.581094468542239,0.0526,3.42,0,0.0,0.996,0
294.9964792911707,368.75,3.536986827773304,0.3125,6.46,1,2.95,0.858,1
87.86747676116661,109.83,7.117969558099174,0.4038,2.88,0,0.0,0.621,0
27.63678244382206,34.55,1.4324815546973346,0.3301,8.57,0,0.0,0.726,0
129.0035403462292,161.25,5.800163106934103,0.3481,4.2,0,0.0,0.954,0
162.5127074621757,203.14,4.69457446146198,0.263,5.31,0,0.0,0.838,0
104.72811950473844,130.91,3.5998357142363813,0.2795,6.4,0,0.0,0.715,0
72.68434803538769,90.86,7.395673024294248,0.0329,2.6,0,0.0,0.976,1
201.61760741564672,252.02,1.184871454224401,0.1254,8.82,1,2.02,0.915,0
113.13752995687562,141.42,5.32790475483174,0.361,4.67,1,1.13,0.894,1
189.41055873019107,236.76,8.543973265533442,0.4727,1.46,1,1.89,0.955,1
233.72143457963276,292.15,2.0171015569583215,0.2709,7.98,1,2.34,0.908,0
228.30078832800712,285.38,2.645412419294888,0.3628,7.35,1,2.28,0.715,0
112.59279319070738,140.74,6.606717927717815,0.3418,3.39,1,1.13,0.834,1
170.36946868505242,212.96,7.725869583954948,0.4997,2.27,0,0.0,0.937,1
134.8974673328227,168.62,2.8333560138177294,0.3975,7.17,0,0.0,0.672,0
261.2415758128981,326.55,3.598980085367667,0.3138,6.4,0,0.0,0.665,1
263.6275439399998,329.53,7.399124828894812,0.0576,2.6,0,0.0,0.664,1
103.12247486641104,128.9,2.8532366513703336,0.1813,7.15,0,0.0,0.678,1
27.521234363619214,34.4,6.662475047064852,0.1253,3.34,1,0.28,0.641,0
50.27474499720584,62.84,1.5883475080578269,0.4268,8.41,1,0.5,0.935,0
110.10052263926514,137.63,4.113104594884124,0.2231,5.89,1,1.1,0.927,1
169.2749864288972,211.59,6.886772097232317,0.2676,3.11,1,1.69,0.661,0
197.0361032893288,246.3,4.59904556101958,0.4824,5.4,0,0.0,0.882,1
99.41131388580008,124.26,0.1923734835852919,0.4183,9.81,0,0.0,0.851,0
200.24973588719573,250.31,4.06380357104514,0.3949,5.94,0,0.0,0.71,1
281.3219951021268,351.65,2.8833529088967413,0.0711,7.12,1,2.81,0.691,1
195.60423815068515,244.51,1.012821828293594,0.0114,8.99,1,1.96,0.7,1
47.569568833305375,59.46,0.0913801164865113,0.0628,9.91,1,0.48,0.892,0
173.90067389328829,217.38,0.455154015663558,0.3701,9.54,0,0.0,0.728,0
162.56865503009485,203.21,9.49247657737741,0.2054,0.51,1,1.63,0.711,1
261.2100332695262,326.51,7.498192076782529,0.0587,2.5,1,2.61,0.609,1
105.0909165638923,131.36,9.397417129131409,0.3695,0.6,0,0.0,0.963,0
126.883683017004,158.6,1.1478389662015809,0.0973,8.85,0,0.0,0.901,0
179.5977166459481,224.5,5.7050971659833225,0.2945,4.29,1,1.8,0.789,0
157.32759352260763,196.66,0.8328856504819304,0.3708,9.17,1,1.57,0.977,0
215.70497772155227,269.63,0.2680639120070271,0.304,9.73,0,0.0,0.717,1
12.116697273748745,15.15,4.662811444402574,0.4968,5.34,0,0.0,0.87,1
169.05480576208794,211.32,6.463435472978527,0.2171,3.54,1,1.69,0.722,1
36.50156790116258,45.63,0.6356236092479906,0.1559,9.36,1,0.37,0.726,0
94.5626977559164,118.2,3.6505971672699538,0.1006,6.35,0,0.0,0.938,1
198.4880584597171,248.11,0.9016700157450108,0.2519,9.1,0,0.0,0.915,0
47.224260177653306,59.03,3.6210364190015634,0.4262,6.38,0,0.0,0.718,1
92.65255065138864,115.82,4.717956982955299,0.4735,5.28,1,0.93,0.633,0
210.9019448505936,263.63,3.3753138532425475,0.486,6.62,0,0.0,0.743,1
195.24157275805015,244.05,5.762490243007071,0.2657,4.24,0,0.0,0.904,1
27.311900762921415,34.14,5.845900564236849,0.3026,4.15,0,0.0,0.64,1
173.18054804769716,216.48,3.3293533278018197,0.2908,6.67,1,1.73,0.869,1
44.176338575591835,55.22,3.895984160777624,0.233,6.1,1,0.44,0.956,0
75.6814136143478,94.6,4.410656179122601,0.0761,5.59,0,0.0,0.672,1
137.7633835907336,172.2,3.756533065761272,0.0327,6.24,1,1.38,0.945,1
32.80404698945674,41.01,7.606476605576575,0.2183,2.39,0,0.0,0.621,0
298.09409037557003,372.62,1.3994750401555678,0.0931,8.6,1,2.98,0.867,1
49.61086831620034,62.01,8.570354299756206,0.4433,1.43,1,0.5,0.916,0
234.39378852858133,292.99,3.3125101741851024,0.3808,6.69,1,2.34,0.778,0
248.95165350696752,311.19,7.239608542398344,0.3092,2.76,1,2.49,0.681,0
298.33919096880044,372.92,8.837757950891383,0.0237,1.16,1,2.98,0.97,1
128.5959653556805,160.74,8.874527016712142,0.3111,1.13,0,0.0,0.608,0
262.22835604180204,327.79,4.523650700145322,0.3105,5.48,1,2.62,0.822,0
287.26183170505533,359.08,2.5660315790182753,0.2196,7.43,1,2.87,0.749,1
51.868243468400145,64.84,6.057604287571362,0.3289,3.94,0,0.0,0.784,1
143.8308267178598,179.79,1.839630105909471,0.429,8.16,0,0.0,0.815,0
18.003245656826316,22.5,7.90596872154085,0.379,2.09,0,0.0,0.814,0
186.21720360726047,232.77,7.113448991499883,0.2367,2.89,0,0.0,0.681,0
174.4218470569699,218.03,7.956405243040684,0.1311,2.04,1,1.74,0.872,0
61.23788539895914,76.55,4.332575084152692,0.2389,5.67,0,0.0,0.608,1
239.37082766823784,299.21,5.574282998979453,0.473,4.43,1,2.39,0.608,0
11.180616829061965,13.98,1.0272663649775449,0.41,8.97,0,0.0,0.791,1
241.8681972382671,302.34,6.876456175996108,0.0135,3.12,0,0.0,0.817,0
7.993587349160213,9.99,4.8683868055830075,0.3915,5.13,0,0.0,0.71,0
197.04864364090508,246.31,5.092383020186551,0.0853,4.91,1,1.97,0.821,1
23.630854174470382,29.54,8.469921486916284,0.2856,1.53,1,0.24,0.806,0
75.36765579369688,94.21,7.723211095888427,0.4033,2.28,1,0.75,0.74,0
216.57400479355076,270.72,5.351925411471611,0.2806,4.65,1,2.17,0.861,0
84.12143988761603,105.15,3.551063267908019,0.2019,6.45,1,0.84,0.983,1
153.35215461532042,191.69,4.464354420690272,0.1606,5.54,1,1.53,0.796,0
274.5744808560343,343.22,3.507636712202066,0.1526,6.49,1,2.75,0.914,1
14.890306210973502,18.61,1.5160541670749903,0.4187,8.48,0,0.0,0.699,0
243.32393812070205,304.15,6.457759748174167,0.4125,3.54,1,2.43,0.905,0
19.58159957054686,24.48,6.915150025807378,0.4117,3.08,0,0.0,0.86,0
38.038453301002995,47.55,9.712100345381447,0.1414,0.29,0,0.0,0.856,0
35.795731166763254,44.74,4.557044757953513,0.3995,5.44,1,0.36,0.957,1
298.23068496321787,372.79,9.972924127590998,0.0183,0.03,1,2.98,0.693,1
54.05589579946002,67.57,1.8709858550581937,0.1032,8.13,0,0.0,0.747,1
269.02855387688044,336.29,6.566308329805839,0.2573,3.43,0,0.0,0.633,0
297.2796488839663,371.6,9.947686429684875,0.2034,0.05,0,0.0,0.89,0
115.1354311236894,143.92,6.4032496939034065,0.0559,3.6,1,1.15,0.938,1
189.31456305860564,236.64,4.523698958277194,0.0209,5.48,1,1.89,0.762,1
233.72737612908375,292.16,5.15252300963446,0.3056,4.85,0,0.0,0.743,0
117.79352455086249,147.24,8.455111384836338,0.1567,1.54,0,0.0,0.863,0
48.54424214934219,60.68,9.39110495786766,0.008,0.61,0,0.0,0.63,0
130.12882313776836,162.66,4.539265311480527,0.2154,5.46,0,0.0,0.718,0
231.56629350088335,289.46,7.723700283475132,0.1534,2.28,0,0.0,0.746,0
234.22882882452092,292.79,9.336884198553486,0.2883,0.66,0,0.0,0.807,0
69.161637651274,86.45,2.821205756954136,0.4649,7.18,1,0.69,0.791,1
52.48969196722396,65.61,4.931605942333668,0.1539,5.07,1,0.52,0.683,1
276.1682106301049,345.21,9.95417554952839,0.4986,0.05,1,2.76,0.816,0
13.199709167493168,16.5,3.5347856521106404,0.043,6.47,0,0.0,0.97,1
220.42154272952607,275.53,6.196879558776626,0.0441,3.8,1,2.2,0.611,0
13.9264156340262,17.41,6.570315557571885,0.3565,3.43,1,0.14,0.872,0
251.37001525829635,314.21,1.5414842694784223,0.3743,8.46,1,2.51,0.85,0
271.6244440008306,339.53,8.066170255444833,0.2114,1.93,0,0.0,0.97,0
89.2257372687297,111.53,4.129006092580663,0.143,5.87,1,0.89,0.858,1
22.18069305500927,27.73,5.003234135683277,0.397,5.0,0,0.0,0.85,1
144.20536090422857,180.26,6.428424701678093,0.4781,3.57,0,0.0,0.908,0
89.53891102364304,111.92,4.104846943711457,0.495,5.9,0,0.0,0.707,0
125.1408428431137,156.43,3.250824656470664,0.3172,6.75,0,0.0,0.838,1
199.4956360466041,249.37,5.46430728191143,0.3701,4.54,1,1.99,0.808,1
62.947810784615086,78.68,3.4678493418248335,0.4111,6.53,0,0.0,0.775,1
107.0854708542259,133.86,4.34129723862405,0.3994,5.66,0,0.0,0.632,0
234.7687470878021,293.46,1.0840750885313977,0.4967,8.92,1,2.35,0.717,1
193.1285849858465,241.41,8.44743061362904,0.4052,1.55,0,0.0,0.712,0
97.8826473453716,122.35,4.117072252702524,0.3313,5.88,1,0.98,0.89,1
199.29048007797857,249.11,0.8278400753822857,0.1881,9.17,0,0.0,0.968,0
229.59387686759,286.99,7.900237508387914,0.299,2.1,1,2.3,0.692,0
177.74567428583623,222.18,0.1962531133328315,0.4402,9.8,1,1.78,0.63,0
71.84904975030256,89.81,5.993462005611501,0.1527,4.01,1,0.72,1.0,1
0.0735871535979204,0.09,7.026637597298496,0.0153,2.97,0,0.0,0.876,1
240.8547320964844,301.07,1.912104075291846,0.1636,8.09,0,0.0,0.955,0
246.79006659484932,308.49,1.3125942920841271,0.4801,8.69,1,2.47,0.658,1
209.28135041830865,261.6,1.1388302750940027,0.397,8.86,0,0.0,0.92,1
22.974279410284137,28.72,9.933299901734816,0.0936,0.07,0,0.0,0.925,0
175.56668625241386,219.46,7.550868248904223,0.006,2.45,0,0.0,0.661,0
246.30620138148217,307.88,3.127104703666297,0.3346,6.87,0,0.0,0.665,0
116.9004960324497,146.13,3.355576755469285,0.2895,6.64,0,0.0,0.718,0
59.40022026607623,74.25,6.486247546368902,0.0415,3.51,0,0.0,0.687,1
176.2881891724412,220.36,4.5767195855014435,0.483,5.42,1,1.76,0.99,1
247.89198819026336,309.86,2.7134014406226017,0.3089,7.29,0,0.0,0.745,0
14.66098761211967,18.33,0.5709660656745374,0.3258,9.43,0,0.0,0.905,1
179.08536514822072,223.86,7.838536449883659,0.4268,2.16,0,0.0,0.922,0
192.95213860180257,241.19,8.882258656128098,0.1685,1.12,1,1.93,0.754,0
180.7101118044839,225.89,2.0595928608054095,0.2791,7.94,1,1.81,0.873,1
195.01010527111455,243.76,0.634051142164368,0.2881,9.37,0,0.0,0.643,0
189.41259228124636,236.77,1.1862550571168584,0.4837,8.81,0,0.0,0.759,1
39.12116549410472,48.9,4.142593117362114,0.0657,5.86,0,0.0,0.987,0
70.4810330846746,88.1,2.993482472255492,0.3795,7.01,1,0.7,0.667,1
185.69820158670305,232.12,0.734578159217818,0.2876,9.27,0,0.0,0.754,0
5.307948341031232,6.63,4.548687439182267,0.4227,5.45,1,0.05,0.916,0
190.42335561697337,238.03,2.0391890288336767,0.416,7.96,1,1.9,0.866,1
199.6159871355096,249.52,0.6694857935229037,0.006,9.33,1,2.0,0.853,0
71.75242795849755,89.69,6.579281387512656,0.1282,3.42,1,0.72,0.941,0
179.4398489259419,224.3,5.72506292401822,0.0904,4.27,0,0.0,0.612,1
160.22701821712937,200.28,8.263978978068721,0.2309,1.74,1,1.6,0.908,0
78.20746444593414,97.76,3.0228149971529072,0.4526,6.98,1,0.78,0.953,0
138.89220356242635,173.62,1.3582267738547682,0.0025,8.64,0,0.0,0.606,0
272.88735882365444,341.11,3.601607549354584,0.2441,6.4,0,0.0,0.824,0
127.98083413796486,159.98,7.787070515583997,0.4424,2.21,0,0.0,0.739,1
188.9532530638505,236.19,2.4173935514896594,0.4631,7.58,0,0.0,0.62,0
10.60524631220826,13.26,2.5500084992722885,0.3286,7.45,1,0.11,0.767,1
23.34003399662964,29.18,1.475846840222682,0.4149,8.52,0,0.0,0.858,1
24.392421990995537,30.49,9.86514361846702,0.162,0.13,0,0.0,0.968,0
233.47222908793364,291.84,9.673098252436429,0.143,0.33,1,2.33,0.848,1
105.0770684410358,131.35,6.580521383755662,0.0246,3.42,1,1.05,0.943,0
68.283506509744,85.35,2.14818084286152,0.2516,7.85,0,0.0,0.649,1
224.1973705355168,280.25,7.665563375290789,0.2279,2.33,1,2.24,0.684,1
50.98801876685234,63.74,5.839334295997206,0.186,4.16,0,0.0,0.988,1
73.94775752108418,92.43,7.495661385656588,0.0567,2.5,1,0.74,0.955,1
129.27943298100627,161.6,8.604103604409607,0.1154,1.4,1,1.29,0.694,0
99.43142070438398,124.29,3.184743672731636,0.1018,6.82,1,0.99,0.848,1
175.6176633109933,219.52,9.136987435918414,0.472,0.86,1,1.76,0.745,1
101.3521857224543,126.69,8.985583297308692,0.4832,1.01,1,1.01,0.787,1
117.88549075766758,147.36,5.471305011525952,0.0017,4.53,1,1.18,0.944,0
258.8659824748458,323.58,6.84571553188297,0.0853,3.15,0,0.0,0.894,1
265.3594318884007,331.7,4.110358888263816,0.4444,5.89,1,2.65,0.695,1
248.31335724402223,310.39,6.55102740425469,0.0192,3.45,1,2.48,0.726,0
259.4492798113898,324.31,5.489584724202075,0.4717,4.51,0,0.0,0.716,1
170.91860080173512,213.65,3.2281989035609593,0.19,6.77,1,1.71,0.912,0
193.8699644254152,242.34,3.2283856197795515,0.2693,6.77,1,1.94,0.796,1
167.15194996648216,208.94,6.516660740469307,0.3819,3.48,0,0.0,0.98,1
235.676425215876,294.6,9.566280304339884,0.122,0.43,0,0.0,0.927,1
165.30014572843328,206.63,2.015482805335277,0.0503,7.98,1,1.65,0.684,1
33.32308936523416,41.65,3.925366528956067,0.405,6.07,0,0.0,0.914,1
242.87403613705797,303.59,8.05709191300836,0.4923,1.94,1,2.43,0.802,0
228.1755512032609,285.22,1.2301147388662403,0.3294,8.77,1,2.28,0.701,0
246.0901785847876,307.61,9.94166790477752,0.4126,0.06,0,0.0,0.745,0
57.12883901692856,71.41,6.781385752746263,0.4707,3.22,1,0.57,0.989,1
81.48511581449011,101.86,9.108004659626284,0.1143,0.89,1,0.81,0.794,1
88.725509179059,110.91,8.380535433677244,0.1752,1.62,1,0.89,0.888,0
152.4241608557021,190.53,7.771349355463758,0.1095,2.23,0,0.0,0.791,0
40.16312524903793,50.2,0.3290106028955875,0.0309,9.67,0,0.0,0.749,0
115.6145259824602,144.52,4.064961155881944,0.3661,5.94,0,0.0,0.919,1
54.64744832370888,68.31,2.0186239467081157,0.0728,7.98,1,0.55,0.939,0
79.42881390982095,99.29,8.713333276176037,0.0464,1.29,0,0.0,0.629,1
211.9162903675282,264.9,6.802862667984489,0.1788,3.2,0,0.0,0.712,1
256.44334689518433,320.55,1.0707331182262614,0.0303,8.93,1,2.56,0.803,0
6.871759979155156,8.59,3.5959775006557617,0.0898,6.4,0,0.0,0.727,0
169.7690890065001,212.21,0.6930816923429861,0.035,9.31,0,0.0,0.913,1
10.817928618680138,13.52,7.39996628307898,0.4386,2.6,0,0.0,0.646,0
25.57477350346509,31.97,4.18317975632316,0.3899,5.82,1,0.26,0.919,0
211.5252103842327,264.41,2.34371269219819,0.4298,7.66,1,2.12,0.847,1
220.682431950635,275.85,5.176905873654162,0.4342,4.82,1,2.21,0.716,0
244.19420195183963,305.24,0.4204443479474395,0.4723,9.58,1,2.44,0.738,0
142.2724535310915,177.84,2.572946132879835,0.0933,7.43,0,0.0,0.673,1
257.94224460485646,322.43,1.7530421446180866,0.45,8.25,0,0.0,0.701,0
50.051487492487304,62.56,9.30643660352676,0.2625,0.69,1,0.5,0.887,1
74.91492409050079,93.64,3.7710740602267543,0.0831,6.23,0,0.0,0.75,1
40.35064428059139,50.44,5.8447296640132755,0.3279,4.16,1,0.4,0.875,1
239.261178174563,299.08,5.029419508328105,0.1635,4.97,0,0.0,0.806,1
68.60253551598568,85.75,6.592048739774018,0.0232,3.41,0,0.0,0.658,0
46.653372827488695,58.32,2.791160308658899,0.0393,7.21,0,0.0,0.8,1
186.93320627641685,233.67,1.2077957934348815,0.2119,8.79,0,0.0,0.903,0
23.12460790820232,28.91,0.8145160606053314,0.4132,9.19,0,0.0,0.719,1
13.47008316605176,16.84,1.9339696425130593,0.1555,8.07,0,0.0,0.859,0
32.015294565737676,40.02,4.828295529686163,0.3831,5.17,1,0.32,0.68,0
0.0722651961502784,0.09,2.360273861048628,0.0279,7.64,0,0.0,0.654,1
209.09704626653777,261.37,4.340020787080865,0.1969,5.66,1,2.09,0.744,1
168.6705965143436,210.84,0.2930255303534446,0.0637,9.71,1,1.69,0.756,1
62.962532711317166,78.7,6.275510976945484,0.4318,3.72,0,0.0,0.904,1
69.90148439327875,87.38,8.781615988681535,0.484,1.22,0,0.0,0.784,0
243.2905795410119,304.11,0.4758993998091099,0.1628,9.52,0,0.0,0.632,0
150.54603475809012,188.18,2.1803976639882263,0.4944,7.82,1,1.51,0.854,0
209.5585071245219,261.95,3.1777040904634237,0.3762,6.82,1,2.1,0.788,1
135.82663538247468,169.78,2.8724057422982883,0.0006,7.13,1,1.36,0.733,0
71.31540780623769,89.14,0.4038515448560531,0.2426,9.6,1,0.71,0.921,0
291.1208402048721,363.9,1.0657847475567583,0.4171,8.93,1,2.91,0.662,0
169.69426901261923,212.12,9.124617890214129,0.2669,0.88,0,0.0,0.965,1
39.294571130373726,49.12,7.113618018186121,0.275,2.89,0,0.0,0.734,0
121.82701265517204,152.28,9.58438072242095,0.2238,0.42,0,0.0,0.784,0
98.8012235840702,123.5,4.40462106935388,0.1975,5.6,0,0.0,0.972,0
64.2262405765564,80.28,8.790331356208997,0.0137,1.21,0,0.0,0.904,0
280.03199677207783,350.04,8.165392075742577,0.3109,1.83,0,0.0,0.63,1
264.27599863792574,330.34,8.749410555097594,0.3834,1.25,1,2.64,0.831,1
59.74413495603492,74.68,0.391541609694499,0.3951,9.61,0,0.0,0.724,1
105.64436671665504,132.06,6.525156567896154,0.3123,3.47,1,1.06,0.803,0
228.69461750124648,285.87,5.666289424426035,0.1706,4.33,1,2.29,0.897,0
62.5518144420647,78.19,5.452157580791216,0.0113,4.55,1,0.63,0.798,0
177.46945878127335,221.84,5.0438396637497345,0.4479,4.96,0,0.0,0.628,0
209.93818263744495,262.42,7.959765441591939,0.2145,2.04,1,2.1,0.812,0
196.1916977132299,245.24,9.680569265103342,0.3006,0.32,0,0.0,0.61,0
211.92259208265017,264.9,8.289188325553814,0.0973,1.71,1,2.12,0.739,1
212.0098767086289,265.01,8.703953735205573,0.071,1.3,0,0.0,0.791,0
289.4417759546785,361.8,4.839027052391409,0.0434,5.16,0,0.0,0.858,0
103.94966685609587,129.94,6.906092702738085,0.3994,3.09,0,0.0,0.802,1
263.5771273127519,329.47,4.155643325777265,0.3232,5.84,1,2.64,0.661,1
6.542118754532034,8.18,3.602861443805907,0.3106,6.4,0,0.0,0.973,1
86.46088899698496,108.08,8.952813986031869,0.4597,1.05,1,0.86,0.86,0
14.59673459973947,18.25,9.052112575710684,0.0794,0.95,0,0.0,0.727,0
195.36118798675207,244.2,6.822201922917262,0.0851,3.18,0,0.0,0.986,0
30.237111219485868,37.8,8.378421896027927,0.0947,1.62,1,0.3,0.953,0
253.71205909561388,317.14,3.603637349322741,0.2117,6.4,0,0.0,0.657,1
193.9775051370779,242.47,4.337606298928231,0.4371,5.66,0,0.0,0.862,0
8.644620316081708,10.81,8.210162920323661,0.4407,1.79,1,0.09,0.824,1
214.4332096303869,268.04,3.980502802706275,0.2953,6.02,1,2.14,0.677,1
258.6104841770883,323.26,0.3996761920917524,0.3291,9.6,1,2.59,0.693,0
198.3363022986448,247.92,3.53298349149453,0.4489,6.47,0,0.0,0.826,1
9.157264780509657,11.45,3.9823030414678104,0.3121,6.02,1,0.09,0.729,0
257.37586453812196,321.72,1.546362003395415,0.1149,8.45,1,2.57,0.934,0
219.7391738802105,274.67,3.441242849404804,0.3525,6.56,1,2.2,0.639,1
113.53539374519526,141.92,9.34422015000134,0.3849,0.66,1,1.14,0.966,1
98.5890774946508,123.24,8.585331039016134,0.3177,1.41,1,0.99,0.936,1
143.94605442223204,179.93,4.4592396100450475,0.1368,5.54,1,1.44,0.895,0
260.13052528136126,325.16,7.098895698897182,0.2,2.9,0,0.0,0.705,1
75.61780556086725,94.52,1.5184996190188538,0.2353,8.48,1,0.76,0.886,1
30.28914337236034,37.86,7.525508593137175,0.0726,2.47,0,0.0,0.776,1
259.390911888315,324.24,4.757847699644099,0.2261,5.24,0,0.0,0.854,0
7.8869546642168835,9.86,7.22568212030899,0.0806,2.77,1,0.08,0.725,0
273.29910667321934,341.62,6.440232549431909,0.2497,3.56,0,0.0,0.934,1
91.7235582904202,114.65,2.3276460794952323,0.0254,7.67,0,0.0,0.616,0
152.4668105064803,190.58,8.346915717220938,0.4743,1.65,0,0.0,0.877,0
39.68865742566842,49.61,5.721766235167923,0.1232,4.28,0,0.0,0.931,1
270.67649081300556,338.35,7.841974125137518,0.2335,2.16,0,0.0,0.859,0
224.95086701532145,281.19,0.9398634552003082,0.0164,9.06,0,0.0,0.677,0
277.24667598241024,346.56,6.153503393155136,0.0964,3.85,0,0.0,0.714,0
204.9687153354487,256.21,2.9188401952101515,0.3466,7.08,0,0.0,0.806,1
55.40813302269784,69.26,8.608953675702061,0.0559,1.39,1,0.55,0.732,0
92.4801008958748,115.6,9.495059661274537,0.3141,0.5,1,0.92,0.602,0
146.054572531042,182.57,0.5582763560961801,0.001,9.44,0,0.0,0.616,0
182.1774616080621,227.72,7.242828964599223,0.2325,2.76,0,0.0,0.907,0
277.9378312008821,347.42,1.0297781628104696,0.3607,8.97,1,2.78,0.633,0
115.18543973674169,143.98,8.575073663881266,0.4631,1.42,1,1.15,0.971,1
210.92160657214376,263.65,1.2452433218672687,0.2464,8.75,1,2.11,0.777,0
288.30265467324654,360.38,1.9500687254923064,0.4203,8.05,1,2.88,0.903,1
45.7122190246359,57.14,2.516201622040495,0.4013,7.48,0,0.0,0.65,0
258.81287663386445,323.52,7.278326865594151,0.1479,2.72,1,2.59,0.971,0
126.2118211179596,157.76,2.925344560583296,0.4374,7.07,0,0.0,0.614,1
219.72653277880104,274.66,5.960848594197047,0.3201,4.04,0,0.0,0.617,1
88.0615016211251,110.08,5.7194266718477,0.0521,4.28,1,0.88,0.622,0
100.19526547980048,125.24,4.022616196442157,0.4696,5.98,1,1.0,0.641,0
8.13996746041984,10.17,5.394895646246132,0.0883,4.61,1,0.08,0.795,1
291.4212459500879,364.28,1.181918137617303,0.2352,8.82,0,0.0,0.915,1
244.03577256923532,305.04,8.761742517288795,0.2332,1.24,0,0.0,0.714,0
28.175387377866144,35.22,2.070766397177249,0.3126,7.93,0,0.0,0.898,1
299.85263869913234,374.82,8.802266228135913,0.3325,1.2,1,3.0,0.91,0
181.50737916088244,226.88,5.187374394549914,0.1165,4.81,0,0.0,0.963,1
256.11859138931493,320.15,6.139359178010393,0.1762,3.86,1,2.56,0.66,1
19.99822898336069,25.0,2.5729702820899334,0.0723,7.43,0,0.0,0.654,1
116.8353535475771,146.04,2.223294630592787,0.063,7.78,0,0.0,0.649,1
200.89533669108295,251.12,4.907029679302678,0.4125,5.09,1,2.01,0.744,0
31.93011560991046,39.91,2.6735939311486656,0.3754,7.33,1,0.32,0.796,0
146.67085159620018,183.34,4.231390319178963,0.2213,5.77,1,1.47,0.785,1
132.80336236324246,166.0,4.402199453252603,0.048,5.6,1,1.33,0.703,1
64.81206734207392,81.02,2.709173246312815,0.225,7.29,1,0.65,0.849,1
90.08095075554068,112.6,2.9172998380693915,0.1472,7.08,1,0.9,0.735,1
290.13550634849474,362.67,9.729094104958854,0.389,0.27,0,0.0,0.746,1
86.59454580298079,108.24,5.874552495434163,0.0483,4.13,1,0.87,0.642,0
64.0278401905233,80.03,8.318746200181259,0.2257,1.68,0,0.0,0.837,1
160.86275132050002,201.08,0.4574228479971498,0.2957,9.54,1,1.61,0.862,0
201.28741022108937,251.61,0.0192461803688526,0.4929,9.98,0,0.0,0.903,1
217.5279333208695,271.91,5.191023853027615,0.0448,4.81,1,2.18,0.962,0
226.27415534907485,282.84,8.268053042371657,0.057,1.73,0,0.0,0.906,1
11.04974745442593,13.81,6.109188370798701,0.494,3.89,0,0.0,0.694,0
118.128120113869,147.66,6.188296863274179,0.2028,3.81,0,0.0,0.694,0
232.18742393492704,290.23,1.3935841709830743,0.3719,8.61,0,0.0,0.966,0
271.45563054003884,339.32,9.78567478660034,0.3917,0.21,0,0.0,0.916,0
180.66003699983497,225.83,5.2970062542295295,0.1573,4.7,0,0.0,0.913,0
15.6920560529057,19.62,1.026018231733732,0.1072,8.97,1,0.16,0.888,0
118.99374175653936,148.74,4.141972947582515,0.138,5.86,0,0.0,0.707,0
22.268134760536395,27.84,0.7197118070960429,0.3822,9.28,1,0.22,0.939,1
224.56135880537536,280.7,4.18140266069531,0.4202,5.82,1,2.25,0.657,0
19.05164078449957,23.81,7.11561795739014,0.3498,2.88,1,0.19,0.74,1
55.71932002055318,69.65,3.23526168466917,0.2206,6.76,1,0.56,0.739,0
125.08752718943228,156.36,3.131022622796574,0.1313,6.87,0,0.0,0.824,1
138.7945101344616,173.49,5.143392348753101,0.2126,4.86,0,0.0,0.785,0
121.94451009450368,152.43,4.98485947081172,0.4573,5.02,0,0.0,0.784,1
139.0189939818,173.77,4.671426852137024,0.4316,5.33,0,0.0,0.821,1
213.97174560605995,267.46,5.168443470811484,0.1617,4.83,0,0.0,0.766,1
110.78064688666244,138.48,0.4795915045479071,0.164,9.52,1,1.11,0.7,1
164.32513774518574,205.41,4.742667196337758,0.39,5.26,1,1.64,0.866,1
91.01077725861968,113.76,9.9201075095965,0.2133,0.08,1,0.91,0.916,1
106.08824852714478,132.61,7.643355666516073,0.2864,2.36,0,0.0,0.792,0
184.13968771262424,230.17,2.8756918583787217,0.2112,7.12,0,0.0,0.86,1
147.148395491106,183.94,6.777139544463165,0.1212,3.22,1,1.47,0.814,1
216.91088845778432,271.14,3.299025576487271,0.0944,6.7,1,2.17,0.624,1
168.1615764155249,210.2,1.9151412251613076,0.0698,8.08,0,0.0,0.769,0
241.07222561516187,301.34,7.735517284233819,0.0057,2.26,1,2.41,0.604,1
133.02246389841497,166.28,2.095863391415156,0.1403,7.9,1,1.33,0.865,1
147.31008596004045,184.14,8.586259674204982,0.0857,1.41,0,0.0,0.803,1
200.99140467028187,251.24,3.804096157219626,0.129,6.2,1,2.01,0.651,0
66.37318332361465,82.97,7.568434191835384,0.0379,2.43,1,0.66,0.817,1
115.77886107937826,144.72,2.5959651275778595,0.1708,7.4,1,1.16,0.959,0
187.4523732035123,234.32,6.5273521095258715,0.26,3.47,1,1.87,0.736,1
8.662880779720917,10.83,2.1253177036071547,0.4723,7.87,1,0.09,0.993,1
131.09143009018248,163.86,0.218344763288254,0.1735,9.78,0,0.0,0.984,1
179.65498089183504,224.57,8.14604165713378,0.0155,1.85,1,1.8,0.914,0
290.21265959345936,362.77,8.561627166193668,0.1812,1.44,1,2.9,0.926,1
263.10496848530136,328.88,8.805741953936403,0.4086,1.19,0,0.0,0.764,0
84.22258588279745,105.28,0.3629750531937226,0.1701,9.64,1,0.84,0.761,0
152.1630312086774,190.2,7.609218215128496,0.1459,2.39,1,1.52,0.982,1
16.924311798027393,21.16,8.358704089580174,0.4595,1.64,1,0.17,0.746,1
72.22632444534214,90.28,3.116981303213798,0.1486,6.88,1,0.72,0.639,0
232.45676042042703,290.57,4.704512988867102,0.4851,5.3,0,0.0,0.661,1
36.99420368260336,46.24,4.079151496177139,0.4163,5.92,1,0.37,0.884,0
77.30715745018698,96.63,4.401023389730812,0.3421,5.6,1,0.77,0.753,0
283.21275052074236,354.02,8.467041886397945,0.2992,1.53,0,0.0,0.68,1
247.1567401477374,308.95,4.178687515173588,0.1124,5.82,1,2.47,0.926,1
234.5483137946736,293.19,3.0236380313482893,0.3652,6.98,1,2.35,0.795,0
259.367247090647,324.21,1.3038318808710123,0.1736,8.7,1,2.59,0.827,1
224.8817059747062,281.1,6.74839315890453,0.2428,3.25,1,2.25,0.662,1
36.175864835470485,45.22,0.8420393370759383,0.052,9.16,0,0.0,0.677,1
154.9683979455694,193.71,0.6118225686037304,0.1481,9.39,1,1.55,0.65,1
133.2731762406966,166.59,6.815792871687629,0.2646,3.18,1,1.33,0.806,1
93.34547348111404,116.68,6.9428894893818764,0.234,3.06,0,0.0,0.91,1
250.21212291588165,312.77,1.990800465278292,0.1718,8.01,0,0.0,0.893,1
139.2417607122701,174.05,9.571846394004218,0.236,0.43,1,1.39,0.704,0
18.08928040726491,22.61,7.878140020976368,0.3725,2.12,0,0.0,0.941,0
82.48967511608048,103.11,6.864280426545029,0.2297,3.14,0,0.0,0.642,0
68.58631740883354,85.73,7.543475693456857,0.2531,2.46,1,0.69,0.646,0
266.24366544338505,332.8,4.118869849310288,0.3506,5.88,1,2.66,0.94,0
194.23143019169996,242.79,4.556424816859207,0.4208,5.44,1,1.94,0.698,1
168.11287976462253,210.14,8.702148788036814,0.2634,1.3,0,0.0,0.883,1
151.99477250361153,189.99,0.2541901653148015,0.4741,9.75,1,1.52,0.604,1
195.03390826243964,243.79,8.02421155318045,0.1767,1.98,1,1.95,0.637,1
226.46266403313743,283.08,4.475685454697004,0.1263,5.52,0,0.0,0.844,1
166.31541174945298,207.89,4.639684845015536,0.3465,5.36,0,0.0,0.673,0
281.48562454578314,351.86,3.2569963104990407,0.0879,6.74,0,0.0,0.611,0
293.0502511951154,366.31,6.0707203740900715,0.45,3.93,0,0.0,0.787,0
298.6026949826469,373.25,6.75673355134575,0.1933,3.24,0,0.0,0.732,0
200.81733302659345,251.02,1.6075364152939409,0.3491,8.39,0,0.0,0.921,1
279.7861400267635,349.73,5.657168770680302,0.2851,4.34,1,2.8,0.928,1
121.3439085923864,151.68,4.649118626939815,0.0272,5.35,0,0.0,0.846,1
257.8777173742156,322.35,7.819086688788346,0.3545,2.18,1,2.58,0.717,1
272.75228962190425,340.94,5.452872924928817,0.395,4.55,0,0.0,0.785,0
271.2421416996827,339.05,4.295732123074507,0.4912,5.7,0,0.0,0.881,1
249.25388487251448,311.57,5.289310583886389,0.2081,4.71,0,0.0,0.628,1
121.97974849237512,152.47,4.905675058786397,0.2515,5.09,0,0.0,0.733,1
47.6722445942203,59.59,9.351778536220976,0.4374,0.65,0,0.0,0.929,1
100.18690690333376,125.23,3.1188774587525936,0.1346,6.88,0,0.0,0.762,1
230.1865707894279,287.73,0.373489538766385,0.0946,9.63,0,0.0,0.85,0
69.86565339899258,87.33,6.619967541970712,0.0665,3.38,0,0.0,0.639,0
143.48161944779173,179.35,6.038431208328361,0.4891,3.96,0,0.0,0.911,0
169.6198553954016,212.02,9.099693095883152,0.1352,0.9,1,1.7,0.64,0
181.15756873136257,226.45,1.1747661736359871,0.3787,8.83,0,0.0,0.945,1
280.7176645136396,350.9,5.226456209050302,0.2248,4.77,0,0.0,0.643,0
198.4479061242953,248.06,1.507710500307876,0.1203,8.49,1,1.98,0.956,1
235.88964482319068,294.86,4.5570896971503485,0.4567,5.44,1,2.36,0.746,1
174.56350436749003,218.2,7.993696809825838,0.2319,2.01,1,1.75,0.85,0
250.074095658589,312.59,8.573880362775476,0.283,1.43,1,2.5,0.939,1
79.09908392092885,98.87,8.338603603355235,0.1112,1.66,1,0.79,0.604,0
62.96330150063677,78.7,5.474048335022856,0.1621,4.53,0,0.0,0.706,1
277.8960146273909,347.37,6.339601234981092,0.3738,3.66,0,0.0,0.963,0
208.04426290721352,260.06,5.51564537696068,0.1715,4.48,0,0.0,0.755,1
201.45767311746633,251.82,5.61235778867926,0.253,4.39,0,0.0,0.883,1
140.18857158853498,175.24,8.851508885227243,0.0572,1.15,1,1.4,0.656,0
113.00917778805317,141.26,2.092728948690552,0.425,7.91,0,0.0,0.871,1
166.70735834359164,208.38,4.3876588040404485,0.3688,5.61,0,0.0,0.629,0
36.16990482650013,45.21,6.1006285022397675,0.3804,3.9,1,0.36,0.887,0
136.4137683249323,170.52,7.653521484600008,0.0891,2.35,0,0.0,0.73,0
136.61031133964428,170.76,7.6188972342563135,0.2476,2.38,0,0.0,0.786,1
161.50095388327955,201.88,1.1724835531494149,0.0138,8.83,1,1.62,0.667,0
190.4056843101607,238.01,2.2190996538224086,0.1575,7.78,1,1.9,0.851,0
287.19550979560864,358.99,9.115182138103169,0.174,0.88,0,0.0,0.735,0
195.65073812752703,244.56,3.575192887969747,0.4568,6.42,1,1.96,0.753,0
265.1175455860234,331.4,0.0271264192831255,0.4964,9.97,1,2.65,0.861,1
166.89115844074914,208.61,1.997970684133168,0.3089,8.0,0,0.0,0.672,1
188.07836478824697,235.1,9.695520976644591,0.2584,0.3,0,0.0,0.941,0
20.95108593287088,26.19,3.097485662888237,0.22,6.9,0,0.0,0.896,0
39.97911686532467,49.97,6.137145488867869,0.0091,3.86,0,0.0,0.831,1
173.90113055926187,217.38,7.266499001887679,0.4001,2.73,0,0.0,0.651,1
118.71386098740876,148.39,6.465828362741388,0.3359,3.53,0,0.0,0.875,1
239.64315595965053,299.55,3.77566186755942,0.3246,6.22,1,2.4,0.607,1
162.9533624622528,203.69,4.304151153593757,0.4045,5.7,0,0.0,0.922,1
264.68731168540137,330.86,8.379853126516387,0.464,1.62,1,2.65,0.722,0
291.6995035386874,364.62,6.627851314178908,0.1948,3.37,0,0.0,0.647,1
44.290555536445495,55.36,0.234352732705888,0.2132,9.77,1,0.44,0.666,1
118.44832549668796,148.06,2.0345758552181037,0.4876,7.97,1,1.18,0.985,0
199.49430757140925,249.37,2.8629793833659303,0.3322,7.14,1,1.99,0.91,1
91.64662662010493,114.56,3.65486701563029,0.4257,6.35,1,0.92,0.695,1
80.10970131644855,100.14,5.76893723394609,0.1108,4.23,1,0.8,0.985,0
244.121568188651,305.15,3.665105963723867,0.1585,6.33,1,2.44,0.656,1
294.11354071762287,367.64,8.2501191638993,0.1958,1.75,0,0.0,0.893,1
232.1409993742444,290.18,4.738355788370424,0.1585,5.26,1,2.32,0.863,0
157.10298684123407,196.38,5.0217876705226505,0.4421,4.98,0,0.0,0.929,0
132.7533695835944,165.94,4.2738918514664315,0.2558,5.73,1,1.33,0.753,0
161.89431615910948,202.37,3.1046635039251314,0.4768,6.9,0,0.0,0.761,0
138.85191065632074,173.56,7.248001189847344,0.1607,2.75,0,0.0,0.85,1
150.8664170357004,188.58,2.2956298664936767,0.0186,7.7,0,0.0,0.759,0
61.035915158768304,76.29,6.894898143514939,0.069,3.11,0,0.0,0.617,1
271.1225847927983,338.9,5.297061496208643,0.1085,4.7,0,0.0,0.892,0
226.36050045698045,282.95,1.022632345565866,0.32,8.98,0,0.0,0.856,1
204.293226807966,255.37,0.1796724654998882,0.0905,9.82,0,0.0,0.769,0
284.97749129234194,356.22,1.6944362163817015,0.1907,8.31,1,2.85,0.721,1
85.3182995738514,106.65,7.610208856986331,0.3977,2.39,1,0.85,0.728,1
24.34782326808427,30.43,3.8459756227189033,0.0624,6.15,0,0.0,0.896,1
247.8415981065995,309.8,8.048765095890777,0.0402,1.95,1,2.48,0.892,1
299.5250890947765,374.41,5.019058152709047,0.27,4.98,0,0.0,0.928,1
173.52973140605982,216.91,0.3274662832416508,0.349,9.67,0,0.0,0.905,1
17.64281637380456,22.05,8.460983748023947,0.4555,1.54,0,0.0,0.903,0
234.14041204648237,292.68,9.362634356333166,0.331,0.64,0,0.0,0.701,1
22.124714653752463,27.66,0.7421520230828627,0.4731,9.26,0,0.0,0.641,1
162.00419587778435,202.51,2.083506681186144,0.1223,7.92,1,1.62,0.905,1
83.25974226315812,104.07,7.155529202644326,0.1709,2.84,0,0.0,0.639,0
274.5080341777186,343.14,9.971755425613884,0.4197,0.03,1,2.75,0.993,1
135.3993639778455,169.25,8.763037238169337,0.4055,1.24,0,0.0,0.95,1
269.539004543566,336.92,0.9894786099419428,0.3324,9.01,1,2.7,0.813,0
89.72432557637026,112.16,6.072370942799142,0.253,3.93,0,0.0,0.741,0
116.20877514640536,145.26,6.652037015151241,0.0089,3.35,1,1.16,0.811,1
284.13575647412415,355.17,6.308320879207611,0.1402,3.69,0,0.0,0.894,1
60.394335279490605,75.49,5.680602646117217,0.0792,4.32,0,0.0,0.903,1
173.55034549534355,216.94,2.922038985417139,0.0256,7.08,1,1.74,0.629,1
116.5530985680334,145.69,6.685061670661111,0.388,3.31,0,0.0,0.922,0
232.2500655206182,290.31,7.284512659615379,0.0657,2.72,1,2.32,0.857,0
38.788911351407215,48.49,5.757662006558832,0.1787,4.24,0,0.0,0.616,1
131.16449070140055,163.96,4.971555264847729,0.4887,5.03,1,1.31,0.725,0
209.67978805357893,262.1,2.190305485037448,0.2046,7.81,0,0.0,0.804,0
122.10487050184794,152.63,5.44724032999011,0.0708,4.55,0,0.0,0.675,0
17.559521782613007,21.95,1.2825046653576655,0.3449,8.72,0,0.0,0.662,1
211.53367840060315,264.42,0.7271599148777763,0.405,9.27,0,0.0,0.606,0
150.95949830549492,188.7,7.778511956910956,0.1396,2.22,0,0.0,0.965,1
3.392606004030163,4.24,6.7627263229201855,0.4047,3.24,0,0.0,0.622,0
183.7967685685119,229.75,6.490322100183676,0.1358,3.51,0,0.0,0.746,1
275.9643067586359,344.96,9.281277245887562,0.3466,0.72,1,2.76,0.682,0
33.30778446350669,41.63,3.80772716271079,0.0624,6.19,1,0.33,0.896,1
177.20137050275068,221.5,3.9973202150774463,0.2139,6.0,1,1.77,0.883,0
218.6006645287891,273.25,4.1374690457324546,0.2602,5.86,0,0.0,0.922,0
21.232101042091635,26.54,4.652830906765194,0.3626,5.35,1,0.21,0.847,1
6.784637449255893,8.48,5.1284298920603355,0.325,4.87,0,0.0,0.837,1
139.25875999348418,174.07,7.780174320901681,0.4267,2.22,0,0.0,0.763,0
237.35600617030912,296.7,2.177033102586857,0.0921,7.82,1,2.37,0.855,1
48.2158230297985,60.27,4.3408443862947275,0.3306,5.66,0,0.0,0.646,0
250.99118166447687,313.74,5.051273668765754,0.0639,4.95,0,0.0,0.874,1
196.97317662707883,246.22,1.6911767349849929,0.239,8.31,0,0.0,0.642,0
99.65198633654568,124.56,7.019427212928785,0.2623,2.98,1,1.0,0.945,0
154.74773954773485,193.43,0.5627074151136124,0.0136,9.44,0,0.0,0.802,0
289.67249391802153,362.09,5.85912498380981,0.0352,4.14,1,2.9,0.812,0
64.93109118970165,81.16,2.021421602238518,0.4196,7.98,0,0.0,0.834,1
149.86061932321206,187.33,0.0846826080090346,0.1434,9.92,0,0.0,0.91,1
187.34596683228625,234.18,3.157716321180252,0.1731,6.84,1,1.87,0.791,1
41.404381642699875,51.76,4.291406805134033,0.3202,5.71,0,0.0,0.771,0
13.056626586992891,16.32,8.173011795486069,0.1104,1.83,1,0.13,0.715,1
4.037985879441386,5.05,4.078456543015036,0.0964,5.92,0,0.0,0.651,1
97.40785698000488,121.76,9.154355671695662,0.2108,0.85,0,0.0,0.676,1
22.18418834545961,27.73,8.425388001724244,0.0295,1.57,1,0.22,0.6,1
241.1309857623344,301.41,1.9273760450581845,0.4585,8.07,1,2.41,0.948,1
299.19585814852377,373.99,1.5571731313859904,0.4701,8.44,1,2.99,0.906,0
18.39114652033921,22.99,2.4384202544461786,0.2241,7.56,1,0.18,0.687,0
129.81788278003188,162.27,3.596818932579673,0.1046,6.4,0,0.0,0.601,0
7.71963689477243,9.65,5.834805685366282,0.2353,4.17,0,0.0,0.797,1
40.19726722717897,50.25,1.2408150176017452,0.05,8.76,1,0.4,0.765,0
96.87676827320222,121.1,5.320412841608176,0.1989,4.68,1,0.97,0.91,1
118.10946391729496,147.64,5.807732325101336,0.0368,4.19,1,1.18,0.761,1
281.93488392859206,352.42,6.608902425766358,0.3531,3.39,0,0.0,0.946,1
118.75104262706876,148.44,5.500920503741099,0.1379,4.5,1,1.19,0.638,0
148.88329771722064,186.1,8.251716704473763,0.2603,1.75,0,0.0,0.746,0
73.67501048215992,92.09,6.415904412488507,0.0068,3.58,1,0.74,0.974,1
0.037541626972648,0.05,9.24551548065956,0.2623,0.75,0,0.0,0.605,1
269.80033701994057,337.25,7.009240999429119,0.0016,2.99,0,0.0,0.756,1
24.514427110891447,30.64,4.361102168517594,0.4626,5.64,1,0.25,0.704,1
289.2746523108687,361.59,2.096845788294861,0.2506,7.9,0,0.0,0.813,1
39.25323123007808,49.07,0.1052070834275697,0.05,9.89,1,0.39,0.712,1
181.46354422513207,226.83,0.9040283757930234,0.1705,9.1,0,0.0,0.948,0
299.8231763569911,374.78,1.896757410318879,0.023,8.1,1,3.0,0.975,1
41.53937882090276,51.92,2.1644135239393494,0.2654,7.84,0,0.0,0.94,0
127.18292548194728,158.98,7.420440813504606,0.0612,2.58,0,0.0,0.759,1
234.12710069144296,292.66,3.860557980691733,0.2366,6.14,0,0.0,0.996,1
9.65704495499048,12.07,3.2453948226703035,0.1528,6.75,1,0.1,0.894,0
206.93482534201337,258.67,0.5236755379692781,0.3808,9.48,0,0.0,0.742,0
24.112001367239845,30.14,5.386605463227378,0.2411,4.61,1,0.24,0.637,1
70.95604268196792,88.7,6.129088813405844,0.4241,3.87,0,0.0,0.867,1
48.02284874800813,60.03,8.778574160053516,0.4707,1.22,0,0.0,0.891,1
272.20092949408087,340.25,5.028420568562586,0.4848,4.97,0,0.0,0.649,1
54.13701503450425,67.67,0.0772016129302344,0.1301,9.92,1,0.54,0.82,0
12.13022865454716,15.16,0.6527875775786973,0.3838,9.35,1,0.12,0.995,1
176.28770353432864,220.36,2.7100533898805788,0.2191,7.29,0,0.0,0.73,1
103.8542776229106,129.82,1.3918558358883393,0.2131,8.61,1,1.04,0.721,0
121.71186619240991,152.14,7.705874091394969,0.4341,2.29,0,0.0,0.961,1
35.71882345876409,44.65,1.0785698112290965,0.0728,8.92,1,0.36,0.647,1
224.47034742995837,280.59,1.6078348273836296,0.2389,8.39,1,2.24,0.973,0
180.46609489305536,225.58,6.667873636785483,0.2964,3.33,1,1.8,0.912,1
109.265113424484,136.58,2.396283684949995,0.0331,7.6,1,1.09,0.756,0
51.472483128940794,64.34,9.690809909686903,0.4323,0.31,1,0.51,0.633,0
178.03552175116812,222.54,8.631876978715013,0.1572,1.37,1,1.78,0.608,1
233.5791838522132,291.97,7.445401717583016,0.3284,2.55,0,0.0,0.75,1
93.71918516015847,117.15,3.4313646831677955,0.464,6.57,1,0.94,0.882,1
7.7581150615791294,9.7,0.5677997430229131,0.3599,9.43,0,0.0,0.795,0
64.3031954258952,80.38,3.3640095828552132,0.443,6.64,0,0.0,0.895,1
204.7193456678488,255.9,3.767298601458224,0.0348,6.23,1,2.05,0.868,0
296.7289132370768,370.91,1.2743281090294067,0.2464,8.73,1,2.97,0.829,1
4.012871822632958,5.02,1.2064080432579338,0.2824,8.79,1,0.04,0.987,1
91.84606863963025,114.81,6.681083300081316,0.3445,3.32,0,0.0,0.891,0
18.606261134651657,23.26,2.324024254932967,0.0584,7.68,1,0.19,0.966,1
94.90478632890964,118.63,6.780107046877922,0.3284,3.22,0,0.0,0.697,1
121.77430293822636,152.22,5.483013477960305,0.073,4.52,0,0.0,0.885,0
276.2586275838765,345.32,9.014638498259986,0.0338,0.99,1,2.76,0.839,0
24.16823982149362,30.21,7.971698777045275,0.2347,2.03,0,0.0,0.97,0
233.140215919731,291.43,1.5137203265928545,0.3002,8.49,1,2.33,0.804,0
118.660318818889,148.33,6.101615477633922,0.4791,3.9,1,1.19,0.712,1
243.37885490007832,304.22,6.5312674935215895,0.3493,3.47,0,0.0,0.754,0
154.0206555976864,192.53,8.620544973349286,0.2957,1.38,1,1.54,0.688,1
11.784611653023024,14.73,6.409567626400108,0.1073,3.59,0,0.0,0.688,0
283.8617654144516,354.83,1.407142175425643,0.076,8.59,0,0.0,0.788,0
24.82021903035655,31.03,2.5844922884581045,0.3036,7.42,0,0.0,0.957,0
179.30505076012685,224.13,6.375989537603833,0.1115,3.62,0,0.0,0.677,1
263.30032888005474,329.13,9.11942374393666,0.3533,0.88,1,2.63,0.715,1
23.93093932505817,29.91,8.915289668103288,0.0572,1.08,1,0.24,0.941,0
166.16801652480387,207.71,3.5918614070877486,0.1698,6.41,1,1.66,0.736,1
247.2869626573357,309.11,8.306733097204583,0.3865,1.69,1,2.47,0.985,1
295.89741259373875,369.87,5.112878980093162,0.4155,4.89,1,2.96,0.708,1
217.29822024420636,271.62,4.643427730222101,0.1726,5.36,0,0.0,0.777,1
83.50031263898809,104.38,3.508871369210602,0.1034,6.49,1,0.84,0.638,1
209.87109895362283,262.34,6.782027941643003,0.4791,3.22,0,0.0,0.997,0
211.7300307922918,264.66,5.995976131592933,0.3805,4.0,1,2.12,0.956,0
209.98980363138523,262.49,3.746638355378855,0.4035,6.25,0,0.0,0.927,1
256.2781311279317,320.35,7.628381871361326,0.1114,2.37,0,0.0,0.663,1
26.214018755847277,32.77,3.793454807970475,0.2122,6.21,1,0.26,0.988,0
32.52595362463001,40.66,5.843872943494145,0.0341,4.16,0,0.0,0.972,1
192.1851372676674,240.23,3.9238291008988657,0.0547,6.08,0,0.0,0.774,0
286.16432882945634,357.71,1.1687666596292068,0.1105,8.83,1,2.86,0.873,1
139.75159167577377,174.69,1.6119437565696038,0.1516,8.39,1,1.4,0.997,0
288.16881048770256,360.21,6.567388723093563,0.4986,3.43,0,0.0,0.764,1
281.4255778548462,351.78,8.112233891922589,0.211,1.89,0,0.0,0.645,0
270.87292147029586,338.59,4.6846296449876945,0.3489,5.32,0,0.0,0.947,1
272.9552924592256,341.19,3.2558719112570476,0.4522,6.74,1,2.73,0.791,1
269.4956379983958,336.87,3.364974813474894,0.123,6.64,0,0.0,0.995,1
245.96681506175463,307.46,5.97647296541009,0.0724,4.02,0,0.0,0.82,0
208.4936875815991,260.62,4.676894468912854,0.1216,5.32,0,0.0,0.612,0
7.322453577782473,9.15,0.0073870552402455,0.4412,9.99,1,0.07,0.797,1
39.67607764681574,49.6,7.714719747262383,0.3328,2.29,0,0.0,0.887,0
40.26961635944014,50.34,1.4231793782476032,0.2257,8.58,1,0.4,0.61,1
7.0620852838769625,8.83,6.748100815949779,0.4101,3.25,0,0.0,0.765,1
35.010530527091,43.76,3.4421391174489036,0.1184,6.56,0,0.0,0.662,0
275.92393007013186,344.9,5.78002586265674,0.1196,4.22,1,2.76,0.857,1
199.1412860732358,248.93,8.551173764867455,0.2836,1.45,1,1.99,0.983,1
93.62190548862674,117.03,1.5427259674128546,0.395,8.46,0,0.0,0.85,1
238.008003671004,297.51,7.7763520703686195,0.1298,2.22,0,0.0,0.878,0
146.51084608645527,183.14,0.3830844978479664,0.105,9.62,0,0.0,0.759,1
42.638111074762975,53.3,9.213685806594214,0.237,0.79,0,0.0,0.825,0
265.3506243679478,331.69,2.015865312514502,0.0671,7.98,0,0.0,0.818,0
101.59858387094177,127.0,7.944136944198734,0.3739,2.06,0,0.0,0.904,0
209.65776915896825,262.07,0.6722049323822943,0.2887,9.33,0,0.0,0.943,1
87.17824814988222,108.97,3.270484208858518,0.2563,6.73,0,0.0,0.865,0
150.02137520214,187.53,6.335473952531579,0.4361,3.66,0,0.0,0.992,1
244.87581345912463,306.09,6.588246734526852,0.3663,3.41,1,2.45,0.931,0
47.03320392731031,58.79,6.988095933196741,0.0746,3.01,0,0.0,0.65,0
293.1754185717835,366.47,3.5085907522002255,0.2102,6.49,1,2.93,0.803,1
21.06477685821786,26.33,6.660082278874625,0.1606,3.34,1,0.21,0.961,1
160.20267292215124,200.25,4.285014352626984,0.401,5.71,1,1.6,0.978,0
274.8076558055844,343.51,5.659199217467426,0.3595,4.34,0,0.0,0.752,1
283.7081654647576,354.64,5.472264898017375,0.236,4.53,1,2.84,0.89,1
69.6326888639328,87.04,1.681398661616964,0.4118,8.32,1,0.7,0.764,0
43.19549436444259,53.99,8.465982596671198,0.205,1.53,1,0.43,0.649,1
217.32090009536728,271.65,8.671411451089293,0.4018,1.33,1,2.17,0.954,1
12.592070482871131,15.74,2.0372536058994872,0.016,7.96,0,0.0,0.973,1
145.57169070909427,181.96,4.165334873458757,0.0673,5.83,0,0.0,0.802,0
238.90656803795457,298.63,4.648757704059671,0.378,5.35,1,2.39,0.607,0
168.07641735505015,210.1,5.489220167912904,0.0572,4.51,1,1.68,0.926,1
56.403979732201506,70.5,0.2227260507415229,0.3419,9.78,1,0.56,0.791,0
146.11328984098895,182.64,7.588151345854049,0.3618,2.41,1,1.46,0.63,0
276.38241493466785,345.48,8.619583074243618,0.3311,1.38,0,0.0,0.676,1
185.16389341328303,231.45,1.4219387777989143,0.4091,8.58,0,0.0,0.661,1
216.4471882707059,270.56,8.966289517716616,0.2558,1.03,1,2.16,0.875,0
100.87916389875448,126.1,8.509122164102902,0.4485,1.49,1,1.01,0.72,1
56.54513255028532,70.68,5.422567499970748,0.2847,4.58,1,0.57,0.651,0
76.69266896988108,95.87,2.7473171006231603,0.2539,7.25,1,0.77,0.967,1
159.95327812808847,199.94,2.074896742803511,0.2547,7.93,0,0.0,0.983,0
84.06604608321112,105.08,4.89125442862372,0.456,5.11,0,0.0,0.655,0
162.58943622783033,203.24,5.072041461106416,0.1218,4.93,1,1.63,0.692,0
212.33757821285303,265.42,6.518683454464771,0.3475,3.48,1,2.12,0.837,1
220.31876285109044,275.4,8.016374547923306,0.1213,1.98,1,2.2,0.66,1
49.40548189832803,61.76,9.344998699648972,0.0461,0.66,1,0.49,0.663,1
225.12925465015897,281.41,7.962808938631864,0.4769,2.04,0,0.0,0.735,1
201.80644187770773,252.26,9.090453225361038,0.0649,0.91,0,0.0,0.98,0
3.6015400106120032,4.5,4.993684994200303,0.3431,5.01,1,0.04,0.985,0
17.661652526925252,22.08,0.3888459391900645,0.2123,9.61,0,0.0,0.937,1
193.8748505581141,242.34,0.5183018050662436,0.4186,9.48,1,1.94,0.878,0
115.1111698691129,143.89,2.684875256648306,0.3866,7.32,1,1.15,0.888,0
43.83119987269977,54.79,6.139862169549561,0.0719,3.86,1,0.44,0.788,1
13.318967750889977,16.65,3.3522415004679917,0.2339,6.65,1,0.13,0.812,1
47.81950220172926,59.77,1.66143704594806,0.0138,8.34,0,0.0,0.854,0
287.254189296485,359.07,8.504950967123547,0.2148,1.5,1,2.87,0.893,1
218.2696924712909,272.84,9.849947719029212,0.3501,0.15,0,0.0,0.639,0
158.31162628028815,197.89,0.1664152669412122,0.1161,9.83,0,0.0,0.69,0
282.4621500163775,353.08,0.8942409239035054,0.405,9.11,0,0.0,0.985,0
185.73313130448116,232.17,4.9933875546185025,0.0266,5.01,1,1.86,0.734,0
217.69355648420017,272.12,3.3766724783278903,0.0173,6.62,1,2.18,0.707,0
84.79554555176162,105.99,7.821512143919871,0.0137,2.18,0,0.0,0.769,0
176.69455307675875,220.87,6.543022039703365,0.14,3.46,1,1.77,0.716,1
43.04317328935208,53.8,0.6851036552536816,0.2336,9.31,0,0.0,0.636,0
121.34494355933262,151.68,5.448832108719035,0.0537,4.55,1,1.21,0.683,0
9.972097495983034,12.47,3.3653254516139732,0.4984,6.63,1,0.1,0.856,0
64.98842627480414,81.24,9.651126233058704,0.4998,0.35,1,0.65,0.689,0
22.460588826802407,28.08,4.752790488315918,0.2599,5.25,1,0.22,0.859,1
116.3336458521694,145.42,9.276637093163028,0.284,0.72,1,1.16,0.64,0
252.91054939154705,316.14,0.3017459054079408,0.4634,9.7,1,2.53,0.617,1
113.38023190351592,141.73,1.0327466643008376,0.3849,8.97,1,1.13,0.945,0
249.491887798393,311.86,3.862690379443379,0.084,6.14,1,2.49,0.904,0
196.9494937736662,246.19,8.86956705855573,0.3962,1.13,0,0.0,0.866,0
152.85883398924832,191.07,5.446040794302353,0.1155,4.55,1,1.53,0.612,0
71.06750797839916,88.83,8.241405248822241,0.2151,1.76,1,0.71,0.696,0
276.6468278532457,345.81,2.835296335948608,0.2663,7.16,1,2.77,0.925,1
16.26024265260998,20.33,1.114943029759743,0.3585,8.89,0,0.0,0.658,1
206.6739053096446,258.34,2.4603882075199612,0.0751,7.54,1,2.07,0.925,1
186.37196784281065,232.96,6.453034111177452,0.0381,3.55,0,0.0,0.834,1
132.31245667695805,165.39,8.714170992146501,0.4331,1.29,0,0.0,0.896,1
72.0962865877816,90.12,4.549993281843495,0.4134,5.45,0,0.0,0.858,1
129.20878105358003,161.51,1.9361553008450696,0.2616,8.06,1,1.29,0.767,0
261.8318176660262,327.29,6.3761204591185905,0.3312,3.62,0,0.0,0.717,0
251.02983307648623,313.79,1.9693397122856384,0.3597,8.03,0,0.0,0.869,0
282.41437499310877,353.02,5.702877022583487,0.2383,4.3,0,0.0,0.923,0
92.3379619875744,115.42,1.022917226858958,0.1286,8.98,0,0.0,0.618,0
116.13124751066188,145.16,8.111350681407227,0.2407,1.89,0,0.0,0.752,1
5.6178457979589975,7.02,8.051666566984043,0.4754,1.95,0,0.0,0.74,0
282.8849984160025,353.61,5.4125549803965125,0.4189,4.59,0,0.0,0.824,1
98.81702754518066,123.52,0.3818260621830682,0.2328,9.62,1,0.99,0.646,0
121.24914645989796,151.56,2.8018541613219305,0.1128,7.2,0,0.0,0.973,1
272.34138343421836,340.43,1.3828485126405166,0.4448,8.62,0,0.0,0.819,1
157.97952905004396,197.47,5.234558380679523,0.3191,4.77,0,0.0,0.97,0
169.8523625266434,212.32,1.0173430227093203,0.2024,8.98,0,0.0,0.927,1
52.86985144527505,66.09,8.697265059530425,0.0558,1.3,0,0.0,0.677,0
149.59800624559634,187.0,8.50164288377229,0.3759,1.5,1,1.5,0.653,0
275.46258027263224,344.33,1.5609807483565452,0.1585,8.44,0,0.0,0.945,1
167.6154264323778,209.52,6.948880350068985,0.3032,3.05,1,1.68,0.814,1
76.53490939192741,95.67,6.965032882875483,0.2848,3.03,0,0.0,0.608,0
9.354259240428853,11.69,3.967543960704384,0.3498,6.03,1,0.09,0.974,0
100.8905320362204,126.11,1.5299909191315897,0.2688,8.47,0,0.0,0.789,1
171.7772742193374,214.72,1.3210772225683298,0.3152,8.68,0,0.0,0.72,1
12.783986511249037,15.98,7.394759514842324,0.0408,2.61,0,0.0,0.807,1
182.9377731873469,228.67,2.201774138570763,0.3326,7.8,0,0.0,0.929,1
157.02414813543385,196.28,6.03453757844929,0.0971,3.97,0,0.0,0.644,0
235.03064074997127,293.79,8.658816165382948,0.196,1.34,1,2.35,0.744,0
8.66645168158855,10.83,5.930994382003471,0.2563,4.07,1,0.09,0.728,1
234.2542034456212,292.82,9.739623410983492,0.3434,0.26,0,0.0,0.936,1
156.26311372743206,195.33,6.455018928287894,0.3712,3.54,0,0.0,0.911,0
111.15879983391343,138.95,3.1460311343120684,0.3525,6.85,1,1.11,0.76,0
289.61489290764723,362.02,8.524673317659941,0.0476,1.48,0,0.0,0.866,1
48.03586417081591,60.04,3.109123712700944,0.1935,6.89,0,0.0,0.758,0
162.39753572733196,203.0,9.715703795219165,0.1403,0.28,0,0.0,0.829,1
96.29444207774353,120.37,4.777319450607802,0.1992,5.22,1,0.96,0.996,0
158.24591363860074,197.81,9.532470682622815,0.3234,0.47,1,1.58,0.814,0
165.68263577412364,207.1,1.835982371214724,0.0965,8.16,1,1.66,0.995,0
26.834474527453732,33.54,0.1139850522959928,0.251,9.89,1,0.27,0.899,1
198.3405440755049,247.93,1.9613129595865495,0.4424,8.04,1,1.98,0.648,0
190.3444487757035,237.93,0.98368368086868,0.3656,9.02,0,0.0,0.918,0
230.8401823903392,288.55,7.3395602240324544,0.3627,2.66,0,0.0,0.665,1
27.1975480977513,34.0,2.6454565517746795,0.4244,7.35,0,0.0,0.813,1
89.17756407110635,111.47,6.394741894562697,0.1996,3.61,0,0.0,0.845,1
195.03317991843036,243.79,6.686570401686122,0.3797,3.31,0,0.0,0.957,0
41.01924777468254,51.27,6.882453404132697,0.0294,3.12,1,0.41,0.684,1
203.27946323653268,254.1,8.326081212627535,0.0282,1.67,1,2.03,0.95,0
17.708013246126896,22.14,1.4896585439240673,0.1659,8.51,1,0.18,0.974,1
100.47946588788832,125.6,0.5046403144608624,0.0984,9.5,0,0.0,0.636,1
254.01333669975577,317.52,0.2970513103750261,0.2593,9.7,0,0.0,0.954,0
232.2873871143481,290.36,1.0379000383066517,0.0916,8.96,1,2.32,0.704,1
193.4282145681264,241.79,3.791855359381388,0.4878,6.21,0,0.0,0.632,0
261.13752498753036,326.42,9.67375938681071,0.4256,0.33,0,0.0,0.983,0
212.78086325166012,265.98,3.532250977875387,0.4913,6.47,0,0.0,0.757,0
155.8125315632409,194.77,4.529229291033223,0.4039,5.47,0,0.0,0.849,0
293.915250115736,367.39,8.14396720093835,0.4756,1.86,0,0.0,0.821,1
208.45682393679584,260.57,9.18598019419543,0.1841,0.81,1,2.08,0.685,1
180.41015304390095,225.51,9.714415031622034,0.249,0.29,0,0.0,0.868,1
122.6611682860694,153.33,8.264512246683747,0.1199,1.74,1,1.23,0.618,1
270.7237495737151,338.4,5.025160580479662,0.3179,4.97,1,2.71,0.681,1
88.71272868149785,110.89,2.294764478359154,0.3941,7.71,0,0.0,0.978,0
2.7658782632708045,3.46,5.983669561516127,0.2494,4.02,1,0.03,0.981,1
59.02215672970799,73.78,1.9679504675707449,0.1482,8.03,1,0.59,0.793,1
32.85524758270775,41.07,0.5572473224921171,0.2538,9.44,1,0.33,0.668,0
95.69813225192162,119.62,9.19353935142664,0.0314,0.81,0,0.0,0.769,0
247.7636032375365,309.7,4.8479030591605,0.3606,5.15,0,0.0,0.951,0
195.45890560950224,244.32,5.082402238871366,0.2258,4.92,1,1.95,0.628,0
50.69417677011375,63.37,6.092190260638908,0.4491,3.91,1,0.51,0.651,1
236.64651632770156,295.81,4.514085574390068,0.4616,5.49,1,2.37,0.958,0
151.26595982982082,189.08,4.4443046490121985,0.0628,5.56,0,0.0,0.766,1
153.81438723548908,192.27,9.151453175644294,0.4981,0.85,0,0.0,0.633,0
108.633654294262,135.79,8.165461289600618,0.4849,1.83,1,1.09,0.656,0
259.384909446607,324.23,2.125921984507559,0.3136,7.87,1,2.59,0.953,1
95.4981911567378,119.37,2.917776292205596,0.4127,7.08,0,0.0,0.796,0
28.241928200906596,35.3,6.6062264012935366,0.0092,3.39,0,0.0,0.665,1
90.81869819158352,113.52,5.7109191902046526,0.4852,4.29,1,0.91,0.958,1
214.60606388036572,268.26,7.6615935377098365,0.2282,2.34,0,0.0,0.938,1
197.27456604099865,246.59,7.276326213854861,0.4549,2.72,1,1.97,0.609,1
56.40514606607335,70.51,7.085472124462104,0.1926,2.91,1,0.56,0.832,0
33.53528973148261,41.92,8.802179108805163,0.3941,1.2,0,0.0,0.698,1
198.2597275205239,247.82,7.665530942153159,0.209,2.33,0,0.0,0.813,0
202.91305069647368,253.64,2.428473885398368,0.1814,7.57,0,0.0,0.712,0
109.8448911631712,137.31,8.728371990202122,0.4734,1.27,0,0.0,0.726,0
252.84041505872392,316.05,3.3553220513440127,0.3496,6.64,0,0.0,0.841,1
293.46156113997506,366.83,9.108944844680726,0.42,0.89,0,0.0,0.816,1
61.69356703481862,77.12,8.242699647177867,0.2717,1.76,1,0.62,0.758,1
173.1206147118085,216.4,0.7408538955607702,0.4592,9.26,0,0.0,0.643,0
1.6038987011817496,2.0,7.712806145993083,0.37,2.29,1,0.02,0.988,1
213.91631880788623,267.4,5.001141137920685,0.0361,5.0,0,0.0,0.67,0
124.28463406899532,155.36,9.77112758252463,0.3834,0.23,0,0.0,0.853,1
57.98076807094945,72.48,4.584189360090188,0.0094,5.42,0,0.0,0.633,1
225.6665765293129,282.08,0.6700774772280249,0.4145,9.33,0,0.0,0.875,0
243.1946392668242,303.99,2.931365630727878,0.1659,7.07,0,0.0,0.638,0
33.349950352781185,41.69,4.302094239850634,0.2991,5.7,0,0.0,0.692,1
12.298728551410198,15.37,5.919176779904017,0.3747,4.08,1,0.12,0.859,0
100.22353250073516,125.28,1.5210578397004748,0.3185,8.48,0,0.0,0.713,0
187.79713972831067,234.75,5.15082627268532,0.3362,4.85,0,0.0,0.813,1
238.02585815658992,297.53,4.834728020896714,0.4463,5.17,0,0.0,0.65,1
163.8187489891373,204.77,8.366625578379448,0.187,1.63,1,1.64,0.681,1
174.22463289209418,217.78,3.0240291081530737,0.2736,6.98,0,0.0,0.894,0
239.95746652586735,299.95,4.495174439738924,0.0875,5.5,1,2.4,0.614,1
158.6530122656278,198.32,3.886126636496263,0.2338,6.11,1,1.59,0.645,0
183.34634706789015,229.18,6.322313707591212,0.075,3.68,1,1.83,0.686,0
154.86520199296777,193.58,8.361889846717718,0.3168,1.64,0,0.0,0.608,1
264.1374700103112,330.17,6.756241324381823,0.1621,3.24,1,2.64,0.638,0
70.65498557552667,88.32,4.650489957160312,0.4295,5.35,1,0.71,0.713,0
79.1980753621528,99.0,6.378296950517654,0.1718,3.62,0,0.0,0.637,0
38.38843848054773,47.99,3.22243962312318,0.1434,6.78,0,0.0,0.946,0
245.84002544832651,307.3,1.4409984176356616,0.2456,8.56,1,2.46,0.626,0
123.5331871687072,154.42,3.1971792444764024,0.0877,6.8,0,0.0,0.944,1
104.36818226437316,130.46,4.436895659334531,0.1019,5.56,0,0.0,0.929,1
294.40461512614684,368.01,4.392649330026619,0.3916,5.61,1,2.94,0.64,0
278.04100993193566,347.55,7.376012424773637,0.2486,2.62,0,0.0,0.61,0
291.59630463742843,364.5,9.363453609123942,0.1032,0.64,0,0.0,0.62,1
42.68969902760785,53.36,3.8895940259026593,0.0158,6.11,0,0.0,0.836,0
267.3755439444499,334.22,0.8644851877310678,0.2332,9.14,0,0.0,0.868,1
98.61287981623543,123.27,0.3341318481876565,0.3713,9.67,1,0.99,0.848,1
3.7970310635587534,4.75,0.0395277049826381,0.1756,9.96,1,0.04,0.817,1
117.38950079492062,146.74,9.38100151746316,0.124,0.62,1,1.17,0.67,0
152.7589059414179,190.95,9.95633351341769,0.1982,0.04,0,0.0,0.936,1
32.4661270702216,40.58,0.5138407755634045,0.4796,9.49,1,0.32,0.731,0
161.3032850622769,201.63,3.582087039266396,0.2116,6.42,0,0.0,0.994,1
245.83907525301944,307.3,6.693451372953363,0.1298,3.31,0,0.0,0.754,1
113.2952852517582,141.62,1.7894539914167606,0.2846,8.21,1,1.13,0.705,0
105.79344196029066,132.24,5.944371882052275,0.4054,4.06,0,0.0,0.958,0
101.64312606920322,127.05,8.136173598395464,0.0112,1.86,0,0.0,0.827,1
276.9283337651076,346.16,8.58086429711447,0.2791,1.42,0,0.0,0.889,0
14.62742963705973,18.28,7.064206771619142,0.4182,2.94,1,0.15,0.763,0
133.52284259788658,166.9,0.8176417728222962,0.1078,9.18,1,1.34,0.955,0
79.37983624491505,99.22,3.4839578457648344,0.4608,6.52,0,0.0,0.967,1
268.14210761624827,335.18,9.673427767710995,0.2888,0.33,0,0.0,0.775,0
28.815679075141176,36.02,1.927550632417384,0.2584,8.07,1,0.29,0.696,0
123.43283000412325,154.29,4.539260735714209,0.4818,5.46,0,0.0,0.859,0
122.0448456093257,152.56,3.3417693465582063,0.0648,6.66,1,1.22,0.982,0
266.5183252641068,333.15,2.0553828469295974,0.3701,7.94,1,2.67,0.849,1
64.64803351229084,80.81,3.2353608755207564,0.4093,6.76,1,0.65,0.982,0
193.46862309048333,241.84,1.8951867383388656,0.2443,8.1,1,1.93,0.738,1
40.32183806633672,50.4,8.772533541116465,0.0032,1.23,0,0.0,0.966,0
286.19271422416284,357.74,1.744432837486848,0.2622,8.26,0,0.0,0.645,0
177.90448778168576,222.38,6.235441683946657,0.0768,3.76,0,0.0,0.744,1
187.87701909620108,234.85,9.423156128110945,0.2813,0.58,0,0.0,0.798,0
130.13202049814166,162.67,9.526457076278732,0.3693,0.47,0,0.0,0.861,1
102.68481379989667,128.36,6.00424668043393,0.2655,4.0,1,1.03,0.718,0
63.80292884846289,79.75,2.708959232689697,0.3154,7.29,0,0.0,0.97,1
181.19632614967767,226.5,2.478978113176964,0.052,7.52,0,0.0,0.961,1
286.3685236044714,357.96,7.474706794318502,0.0485,2.53,0,0.0,0.92,1
107.9372862277209,134.92,9.807073247870836,0.4255,0.19,1,1.08,0.646,0
264.9470665986163,331.18,0.7759497895118295,0.0247,9.22,1,2.65,0.631,1
44.6328938541749,55.79,7.894685813654329,0.1421,2.11,1,0.45,0.799,0
280.83780626454023,351.05,1.2298537956513,0.4688,8.77,1,2.81,0.906,1
105.14588516942295,131.43,2.9818534709712874,0.2294,7.02,0,0.0,0.649,1
113.91816347800368,142.4,5.666236519805916,0.3373,4.33,1,1.14,0.857,0
138.8526771102985,173.57,2.972246973231305,0.1108,7.03,1,1.39,0.811,0
215.47328098429503,269.34,6.5026117494672935,0.1353,3.5,1,2.15,0.89,1
215.89603010671055,269.87,4.17195874621489,0.2545,5.83,1,2.16,0.774,1
143.87657541589957,179.85,2.191137330678207,0.3191,7.81,0,0.0,0.877,1
156.9458697941808,196.18,5.309307478544176,0.4802,4.69,0,0.0,0.664,0
9.003146332242352,11.25,0.2400973515836135,0.2872,9.76,0,0.0,0.686,1
91.2890104674977,114.11,7.41078349912359,0.048,2.59,1,0.91,0.961,1
103.80512226918285,129.76,5.222888661055364,0.1835,4.78,0,0.0,0.732,0
167.61818061772783,209.52,9.46700317994948,0.1221,0.53,1,1.68,0.994,1
167.48993021139134,209.36,1.0278946921999057,0.1272,8.97,0,0.0,0.618,1
212.96993931836195,266.21,7.322922382284434,0.2527,2.68,0,0.0,0.798,1
215.10818886542427,268.89,3.00950393953876,0.1583,6.99,0,0.0,0.73,1
70.5632172636249,88.2,3.731486833446641,0.1447,6.27,0,0.0,0.998,1
231.05614533144745,288.82,3.4848672228740964,0.484,6.52,1,2.31,0.996,1
5.881070413884615,7.35,3.580219178588273,0.292,6.42,1,0.06,0.694,1
214.84856538201615,268.56,4.308349530771062,0.1309,5.69,0,0.0,0.707,1
30.618331055826932,38.27,0.2100485091886439,0.1379,9.79,0,0.0,0.9,1
218.89446252636571,273.62,8.46757356662869,0.4055,1.53,1,2.19,0.956,1
158.1354271705213,197.67,8.81795942671956,0.4432,1.18,0,0.0,0.865,1
131.17635020492764,163.97,0.3955653492947386,0.3395,9.6,0,0.0,0.946,1
207.1999169284287,259.0,7.760031935908492,0.2157,2.24,0,0.0,0.625,1
10.911250124169811,13.64,0.7227260970566407,0.3823,9.28,1,0.11,0.856,1
67.0410977026735,83.8,8.07813598284605,0.4687,1.92,1,0.67,0.88,1
184.9320427402962,231.17,6.12987721822278,0.0831,3.87,0,0.0,0.676,0
254.16462198924535,317.71,3.0635276167105463,0.4309,6.94,1,2.54,0.911,0
114.33229108353508,142.92,6.138825989735013,0.4244,3.86,1,1.14,0.978,0
77.62844179006713,97.04,5.06646103975624,0.1833,4.93,1,0.78,0.959,1
155.62093073669828,194.53,6.357548248117024,0.1459,3.64,0,0.0,0.698,1
186.6945757160524,233.37,4.75371777998587,0.2827,5.25,1,1.87,0.73,0
126.03090942172392,157.54,7.728745916575913,0.1361,2.27,1,1.26,0.8,1
263.0132047979265,328.77,0.4526953739179684,0.0727,9.55,0,0.0,0.663,1
157.03161265800404,196.29,3.442823086944463,0.4765,6.56,0,0.0,0.982,1
10.747076271175503,13.43,5.592867480866755,0.2457,4.41,0,0.0,0.665,1
66.91618641185711,83.65,5.88243031068094,0.2361,4.12,1,0.67,0.905,0
135.19410927534437,168.99,1.6954498698396991,0.0631,8.3,0,0.0,0.737,0
209.31765570508,261.65,0.7452960449773915,0.2521,9.25,0,0.0,0.829,0
65.92567313777666,82.41,0.2097862045692955,0.3714,9.79,0,0.0,0.619,1
292.87723191522633,366.1,4.130136247362676,0.124,5.87,0,0.0,0.682,0
95.56747745642504,119.46,3.3038717669133524,0.1844,6.7,1,0.96,0.778,1
159.74406205817652,199.68,5.678079933573694,0.0895,4.32,0,0.0,0.871,0
5.689915419312353,7.11,4.495148352372437,0.1775,5.5,0,0.0,0.911,0
265.4672164292413,331.83,3.9406805489675034,0.4306,6.06,0,0.0,0.612,0
236.65039605755504,295.81,8.433205930452905,0.1185,1.57,0,0.0,0.661,1
58.63740128867781,73.3,6.215161489093242,0.0148,3.78,1,0.59,0.892,0
279.97100737195285,349.96,6.46100730419729,0.2681,3.54,0,0.0,0.925,0
94.7519291392214,118.44,3.818263817820344,0.2897,6.18,1,0.95,0.695,0
207.65588651403513,259.57,7.768443161142473,0.1645,2.23,0,0.0,0.692,1
245.69289540497996,307.12,1.5208757116482765,0.3208,8.48,0,0.0,0.635,1
222.27433837115424,277.84,4.020007294230954,0.019,5.98,0,0.0,0.66,0
275.27483520895237,344.09,0.4717390506861696,0.1703,9.53,1,2.75,0.603,0
259.2824281022125,324.1,1.1543735286477286,0.0723,8.85,0,0.0,0.836,0
298.383454227483,372.98,0.8152585623027753,0.1149,9.18,1,2.98,0.962,1
54.78342377284366,68.48,4.414361315711533,0.1913,5.59,1,0.55,0.66,0
91.42854036801002,114.29,6.97324357253977,0.2467,3.03,0,0.0,0.901,0
190.867760229489,238.58,3.126967106493197,0.0466,6.87,1,1.91,0.829,1
219.9141557674751,274.89,0.266110617237183,0.0507,9.73,0,0.0,0.976,0
160.38151636671276,200.48,7.072083925113755,0.337,2.93,0,0.0,0.919,1
22.178509465984476,27.72,2.074330671679081,0.2021,7.93,0,0.0,0.941,1
252.4785680401146,315.6,7.226746878128461,0.0883,2.77,0,0.0,0.856,0
288.2623068063816,360.33,0.0735462496149375,0.1175,9.93,0,0.0,0.925,1
121.65505314791842,152.07,3.123421011780454,0.36,6.88,1,1.22,0.74,1
67.44374450965381,84.3,6.212307464157539,0.0259,3.79,0,0.0,0.684,0
5.794126488626262,7.24,8.711507704660503,0.2544,1.29,1,0.06,0.965,0
71.18971082807558,88.99,7.541284425726264,0.1802,2.46,1,0.71,0.894,0
209.97563245152668,262.47,4.496197199348671,0.4056,5.5,0,0.0,0.636,0
273.47681630181916,341.85,7.185148028491137,0.3951,2.81,1,2.73,0.947,0
28.053919929529748,35.07,5.375414072859619,0.3446,4.62,1,0.28,0.74,0
165.97775614857898,207.47,8.13395556057819,0.1924,1.87,1,1.66,0.719,1
208.6593745535497,260.82,7.720655495541976,0.3156,2.28,0,0.0,0.849,0
82.91424633188058,103.64,9.758521690469175,0.3199,0.24,1,0.83,0.827,0
170.9691117510906,213.71,1.0493806764270608,0.1661,8.95,0,0.0,0.815,1
214.57452780173188,268.22,3.407049066854154,0.44,6.59,0,0.0,0.702,1
251.31577294061304,314.14,1.9237680548489575,0.4924,8.08,0,0.0,0.984,1
135.74995524599427,169.69,6.307680835820349,0.1572,3.69,0,0.0,0.98,1
224.35716567568815,280.45,6.640276978998511,0.4006,3.36,1,2.24,0.602,0
90.5348915219549,113.17,2.038106839188277,0.2505,7.96,1,0.91,0.735,1
63.914024031647585,79.89,4.215526000290579,0.2318,5.78,0,0.0,0.618,0
56.19412382720023,70.24,6.021502225529055,0.1933,3.98,0,0.0,0.94,0
107.66181954771788,134.58,6.589532016326924,0.146,3.41,0,0.0,0.955,0
10.763904536654712,13.45,1.0264698441252118,0.4598,8.97,0,0.0,0.807,0
84.89755129957491,106.12,9.210728280045265,0.3704,0.79,0,0.0,0.936,1
195.66684733296847,244.58,0.3408311503660577,0.2204,9.66,0,0.0,0.881,0
194.375714148041,242.97,9.729424035528169,0.3758,0.27,0,0.0,0.8,0
22.06614194744737,27.58,3.1632582021877753,0.3593,6.84,0,0.0,0.746,1
86.22468512418604,107.78,3.163455727284176,0.1337,6.84,1,0.86,0.706,1
170.8672994033765,213.58,4.460259954736508,0.0881,5.54,1,1.71,0.704,1
95.56564125093084,119.46,6.949583598960435,0.4181,3.05,1,0.96,0.825,0
125.39640725666204,156.75,1.596017836848187,0.4057,8.4,0,0.0,0.667,1
213.8432271347292,267.3,2.54984779995758,0.4984,7.45,0,0.0,0.67,1
2.780048836989013,3.48,9.615726847890748,0.0097,0.38,0,0.0,0.604,0
82.91806322652916,103.65,8.768421435822574,0.2702,1.23,0,0.0,0.845,1
42.711673135505,53.39,2.123916847981092,0.3507,7.88,0,0.0,0.998,1
38.28275482934752,47.85,5.730114352341639,0.2913,4.27,1,0.38,0.956,1
287.7120649341741,359.64,2.036017505147971,0.3552,7.96,1,2.88,0.882,0
112.96809946872531,141.21,5.500612576007611,0.0686,4.5,1,1.13,0.914,1
158.12657547289194,197.66,3.657732950128433,0.0008,6.34,0,0.0,0.767,0
220.1465661208898,275.18,3.6242473988900614,0.0465,6.38,0,0.0,0.719,1
14.234242458015055,17.79,6.350698517641826,0.19,3.65,1,0.14,0.747,1
72.3067915673095,90.38,2.5184084816705097,0.1645,7.48,0,0.0,0.633,0
249.64433620311377,312.06,4.04259605194918,0.437,5.96,1,2.5,0.854,0
258.5971839533643,323.25,9.252588494034136,0.0418,0.75,0,0.0,0.67,0
111.8852761922406,139.86,7.553647993250375,0.2214,2.45,1,1.12,0.905,1
112.45847989553047,140.57,3.8328344328237183,0.4789,6.17,1,1.12,0.676,0
227.06906313266455,283.84,2.302618656216632,0.2515,7.7,0,0.0,0.691,0
88.52106802496074,110.65,6.590116303008936,0.0662,3.41,1,0.89,0.983,1
35.12822434199943,43.91,8.076896856124819,0.1456,1.92,0,0.0,0.642,1
77.26063507217503,96.58,8.607646812891325,0.3134,1.39,1,0.77,0.8,0
116.20341949073246,145.25,5.642812798695664,0.006,4.36,0,0.0,0.625,1
15.66141287852948,19.58,5.16799857011912,0.4841,4.83,0,0.0,0.636,1
143.60407626005244,179.51,7.196424013330508,0.2835,2.8,0,0.0,0.853,0
222.0022538318335,277.5,1.7576683370575252,0.3521,8.24,0,0.0,0.852,1
154.12354334413848,192.65,8.521389353538883,0.2495,1.48,0,0.0,0.677,0
21.56860215435209,26.96,0.7392350448948981,0.479,9.26,1,0.22,0.949,1
132.04488940378755,165.06,6.030169007129475,0.2946,3.97,1,1.32,0.881,1
212.67138241284985,265.84,5.896935140789578,0.331,4.1,1,2.13,0.72,0
17.42899619705698,21.79,3.107023151888315,0.4304,6.89,0,0.0,0.699,1
17.954156918066555,22.44,0.3546285736452181,0.4308,9.65,1,0.18,0.902,0
111.1804209542948,138.98,7.178548722322042,0.0141,2.82,0,0.0,0.893,0
58.489189237112726,73.11,0.2417412315198486,0.1417,9.76,1,0.58,0.66,1
280.43423739252614,350.54,1.7961168058899024,0.1232,8.2,1,2.8,0.74,1
174.40308112192295,218.0,5.442368279638038,0.0033,4.56,0,0.0,0.687,1
86.19761982176885,107.75,9.39983031860934,0.4384,0.6,1,0.86,0.718,0
211.43301873448524,264.29,0.6593350871899673,0.1586,9.34,1,2.11,0.715,0
112.47871540779866,140.6,5.787869362884478,0.1735,4.21,0,0.0,0.99,1
39.634693313703,49.54,3.2889303484252776,0.0498,6.71,0,0.0,0.9,1
71.16966895307412,88.96,6.694179714517258,0.4949,3.31,0,0.0,0.912,0
192.8241853378127,241.03,9.529088157741317,0.4131,0.47,0,0.0,0.711,1
15.562831799097498,19.45,2.685903156557108,0.2859,7.31,0,0.0,0.6,0
81.80671201441912,102.26,9.559269850484764,0.386,0.44,1,0.82,0.623,0
62.49344329265239,78.12,8.70626300917259,0.3886,1.29,0,0.0,0.821,1
60.3405332029596,75.43,6.070559158320884,0.3284,3.93,0,0.0,0.714,1
204.8287235927913,256.04,7.582366720884796,0.087,2.42,1,2.05,0.677,1
247.74507502630937,309.68,8.648880043346862,0.3602,1.35,0,0.0,0.62,1
214.7599824192776,268.45,8.034686319581397,0.2848,1.97,0,0.0,0.95,0
193.71834474015367,242.15,3.2670768564367156,0.362,6.73,1,1.94,0.84,0
274.9355315453592,343.67,8.126040768415994,0.2717,1.87,1,2.75,0.643,0
17.517714127289054,21.9,3.135188412201982,0.4782,6.86,1,0.18,0.907,0
50.244925792872216,62.81,8.670792923398965,0.3135,1.33,1,0.5,0.902,0
124.32205670115964,155.4,2.5546605064032493,0.2868,7.45,0,0.0,0.716,0
111.73549305116032,139.67,5.722608594657457,0.4214,4.28,0,0.0,0.675,1
125.41548088890674,156.77,6.929236445416613,0.1896,3.07,1,1.25,0.926,0
61.936471512811806,77.42,4.257912305822382,0.1579,5.74,0,0.0,0.732,0
44.8509946740685,56.06,7.829724953325222,0.2516,2.17,1,0.45,0.939,1
152.75797423737842,190.95,9.253559050231448,0.2922,0.75,1,1.53,0.617,0
278.4157572206381,348.02,1.8625309406668733,0.1102,8.14,1,2.78,0.8,0
117.59083870497513,146.99,0.3344265167011861,0.3411,9.67,0,0.0,0.672,1
13.005964235858425,16.26,6.265164169237312,0.4012,3.73,0,0.0,0.869,0
211.85020286685736,264.81,6.021868625845238,0.2887,3.98,1,2.12,0.999,1
87.33147165815248,109.16,3.4130445368326088,0.2615,6.59,1,0.87,0.765,1
73.52850219146762,91.91,7.854629766263735,0.1473,2.15,1,0.74,0.64,0
97.27740020938862,121.6,8.26142548700175,0.4548,1.74,1,0.97,0.727,1
217.14465717236288,271.43,3.3198568031595,0.3772,6.68,0,0.0,0.957,1
245.64581606109124,307.06,6.822724995992991,0.2401,3.18,1,2.46,0.906,1
176.4168202016891,220.52,6.420250716499077,0.3296,3.58,0,0.0,0.693,1
96.74362611586548,120.93,3.426441747572075,0.1684,6.57,0,0.0,0.981,1
93.14346993518345,116.43,9.69148256559247,0.0299,0.31,1,0.93,0.849,0
37.292504971638905,46.62,3.464022512680025,0.102,6.54,1,0.37,0.667,0
279.99031447055836,349.99,6.202840233040518,0.0397,3.8,1,2.8,0.829,0
191.44181969064587,239.3,3.801264126433137,0.2541,6.2,0,0.0,0.781,0
8.092385956759207,10.12,0.1183302770420013,0.311,9.88,0,0.0,0.928,1
198.7101285560042,248.39,0.916384947670561,0.1902,9.08,1,1.99,0.738,1
134.14602725805236,167.68,2.323163318619322,0.2651,7.68,0,0.0,0.95,1
291.7673889140758,364.71,8.121681867134422,0.0427,1.88,1,2.92,0.925,1
245.7206474419221,307.15,4.420648515259414,0.385,5.58,0,0.0,0.87,1
51.39472614983946,64.24,5.886236642753964,0.0164,4.11,0,0.0,0.703,1
216.03333566245993,270.04,9.43856572602534,0.3172,0.56,1,2.16,0.988,1
145.66980115057902,182.09,1.470237116975518,0.2167,8.53,0,0.0,0.819,0
56.11354910097845,70.14,8.618193696255505,0.0919,1.38,0,0.0,0.963,1
209.6219721989847,262.03,3.792360079629708,0.2615,6.21,1,2.1,0.686,0
164.2162736082736,205.27,3.374800023629234,0.3905,6.63,0,0.0,0.993,0
9.112163631471148,11.39,6.255282909356904,0.2068,3.74,1,0.09,0.926,0
193.97638515864776,242.47,8.986385505538822,0.1839,1.01,1,1.94,0.98,1
190.4961269587322,238.12,3.48535912423897,0.0712,6.51,1,1.9,0.685,0
43.225548315438786,54.03,7.614082411877005,0.2973,2.39,1,0.43,0.772,0
104.69631809900788,130.87,0.1924208452559794,0.414,9.81,0,0.0,0.639,0
175.769691225312,219.71,6.23101612367986,0.2807,3.77,1,1.76,0.655,1
41.63490423201897,52.04,6.305586694939103,0.0825,3.69,1,0.42,0.714,1
255.81701335042695,319.77,5.56060520273184,0.3306,4.44,1,2.56,0.981,1
8.245813886311137,10.31,9.378226242614252,0.0151,0.62,0,0.0,0.867,1
30.851224490806484,38.56,9.385912799711235,0.419,0.61,0,0.0,0.726,0
34.832075956465225,43.54,3.420608768072934,0.4607,6.58,1,0.35,0.982,1
158.43213779251656,198.04,4.563642523156438,0.2985,5.44,0,0.0,0.896,1
186.0342036505876,232.54,7.923755503786389,0.4409,2.08,0,0.0,0.963,1
121.12223895044596,151.4,8.43911400868263,0.0423,1.56,0,0.0,0.971,0
86.60004830044986,108.25,4.179688048369084,0.1142,5.82,0,0.0,0.9,1
242.79521268766723,303.49,3.4902659294331437,0.1586,6.51,1,2.43,0.697,0
20.48579511792604,25.61,8.206165297611285,0.3866,1.79,1,0.2,0.999,0
84.08755833983751,105.11,3.7686948839532217,0.2421,6.23,0,0.0,0.73,1
11.734673641191227,14.67,4.0523219260262415,0.1742,5.95,1,0.12,0.869,0
4.167040489880403,5.21,1.3553043110555074,0.079,8.64,1,0.04,0.938,1
106.01396607966038,132.52,5.429491375419353,0.4053,4.57,1,1.06,0.67,0
58.4470987334796,73.06,3.26448065451616,0.0103,6.74,1,0.58,0.844,0
80.50975645147388,100.64,5.906067294228793,0.1686,4.09,1,0.81,0.75,0
246.28414723649044,307.86,4.482090674641564,0.1214,5.52,0,0.0,0.698,0
48.89402887476641,61.12,7.481364627635777,0.0645,2.52,0,0.0,0.605,1
234.07001014554027,292.59,2.777728722071735,0.086,7.22,0,0.0,0.949,1
202.51518694390907,253.14,1.719995588072769,0.2469,8.28,1,2.03,0.654,1
97.9336575422498,122.42,7.029597607744121,0.213,2.97,0,0.0,0.951,1
163.96684355288633,204.96,3.841272028801829,0.2592,6.16,1,1.64,0.84,1
133.33068293236164,166.66,5.636035750358989,0.3638,4.36,0,0.0,0.848,0
38.51859464929961,48.15,9.41068735901135,0.4462,0.59,0,0.0,0.931,0
272.1555965202527,340.19,4.840936949781862,0.0592,5.16,0,0.0,0.804,0
170.88539027572804,213.61,1.5239212924667669,0.0413,8.48,0,0.0,0.743,0
264.0720137386365,330.09,4.267035131904672,0.1602,5.73,0,0.0,0.656,1
247.1479535439871,308.93,4.785309758322949,0.2732,5.21,1,2.47,0.828,1
23.93277759282697,29.92,7.659784108779331,0.0499,2.34,1,0.24,0.821,0
62.181199805535734,77.73,1.951882554966371,0.358,8.05,0,0.0,0.718,1
43.57833431244924,54.47,3.46901767343339,0.278,6.53,0,0.0,0.84,0
249.2338598360756,311.54,0.5002831956435227,0.3742,9.5,0,0.0,0.776,0
258.7339879365607,323.42,7.019779314082053,0.179,2.98,0,0.0,0.922,0
158.39145294250977,197.99,7.439323438996529,0.2005,2.56,1,1.58,0.824,0
31.253421752402076,39.07,4.571913688027571,0.4038,5.43,1,0.31,0.973,0
40.68498556290486,50.86,5.382686586643258,0.1335,4.62,0,0.0,0.807,0
244.0646437314802,305.08,7.4981383823172765,0.1907,2.5,0,0.0,0.955,1
278.75704095879905,348.45,2.68301430473937,0.0067,7.32,0,0.0,0.808,1
59.84270553319702,74.8,6.069652858904116,0.2777,3.93,0,0.0,0.823,1
3.3412729416519182,4.18,9.639193476849504,0.4257,0.36,1,0.03,0.747,1
99.28587154523338,124.11,6.579678184122032,0.0139,3.42,0,0.0,0.76,0
9.149816894364404,11.44,0.7811013672136391,0.3069,9.22,0,0.0,0.973,1
248.3924748234114,310.49,2.902600693962393,0.4227,7.1,0,0.0,0.689,1
147.45367716787547,184.32,5.19126605763323,0.247,4.81,1,1.47,0.649,0
192.55823362890595,240.7,0.726707666846258,0.1565,9.27,0,0.0,0.932,0
123.44546284096263,154.31,6.765698118812816,0.4983,3.23,0,0.0,0.831,1
103.65226410374456,129.57,6.542121992729171,0.0324,3.46,1,1.04,0.714,0
66.66012392282545,83.33,8.763236906269642,0.1052,1.24,1,0.67,0.773,1
231.1597641114437,288.95,4.9999278815421,0.4426,5.0,0,0.0,0.81,0
208.6642753246588,260.83,6.921385497664847,0.1487,3.08,1,2.09,0.837,0
108.21869534882585,135.27,1.8201820865306009,0.4099,8.18,1,1.08,0.928,1
96.33484028975488,120.42,0.0286969268935322,0.1666,9.97,0,0.0,0.758,0
0.3728635946037006,0.47,1.7225399436025612,0.406,8.28,1,0.0,0.871,1
19.065639013641732,23.83,0.6221459830701659,0.3429,9.38,1,0.19,0.934,1
186.97665746779043,233.72,4.277180248592836,0.2343,5.72,0,0.0,0.938,0
154.3821930706385,192.98,4.683033372636122,0.2615,5.32,0,0.0,0.702,1
130.44096134550676,163.05,6.444726975097003,0.0888,3.56,1,1.3,0.74,1
248.25067224049755,310.31,1.4077186642191064,0.0579,8.59,0,0.0,0.838,1
151.16946132085397,188.96,2.147160974961891,0.3585,7.85,1,1.51,0.954,0
115.34807442219598,144.19,7.983261625576152,0.4243,2.02,0,0.0,0.916,0
48.37690425749549,60.47,5.765224947791881,0.361,4.23,1,0.48,0.834,0
246.20640246438575,307.76,0.2936359368448848,0.4564,9.71,0,0.0,0.993,0
172.87447503635633,216.09,8.484046723239205,0.445,1.52,1,1.73,0.776,1
27.737989776827188,34.67,6.298055982244036,0.3891,3.7,1,0.28,0.937,0
194.66951939912275,243.34,1.8663910643648551,0.4491,8.13,0,0.0,0.927,1
127.52122364652298,159.4,2.5206574125692183,0.0836,7.48,1,1.28,0.963,0
243.4158670763987,304.27,5.535474138252426,0.3657,4.46,1,2.43,0.995,0
275.67437909879885,344.59,5.608011815260024,0.3768,4.39,1,2.76,0.798,1
180.1397439528738,225.17,8.05188663940378,0.077,1.95,0,0.0,0.678,0
219.4838457940099,274.35,3.585826381733387,0.4548,6.41,0,0.0,0.784,1
16.97725428064971,21.22,5.493031465525254,0.0044,4.51,0,0.0,0.942,0
168.07663650034718,210.1,5.825379784982245,0.2173,4.17,0,0.0,0.934,0
226.60199350664223,283.25,5.586764177266628,0.0107,4.41,1,2.27,0.734,1
149.02864484343112,186.29,0.7290584537773248,0.2617,9.27,0,0.0,0.619,1
178.06502685130116,222.58,4.112528744338819,0.2061,5.89,1,1.78,0.804,1
269.68445567431326,337.11,3.388841212892876,0.3115,6.61,0,0.0,0.79,0
59.42987160935983,74.29,9.927777182392672,0.3832,0.07,0,0.0,0.634,1
29.47395226557357,36.84,4.656885634876435,0.3843,5.34,0,0.0,0.918,0
207.1930839418503,258.99,4.352278756905461,0.3611,5.65,0,0.0,0.713,1
246.8546716567332,308.57,4.836875664225595,0.0509,5.16,1,2.47,0.858,0
255.14705657476907,318.93,9.192825819693626,0.2087,0.81,0,0.0,0.641,0
192.4933491273661,240.62,6.114538546344244,0.408,3.89,0,0.0,0.944,1
249.964025451241,312.46,3.8914338748805264,0.3272,6.11,0,0.0,0.896,0
210.19926171698708,262.75,9.125773965506848,0.3405,0.87,1,2.1,0.755,0
26.213074772037224,32.77,9.298429415670627,0.1135,0.7,1,0.26,0.852,1
228.61305236549643,285.77,2.643127338652622,0.1625,7.36,1,2.29,0.675,1
53.8079068650989,67.26,3.933960921539837,0.4779,6.07,1,0.54,0.994,0
70.98280277729184,88.73,9.664586700483476,0.4235,0.34,0,0.0,0.918,1
118.39518809959944,147.99,5.410486888622195,0.0825,4.59,1,1.18,0.916,1
94.37011989790108,117.96,4.317450776906498,0.2723,5.68,1,0.94,0.661,1
96.4955214908736,120.62,1.954045352755338,0.2453,8.05,0,0.0,0.607,0
50.77785726121373,63.47,3.844388397446181,0.2218,6.16,0,0.0,0.834,0
88.16131413286331,110.2,6.312347247209463,0.2353,3.69,0,0.0,0.658,0
5.898776992764532,7.37,0.3870114739047559,0.3214,9.61,1,0.06,0.912,1
141.8732840064978,177.34,0.8330628677966001,0.4836,9.17,0,0.0,0.766,0
230.57728763094204,288.22,0.0537640502376035,0.4377,9.95,1,2.31,0.735,0
258.6742107674519,323.34,2.189273345235805,0.4376,7.81,0,0.0,0.629,0
246.12856768783155,307.66,1.829927988660186,0.3517,8.17,0,0.0,0.998,0
124.93731569853396,156.17,8.50807680962517,0.0088,1.49,0,0.0,0.982,1
219.12794434915688,273.91,1.8523802261180424,0.2202,8.15,1,2.19,0.653,1
86.36723222856374,107.96,6.611810258636206,0.2556,3.39,1,0.86,0.733,0
16.668741815285383,20.84,1.1835913400537623,0.4212,8.82,1,0.17,0.756,1
202.79145761738,253.49,5.935597702689782,0.4614,4.06,1,2.03,0.719,1
194.6388494209218,243.3,4.356201517038281,0.2258,5.64,0,0.0,0.974,0
240.48881863886268,300.61,4.086681157269886,0.1502,5.91,0,0.0,0.889,0
184.83186201086392,231.04,8.565618926846152,0.1687,1.43,1,1.85,0.982,0
47.06748749217492,58.83,1.6771946679903516,0.2893,8.32,0,0.0,0.95,0
255.94871761505945,319.94,5.952181582727776,0.1375,4.05,0,0.0,0.902,0
188.17583640561023,235.22,8.218640558900578,0.4554,1.78,1,1.88,0.879,1
242.2829097105012,302.85,7.138968224944412,0.2093,2.86,0,0.0,0.946,1
232.23213611281224,290.29,9.83345821144994,0.495,0.17,0,0.0,0.874,0
89.35934616752652,111.7,0.0210587646927606,0.0548,9.98,0,0.0,0.675,0
22.36589245561571,27.96,8.843593145170207,0.0939,1.16,0,0.0,0.859,1
52.95132272687546,66.19,6.134513562538228,0.2558,3.87,1,0.53,0.806,1
27.858700293975225,34.82,0.0248453065412734,0.4342,9.98,1,0.28,0.993,1
73.02372962404093,91.28,4.6549382137350745,0.177,5.35,0,0.0,0.804,0
137.8596819077979,172.32,7.674373771390069,0.4187,2.33,1,1.38,0.615,1
272.04318149438484,340.05,1.8254669511078416,0.2127,8.17,1,2.72,0.706,0
261.6056267761904,327.01,6.784771815123953,0.4265,3.22,1,2.62,0.967,1
215.5799445287184,269.47,1.3966842033211668,0.1387,8.6,1,2.16,0.985,0
7.233707864347794,9.04,8.034524387896456,0.2359,1.97,1,0.07,0.891,0
102.41676039616604,128.02,5.684633683212377,0.1394,4.32,0,0.0,0.623,1
204.70452794535592,255.88,0.338866526654793,0.1076,9.66,0,0.0,0.609,1
38.70866905172051,48.39,0.9087570749193664,0.2106,9.09,1,0.39,0.792,0
240.3263550047726,300.41,8.638650496690433,0.1674,1.36,0,0.0,1.0,0
274.3721039962781,342.97,0.3300141705578441,0.3936,9.67,0,0.0,0.948,1
106.23133399134764,132.79,2.985425988942598,0.3738,7.01,0,0.0,0.973,0
211.75291855915,264.69,5.669118875750954,0.1793,4.33,0,0.0,0.849,1
44.461239800614,55.58,2.1343978037563884,0.4961,7.87,0,0.0,0.944,0
207.24493473390808,259.06,2.242321657352231,0.4869,7.76,1,2.07,0.728,0
6.436623686112986,8.05,7.760340116507591,0.4589,2.24,0,0.0,0.611,1
45.231452043330286,56.54,2.9099458431204903,0.2933,7.09,0,0.0,0.967,0
212.964433982601,266.21,0.3858294947632501,0.2062,9.61,1,2.13,0.687,0
213.55506686289183,266.94,7.211218000062737,0.1565,2.79,0,0.0,0.891,0
192.34881175355312,240.44,9.543659583748518,0.0075,0.46,1,1.92,0.864,0
143.20920731526095,179.01,8.31933976609196,0.3159,1.68,1,1.43,0.663,1
202.47242735158352,253.09,5.48562029475065,0.2766,4.51,0,0.0,0.678,1
232.1402394866365,290.18,4.248837530408758,0.3149,5.75,1,2.32,0.732,1
289.94449771102313,362.43,9.251651708878455,0.288,0.75,0,0.0,0.903,1
266.5923094645815,333.24,7.662254383182043,0.0689,2.34,0,0.0,0.616,0
238.3602607698374,297.95,5.706572412350033,0.3477,4.29,0,0.0,0.763,0
208.42725501431187,260.53,8.798223189134779,0.1802,1.2,1,2.08,0.866,0
172.24666362971018,215.31,6.017123634777715,0.2581,3.98,0,0.0,0.669,1
36.18264700557488,45.23,9.735046676021064,0.1828,0.26,1,0.36,0.648,0
49.66705262951788,62.08,8.582904782951024,0.011,1.42,0,0.0,0.756,1
246.08386820126984,307.6,5.504452306955059,0.4383,4.5,1,2.46,0.715,0
240.99387366216615,301.24,9.228362096151493,0.0744,0.77,0,0.0,0.86,1
184.3376777920089,230.42,3.4243895368408506,0.2911,6.58,0,0.0,0.988,1
131.65203981484603,164.57,7.0092702135709875,0.4416,2.99,0,0.0,0.602,0
7.809794947081694,9.76,1.7127560280475662,0.1107,8.29,1,0.08,0.961,0
98.15308275856316,122.69,8.953649150583347,0.206,1.05,0,0.0,0.773,1
126.19189726959536,157.74,2.4805014988861895,0.1889,7.52,1,1.26,0.866,1
145.74488585202616,182.18,9.490325116266806,0.0446,0.51,0,0.0,0.94,0
278.79737956836277,348.5,0.1699145734747853,0.2118,9.83,0,0.0,0.829,0
32.61281994004285,40.77,6.818368967363999,0.2397,3.18,0,0.0,0.639,0
155.66007593393113,194.58,1.5005616970155633,0.0133,8.5,1,1.56,0.656,0
110.37668908748392,137.97,7.70811472185411,0.2441,2.29,0,0.0,0.916,1
297.0294357648155,371.29,4.919059302935537,0.0469,5.08,1,2.97,0.692,0
258.5592048848716,323.2,9.096502525641686,0.4462,0.9,1,2.59,0.828,0
131.63575627167629,164.54,7.150692097144772,0.3251,2.85,1,1.32,0.771,0
299.90868280642815,374.89,7.682659886484968,0.0282,2.32,0,0.0,0.721,0
154.21897394144892,192.77,1.204793691801893,0.4135,8.8,0,0.0,0.915,1
50.13533897742021,62.67,0.9656121033732056,0.1808,9.03,0,0.0,0.892,0
166.76240754801438,208.45,8.505577051866997,0.1128,1.49,0,0.0,0.858,0
67.86172974109398,84.83,2.2577384358251997,0.127,7.74,1,0.68,0.749,0
190.8938520228756,238.62,8.669418260791785,0.2989,1.33,0,0.0,0.691,0
281.2320524651777,351.54,1.425381374776442,0.0408,8.57,0,0.0,0.806,0
235.8595730505085,294.82,3.0845128065380956,0.0294,6.92,1,2.36,0.927,0
81.94910712571655,102.44,9.287387292602212,0.3138,0.71,1,0.82,0.83,1
89.05758748980213,111.32,8.397178330814729,0.491,1.6,0,0.0,0.988,0
20.786460927093607,25.98,0.5424264390551503,0.2417,9.46,0,0.0,0.606,1
85.76035069388321,107.2,4.4809751028516365,0.2066,5.52,0,0.0,0.999,1
27.787439903345167,34.73,9.098678421436103,0.4736,0.9,1,0.28,0.877,1
149.83461579769286,187.29,0.1475784212511399,0.1205,9.85,0,0.0,0.933,0
212.50412384947728,265.63,1.0731948676815573,0.1203,8.93,1,2.13,0.734,1
225.35434844974753,281.69,6.451958850455535,0.4526,3.55,0,0.0,0.803,1
17.858769674453722,22.32,1.0498348290230974,0.3235,8.95,0,0.0,0.919,1
101.98676947146062,127.48,4.488382511404103,0.0269,5.51,1,1.02,0.904,1
86.4515299642301,108.06,5.0782278191687045,0.337,4.92,1,0.86,0.734,1
31.29009689620038,39.11,8.602540635070385,0.41,1.4,0,0.0,0.73,0
108.74139327960172,135.93,9.57390820287017,0.137,0.43,1,1.09,0.865,0
89.79603274177083,112.25,5.122309479474788,0.1914,4.88,0,0.0,0.973,1
190.34976880178303,237.94,5.103603217049822,0.0988,4.9,0,0.0,0.776,1
264.9907991201139,331.24,7.267953384895708,0.3167,2.73,1,2.65,0.741,0
136.45251626196475,170.57,1.9250661664810853,0.3321,8.07,1,1.36,0.958,0
223.99955183004556,280.0,9.40858540639782,0.0343,0.59,0,0.0,0.873,0
43.80311013320228,54.75,0.0119892445316993,0.3389,9.99,1,0.44,0.755,1
268.4899135931594,335.61,0.0179387007228792,0.3292,9.98,1,2.68,0.623,1
45.77842146452768,57.22,6.256663618033472,0.0176,3.74,1,0.46,0.889,0
57.63035417981679,72.04,3.4148469228076825,0.2777,6.59,0,0.0,0.741,0
31.939141076302946,39.92,3.981152402980567,0.307,6.02,0,0.0,0.628,0
92.90385045616094,116.13,2.2143717585733356,0.2151,7.79,1,0.93,0.845,1
165.72313401465783,207.15,4.078023974152605,0.4507,5.92,1,1.66,0.729,0
296.39823342189806,370.5,8.279831434226898,0.1642,1.72,0,0.0,0.735,1
238.01041039726317,297.51,6.992494481902861,0.0336,3.01,0,0.0,0.792,1
114.1307408675946,142.66,0.9465375584306712,0.3359,9.05,0,0.0,0.887,1
172.75381737107114,215.94,0.5667983864715787,0.3026,9.43,0,0.0,0.711,0
186.99240928176232,233.74,5.061927974768582,0.4945,4.94,0,0.0,0.632,0
246.81816637420417,308.52,7.301609633663711,0.1157,2.7,1,2.47,0.77,1
220.93553562594016,276.17,6.644890690964182,0.1977,3.36,0,0.0,0.622,1
170.78733809134212,213.48,8.64114693706586,0.2306,1.36,0,0.0,0.879,1
200.754908111897,250.94,1.33264617858727,0.4308,8.67,1,2.01,0.984,1
223.7752832888699,279.72,6.0575263687778005,0.2073,3.94,1,2.24,0.864,1
39.943217740021296,49.93,7.660145473300027,0.3861,2.34,1,0.4,0.71,0
60.136638391613985,75.17,9.378407880301229,0.0785,0.62,0,0.0,0.673,1
206.57528667225503,258.22,1.0088303738469415,0.2049,8.99,1,2.07,0.693,0
255.1276685962896,318.91,2.396418507217862,0.0775,7.6,0,0.0,0.689,0
122.77868480993035,153.47,3.545914321628617,0.4748,6.45,1,1.23,0.726,0
293.9670967413618,367.46,5.407504250520415,0.0889,4.59,0,0.0,0.639,0
64.82151980201186,81.03,4.08612194406384,0.2095,5.91,1,0.65,0.958,0
125.00978461303166,156.26,8.611172840151745,0.0411,1.39,0,0.0,0.954,1
113.55691303897596,141.95,9.505269378820447,0.4607,0.49,0,0.0,0.846,1
279.0887822179287,348.86,0.7007865627221266,0.3119,9.3,0,0.0,0.625,0
85.61355527176185,107.02,6.996806323076504,0.4812,3.0,0,0.0,0.922,1
141.23723341266466,176.55,1.1427331874880942,0.0211,8.86,1,1.41,0.625,1
56.17015188459884,70.21,8.979551539368732,0.0875,1.02,1,0.56,0.643,1
156.37987156873314,195.47,1.4209854344521022,0.19,8.58,1,1.56,0.73,1
257.22125083907736,321.53,9.915112085490016,0.3107,0.08,0,0.0,0.773,1
91.21183856716924,114.01,4.27750211934311,0.1648,5.72,1,0.91,0.742,0
243.2376216488485,304.05,3.819368826507539,0.3559,6.18,1,2.43,0.666,0
273.3934746526878,341.74,5.862804843597465,0.0826,4.14,1,2.73,0.645,1
21.88736691436909,27.36,3.9435643649234366,0.3003,6.06,1,0.22,0.944,1
226.9273608957753,283.66,2.3469360667903127,0.199,7.65,0,0.0,0.745,1
76.60303084514725,95.75,6.291438441942256,0.2541,3.71,1,0.77,0.687,0
52.59829876098874,65.75,7.283635985600679,0.2848,2.72,0,0.0,0.795,0
180.3367176075108,225.42,9.45321605202606,0.0299,0.55,1,1.8,0.615,0
211.68078486860992,264.6,4.0911860757906195,0.462,5.91,0,0.0,0.84,0
118.42829572056414,148.04,7.057729355302871,0.393,2.94,1,1.18,0.699,0
11.752112124657176,14.69,8.336035165419347,0.2212,1.66,1,0.12,0.839,1
272.61135725903796,340.76,8.31383815868042,0.2737,1.69,0,0.0,0.846,1
219.22407505424852,274.03,0.3427013857978678,0.0163,9.66,1,2.19,0.924,1
81.5000420049044,101.88,3.557023200321864,0.249,6.44,1,0.82,0.692,0
149.05915672342198,186.32,0.1341835916627609,0.2132,9.87,0,0.0,0.785,1
8.337836990123403,10.42,5.590799207256321,0.1872,4.41,1,0.08,0.985,1
101.78483454178256,127.23,8.65090426100416,0.4077,1.35,0,0.0,0.891,0
156.7605706755355,195.95,8.14918033538338,0.091,1.85,0,0.0,0.99,1
155.16708453487504,193.96,8.112495727063342,0.0882,1.89,0,0.0,0.971,1
62.45546340256234,78.07,3.5183599783748596,0.2608,6.48,1,0.62,0.844,0
233.0242098551672,291.28,0.4632965482070961,0.3436,9.54,1,2.33,0.706,1
89.65864755799304,112.07,1.724177216537356,0.0112,8.28,1,0.9,0.903,1
174.12300695339178,217.65,6.706913590081748,0.2729,3.29,1,1.74,0.879,0
81.45666766139243,101.82,1.3384279446704428,0.1493,8.66,1,0.81,0.836,1
127.55036189603103,159.44,1.2532836775372735,0.3784,8.75,1,1.28,0.879,1
62.25438757506907,77.82,3.5367523911272523,0.2344,6.46,1,0.62,0.845,1
189.9023377596115,237.38,0.9453482792954104,0.417,9.05,1,1.9,0.808,0
127.6753080424052,159.59,3.2978414214512553,0.1985,6.7,0,0.0,0.766,1
4.835191346329282,6.04,9.69692653724781,0.4135,0.3,0,0.0,0.618,1
8.449498205029826,10.56,0.1995110878476447,0.3583,9.8,0,0.0,0.946,0
141.34029554142666,176.68,8.305428072183648,0.4141,1.69,1,1.41,0.946,1
54.96776007160631,68.71,9.936216630143717,0.4062,0.06,1,0.55,0.838,1
175.5126144434227,219.39,4.3640527411765575,0.2432,5.64,0,0.0,0.707,1
122.4575345316064,153.07,9.43055368743049,0.184,0.57,0,0.0,0.611,1
196.3259506619168,245.41,2.611448684773628,0.3826,7.39,0,0.0,0.601,1
285.7185522191855,357.15,9.82297301249216,0.1808,0.18,0,0.0,0.629,1
158.6208404385761,198.28,8.615513109431834,0.0447,1.38,1,1.59,0.744,1
236.2135810770299,295.27,8.846975700428652,0.4294,1.15,1,2.36,0.675,0
225.91229889478117,282.39,1.3039835881478368,0.1986,8.7,1,2.26,0.706,0
276.5373312971596,345.67,8.700624178454376,0.0663,1.3,1,2.77,0.88,0
64.20536017140186,80.26,9.418229906707294,0.3232,0.58,0,0.0,0.984,1
248.19809123548225,310.25,8.190479790999953,0.4449,1.81,1,2.48,0.683,1
271.65611355140607,339.57,0.9136402324708748,0.4305,9.09,0,0.0,0.786,0
117.8288942842733,147.29,0.8477663240547428,0.2772,9.15,1,1.18,0.997,0
94.14485837969043,117.68,3.5760599362658496,0.044,6.42,0,0.0,0.973,0
285.61077290348635,357.01,7.0492566730886,0.3483,2.95,1,2.86,0.741,0
188.2898466416604,235.36,0.1245282816716586,0.3044,9.88,0,0.0,0.728,1
114.20294557244053,142.75,9.50645746196961,0.1051,0.49,0,0.0,0.697,0
237.54831627948903,296.94,5.254492661134334,0.4503,4.75,1,2.38,0.662,0
91.34217048471452,114.18,3.583724426835599,0.0433,6.42,1,0.91,0.784,0
52.92227582095862,66.15,5.612289291905449,0.1865,4.39,0,0.0,0.736,1
163.19089073931167,203.99,7.157861966738137,0.0473,2.84,0,0.0,0.898,0
169.86361347318103,212.33,2.7327908773252316,0.456,7.27,0,0.0,0.695,0
247.7239446802014,309.65,2.911236472278631,0.0177,7.09,0,0.0,0.895,0
137.108206506129,171.39,4.681768499123523,0.2129,5.32,0,0.0,0.715,0
244.37596185160243,305.47,6.699307265601878,0.4309,3.3,0,0.0,0.837,0
93.39680380450154,116.75,7.063703349217948,0.1257,2.94,0,0.0,0.855,1
172.61046065333758,215.76,3.240566394236403,0.0525,6.76,0,0.0,0.869,1
62.54183367021474,78.18,3.224915594482006,0.0635,6.78,1,0.63,0.67,0
115.63378527497892,144.54,4.871087461730789,0.2025,5.13,1,1.16,0.713,0
257.26190934985533,321.58,5.419217005994222,0.2143,4.58,0,0.0,0.698,0
64.79645803072651,81.0,6.4941413493927165,0.359,3.51,1,0.65,0.83,0
243.07183886978032,303.84,6.177096816998916,0.119,3.82,1,2.43,0.63,1
84.86149735422185,106.08,3.7251788400668984,0.3509,6.27,1,0.85,0.807,0
10.346915903836107,12.93,2.968867902664986,0.4995,7.03,0,0.0,0.635,0
32.980371017053876,41.23,3.0792119113128056,0.4321,6.92,0,0.0,0.735,1
223.76386359623643,279.7,6.4540105770347385,0.3178,3.55,1,2.24,0.875,0
78.62127795064447,98.28,4.331475543813502,0.47,5.67,1,0.79,0.765,1
196.2436776723817,245.3,1.3434936229674457,0.4956,8.66,0,0.0,0.712,0
209.7596708271699,262.2,0.0592305912625268,0.2851,9.94,0,0.0,0.846,1
103.53553933040546,129.42,0.2967736406566745,0.1368,9.7,0,0.0,0.896,1
142.47569616334206,178.09,8.67516347099061,0.4575,1.32,1,1.42,0.702,1
121.13012713674318,151.41,4.578272113804717,0.4221,5.42,0,0.0,0.72,1
284.2046989063602,355.26,6.574272039930777,0.0423,3.43,1,2.84,0.856,1
95.9846587054762,119.98,9.29037496128832,0.4682,0.71,1,0.96,0.986,0
54.99691266748823,68.75,1.2627985407635378,0.1831,8.74,1,0.55,0.686,0
109.67785286267348,137.1,4.476158953822436,0.161,5.52,0,0.0,0.862,1
200.85471228060365,251.07,5.390673968786479,0.1716,4.61,1,2.01,0.963,0
209.20880710843957,261.51,8.415349072337763,0.16,1.58,1,2.09,0.785,0
277.21719460800205,346.52,9.937184246216288,0.258,0.06,0,0.0,0.727,0
264.52634546274277,330.66,7.116784866578242,0.2899,2.88,1,2.65,0.867,0
86.49615612518265,108.12,6.418341029935552,0.2128,3.58,0,0.0,0.613,0
136.54897469027892,170.69,9.203125293738946,0.2063,0.8,0,0.0,0.744,1
224.18069645503024,280.23,8.37380912950113,0.3687,1.63,1,2.24,0.703,1
274.9611841806075,343.7,8.650441645445747,0.0015,1.35,0,0.0,0.69,1
101.14950385706754,126.44,0.0270572467036744,0.4734,9.97,1,1.01,0.672,1
133.33243025309878,166.67,5.144320915365168,0.3572,4.86,0,0.0,0.895,1
269.84348113608263,337.3,7.827285673853216,0.3536,2.17,0,0.0,0.982,1
107.5451619475268,134.43,1.8145712247569956,0.211,8.19,1,1.08,0.754,1
144.15389585752072,180.19,7.514522916030558,0.4829,2.49,1,1.44,0.62,0
271.3512423654237,339.19,0.091601516523796,0.0002,9.91,1,2.71,0.888,1
240.67296539695445,300.84,5.7516669112474395,0.0382,4.25,0,0.0,0.815,1
73.02927750294084,91.29,8.513281199933413,0.402,1.49,0,0.0,0.889,1
97.43851962358,121.8,4.313483582253463,0.3694,5.69,0,0.0,0.859,1
105.88761823780172,132.36,7.394525277159709,0.1357,2.61,1,1.06,0.962,1
273.8215420293179,342.28,5.303986699108694,0.2974,4.7,0,0.0,0.656,0
299.6801211313617,374.6,6.472909784202843,0.266,3.53,1,3.0,0.668,1
232.20129064663195,290.25,5.166679158755233,0.2636,4.83,0,0.0,0.737,0
145.29789074805197,181.62,4.758367432659001,0.2978,5.24,1,1.45,0.797,0
3.0521454202436904,3.82,8.41626579613212,0.4969,1.58,0,0.0,0.97,1
209.2464169793872,261.56,0.9274318558907946,0.4937,9.07,1,2.09,0.963,0
116.8083493493354,146.01,5.84651285351031,0.4908,4.15,0,0.0,0.949,1
189.89594106858164,237.37,1.148104877978019,0.2743,8.85,0,0.0,0.689,1
182.00818903872863,227.51,5.628079116451016,0.159,4.37,1,1.82,0.892,1
144.2496169723162,180.31,9.635960426817224,0.2801,0.36,0,0.0,0.753,1
283.31621931789687,354.15,0.570978910112987,0.3113,9.43,0,0.0,0.972,0
6.943903606602497,8.68,4.2200680319639305,0.1557,5.78,0,0.0,0.686,1
213.6397453417765,267.05,8.019712002760803,0.3164,1.98,1,2.14,0.657,0
122.9519604898638,153.69,3.6969156837030894,0.311,6.3,1,1.23,0.937,0
214.13713514748335,267.67,5.203147674640011,0.4517,4.8,1,2.14,0.887,0
202.5658942618896,253.21,1.1470780688144822,0.1188,8.85,1,2.03,0.929,1
3.071400772798616,3.84,2.230732752393918,0.3488,7.77,0,0.0,0.663,1
85.60154855240137,107.0,6.864252054507757,0.2254,3.14,1,0.86,0.954,1
56.72745615113413,70.91,8.285875540145932,0.065,1.71,0,0.0,0.871,1
50.095905882747694,62.62,6.464563496658862,0.1581,3.54,1,0.5,0.861,1
218.54300523633984,273.18,8.369208794785624,0.0286,1.63,0,0.0,0.833,1
71.86540472793737,89.83,6.056574671741977,0.1597,3.94,1,0.72,0.906,1
142.42128449619025,178.03,8.102082089353827,0.0345,1.9,0,0.0,0.766,1
74.09669858570386,92.62,9.828868009369462,0.4627,0.17,1,0.74,0.653,0
174.07014703059895,217.59,0.8282473413794122,0.0509,9.17,1,1.74,0.816,1
216.1721304179904,270.22,4.796496301297099,0.4087,5.2,0,0.0,0.899,1
99.32242160945296,124.15,1.898926663527225,0.4531,8.1,0,0.0,0.661,1
180.9062544861366,226.13,4.652285476146202,0.2338,5.35,1,1.81,0.69,0
247.4564323241217,309.32,4.995867448318549,0.027,5.0,1,2.47,0.879,0
28.2672855493475,35.33,6.21921276205751,0.2979,3.78,0,0.0,0.708,0
213.20117971238136,266.5,4.392979869831915,0.1174,5.61,0,0.0,0.668,0
96.94348333061409,121.18,3.2471242776220133,0.0883,6.75,1,0.97,0.956,1
36.794986957483275,45.99,0.4316829539245592,0.2834,9.57,0,0.0,0.664,1
163.69626228430465,204.62,0.3479353370297933,0.1782,9.65,1,1.64,0.738,1
67.87869578031953,84.85,1.7500835179598129,0.3652,8.25,1,0.68,0.771,1
246.4085378007473,308.01,4.48986409721693,0.2956,5.51,0,0.0,0.79,1
12.868772859322842,16.09,4.175160362579643,0.4147,5.82,0,0.0,0.745,1
29.59586888126924,36.99,1.9069549397230168,0.0292,8.09,1,0.3,0.965,1
156.29883779574507,195.37,8.223395717796922,0.1175,1.78,1,1.56,0.863,1
176.68253522308703,220.85,6.834932116618194,0.2835,3.17,0,0.0,0.744,0
218.96599935682408,273.71,3.4316498158411157,0.4402,6.57,0,0.0,0.743,0
77.77821847565815,97.22,7.969675520109653,0.4067,2.03,1,0.78,0.801,1
252.52812246398753,315.66,9.892459055414966,0.3398,0.11,0,0.0,0.613,0
285.9427019321349,357.43,2.450424237783068,0.287,7.55,1,2.86,0.971,1
149.71179107845907,187.14,3.6258990583705417,0.3157,6.37,0,0.0,0.689,1
228.15940949094036,285.2,9.928982521122116,0.1068,0.07,0,0.0,0.879,0
157.45450636313782,196.82,1.3788257130542736,0.2976,8.62,1,1.57,0.911,0
20.840108823663183,26.05,0.7718776332617172,0.2469,9.23,0,0.0,0.931,1
97.83345385278632,122.29,5.2099116030791714,0.1922,4.79,1,0.98,0.666,0
26.2460068881045,32.81,4.684291028176325,0.4439,5.32,1,0.26,0.815,0
296.66373577650404,370.83,0.7828874697913502,0.4147,9.22,1,2.97,0.633,0
68.70777362201316,85.88,2.900360230212816,0.0384,7.1,1,0.69,0.922,1
190.7701258247156,238.46,4.189366632544735,0.4929,5.81,1,1.91,0.795,0
85.3035305834812,106.63,8.222096215636364,0.115,1.78,1,0.85,0.663,0
195.97386460677777,244.97,7.0784235415391805,0.1077,2.92,0,0.0,0.887,0
63.12050726114473,78.9,9.145266384595228,0.4719,0.85,0,0.0,0.732,0
235.58101977302235,294.48,3.324999369680527,0.2224,6.68,1,2.36,0.646,1
33.24348085099065,41.55,3.0937842250050043,0.4027,6.91,1,0.33,0.784,0
268.54512002708407,335.68,4.631817007777869,0.1441,5.37,1,2.69,0.694,1
252.12650776223833,315.16,0.075281369071235,0.4366,9.92,0,0.0,0.98,0
203.64220309151568,254.55,2.073200880819398,0.4162,7.93,0,0.0,0.745,0
20.224388142854355,25.28,2.114711102161071,0.2597,7.89,0,0.0,0.829,1
62.5707084986785,78.21,0.6109003310945504,0.3525,9.39,1,0.63,0.979,1
257.80847870732276,322.26,4.551306897236813,0.482,5.45,1,2.58,0.757,1
36.59233029077854,45.74,9.055202053067452,0.226,0.94,0,0.0,0.743,0
46.77962889240602,58.47,0.0403041653448676,0.2471,9.96,1,0.47,0.665,1
163.20099712665623,204.0,6.28414666712257,0.3614,3.72,0,0.0,0.975,0
82.25323190230311,102.82,8.793327178468235,0.1932,1.21,0,0.0,0.92,0
66.62270998317885,83.28,1.075211026199102,0.4806,8.92,0,0.0,0.688,0
172.74402955445416,215.93,9.172582831278852,0.0202,0.83,1,1.73,0.733,1
111.77300293740872,139.72,8.185216434647636,0.2017,1.81,0,0.0,0.966,1
42.16796903090062,52.71,2.145713449138701,0.3569,7.85,1,0.42,0.815,1
160.45613026363932,200.57,9.05343575594159,0.2147,0.95,1,1.6,0.823,1
116.10372098358684,145.13,8.040157862488417,0.1296,1.96,1,1.16,0.859,1
220.3550322821308,275.44,1.1138909293546662,0.2067,8.89,1,2.2,0.905,1
30.82663269617676,38.53,8.305994473553174,0.4408,1.69,0,0.0,0.976,0
186.18397318379215,232.73,5.421829386993777,0.2735,4.58,0,0.0,0.921,0
130.94799808297432,163.68,8.159599085012466,0.1676,1.84,1,1.31,0.974,0
121.81856251572124,152.27,6.176649968664013,0.3358,3.82,0,0.0,0.928,1
69.68630640250237,87.11,3.9185700848145744,0.3059,6.08,0,0.0,0.619,0
9.127808460813336,11.41,6.011404695324961,0.2802,3.99,0,0.0,0.647,1
254.30675830939364,317.88,6.361807406635489,0.1956,3.64,0,0.0,0.954,0
97.92302581032776,122.4,7.662061475869146,0.0361,2.34,0,0.0,0.611,0
204.32731191895417,255.41,8.30681758537759,0.3104,1.69,1,2.04,0.918,1
284.2762199330122,355.35,6.632106688780471,0.2099,3.37,1,2.84,0.94,0
169.49708942463948,211.87,9.896482090680172,0.2144,0.1,0,0.0,0.766,0
119.14407075595987,148.93,7.785509388472289,0.117,2.21,1,1.19,0.742,1
80.48206990461111,100.6,9.107649988387523,0.1247,0.89,1,0.8,0.678,1
280.21313779424804,350.27,3.1949433336464974,0.3937,6.81,1,2.8,0.62,0
204.6230454153429,255.78,3.1622743211258975,0.2397,6.84,0,0.0,0.898,0
199.58441797696787,249.48,3.623350762163681,0.0546,6.38,0,0.0,0.629,1
127.84749754358307,159.81,4.397162893397191,0.0229,5.6,1,1.28,0.978,0
253.5146138602292,316.89,9.614001350270543,0.1124,0.39,1,2.54,0.719,0
214.10165610284616,267.63,0.7353121934231777,0.2437,9.26,0,0.0,0.918,1
84.95498153430484,106.19,4.984435796936118,0.3086,5.02,1,0.85,0.624,1
179.8735980075144,224.84,1.611605216268247,0.0718,8.39,1,1.8,0.815,0
129.05818638037968,161.32,8.108933654192047,0.2169,1.89,0,0.0,0.74,0
1.9770488489139093,2.47,0.3114426801096304,0.0363,9.69,0,0.0,0.612,1
242.2870294505392,302.86,4.55144257165554,0.0189,5.45,1,2.42,0.862,0
36.84910467591024,46.06,3.9474102292625144,0.4317,6.05,1,0.37,0.977,1
152.98635180078423,191.23,0.9218099000079184,0.3292,9.08,0,0.0,0.604,0
100.86785792544468,126.08,3.767189502616563,0.3905,6.23,0,0.0,0.708,1
102.62671236020326,128.28,8.090304980256466,0.0909,1.91,0,0.0,0.881,1
143.2094650241424,179.01,1.3747465337430351,0.1611,8.63,0,0.0,0.949,1
299.1069312059235,373.88,9.835057563020332,0.2219,0.16,1,2.99,0.676,0
122.51390418944274,153.14,0.584543451302153,0.329,9.42,0,0.0,0.628,0
54.69876894497172,68.37,2.891027731573377,0.2674,7.11,1,0.55,0.603,1
184.0819014148107,230.1,7.748991141977307,0.2757,2.25,1,1.84,0.686,1
70.88631241185638,88.61,3.5752128284449247,0.0785,6.42,1,0.71,0.629,0
31.664741013885124,39.58,4.803534894045873,0.2374,5.2,0,0.0,0.744,0
15.052251619778731,18.82,1.8665851143025205,0.4119,8.13,1,0.15,0.776,1
6.864382205905162,8.58,7.154958821562769,0.2547,2.85,1,0.07,0.792,1
129.34939449331912,161.69,1.7954161291048176,0.0999,8.2,0,0.0,0.657,0
128.0177339620181,160.02,8.487310970845371,0.2067,1.51,1,1.28,0.786,1
55.66362002338588,69.58,5.39499545296043,0.3774,4.61,1,0.56,0.604,0
235.2057161313628,294.01,5.481568289756119,0.0675,4.52,0,0.0,0.696,1
38.78118837596362,48.48,9.3351159224206,0.2902,0.66,1,0.39,0.748,0
274.5951577917907,343.24,7.729995812545662,0.4827,2.27,0,0.0,0.647,0
176.27279329298173,220.34,7.431394864679241,0.1902,2.57,0,0.0,0.926,0
8.284912831478886,10.36,8.580401662109294,0.0218,1.42,1,0.08,0.68,0
288.89178772281497,361.11,0.91817283805107,0.3166,9.08,1,2.89,0.902,1
92.38237786375608,115.48,7.260443629471418,0.0236,2.74,1,0.92,0.79,1
134.99248787335603,168.74,2.332079131024769,0.0958,7.67,0,0.0,0.792,1
85.28060789836564,106.6,2.8094634072877236,0.0242,7.19,1,0.85,0.858,1
218.52638941013325,273.16,0.1514613723144242,0.0853,9.85,0,0.0,0.618,1
145.7040662158616,182.13,8.937210632455795,0.4275,1.06,1,1.46,0.632,0
39.71188782075078,49.64,7.391129321080172,0.3674,2.61,0,0.0,0.731,1
31.261185707836137,39.08,1.3928713113551328,0.1709,8.61,0,0.0,0.767,0
217.6126239973724,272.02,3.2792320331577884,0.4486,6.72,0,0.0,0.772,1
71.12442147938145,88.91,4.799328670636674,0.3326,5.2,1,0.71,0.871,1
41.33801239154175,51.67,4.939107822426902,0.2239,5.06,0,0.0,0.6,0
149.82827909935284,187.29,5.956539407436364,0.0342,4.04,0,0.0,0.984,1
240.8295862608912,301.04,4.7218370972853805,0.3654,5.28,0,0.0,0.67,1
83.63482376193913,104.54,6.4864531566874595,0.1878,3.51,1,0.84,0.699,1
82.92948351024233,103.66,8.838707959794345,0.1514,1.16,0,0.0,0.962,1
250.16437807811303,312.71,3.980725552206501,0.1441,6.02,0,0.0,0.602,1
44.350138370634795,55.44,8.767109193908585,0.0039,1.23,1,0.44,0.997,0
185.01827753596416,231.27,2.196102160019783,0.3713,7.8,0,0.0,0.614,0
286.50404489477563,358.13,1.2138132506227062,0.0727,8.79,0,0.0,0.648,0
252.39094487319227,315.49,2.394012966115601,0.2603,7.61,1,2.52,0.696,0
18.544570133918757,23.18,2.0659265502831694,0.008,7.93,1,0.19,0.775,0
95.97326296848765,119.97,9.850790834495736,0.3139,0.15,0,0.0,0.807,1
42.712339677784904,53.39,3.8105372644490343,0.1847,6.19,0,0.0,0.642,1
284.7721913061419,355.97,6.514732689346843,0.3154,3.49,0,0.0,0.629,0
295.78246986662435,369.73,6.960526529884028,0.0449,3.04,1,2.96,0.613,1
70.49790616201138,88.12,4.452086227312777,0.1332,5.55,1,0.7,0.703,1
200.90971344862575,251.14,2.2357173478824723,0.0552,7.76,1,2.01,0.969,1
252.4895196141355,315.61,4.3809801348871495,0.323,5.62,1,2.52,0.756,0
70.10408532434296,87.63,4.737608863064389,0.0543,5.26,1,0.7,0.906,1
56.30419029629324,70.38,9.540076899205491,0.3086,0.46,1,0.56,0.676,1
3.363306974184088,4.2,5.68623705036109,0.0673,4.31,1,0.03,0.626,0
123.58873708245775,154.49,9.698726053410514,0.4717,0.3,1,1.24,0.822,1
269.8312387184149,337.29,5.767126490246149,0.2082,4.23,0,0.0,0.929,1
270.89389471690464,338.62,1.4499801560758996,0.0633,8.55,1,2.71,0.959,1
38.32293825270489,47.9,3.843766382250049,0.0209,6.16,1,0.38,0.818,0
61.30574415851848,76.63,7.923133259374322,0.1647,2.08,1,0.61,0.718,0
122.41419928036008,153.02,4.216222678750576,0.4457,5.78,0,0.0,0.644,0
234.1873635491106,292.73,0.9973384484161784,0.0719,9.0,1,2.34,0.867,1
183.55544505951855,229.44,0.9607616058807776,0.3954,9.04,0,0.0,0.712,1
154.15492305606492,192.69,2.370647560580953,0.2087,7.63,0,0.0,0.938,1
177.57956526678095,221.97,5.64771783655421,0.4015,4.35,0,0.0,0.842,1
28.859908140688994,36.07,8.301549770996777,0.4371,1.7,1,0.29,0.944,0
143.2990926764721,179.12,5.33712748836934,0.4989,4.66,1,1.43,0.827,1
297.6189868617385,372.02,7.460803866727954,0.0341,2.54,1,2.98,0.909,1
26.533844081726343,33.17,6.455931035555189,0.3982,3.54,1,0.27,0.718,0
155.7740032904659,194.72,5.240991851430827,0.0348,4.76,0,0.0,0.801,1
88.69477849721238,110.87,2.1480792729199516,0.1574,7.85,1,0.89,0.608,1
161.9739890585877,202.47,8.831685396886423,0.3231,1.17,0,0.0,0.843,1
172.145628010124,215.18,2.757153971469528,0.2236,7.24,0,0.0,0.813,0
173.24186943584277,216.55,2.5281992995543345,0.2826,7.47,1,1.73,0.902,1
255.66263559326595,319.58,2.577976245042345,0.4831,7.42,0,0.0,0.892,0
116.92422440209828,146.16,0.9568544835794456,0.4093,9.04,0,0.0,0.851,1
154.90624879994877,193.63,4.9865404090462935,0.1818,5.01,0,0.0,0.623,0
3.278519690324566,4.1,3.2753028770951245,0.3,6.72,0,0.0,0.961,1
236.86518047393,296.08,5.219419810615609,0.0242,4.78,0,0.0,0.607,0
77.84631221275588,97.31,4.531153811392698,0.2264,5.47,0,0.0,0.921,1
244.9665072121549,306.21,5.197918058166841,0.3042,4.8,1,2.45,0.792,0
79.69159991409515,99.61,2.976533518877297,0.3574,7.02,1,0.8,0.927,0
3.2365488787476693,4.05,8.151381130260955,0.4508,1.85,1,0.03,0.786,0
46.449395458034026,58.06,5.341930009163555,0.1415,4.66,0,0.0,0.859,1
295.7048707716504,369.63,2.084346689589452,0.4511,7.92,1,2.96,0.745,0
95.94037378439656,119.93,9.018037002508482,0.3308,0.98,0,0.0,0.897,0
32.64717060382415,40.81,1.0945510083365584,0.0388,8.91,0,0.0,0.702,1
35.62764108772516,44.53,7.334344809016331,0.1902,2.67,0,0.0,0.888,0
93.10281421716714,116.38,6.7844840477077355,0.2383,3.22,1,0.93,0.677,0
11.293512335028913,14.12,0.7285892257024396,0.1762,9.27,1,0.11,0.889,0
153.44657643658613,191.81,9.015076153454496,0.058,0.98,1,1.53,0.717,1
64.12227464679606,80.15,3.1631242178177352,0.2758,6.84,0,0.0,0.711,0
155.79319241906165,194.74,7.408950156146018,0.0659,2.59,0,0.0,0.925,1
42.22926560976605,52.79,2.7700158585084256,0.4575,7.23,0,0.0,0.925,1
128.9571687052477,161.2,5.256917431475462,0.4326,4.74,1,1.29,0.877,0
179.37505752037336,224.22,9.72333613812085,0.2376,0.28,1,1.79,0.97,0
18.599981501432406,23.25,6.107764098681804,0.0339,3.89,0,0.0,0.662,1
119.62479277531756,149.53,2.9632276146048597,0.2761,7.04,0,0.0,0.708,0
90.75714629690631,113.45,4.583771464077431,0.2961,5.42,1,0.91,0.718,0
72.10794494659021,90.13,6.7604115108148966,0.4442,3.24,1,0.72,0.722,1
181.36038782534897,226.7,4.451888955160576,0.0338,5.55,0,0.0,0.731,0
176.5625957296222,220.7,9.107485623653703,0.3461,0.89,1,1.77,0.879,1
189.20994200330807,236.51,8.674607363964899,0.2814,1.33,1,1.89,0.708,1
47.664801129756405,59.58,1.4681017696052356,0.0874,8.53,1,0.48,0.714,0
85.71277345869832,107.14,7.849408940633942,0.0609,2.15,0,0.0,0.828,0
62.90363339852362,78.63,9.424149119587709,0.347,0.58,0,0.0,0.677,1
162.15108149935256,202.69,3.1690822437498967,0.1699,6.83,0,0.0,0.746,1
138.3197067628849,172.9,2.382197139544917,0.5,7.62,0,0.0,0.623,1
99.088121277825,123.86,0.0958874630687944,0.447,9.9,1,0.99,0.981,1
235.80444266052993,294.76,1.1565743554470709,0.2829,8.84,0,0.0,0.727,0
28.19212332251484,35.24,9.60913070958255,0.3209,0.39,0,0.0,0.94,0
292.46900662669265,365.59,3.911216277375374,0.0794,6.09,1,2.92,0.812,0
34.96322334459562,43.7,3.873415394586493,0.447,6.13,1,0.35,0.691,0
231.9212437705108,289.9,2.6667891799477172,0.2295,7.33,1,2.32,0.677,0
110.46905674824956,138.09,1.640589106840905,0.2607,8.36,1,1.1,0.878,1
259.5786687395417,324.47,5.087901909482633,0.4366,4.91,0,0.0,0.986,1
22.250984635248617,27.81,7.231876565842441,0.0031,2.77,0,0.0,0.673,0
112.41651305770134,140.52,5.507953336011713,0.2472,4.49,0,0.0,0.646,0
100.63302195007088,125.79,0.3545023695187921,0.3134,9.65,1,1.01,0.755,1
297.9471114676606,372.43,8.034696409636672,0.0797,1.97,1,2.98,0.758,1
295.66469846688767,369.58,9.31594151694292,0.0342,0.68,1,2.96,0.923,0
56.9411875999164,71.18,4.403767408074209,0.2675,5.6,0,0.0,0.788,0
188.9840882095017,236.23,3.664645527996606,0.2738,6.34,1,1.89,0.625,0
160.65582597328205,200.82,2.2985401055599852,0.1651,7.7,0,0.0,0.968,0
46.31204737222162,57.89,3.018702998372799,0.4411,6.98,0,0.0,0.749,1
50.333911831326915,62.92,6.444475075898467,0.1505,3.56,1,0.5,0.867,1
296.7755185438664,370.97,7.701461278628744,0.2582,2.3,0,0.0,0.867,1
135.8189980862798,169.77,3.322157363473396,0.0934,6.68,1,1.36,0.623,0
37.74038760002205,47.18,3.3967262337795323,0.0056,6.6,0,0.0,0.601,0
64.43701162177629,80.55,4.511013197023896,0.213,5.49,0,0.0,0.635,1
80.5044201745649,100.63,1.702027765196945,0.2635,8.3,1,0.81,0.983,0
153.2751789955858,191.59,9.27208188177071,0.3823,0.73,1,1.53,0.918,0
100.6644388518928,125.83,7.054560684534515,0.2244,2.95,1,1.01,0.653,1
136.50353576697628,170.63,4.33583428274451,0.1394,5.66,0,0.0,0.846,0
49.94986533040881,62.44,1.2227251188894417,0.3021,8.78,0,0.0,0.845,0
98.01860717625186,122.52,8.488255482246679,0.1906,1.51,0,0.0,0.6,0
21.09497781532621,26.37,4.83714344976804,0.1167,5.16,0,0.0,0.772,0
266.91308204275464,333.64,7.968828840523462,0.4552,2.03,1,2.67,0.885,1
59.62574315057347,74.53,0.3339408725084891,0.2683,9.67,0,0.0,0.675,0
227.07004062862163,283.84,2.7365409628195483,0.1002,7.26,0,0.0,0.94,1
104.8655364610038,131.08,6.220953766914041,0.3355,3.78,0,0.0,0.864,0
142.319195681938,177.9,4.879233212276689,0.4015,5.12,0,0.0,0.603,1
87.37831183836805,109.22,2.9507197797663087,0.3793,7.05,0,0.0,0.942,1
208.93238133221095,261.17,2.011302374758185,0.2998,7.99,1,2.09,0.608,1
253.36392578241225,316.7,3.0181332915048253,0.2598,6.98,0,0.0,0.955,0
85.88105542187643,107.35,7.423394008768032,0.3887,2.58,0,0.0,0.733,0
72.66529309907773,90.83,1.8370735050130549,0.3541,8.16,1,0.73,0.879,0
204.43207963916907,255.54,5.938132076422074,0.2857,4.06,0,0.0,0.915,0
58.545918170316256,73.18,4.236808334326603,0.3289,5.76,1,0.59,0.713,1
191.95192968293168,239.94,7.630379038607416,0.0843,2.37,1,1.92,0.743,1
28.32842390809066,35.41,2.0161852261891964,0.01,7.98,1,0.28,0.804,1
186.04114798820615,232.55,2.700895762368006,0.4656,7.3,0,0.0,0.833,1
154.02202020312993,192.53,3.986875319088483,0.4676,6.01,0,0.0,0.717,0
34.171714672892506,42.71,1.665756087060637,0.394,8.33,1,0.34,0.997,0
194.7310904593799,243.41,4.611947721447443,0.1862,5.39,1,1.95,0.895,0
133.96714711022275,167.46,4.160508081501579,0.0754,5.84,0,0.0,0.71,0
65.13451524512571,81.42,9.900855442807112,0.1787,0.1,1,0.65,0.856,1
106.0152467106532,132.52,5.938637092780872,0.3631,4.06,1,1.06,0.774,1
147.6306316916789,184.54,0.6946202510714716,0.1676,9.31,1,1.48,0.944,0
27.4662681793146,34.33,4.599416475170336,0.398,5.4,1,0.27,0.732,0
287.2828449385063,359.1,8.785015307431554,0.3365,1.21,1,2.87,0.675,1
199.66864686363635,249.59,8.66767587389204,0.315,1.33,0,0.0,0.618,0
30.7604943863088,38.45,9.618052198709156,0.4651,0.38,1,0.31,0.994,1
246.85865529853783,308.57,8.942308668532412,0.4467,1.06,0,0.0,0.744,1
96.76647928384362,120.96,1.7629970151435548,0.3558,8.24,0,0.0,0.688,1
179.03986101395515,223.8,0.0357027449307034,0.0996,9.96,1,1.79,0.797,0
83.14285247387197,103.93,6.162526892361183,0.4695,3.84,1,0.83,0.717,0
220.02178347438215,275.03,7.024443668399497,0.1136,2.98,1,2.2,0.693,1
216.9026925000307,271.13,1.312121500010761,0.1863,8.69,0,0.0,0.847,1
165.61303706172538,207.02,1.6683529919818696,0.4134,8.33,0,0.0,0.63,1
72.27767774147343,90.35,9.630765633887007,0.1043,0.37,1,0.72,0.804,0
76.11114225364365,95.14,9.438332547452584,0.3193,0.56,1,0.76,0.755,1
114.85883900848287,143.57,1.56971548699678,0.2289,8.43,0,0.0,0.813,0
43.50365021888559,54.38,2.470084042666775,0.312,7.53,0,0.0,0.728,0
101.29671395727708,126.62,8.92113662021926,0.479,1.08,0,0.0,0.828,0
205.30638037449376,256.63,4.349933306333682,0.4042,5.65,1,2.05,0.633,1
249.25358401782637,311.57,7.980726258613222,0.1479,2.02,1,2.49,0.75,0
99.77468714800844,124.72,3.9598603075930097,0.0286,6.04,1,1.0,0.695,0
70.07707747630919,87.6,7.363829153080951,0.4835,2.64,1,0.7,0.775,1
249.7927735005403,312.24,3.9682580305342063,0.2926,6.03,0,0.0,0.759,1
267.21120821577637,334.01,8.991790949245622,0.0866,1.01,1,2.67,0.852,1
123.0064569936193,153.76,3.255726790386321,0.3136,6.74,1,1.23,0.852,0
8.071246154890154,10.09,5.231181319941288,0.0211,4.77,0,0.0,0.765,0
208.48848626824557,260.61,5.217559077272106,0.0938,4.78,1,2.08,0.673,1
235.20997085493883,294.01,6.48871378617277,0.3163,3.51,0,0.0,0.833,0
5.407275949332069,6.76,3.0670004456317432,0.2012,6.93,0,0.0,0.987,0
178.50925600245395,223.14,6.426605072649831,0.1625,3.57,0,0.0,0.674,0
176.5106274732525,220.64,1.4103581954443078,0.3277,8.59,0,0.0,0.628,1
113.61237262437422,142.02,8.936135233121309,0.4332,1.06,0,0.0,0.706,1
224.93019775525133,281.16,1.4417348756113113,0.3393,8.56,0,0.0,0.765,1
128.4537114343082,160.57,8.402949347783524,0.2317,1.6,1,1.28,0.722,0
203.0327855374092,253.79,6.9314806938380755,0.3294,3.07,0,0.0,0.934,0
155.13519139054557,193.92,3.4106707251747226,0.3478,6.59,1,1.55,0.797,1
74.53938141085318,93.17,3.274332379284801,0.3875,6.73,1,0.75,0.698,1
181.95025890303953,227.44,9.660450740822316,0.1535,0.34,1,1.82,0.98,0
221.0725484537525,276.34,1.9498386222368824,0.0572,8.05,1,2.21,0.65,0
292.17170203110106,365.21,7.229587654330322,0.3409,2.77,0,0.0,0.649,0
114.03268404072404,142.54,1.8368230025637244,0.0605,8.16,0,0.0,0.698,0
19.341763399905332,24.18,9.053975206205353,0.231,0.95,1,0.19,0.631,0
296.3913663664056,370.49,7.419390049014282,0.1154,2.58,0,0.0,0.901,0
187.14199782766087,233.93,9.327046885139367,0.166,0.67,0,0.0,0.725,0
283.93513744823076,354.92,8.79107712617902,0.2353,1.21,0,0.0,0.892,0
31.1481258033358,38.94,5.494988836328507,0.4481,4.51,0,0.0,0.905,1
102.61015196113728,128.26,1.5222910928787825,0.3402,8.48,0,0.0,0.695,1
40.18100966181729,50.23,2.214595140398392,0.0858,7.79,0,0.0,0.807,0
250.65304637461784,313.32,2.01817873852505,0.4397,7.98,1,2.51,0.808,0
264.1028224287948,330.13,2.206394427248217,0.2503,7.79,0,0.0,0.949,1
150.39350996250613,187.99,4.76414145080959,0.1021,5.24,1,1.5,0.61,0
55.98186529860914,69.98,8.677934744794118,0.2637,1.32,0,0.0,0.727,1
38.13569071191256,47.67,0.2311460507167917,0.0955,9.77,1,0.38,0.953,0
176.449233024062,220.56,2.3848040659418137,0.1837,7.62,1,1.76,0.695,1
151.91289737559018,189.89,5.968029810996618,0.4028,4.03,1,1.52,0.655,0
208.43673071030025,260.55,8.653234812577663,0.3293,1.35,1,2.08,0.83,0
91.56217878599736,114.45,2.974803868239432,0.239,7.03,1,0.92,0.722,0
120.71039850730868,150.89,3.8252715918680735,0.1132,6.17,1,1.21,0.787,0
6.4083221553472125,8.01,3.7342540971450537,0.1411,6.27,1,0.06,0.928,1
183.0429135226587,228.8,2.9369366292991597,0.4891,7.06,1,1.83,0.808,0
126.94305640394334,158.68,6.987626275086946,0.1715,3.01,1,1.27,0.806,0
275.92939014403436,344.91,6.5581472245065955,0.3081,3.44,1,2.76,0.711,0
192.53588931144148,240.67,8.432750100100904,0.2499,1.57,1,1.93,0.917,1
119.60834743490814,149.51,9.175773801692072,0.0116,0.82,1,1.2,0.896,0
79.07675426200511,98.85,9.004757980921806,0.4723,1.0,0,0.0,0.694,0
271.58548278229165,339.48,5.401608378787152,0.044,4.6,0,0.0,0.728,1
4.87952223523298,6.1,1.8569746242451537,0.3294,8.14,0,0.0,0.915,0
98.07374017571766,122.59,2.221620495389608,0.4055,7.78,1,0.98,0.743,0
283.0516751364105,353.81,5.902537984609291,0.3744,4.1,0,0.0,0.761,0
196.20990209447223,245.26,9.183981849842745,0.4046,0.82,1,1.96,0.746,1
159.81572138498973,199.77,5.304314355647037,0.3699,4.7,1,1.6,0.665,1
61.06041537612823,76.33,9.357285447667795,0.2228,0.64,1,0.61,0.736,0
250.01243227631613,312.52,2.6225001791893554,0.4481,7.38,0,0.0,0.921,1
61.25971877783283,76.57,0.8634677775506727,0.4562,9.14,1,0.61,0.796,1
74.47605945637498,93.1,7.962904060840554,0.2185,2.04,0,0.0,0.783,1
57.55534286155657,71.94,8.793835819395946,0.2424,1.21,0,0.0,0.663,1
47.444838170856585,59.31,4.480812565864916,0.2428,5.52,0,0.0,0.671,1
285.99374879364086,357.49,1.0244421767796463,0.1395,8.98,0,0.0,0.617,0
180.60947884239252,225.76,0.4232729452869543,0.0575,9.58,1,1.81,0.606,0
191.35113960302817,239.19,0.6255791559583113,0.131,9.37,1,1.91,0.795,1
286.29763970363507,357.87,4.391144595831435,0.4221,5.61,1,2.86,0.764,1
69.1725165376688,86.47,2.3481499093858513,0.2715,7.65,0,0.0,0.71,0
1.7752615793076187,2.22,4.61923236506758,0.4251,5.38,0,0.0,0.996,1
179.66509487108735,224.58,4.884895024693544,0.3726,5.12,0,0.0,0.759,0
152.35345596724758,190.44,4.580928520753766,0.1743,5.42,0,0.0,0.916,0
143.29511321948823,179.12,6.199224069906447,0.0927,3.8,0,0.0,0.684,0
18.56406337385974,23.21,6.794037852756041,0.2836,3.21,1,0.19,0.699,0
136.33045997243534,170.41,3.9594539578963808,0.4679,6.04,1,1.36,0.827,1
86.26786952720967,107.83,3.370317121680766,0.4197,6.63,1,0.86,0.602,0
82.36940316729392,102.96,3.684012844368808,0.3819,6.32,1,0.82,0.607,0
66.71447405372784,83.39,0.7018153006372063,0.3821,9.3,0,0.0,0.657,1
99.75850792637122,124.7,3.216307528946637,0.2639,6.78,1,1.0,0.689,0
105.93992254302373,132.42,1.999126461765347,0.0848,8.0,0,0.0,0.811,1
92.63273290859924,115.79,2.9084017206361668,0.1428,7.09,0,0.0,0.874,0
293.6258147158527,367.03,7.1439710070757805,0.2889,2.86,1,2.94,0.725,1
279.81932565284615,349.77,9.885384346760928,0.1582,0.11,0,0.0,0.696,1
172.3530298574587,215.44,9.235529670092872,0.3908,0.76,0,0.0,0.929,1
294.31645152309295,367.9,8.216253145274301,0.1866,1.78,0,0.0,0.665,0
297.35940309575705,371.7,7.371970667271741,0.0569,2.63,1,2.97,0.871,0
106.78191300519076,133.48,9.449376492010591,0.3913,0.55,0,0.0,0.973,0
133.55626372192336,166.95,7.520418458033919,0.3491,2.48,0,0.0,0.693,0
287.71853309539966,359.65,4.709546704643332,0.1266,5.29,0,0.0,0.635,0
182.58785978960597,228.23,6.013619257170014,0.4906,3.99,1,1.83,0.992,1
63.87872485118176,79.85,3.057849710903798,0.2016,6.94,0,0.0,0.708,0
206.8142005009501,258.52,0.0330833778697281,0.3402,9.97,1,2.07,0.71,1
61.723854613826255,77.15,3.5361289433166343,0.4552,6.46,1,0.62,0.794,0
101.80732310155372,127.26,4.048298516019796,0.078,5.95,0,0.0,0.692,0
68.26804892860547,85.34,7.330921575882825,0.4395,2.67,1,0.68,0.997,1
73.49406478015267,91.87,8.592205040229379,0.352,1.41,0,0.0,0.617,0
1.3966744700346756,1.75,9.62654717869416,0.0838,0.37,0,0.0,0.781,1
264.21264965983556,330.27,3.5179175335625423,0.3323,6.48,0,0.0,0.819,0
88.79714858273815,111.0,9.573969363651116,0.4373,0.43,1,0.89,0.787,0
25.91231385683834,32.39,7.99385556693572,0.3995,2.01,1,0.26,0.808,0
26.09622170432656,32.62,0.3084437773572002,0.3803,9.69,0,0.0,0.995,1
166.80548293828565,208.51,5.9526084703680215,0.0807,4.05,1,1.67,0.951,0
297.87616516018113,372.35,3.6564179977509377,0.0953,6.34,0,0.0,0.723,0
43.50674018105749,54.38,0.3401120925491707,0.2739,9.66,1,0.44,0.821,0
29.88653428489784,37.36,5.315030828643044,0.2901,4.68,0,0.0,0.6,0
131.4911641206272,164.36,5.848170808863692,0.4718,4.15,1,1.31,0.764,1
168.99937615223865,211.25,2.5223075483159754,0.2343,7.48,0,0.0,0.666,0
88.31410766338213,110.39,9.398797509579124,0.1513,0.6,1,0.88,0.885,0
90.75662775415992,113.45,6.104542371697033,0.0954,3.9,1,0.91,0.688,0
127.34295055468483,159.18,1.759636533705432,0.0271,8.24,0,0.0,0.9,0
94.2436845451818,117.8,7.212568590350434,0.0343,2.79,0,0.0,0.725,1
274.599475070555,343.25,4.991395536342292,0.2871,5.01,1,2.75,0.97,1
12.586371387188688,15.73,4.732340454203948,0.0881,5.27,1,0.13,0.778,0
70.37104796108238,87.96,8.345332627840525,0.4258,1.65,1,0.7,0.936,1
242.5658388682264,303.21,1.381797984582429,0.2982,8.62,0,0.0,0.851,1
250.18743739948704,312.73,4.909867381721712,0.4324,5.09,1,2.5,0.991,1
33.46652368926034,41.83,7.807630546162803,0.2137,2.19,1,0.33,0.897,1
292.12903500381503,365.16,6.6038843885921,0.2979,3.4,1,2.92,0.891,1
208.00645496973263,260.01,0.0541365745253275,0.2627,9.95,0,0.0,0.706,1
81.77791679507868,102.22,7.874505921442761,0.4933,2.13,1,0.82,0.802,0
136.81135944433635,171.01,9.446719148357705,0.3984,0.55,0,0.0,0.716,1
89.14158587039014,111.43,7.046688348417696,0.2977,2.95,0,0.0,0.608,0
45.00667495632581,56.26,8.759009248945572,0.3033,1.24,0,0.0,0.884,1
87.35341942467456,109.19,3.608117189611732,0.1244,6.39,0,0.0,0.694,0
174.02758124688552,217.53,3.506031457915222,0.3674,6.49,1,1.74,0.759,1
247.7909084506406,309.74,3.2086453005382474,0.4914,6.79,1,2.48,0.714,0
109.05872246687316,136.32,7.349694269510021,0.0647,2.65,1,1.09,0.68,0
104.37046216435252,130.46,9.420659566545671,0.3186,0.58,0,0.0,0.627,1
140.4002103243968,175.5,8.854007713128079,0.2589,1.15,1,1.4,0.735,0
193.3666799893039,241.71,1.5021390072313368,0.4252,8.5,0,0.0,0.633,1
225.4848787296928,281.86,6.26107734984534,0.0,3.74,1,2.25,0.816,0
98.03985143984217,122.55,9.959582795273278,0.0683,0.04,0,0.0,0.608,1
175.9057403475417,219.88,2.953684174458593,0.0185,7.05,1,1.76,0.976,0
116.80825238426472,146.01,6.3478479301490385,0.0815,3.65,1,1.17,0.987,1
214.91995510901577,268.65,9.066238302153232,0.354,0.93,0,0.0,0.722,0
49.40247615510624,61.75,8.99548140110827,0.0698,1.0,0,0.0,0.704,0
77.07745951538882,96.35,3.214752822265887,0.3112,6.79,0,0.0,0.642,0
127.81812595282491,159.77,0.9392491493193568,0.4341,9.06,0,0.0,0.962,1
266.8244369764103,333.53,6.4600895907089235,0.0173,3.54,0,0.0,0.835,0
171.99773680520707,215.0,9.469674980767966,0.0134,0.53,1,1.72,0.844,0
289.61883569442347,362.02,5.079837278591283,0.4949,4.92,0,0.0,0.958,1
30.983305584325148,38.73,4.5770739463505645,0.3366,5.42,0,0.0,0.964,1
138.05262409528046,172.57,8.639484072972976,0.0703,1.36,0,0.0,0.931,0
125.72355901361526,157.15,4.24596679074246,0.1533,5.75,0,0.0,0.909,1
180.06185292179052,225.08,6.809287043329338,0.4925,3.19,0,0.0,0.951,1
243.58938261227348,304.49,3.886423577382374,0.1136,6.11,1,2.44,0.95,1
252.43440767491805,315.54,3.771374928732563,0.3764,6.23,0,0.0,0.747,0
201.0583826116525,251.32,1.87807565341498,0.1206,8.12,0,0.0,0.989,0
192.4609092736661,240.58,0.8845167030280865,0.1992,9.12,1,1.92,0.884,1
284.70886261344225,355.89,8.851606759140292,0.4404,1.15,0,0.0,0.748,1
115.1062204915274,143.88,1.8121982423608385,0.0142,8.19,1,1.15,0.777,1
249.83499425654648,312.29,0.6221840218616848,0.1536,9.38,0,0.0,0.875,0
276.45111812768823,345.56,5.82308108953288,0.2436,4.18,0,0.0,0.744,1
147.46177327955908,184.33,5.459967483081921,0.3127,4.54,1,1.47,0.931,1
218.7307735809901,273.41,5.677567033058917,0.0141,4.32,1,2.19,0.659,0
113.10595700127185,141.38,4.681048881004887,0.2053,5.32,0,0.0,0.963,1
47.66370425862122,59.58,1.4193635221813483,0.1721,8.58,0,0.0,0.72,0
175.95116444172757,219.94,0.2091483309956776,0.0134,9.79,1,1.76,0.661,1
58.94149525485957,73.68,0.4641392722443005,0.1777,9.54,0,0.0,0.943,0
137.2797392411607,171.6,9.431471458353586,0.4658,0.57,0,0.0,0.696,0
261.8637939985,327.33,5.318542587261903,0.1373,4.68,1,2.62,0.937,0
25.805456269104155,32.26,3.9972093548330023,0.2928,6.0,0,0.0,0.719,0
9.128560699394894,11.41,4.10831816156799,0.149,5.89,0,0.0,0.974,1
181.94335421456628,227.43,6.521953481916018,0.0533,3.48,1,1.82,0.688,0
99.31839797846852,124.15,3.7666277759418176,0.1449,6.23,1,0.99,0.628,0
125.38131207777458,156.73,7.964590664844105,0.2354,2.04,1,1.25,0.975,1
121.71317659749946,152.14,2.5994291726869467,0.1481,7.4,1,1.22,0.666,1
25.98606870286907,32.48,3.672591294815536,0.3121,6.33,0,0.0,0.978,0
1.069929803878367,1.34,9.349968156907506,0.4745,0.65,0,0.0,0.93,1
269.5269728592793,336.91,2.6028367419795764,0.0346,7.4,1,2.7,0.633,0
65.33956827112391,81.67,6.615858973776735,0.3585,3.38,0,0.0,0.778,0
127.8236975592865,159.78,3.6456727612318,0.0006,6.35,0,0.0,0.629,0
291.57773900132355,364.47,4.711971140515933,0.0005,5.29,0,0.0,0.732,1
248.02877459509568,310.04,0.4518828604812119,0.0665,9.55,0,0.0,0.741,0
32.379256578810654,40.47,1.6723389000681144,0.24,8.33,0,0.0,0.84,1
152.5557094837757,190.69,1.0191278415858662,0.024,8.98,1,1.53,0.99,1
219.0237079485048,273.78,8.447151477310042,0.3611,1.55,0,0.0,0.668,1
209.51783549976372,261.9,9.616912582224874,0.0146,0.38,1,2.1,0.732,1
228.25255572134105,285.32,0.6797461431296348,0.2477,9.32,0,0.0,0.835,0
137.23639646641058,171.55,0.7684577019424743,0.338,9.23,0,0.0,0.669,0
52.77687879908463,65.97,5.521689419865595,0.1188,4.48,1,0.53,0.884,0
139.4617331758118,174.33,5.040349247756386,0.2896,4.96,1,1.39,0.761,1
194.3661747519876,242.96,6.505721327794468,0.1309,3.49,1,1.94,0.98,1
182.5776259815504,228.22,7.368058354965477,0.107,2.63,0,0.0,0.852,0
21.15661613658223,26.45,7.972194656894259,0.4092,2.03,0,0.0,0.745,1
19.485730224657527,24.36,1.4908338024503998,0.1665,8.51,1,0.19,0.888,1
289.57734934656355,361.97,0.3783572923748413,0.407,9.62,1,2.9,0.936,1
45.54163651193131,56.93,8.89158872664231,0.1085,1.11,1,0.46,0.92,0
88.33873920351658,110.42,4.6954089371378105,0.1779,5.3,1,0.88,0.705,1
230.29034464684963,287.86,9.712443265209895,0.0513,0.29,1,2.3,0.767,0
122.90312274695248,153.63,5.327694852023365,0.2483,4.67,0,0.0,0.781,1
54.43945597800981,68.05,5.100273755007388,0.1908,4.9,1,0.54,0.755,0
140.16971469293443,175.21,6.22979358912807,0.003,3.77,1,1.4,0.724,1
170.68499122900974,213.36,1.7014398154237875,0.2324,8.3,1,1.71,0.901,0
135.8299827834227,169.79,2.5404050503863616,0.0372,7.46,0,0.0,0.605,1
275.68382264163273,344.6,9.05806459723717,0.4185,0.94,1,2.76,0.717,1
85.4097885298513,106.76,2.123277499888369,0.2468,7.88,0,0.0,0.657,1
198.39964820990127,248.0,2.329708319833456,0.345,7.67,0,0.0,0.652,0
33.68841642296931,42.11,5.099841626808433,0.4106,4.9,1,0.34,0.711,1
117.68563729920795,147.11,6.411513535561527,0.0256,3.59,1,1.18,0.905,1
222.29797547549208,277.87,0.0090386661474128,0.1686,9.99,1,2.22,0.988,0
67.44508217683963,84.31,4.5678119059100295,0.0126,5.43,1,0.67,0.806,0
176.9313136963238,221.16,3.990131255607414,0.0248,6.01,1,1.77,0.736,0
46.0311087627181,57.54,8.656191925432218,0.0189,1.34,1,0.46,0.932,1
30.81050740841133,38.51,8.396974670366248,0.239,1.6,1,0.31,0.627,0
156.9698246775128,196.21,9.059234520086369,0.2253,0.94,1,1.57,0.637,1
202.5032988258086,253.13,8.42050610486965,0.0306,1.58,0,0.0,0.738,0
34.01011987034504,42.51,7.867113636571794,0.1312,2.13,1,0.34,0.779,1
275.3328757118745,344.17,8.590049607907662,0.1222,1.41,1,2.75,0.919,0
67.73167880924007,84.66,1.748065244338488,0.1483,8.25,0,0.0,0.97,1
35.99259244779,44.99,3.408490916843163,0.3204,6.59,0,0.0,0.813,0
60.80967250506316,76.01,6.8361832496994435,0.3485,3.16,0,0.0,0.798,0
50.871736959552585,63.59,9.231309585678323,0.1695,0.77,0,0.0,0.685,0
27.202395183884697,34.0,6.669087660239567,0.3941,3.33,0,0.0,0.78,0
239.35177043361224,299.19,2.0794890441100886,0.2089,7.92,0,0.0,0.969,1
148.6613324232333,185.83,9.44665063819556,0.2612,0.55,0,0.0,0.757,1
116.55583211360484,145.69,7.603418039333261,0.0728,2.4,1,1.17,0.684,1
285.18837809523995,356.49,7.165437561544412,0.1164,2.83,0,0.0,0.735,0
111.30251611943724,139.13,7.6250661731113,0.3638,2.37,0,0.0,0.806,0
50.09181781415681,62.61,6.5914469084950955,0.4885,3.41,1,0.5,0.839,0
82.21286757797887,102.77,0.2211258376114255,0.3523,9.78,1,0.82,0.773,1
71.68996007657893,89.61,2.5361825963934304,0.0271,7.46,1,0.72,0.903,0
149.62238386899145,187.03,9.56571839959652,0.0714,0.43,0,0.0,0.834,1
87.45153718637219,109.31,2.8860428008991015,0.2229,7.11,1,0.87,0.866,1
154.81835165590854,193.52,7.716264844886526,0.3663,2.28,1,1.55,0.945,1
200.78802748403663,250.99,4.244839704091298,0.083,5.76,1,2.01,0.946,1
233.18963571397737,291.49,9.075277158512304,0.3754,0.92,1,2.33,0.681,0
213.04733438016925,266.31,5.57669054576704,0.2779,4.42,0,0.0,0.849,1
61.677214936908285,77.1,6.318859968545918,0.3873,3.68,0,0.0,0.887,0
34.76991577282613,43.46,2.3962516750207694,0.2788,7.6,1,0.35,0.658,1
162.73504773037527,203.42,0.5752340644311726,0.3013,9.42,1,1.63,0.937,1
59.673537362443554,74.59,7.565562934849605,0.1244,2.43,1,0.6,0.672,1
25.480116531453977,31.85,0.6764328949737264,0.3601,9.32,1,0.25,0.92,0
158.12830289382515,197.66,7.217981913191236,0.422,2.78,1,1.58,0.665,0
98.03825553233864,122.55,5.554928619618247,0.4356,4.45,0,0.0,0.897,1
226.84470358155113,283.56,8.200237129568555,0.0147,1.8,0,0.0,0.659,0
94.2574891645254,117.82,2.057730894741814,0.3123,7.94,1,0.94,0.752,0
293.61514111674416,367.02,5.415296219335746,0.4948,4.58,1,2.94,0.657,1
227.55695737821245,284.45,6.1417138735064984,0.2935,3.86,1,2.28,0.708,1
17.30796644665864,21.63,0.7429779332681508,0.0856,9.26,0,0.0,0.994,0
152.66182210688285,190.83,7.3894068387528495,0.4388,2.61,1,1.53,0.643,0
168.7861503642331,210.98,3.890294352144792,0.1322,6.11,0,0.0,0.763,1
208.5908132044793,260.74,1.2891408937917823,0.0225,8.71,1,2.09,0.871,1
149.33903911012746,186.67,3.8706493329050873,0.2153,6.13,1,1.49,0.638,1
145.03307952437194,181.29,0.9830148571663956,0.0501,9.02,0,0.0,0.644,0
110.38158350328384,137.98,8.87995873037466,0.0576,1.12,1,1.1,0.657,1
81.43841516975212,101.8,4.567599007156424,0.2316,5.43,1,0.81,0.858,0
283.86006359302036,354.83,1.3802806205380302,0.3063,8.62,0,0.0,0.964,1
95.27900089031158,119.1,2.5209567772776023,0.4527,7.48,1,0.95,0.93,0
19.0263973740992,23.78,7.246491033662455,0.3526,2.75,0,0.0,0.993,1
50.185421788023675,62.73,7.86088167175159,0.4213,2.14,0,0.0,0.831,1
257.1829908123869,321.48,0.4131639516716245,0.2059,9.59,0,0.0,0.985,0
175.99003773701517,219.99,0.5988020739054556,0.1593,9.4,1,1.76,0.722,0
233.6341648131197,292.04,9.17185171222457,0.2964,0.83,0,0.0,0.769,1
242.63446384190829,303.29,3.3098222788944796,0.3477,6.69,1,2.43,0.758,1
246.97093176332197,308.71,1.9332386746836805,0.2841,8.07,1,2.47,0.619,1
165.1841123233826,206.48,1.2305763170323791,0.1323,8.77,0,0.0,0.932,1
53.13617870973146,66.42,4.759574780841151,0.1849,5.24,1,0.53,0.61,1
44.469825670842525,55.59,7.710526944379391,0.2242,2.29,1,0.44,0.892,1
172.1953261125337,215.24,5.211177675544634,0.0071,4.79,0,0.0,0.763,1
109.95430610570293,137.44,0.2067367962388855,0.4399,9.79,1,1.1,0.602,0
167.4144723737302,209.27,4.839049659941495,0.2557,5.16,0,0.0,0.716,1
149.54335327135942,186.93,3.1165707722893754,0.3755,6.88,1,1.5,0.738,0
180.65942390926455,225.82,6.828591701719823,0.086,3.17,1,1.81,0.986,0
9.6335372209696,12.04,5.235089683929264,0.2783,4.76,0,0.0,0.864,1
9.851004189037004,12.31,9.6533714993442,0.4631,0.35,1,0.1,0.817,1
216.47855125455263,270.6,5.981641540368875,0.1071,4.02,1,2.16,0.651,1
57.93817314681595,72.42,6.324809661065655,0.1729,3.68,1,0.58,0.756,0
195.6595386576169,244.57,5.2023077335858545,0.1942,4.8,0,0.0,0.614,1
163.97277323743634,204.97,3.1100548729147945,0.1917,6.89,0,0.0,0.905,0
294.53834142138703,368.17,6.306031579174603,0.3003,3.69,0,0.0,0.665,0
250.6217636649187,313.28,3.329116332384875,0.1969,6.67,0,0.0,0.838,1
123.94035639940483,154.93,7.173481476344775,0.337,2.83,1,1.24,0.88,0
184.9238460279495,231.15,2.368464373041214,0.2423,7.63,1,1.85,0.747,1
35.186837167641606,43.98,3.6766136831172136,0.0788,6.32,0,0.0,0.853,1
115.9158128887143,144.89,5.836483265428065,0.4743,4.16,0,0.0,0.906,0
220.1663223269623,275.21,6.284917023884552,0.1198,3.72,0,0.0,0.674,1
186.80147523859608,233.5,6.686128612581496,0.2812,3.31,1,1.87,0.84,1
145.34139731320735,181.68,7.0031646871354845,0.0303,3.0,1,1.45,0.894,1
52.958731215800725,66.2,3.1830637722377366,0.4593,6.82,0,0.0,0.743,0
240.9437778472634,301.18,8.925764076347727,0.464,1.07,1,2.41,0.665,1
81.94998132347308,102.44,0.2993360825447455,0.1823,9.7,1,0.82,0.714,0
246.14372449857285,307.68,1.8842993801833352,0.0605,8.12,0,0.0,0.973,1
183.48271883849804,229.35,0.7014081956761054,0.385,9.3,0,0.0,0.743,1
111.81942838463624,139.77,6.715369723857042,0.1311,3.28,1,1.12,0.643,0
12.18156658799745,15.23,2.7366523647522714,0.3503,7.26,1,0.12,0.633,1
69.72565330331307,87.16,1.991535072538708,0.4576,8.01,1,0.7,0.672,0
266.72127764644915,333.4,4.80667487573638,0.2951,5.19,1,2.67,0.651,1
245.39230316871524,306.74,6.190475217471359,0.4306,3.81,1,2.45,0.798,1
172.4559938802294,215.57,6.1924608925378894,0.1123,3.81,1,1.72,0.739,0
139.8967391886381,174.87,5.574525294462371,0.4552,4.43,0,0.0,0.937,0
194.14280379903275,242.68,9.919863600197273,0.1133,0.08,0,0.0,0.952,1
139.87443835299044,174.84,8.602147771551126,0.1129,1.4,0,0.0,0.789,0
193.29145221574208,241.61,2.3886020511652073,0.4399,7.61,0,0.0,0.955,0
92.22122989804735,115.28,7.587162596515795,0.2775,2.41,0,0.0,0.78,1
251.54916537344255,314.44,5.692972219797888,0.3997,4.31,1,2.52,0.857,1
210.57536803958,263.22,0.7051904884240789,0.4012,9.29,1,2.11,0.665,0
98.99268852830754,123.74,0.4958108492272184,0.3235,9.5,1,0.99,0.621,1
249.19983444703237,311.5,7.996190528452413,0.0945,2.0,1,2.49,0.664,1
146.20275925595368,182.75,5.449906896759358,0.346,4.55,1,1.46,0.701,0
52.39165942123845,65.49,5.7132488885453085,0.0318,4.29,1,0.52,0.9,0
23.313738601058,29.14,3.3626905487276426,0.1003,6.64,1,0.23,0.669,1
209.8817242911661,262.35,9.303480711250128,0.3215,0.7,1,2.1,0.652,0
259.53624126240317,324.42,7.133477822503708,0.4539,2.87,0,0.0,0.971,0
242.2325965783631,302.79,9.277724952392584,0.3858,0.72,1,2.42,0.876,0
196.69530906664556,245.87,0.9926725741591202,0.1662,9.01,0,0.0,0.789,0
42.41251668143041,53.02,5.837293493614354,0.4119,4.16,1,0.42,0.638,1
28.213222792996064,35.27,6.375272498276152,0.4833,3.62,1,0.28,0.941,0
103.5088869035176,129.39,1.2599332275927766,0.166,8.74,1,1.04,0.643,1
256.47326711963063,320.59,3.4626498810368043,0.0934,6.54,1,2.56,0.844,0
288.5208810919993,360.65,2.14804347198167,0.0988,7.85,0,0.0,0.867,1
72.40825645412137,90.51,9.844589755824147,0.2002,0.16,0,0.0,0.76,0
228.628701174516,285.79,5.4341519115199075,0.0262,4.57,1,2.29,0.964,1
172.16076507216172,215.2,3.1526091297902825,0.2439,6.85,1,1.72,0.62,1
9.54221012338282,11.93,6.644966520453187,0.3661,3.36,1,0.1,0.927,1
162.87490497988193,203.59,6.595476204252423,0.2652,3.4,0,0.0,0.822,0
241.78212089680656,302.23,3.4733037594251437,0.485,6.53,1,2.42,0.844,1
82.83683500320795,103.55,9.939228589844204,0.2309,0.06,1,0.83,0.995,1
269.20848719113826,336.51,8.08961582488993,0.0066,1.91,0,0.0,0.833,0
70.87812206239107,88.6,4.003181697814371,0.2351,6.0,0,0.0,0.919,0
22.941939793216292,28.68,6.600593442969642,0.4649,3.4,0,0.0,0.661,0
47.98179283186921,59.98,7.105396227289024,0.0479,2.89,1,0.48,0.924,1
251.1008606162755,313.88,1.7381651966308809,0.1115,8.26,0,0.0,0.904,1
125.19177571185848,156.49,8.78159172127483,0.3578,1.22,0,0.0,0.987,1
239.0836690864973,298.85,8.260378099003624,0.1471,1.74,0,0.0,0.974,1
159.36991829687852,199.21,7.556749307154439,0.3826,2.44,1,1.59,0.686,0
144.16773743832945,180.21,2.2267606104312767,0.2097,7.77,1,1.44,0.786,0
242.0739454477396,302.59,1.362498148074317,0.398,8.64,0,0.0,0.965,0
127.04628351371278,158.81,1.8054808371023612,0.2758,8.19,1,1.27,0.856,0
240.60981931991049,300.76,0.930188092579698,0.0412,9.07,1,2.41,0.785,1
30.19864948903368,37.75,9.402908299681346,0.1931,0.6,0,0.0,0.644,0
190.89324466177695,238.62,8.514944495937362,0.1666,1.49,0,0.0,0.741,0
210.7761169655954,263.47,0.907794668789066,0.405,9.09,0,0.0,0.866,1
269.7292188425228,337.16,6.779707060060214,0.3124,3.22,0,0.0,0.911,1
67.29717561485849,84.12,2.455873502407763,0.3887,7.54,0,0.0,0.779,0
181.26596402785543,226.58,0.1727365331193708,0.1861,9.83,1,1.81,0.622,1
129.97696910676692,162.47,2.9239213752739612,0.3459,7.08,0,0.0,0.853,1
114.83149666320872,143.54,4.400300693127935,0.0326,5.6,0,0.0,0.969,1
32.01406656358724,40.02,0.2003815862086733,0.0184,9.8,1,0.32,0.799,1
40.26999917848267,50.34,3.237200308278166,0.1437,6.76,1,0.4,0.971,0
251.09653843429388,313.87,7.003526292887589,0.3868,3.0,0,0.0,0.742,1
224.9260296976686,281.16,2.2842845903449236,0.267,7.72,0,0.0,0.955,0
114.70233908733016,143.38,4.848929753257987,0.2044,5.15,0,0.0,0.915,0
248.54597441688924,310.68,8.875809130364619,0.4483,1.12,1,2.49,0.985,0
24.229855447073533,30.29,0.2839098320898237,0.2487,9.72,0,0.0,0.916,0
187.4321751099506,234.29,7.85637145599726,0.3067,2.14,1,1.87,0.729,0
260.4528158142865,325.57,3.838928236362087,0.4929,6.16,0,0.0,0.96,0
251.6592693093748,314.57,5.411498910361231,0.2612,4.59,0,0.0,0.868,1
111.83482798255795,139.79,2.3087172766139865,0.3918,7.69,0,0.0,0.665,1
223.5701559170967,279.46,5.789484606603937,0.2069,4.21,1,2.24,0.618,0
128.24044365596328,160.3,7.306996495265502,0.0182,2.69,1,1.28,0.746,1
252.0414493169848,315.05,2.015379296774374,0.4172,7.98,0,0.0,0.915,1
159.2285850465069,199.04,3.432688177663501,0.4722,6.57,1,1.59,0.847,1
229.45711473151235,286.82,5.6737899770787115,0.2172,4.33,0,0.0,0.811,1
23.571474687501514,29.46,4.167809969252239,0.2518,5.83,1,0.24,0.601,0
177.00779148265886,221.26,2.9315287788881084,0.2121,7.07,0,0.0,0.774,1
165.0852532408016,206.36,4.516874328968764,0.4985,5.48,0,0.0,0.663,1
182.99301652054805,228.74,2.908277671805992,0.4517,7.09,0,0.0,0.782,1
208.69248237467704,260.87,3.0187358337478365,0.0206,6.98,0,0.0,0.997,1
275.4326910102426,344.29,6.106336772932547,0.3895,3.89,0,0.0,0.952,0
235.7046245328093,294.63,4.770652716716981,0.3004,5.23,0,0.0,0.724,0
65.89139743047141,82.36,6.770722246435351,0.0126,3.23,1,0.66,0.837,0
247.7688807876288,309.71,8.37444998970784,0.2224,1.63,1,2.48,0.801,0
36.623903284528694,45.78,9.429653286288971,0.0749,0.57,1,0.37,0.652,0
186.65957570252087,233.32,1.5135133078026752,0.4365,8.49,0,0.0,0.996,1
264.82614247378297,331.03,6.261903451864209,0.0063,3.74,0,0.0,0.77,1
30.336616264471186,37.92,5.823995382612611,0.4366,4.18,0,0.0,0.802,1
254.90779599307817,318.63,8.669452562076813,0.4704,1.33,1,2.55,0.859,0
239.5862202690737,299.48,8.958899051158326,0.0365,1.04,0,0.0,0.677,1
151.13263015172123,188.92,7.60502591515349,0.3599,2.39,1,1.51,0.689,1
92.66928068862124,115.84,5.95461829015076,0.2744,4.05,0,0.0,0.677,0
121.63146842146315,152.04,1.9926279978566397,0.4771,8.01,0,0.0,0.754,1
290.59744071006355,363.25,2.7663839738933707,0.3991,7.23,1,2.91,0.68,1
60.50926684555391,75.64,6.02767088802969,0.3472,3.97,0,0.0,0.971,1
173.8812863489686,217.35,1.39343764293967,0.4628,8.61,0,0.0,0.886,1
24.972224363605157,31.22,1.8396417341056293,0.0802,8.16,0,0.0,0.959,1
65.36791925675166,81.71,9.1143226960869,0.188,0.89,0,0.0,0.939,0
228.9949164223562,286.24,9.5631200866921,0.4215,0.44,1,2.29,0.881,0
90.77971210815817,113.47,0.0523470492718325,0.0508,9.95,0,0.0,0.697,0
295.72982116882037,369.66,8.624819278530843,0.4677,1.38,1,2.96,0.846,0
150.245112928152,187.81,9.38013574165115,0.3726,0.62,0,0.0,0.675,1
154.96179759232285,193.7,5.257394715645294,0.2197,4.74,0,0.0,0.653,1
10.894421800720576,13.62,4.48900508809563,0.1694,5.51,0,0.0,0.853,1
286.9580248731798,358.7,9.18799496321553,0.0738,0.81,1,2.87,0.85,0
52.27003226532538,65.34,0.0753315673676524,0.0468,9.92,0,0.0,0.663,1
161.5021796431328,201.88,8.404858362467177,0.2118,1.6,0,0.0,0.741,1
118.70238298761949,148.38,2.965760660430491,0.4215,7.03,1,1.19,0.627,0
124.67541022338172,155.84,6.41162206043203,0.2659,3.59,0,0.0,0.886,1
192.99004981083252,241.24,3.231980283578073,0.2256,6.77,0,0.0,0.995,1
198.62660312774324,248.28,5.229447410391561,0.1595,4.77,0,0.0,0.896,1
46.28658445742906,57.86,8.08317162239063,0.0785,1.92,1,0.46,0.938,1
149.87599593656768,187.34,1.812689576743719,0.495,8.19,1,1.5,0.791,0
237.14323474255707,296.43,6.639186190254209,0.0129,3.36,0,0.0,0.638,0
132.98594506566886,166.23,8.983368355371912,0.1559,1.02,0,0.0,0.891,1
49.741341247974034,62.18,9.01051708548984,0.3847,0.99,1,0.5,0.703,0
93.9650829470072,117.46,8.941209370088472,0.2603,1.06,0,0.0,0.755,0
63.71386923152106,79.64,5.1846343509547275,0.1569,4.82,0,0.0,0.881,0
37.745240374451114,47.18,7.677012532329965,0.4964,2.32,0,0.0,0.962,1
113.27433823060612,141.59,4.468577452934134,0.3096,5.53,1,1.13,0.794,1
162.28087295942254,202.85,4.601633871770425,0.1476,5.4,0,0.0,0.985,1
21.82545758298953,27.28,2.838542716165727,0.424,7.16,1,0.22,0.808,1
181.147011668455,226.43,2.8522746881586514,0.0751,7.15,1,1.81,0.649,1
297.90733205088225,372.38,0.378243219650638,0.2318,9.62,1,2.98,0.807,0
289.2374796060251,361.55,5.314716239068339,0.4198,4.69,1,2.89,0.944,0
248.75204459974765,310.94,3.087609144092144,0.4918,6.91,0,0.0,0.815,1
79.90233384072091,99.88,1.8768643295974108,0.1915,8.12,0,0.0,0.899,1
6.722278943810189,8.4,1.2171281877621498,0.0691,8.78,1,0.07,0.819,1
250.0625108648553,312.58,3.469988299574538,0.2835,6.53,1,2.5,0.818,0
16.71606959361397,20.9,8.99010562006553,0.472,1.01,1,0.17,0.714,1
61.68842444123111,77.11,5.164015754536818,0.3328,4.84,1,0.62,0.681,1
163.33596463403532,204.17,5.5693597344710195,0.3011,4.43,1,1.63,0.712,1
53.51341174309307,66.89,0.5432788012310674,0.1546,9.46,0,0.0,0.776,0
250.1364993895926,312.67,5.198463415299011,0.3032,4.8,0,0.0,0.924,0
233.1479088779487,291.43,6.676117409566431,0.4423,3.32,0,0.0,0.932,1
226.73085172117493,283.41,1.507152198594892,0.1878,8.49,0,0.0,0.665,0
244.83828476927297,306.05,9.83553795981712,0.121,0.16,1,2.45,0.821,1
65.91053407938362,82.39,9.151144877879656,0.2405,0.85,1,0.66,0.766,1
218.6677128449248,273.33,9.931022618236408,0.1881,0.07,1,2.19,0.828,1
106.5844507775294,133.23,3.603169804885008,0.235,6.4,1,1.07,0.859,1
200.05342787051984,250.07,8.222991561214585,0.0479,1.78,1,2.0,0.712,1
36.60651858935243,45.76,3.287357165715541,0.1681,6.71,1,0.37,0.968,0
211.67597401935447,264.59,7.491295736618664,0.4133,2.51,0,0.0,0.974,1
291.63231837023386,364.54,9.478297826450094,0.2002,0.52,1,2.92,0.642,1
13.080109595614877,16.35,1.5502061629319708,0.4839,8.45,0,0.0,0.881,0
28.14867035012543,35.19,1.40319872271352,0.3544,8.6,1,0.28,0.613,0
37.091030201404166,46.36,1.0440449375645144,0.183,8.96,0,0.0,0.619,0
129.16917148239037,161.46,7.983507642811442,0.1258,2.02,0,0.0,0.983,1
87.23405547991611,109.04,6.666336051002972,0.3427,3.33,0,0.0,0.878,0
242.0760460622081,302.6,5.223151586336727,0.1512,4.78,0,0.0,0.73,1
142.13617176028848,177.67,7.739126539637215,0.4634,2.26,1,1.42,0.868,0
145.36120280656573,181.7,8.499231777848662,0.0582,1.5,1,1.45,0.938,0
215.1114303976061,268.89,9.495284295795903,0.0144,0.5,1,2.15,0.948,0
108.59069476072372,135.74,2.012510496157084,0.1105,7.99,1,1.09,0.608,1
105.96217422613906,132.45,4.4167662635831135,0.3033,5.58,0,0.0,0.927,0
227.07791628824413,283.85,9.23013341765994,0.4175,0.77,0,0.0,0.941,1
234.01252375102945,292.52,4.613237084975723,0.0851,5.39,0,0.0,0.838,0
4.319631759845855,5.4,4.876550240157556,0.2924,5.12,0,0.0,0.792,1
43.1371427522199,53.92,9.424452306970124,0.0721,0.58,0,0.0,0.644,0
63.929454344543934,79.91,7.346762954955773,0.2816,2.65,1,0.64,0.696,0
105.4801406273629,131.85,5.520481591867035,0.0091,4.48,0,0.0,0.796,0
87.43442502958591,109.29,3.572861986524,0.2789,6.43,0,0.0,0.946,1
200.55601451648295,250.7,9.153494688670134,0.2609,0.85,1,2.01,0.921,0
248.44057014088744,310.55,0.0893850329480838,0.0214,9.91,0,0.0,0.798,1
57.62609470680725,72.03,3.210061980830644,0.3447,6.79,1,0.58,0.914,0
168.8940181805845,211.12,9.460731579518614,0.2861,0.54,1,1.69,0.906,0
110.3448753243108,137.93,4.982037968748033,0.3115,5.02,1,1.1,0.832,0
151.73336251381855,189.67,6.238546330825986,0.2649,3.76,1,1.52,0.688,0
186.22735253501816,232.78,5.3261559720726135,0.361,4.67,0,0.0,0.739,0
268.0799456046033,335.1,3.973607047323062,0.2625,6.03,1,2.68,0.666,1
57.68780034818421,72.11,6.6528243945373315,0.4611,3.35,0,0.0,0.603,0
26.101976116818104,32.63,7.664747268552259,0.4718,2.34,0,0.0,0.632,0
188.16357571360572,235.2,3.6442638183386,0.3633,6.36,1,1.88,0.904,0
118.23925463178794,147.8,5.905214487053608,0.4559,4.09,1,1.18,0.613,1
48.87080798789657,61.09,0.827581449309982,0.4616,9.17,0,0.0,0.76,1
35.12615020645341,43.91,5.475979147588649,0.131,4.52,1,0.35,0.994,1
167.67293606220895,209.59,7.477496315366798,0.497,2.52,0,0.0,0.918,1
90.14117835845867,112.68,5.852438399176223,0.1337,4.15,0,0.0,0.9,1
299.2279138757934,374.03,8.784476300163263,0.0093,1.22,0,0.0,0.71,1
121.7702457992142,152.21,2.861931872059486,0.4811,7.14,1,1.22,0.857,0
63.68598262955481,79.61,4.9175606990855005,0.1119,5.08,1,0.64,0.799,0
188.65471353518333,235.82,0.8747995280775378,0.2921,9.13,1,1.89,0.85,1
73.27646690715207,91.6,7.0002091256206285,0.4853,3.0,0,0.0,0.774,1
148.22581296934834,185.28,4.428915116050009,0.0247,5.57,0,0.0,0.812,0
144.77285511630222,180.97,5.303654744836348,0.1347,4.7,1,1.45,0.995,1
136.06728891472116,170.08,1.283946631401096,0.3044,8.72,1,1.36,0.732,0
238.82570888087247,298.53,9.973518258794984,0.3813,0.03,1,2.39,0.687,0
64.98390043985516,81.23,7.719200266050015,0.4037,2.28,0,0.0,0.779,0
271.29219152114104,339.12,4.006297733009594,0.4419,5.99,1,2.71,0.81,0
237.4021509640603,296.75,5.699597173854625,0.0842,4.3,0,0.0,0.634,0
99.93670927299712,124.92,6.187171385551994,0.185,3.81,1,1.0,0.922,0
54.180751884041555,67.73,9.6076603083211,0.3571,0.39,0,0.0,0.769,0
83.86050735202238,104.83,7.683886101161988,0.3577,2.32,1,0.84,0.765,0
99.7908740727235,124.74,3.496668191002218,0.154,6.5,1,1.0,0.864,0
167.079950642114,208.85,9.777057083552767,0.1521,0.22,0,0.0,0.909,0
13.91045064409504,17.39,3.017963078337914,0.1603,6.98,0,0.0,0.994,1
274.30773895561595,342.88,5.769460651385186,0.446,4.23,1,2.74,0.669,1
29.60245699833329,37.0,7.006676785452025,0.4548,2.99,0,0.0,0.738,0
83.78201823001045,104.73,2.7112579239169756,0.0074,7.29,0,0.0,0.667,0
32.78623138588998,40.98,9.563610946762983,0.1625,0.44,1,0.33,0.952,0
77.00184795769805,96.25,2.1610990226372784,0.196,7.84,0,0.0,0.819,0
251.3021455826425,314.13,4.417732239005993,0.4912,5.58,0,0.0,0.941,0
184.5527434149727,230.69,1.7987330164687754,0.4721,8.2,1,1.85,0.994,1
68.1969675268442,85.25,8.749875387729167,0.3142,1.25,0,0.0,0.82,1
261.5275589398013,326.91,2.216012200830617,0.0229,7.78,1,2.62,0.647,1
240.21361776554545,300.27,0.3474143320147438,0.0956,9.65,0,0.0,0.745,1
226.09478469647416,282.62,0.389404025303941,0.2171,9.61,1,2.26,0.614,1
254.28980951571387,317.86,4.137533753659522,0.4795,5.86,1,2.54,0.94,1
185.89490445549453,232.37,5.227776086213014,0.0474,4.77,1,1.86,0.607,0
150.4312080633697,188.04,0.4163863172413773,0.3957,9.58,0,0.0,0.837,1
112.18050785141682,140.23,0.9286534643481824,0.0956,9.07,1,1.12,0.642,1
67.12920612230951,83.91,0.9746295449339948,0.2539,9.03,0,0.0,0.603,0
167.22349729406844,209.03,6.685012848318433,0.3835,3.31,1,1.67,0.702,0
266.8477037142265,333.56,2.9981502050720854,0.3462,7.0,0,0.0,0.821,1
178.19453669769752,222.74,5.6257265335087725,0.3879,4.37,1,1.78,0.63,0
275.882058516191,344.85,0.736959710746754,0.4068,9.26,1,2.76,0.846,1
107.07521087794906,133.84,8.92115560280702,0.1529,1.08,1,1.07,0.869,1
208.5413917582493,260.68,3.0443326842306986,0.182,6.96,1,2.09,0.988,0
194.59964173879231,243.25,7.782007235370307,0.4079,2.22,0,0.0,0.96,1
201.13015321882256,251.41,8.267030708436714,0.0193,1.73,1,2.01,0.827,1
193.5126036722378,241.89,9.879086373459112,0.2572,0.12,0,0.0,0.917,0
66.49640248113504,83.12,7.410389038657531,0.4602,2.59,0,0.0,0.745,1
43.07726948494469,53.85,4.428055480923226,0.4425,5.57,0,0.0,0.834,0
293.5884768696176,366.99,1.526278163932404,0.4022,8.47,0,0.0,0.761,1
13.588538652750358,16.99,0.4787222888411735,0.0108,9.52,0,0.0,0.735,0
140.32094610848108,175.4,8.862598172467036,0.4438,1.14,0,0.0,0.891,0
127.52409514255856,159.41,4.466633918877,0.4558,5.53,1,1.28,0.719,0
108.00568746452286,135.01,7.499636801553958,0.3318,2.5,0,0.0,0.752,1
234.59515607301284,293.24,4.963304806607789,0.1495,5.04,0,0.0,0.747,0
223.6050864937548,279.51,8.796644771580013,0.245,1.2,0,0.0,0.948,0
271.5674770589821,339.46,7.496653424750589,0.3813,2.5,1,2.72,0.668,0
118.64625785607666,148.31,0.8545775934710997,0.4065,9.15,1,1.19,0.753,0
169.25385837883792,211.57,7.521469056415741,0.1717,2.48,0,0.0,0.955,1
267.69211420263616,334.62,2.6681414874158484,0.163,7.33,1,2.68,0.606,1
298.15441885661534,372.69,7.730562115461423,0.3681,2.27,1,2.98,0.979,0
290.7883087096065,363.49,9.48515001250784,0.3432,0.51,0,0.0,0.96,1
215.35316138062024,269.19,9.301322089969728,0.2566,0.7,1,2.15,0.767,0
42.96826734305388,53.71,1.2500023246398828,0.2101,8.75,0,0.0,0.861,1
6.955803537907979,8.69,0.5467223920654729,0.3286,9.45,1,0.07,0.996,1
247.56550692088257,309.46,7.769816399166084,0.0162,2.23,0,0.0,0.822,1
252.28260734754764,315.35,7.099617122642988,0.0378,2.9,1,2.52,0.639,0
223.90827247904087,279.89,1.7617247702018446,0.2865,8.24,1,2.24,0.941,0
83.97704579976603,104.97,6.845673333709929,0.1051,3.15,0,0.0,0.654,1
191.945357879558,239.93,0.1548786589402384,0.3874,9.85,1,1.92,0.703,0
94.87453254458228,118.59,6.311620848425216,0.3862,3.69,1,0.95,0.949,0
135.19447383027742,168.99,8.323055559011369,0.355,1.68,0,0.0,0.702,0
114.73052549415314,143.41,6.4183900090554875,0.4518,3.58,0,0.0,0.898,0
274.0920260370167,342.62,0.6539642073935881,0.0704,9.35,1,2.74,0.779,1
70.24719922316267,87.81,9.909723706649284,0.1296,0.09,1,0.7,0.904,0
173.28327137212506,216.6,3.5609147913321983,0.1261,6.44,0,0.0,0.693,0
108.29445871015776,135.37,3.804781915554206,0.3912,6.2,1,1.08,0.768,1
198.92133357426772,248.65,0.8475133730803741,0.2607,9.15,1,1.99,0.727,0
169.3689423532425,211.71,1.671176816619362,0.1263,8.33,0,0.0,0.7,0
277.1933044097822,346.49,2.7117579351541075,0.0682,7.29,0,0.0,0.726,1
30.483645510363957,38.1,7.992023695299788,0.4465,2.01,0,0.0,0.729,0
66.19225192702902,82.74,6.917488078194305,0.3461,3.08,1,0.66,0.982,1
229.90438914931676,287.38,5.836488297641262,0.2643,4.16,1,2.3,0.813,0
110.63605196845302,138.3,8.63893214548839,0.4827,1.36,1,1.11,0.785,1
49.73513586861718,62.17,9.978051900130604,0.4248,0.02,0,0.0,0.801,1
150.99637777361633,188.75,3.847744582159667,0.0891,6.15,0,0.0,0.998,1
195.64261848341587,244.55,3.9122342799138767,0.2541,6.09,0,0.0,0.861,1
13.448014246049578,16.81,7.360893755328096,0.243,2.64,1,0.13,0.881,1
87.48656681023341,109.36,6.4434882770751525,0.4221,3.56,1,0.87,0.725,0
242.82676130881288,303.53,0.1339344790039731,0.0745,9.87,1,2.43,0.789,1
156.07336998305829,195.09,6.554273047345044,0.2259,3.45,1,1.56,0.674,1
10.613764551995995,13.27,7.196083899631894,0.3183,2.8,1,0.11,0.874,1
84.58530158241025,105.73,9.859365920753632,0.4726,0.14,1,0.85,0.738,1
191.7421967938264,239.68,5.867710026453947,0.4496,4.13,0,0.0,0.899,0
59.80784087340743,74.76,6.844178110941063,0.2669,3.16,1,0.6,0.685,1
248.2174218658243,310.27,7.887477052745632,0.3034,2.11,1,2.48,0.761,0
202.97277212509923,253.72,0.9595962056739517,0.4262,9.04,1,2.03,0.788,1
141.41371828433793,176.77,7.346521759088477,0.3722,2.65,0,0.0,0.667,1
274.68713432003545,343.36,5.468657139087001,0.4397,4.53,0,0.0,0.628,0
117.5402312773985,146.93,1.0007558293073726,0.448,9.0,0,0.0,0.727,1
70.52202316922558,88.15,6.698808430641065,0.4163,3.3,0,0.0,0.818,0
198.42089775801023,248.03,2.34504274687683,0.0047,7.65,1,1.98,0.861,1
171.98855624104456,214.99,5.378978534010095,0.1555,4.62,0,0.0,0.77,0
100.57437027936754,125.72,2.8096020971591584,0.2018,7.19,0,0.0,0.8,1
103.09936839719316,128.87,1.0453637697002982,0.339,8.95,0,0.0,0.817,1
119.46309259023052,149.33,2.508644173008785,0.1534,7.49,1,1.19,0.805,0
87.34157024381078,109.18,4.388066221082582,0.1618,5.61,0,0.0,0.636,0
213.0724219082767,266.34,4.941288586724321,0.2001,5.06,0,0.0,0.762,0
195.4075215153616,244.26,1.4848091929982232,0.4777,8.52,0,0.0,0.682,0
132.2332957639178,165.29,3.209786243327396,0.2186,6.79,0,0.0,0.813,0
119.35640273377116,149.2,8.59390643386588,0.0703,1.41,1,1.19,0.903,0
109.51538080791153,136.89,9.103821318439042,0.0032,0.9,0,0.0,0.832,1
85.04049641767605,106.3,5.351820865306982,0.1183,4.65,0,0.0,0.689,1
25.708998947117813,32.14,4.903616080812991,0.4694,5.1,0,0.0,0.683,0
80.46140565675016,100.58,5.814091246550603,0.4775,4.19,0,0.0,0.615,0
96.36040460791952,120.45,2.1456945588660914,0.2645,7.85,1,0.96,0.771,0
164.305201879603,205.38,9.935711490896145,0.3232,0.06,0,0.0,0.773,0
232.13655272341492,290.17,7.452727209723395,0.398,2.55,1,2.32,0.695,1
118.7106434502095,148.39,2.387458794395468,0.0279,7.61,0,0.0,0.906,0
283.42707175562754,354.28,2.7214640730242157,0.1872,7.28,0,0.0,0.755,0
248.20498903234872,310.26,6.484123875646826,0.3211,3.52,0,0.0,0.868,1
295.44055436512355,369.3,3.228465291898984,0.4491,6.77,1,2.95,0.856,0
262.8609123124445,328.58,3.55316771979564,0.3634,6.45,1,2.63,0.842,0
185.01778479281376,231.27,7.80942670160249,0.175,2.19,1,1.85,0.963,0
179.54378634501566,224.43,2.6692704968528203,0.455,7.33,0,0.0,0.606,1
38.857838026265114,48.57,7.052411965292109,0.3323,2.95,1,0.39,0.627,0
216.71977466747032,270.9,9.348848634303774,0.4151,0.65,1,2.17,0.889,0
180.06205727780142,225.08,1.2413515699823774,0.1928,8.76,0,0.0,0.741,0
152.07963101879542,190.1,1.4428419465909392,0.0011,8.56,0,0.0,0.995,0
207.98606176718656,259.98,9.42873100811816,0.0831,0.57,1,2.08,0.687,0
133.2143528513981,166.52,2.035192572358854,0.4636,7.96,0,0.0,0.673,1
157.15789872248587,196.45,0.2090083159874711,0.0166,9.79,0,0.0,0.835,1
119.5056914409769,149.38,8.685079160200994,0.298,1.31,0,0.0,0.712,0
215.21126801120695,269.01,2.8230288699847095,0.2046,7.18,1,2.15,0.736,1
262.98329116436645,328.73,2.9835393506178445,0.2148,7.02,0,0.0,0.968,1
252.2534817397808,315.32,2.269211461851217,0.2004,7.73,1,2.52,0.61,1
235.80758161484064,294.76,9.176668981384791,0.0337,0.82,0,0.0,0.813,0
4.136311363365275,5.17,7.744186470009598,0.0612,2.26,1,0.04,0.734,0
273.5641391632378,341.96,5.967924559760044,0.0315,4.03,1,2.74,0.738,0
82.46271621701818,103.08,4.532583156757571,0.027,5.47,0,0.0,0.699,1
266.39218288901276,332.99,1.435301187602761,0.0428,8.56,1,2.66,0.654,1
59.09043092681296,73.86,9.259867705171418,0.3483,0.74,0,0.0,0.614,0
131.89372542742117,164.87,7.496635971591542,0.0571,2.5,1,1.32,0.995,1
224.8196382980741,281.02,2.7888353797119603,0.1307,7.21,1,2.25,0.864,0
192.08368358315175,240.1,9.47496065440698,0.3285,0.53,0,0.0,0.911,0
124.77658140882896,155.97,9.351909411648991,0.0561,0.65,0,0.0,0.626,1
203.58715702208352,254.48,6.595188273128846,0.4551,3.4,1,2.04,0.606,0
164.68485301399184,205.86,9.850035570515672,0.2387,0.15,1,1.65,0.84,1
82.72089199065968,103.4,1.8724824548079344,0.4815,8.13,1,0.83,0.89,0
193.89883364914192,242.37,7.313903595877001,0.0963,2.69,0,0.0,0.758,0
61.27412590335701,76.59,1.5217611363174222,0.0153,8.48,0,0.0,0.755,0
208.19648527774964,260.25,6.916912080143946,0.2951,3.08,1,2.08,0.754,0
0.9332632869728408,1.17,9.198518197088095,0.1644,0.8,1,0.01,0.661,1
164.63175412853093,205.79,5.360975615336193,0.2862,4.64,0,0.0,0.902,0
120.3202882668423,150.4,7.630666375267848,0.2368,2.37,0,0.0,0.686,1
90.9311321405842,113.66,1.431217286104426,0.2286,8.57,0,0.0,0.73,1
154.71239017039125,193.39,6.331945703897671,0.4256,3.67,0,0.0,0.869,0
193.59348976076643,241.99,0.6319189613231446,0.0959,9.37,1,1.94,0.6,0
289.5936798640395,361.99,0.3689787617525619,0.2498,9.63,1,2.9,0.907,1
249.9193469664293,312.4,6.340625826361444,0.208,3.66,1,2.5,0.96,0
215.14496492514323,268.93,5.728085801661566,0.3369,4.27,0,0.0,0.621,1
143.69007350374392,179.61,3.2925114185428095,0.0251,6.71,1,1.44,0.837,1
117.64323589930628,147.05,5.129296101777527,0.2647,4.87,0,0.0,0.763,1
9.758896375799164,12.2,6.843401501031771,0.2393,3.16,1,0.1,0.631,1
107.72907091771444,134.66,6.447278177077649,0.4868,3.55,0,0.0,0.873,0
254.51314160178495,318.14,0.7363251145112826,0.3779,9.26,0,0.0,0.845,1
115.207374592887,144.01,6.781193214714616,0.0775,3.22,0,0.0,0.857,0
138.47549971864393,173.09,6.595330792736181,0.2546,3.4,0,0.0,0.925,0
81.55032720747143,101.94,6.6961399166841895,0.3919,3.3,1,0.82,0.715,0
82.23982764401002,102.8,8.473532613490187,0.2623,1.53,1,0.82,0.871,1
18.56152826752452,23.2,5.7670264268628575,0.1784,4.23,1,0.19,0.897,1
184.14117768594025,230.18,9.379008581863692,0.1883,0.62,0,0.0,0.668,0
134.4208209136039,168.03,9.800092796301229,0.1835,0.2,0,0.0,0.983,1
181.78824224723837,227.24,7.518438318071317,0.01,2.48,1,1.82,0.736,1
164.06607000865583,205.08,3.5868175380763043,0.3653,6.41,0,0.0,0.885,0
239.65337618915245,299.57,1.430984156096068,0.3054,8.57,0,0.0,0.902,1
225.30357369344185,281.63,8.201399190281807,0.1343,1.8,0,0.0,0.802,0
231.4361559413638,289.3,1.466323359344146,0.315,8.53,1,2.31,0.651,0
149.77170208250266,187.21,1.4616942202626535,0.1544,8.54,0,0.0,0.71,0
106.16440540617916,132.71,9.190425561244531,0.1217,0.81,1,1.06,0.694,0
280.0309771598858,350.04,5.598726743029245,0.3706,4.4,1,2.8,0.807,0
16.280932114966184,20.35,2.933329732635075,0.4046,7.07,1,0.16,0.705,1
45.7863923550691,57.23,9.629838856008812,0.3129,0.37,0,0.0,0.819,0
125.87972765299192,157.35,7.073306849843403,0.3921,2.93,1,1.26,0.715,0
184.18729577040335,230.23,5.3484450920283955,0.1829,4.65,0,0.0,0.6,0
2.4601124420164933,3.08,3.2948025477208134,0.0359,6.71,0,0.0,0.745,0
215.79684579334256,269.75,6.766165313893417,0.3024,3.23,0,0.0,0.843,0
167.6179628369744,209.52,7.308951676547136,0.128,2.69,1,1.68,0.909,1
145.41082760307756,181.76,7.121101804104166,0.3887,2.88,1,1.45,0.611,0
127.04851164836046,158.81,1.953376488156806,0.1791,8.05,1,1.27,0.703,1
155.84610952218736,194.81,6.972442369649714,0.3353,3.03,1,1.56,0.994,0
48.53572034452428,60.67,5.814468756351512,0.2764,4.19,0,0.0,0.705,0
32.613521783094754,40.77,8.500762419230576,0.4087,1.5,0,0.0,0.911,0
86.89124362555152,108.61,6.247688010046679,0.4162,3.75,1,0.87,0.804,0
212.85143759559745,266.06,1.4627668164193208,0.0341,8.54,0,0.0,0.649,0
176.4863651506489,220.61,3.1853271613083924,0.1476,6.81,0,0.0,0.857,0
144.0369052857038,180.05,7.43817665273264,0.4354,2.56,1,1.44,0.987,0
171.4562897687881,214.32,7.399617815057729,0.202,2.6,0,0.0,0.955,0
167.77740391180296,209.72,2.227147894302386,0.2574,7.77,0,0.0,0.876,0
92.1125776469776,115.14,3.5459331693249374,0.0917,6.45,0,0.0,0.805,1
29.236784173417753,36.55,0.1531964154207143,0.2763,9.85,0,0.0,0.728,0
269.0347105989152,336.29,3.317045481548404,0.1323,6.68,0,0.0,0.743,0
179.97337878717437,224.97,0.2633901749353029,0.4146,9.74,1,1.8,0.738,0
209.3243999042555,261.66,8.728707077214075,0.1001,1.27,1,2.09,0.969,0
139.19916731008652,174.0,6.666472443241764,0.1799,3.33,0,0.0,0.685,1
226.9441739929688,283.68,9.691477704776547,0.0475,0.31,0,0.0,0.751,0
175.34917919360015,219.19,8.919242403480363,0.294,1.08,0,0.0,0.773,1
16.14033662915707,20.18,6.034752819198069,0.471,3.97,0,0.0,0.764,0
267.0291106181073,333.79,5.029286633722841,0.0866,4.97,0,0.0,0.602,1
91.66084403636606,114.58,8.83724490734674,0.0099,1.16,1,0.92,0.708,0
41.36723322640064,51.71,2.984150871068066,0.2112,7.02,1,0.41,0.799,1
26.412302311294734,33.02,2.23518240840233,0.3742,7.76,0,0.0,0.904,1
216.13209415263324,270.17,4.100211181592719,0.4876,5.9,0,0.0,0.828,0
211.19051004130793,263.99,0.5319784537619199,0.0256,9.47,1,2.11,0.754,1
210.0486374439812,262.56,3.0197182490999,0.393,6.98,0,0.0,0.866,0
274.7258318044698,343.41,0.8368032668904068,0.1843,9.16,1,2.75,0.866,1
104.68290659929544,130.85,0.5266093704206365,0.0769,9.47,1,1.05,0.699,0
168.33991690767695,210.42,5.513398158275484,0.0962,4.49,1,1.68,0.642,1
185.84867489830484,232.31,7.081652139361997,0.4619,2.92,1,1.86,0.921,0
293.84454856993875,367.31,5.366745204281356,0.4047,4.63,1,2.94,0.812,0
93.70384311557754,117.13,0.7057737656574192,0.1559,9.29,1,0.94,0.671,0
286.89935997118215,358.62,3.949693507974228,0.4701,6.05,0,0.0,0.705,0
44.620299924714416,55.78,1.1095143539146912,0.0526,8.89,1,0.45,0.907,1
229.2004368083526,286.5,6.500636449567052,0.1613,3.5,1,2.29,0.861,1
189.86577000612385,237.33,8.264064689039326,0.3265,1.74,0,0.0,0.978,1
245.06881118159623,306.34,1.1670572260842271,0.4997,8.83,0,0.0,0.786,1
8.605672091954142,10.76,0.66852765505515,0.2328,9.33,1,0.09,0.621,0
23.439312881716745,29.3,4.05951941536261,0.4054,5.94,0,0.0,0.88,0
20.908733870743756,26.14,3.034736765166972,0.4579,6.97,1,0.21,0.702,1
177.88783664918634,222.36,2.6068985079831375,0.0048,7.39,1,1.78,0.73,0
180.8808202726614,226.1,2.1139613595384796,0.1445,7.89,1,1.81,0.679,0
271.83146680649287,339.79,3.169250166415214,0.0502,6.83,0,0.0,0.724,1
140.28105435553348,175.35,9.653744363851434,0.388,0.35,0,0.0,0.932,1
20.41471650148918,25.52,8.576709444814764,0.2835,1.42,1,0.2,0.831,0
62.85882048675463,78.57,6.013570893529527,0.0478,3.99,1,0.63,0.644,1
2.421928445352872,3.03,8.004745605632646,0.2104,2.0,0,0.0,0.835,0
233.0143575385215,291.27,0.1473553775294867,0.257,9.85,0,0.0,0.853,0
244.67983106423236,305.85,1.114553187211066,0.3489,8.89,1,2.45,0.954,1
299.3821248852408,374.23,2.9246154606387753,0.3897,7.08,1,2.99,0.944,0
123.65833471592828,154.57,6.438989998123973,0.0439,3.56,1,1.24,0.625,1
5.789512620477755,7.24,8.834139876046489,0.2438,1.17,1,0.06,0.947,0
70.41896444711166,88.02,2.3114015848701364,0.0806,7.69,0,0.0,0.62,1
176.33066029898876,220.41,1.3920245658451758,0.3766,8.61,1,1.76,0.662,0
288.58289011582093,360.73,8.479193534340716,0.3288,1.52,0,0.0,0.645,1
31.073565441238294,38.84,4.09135644221263,0.3615,5.91,0,0.0,0.673,1
36.471906048222834,45.59,6.99508440171436,0.0375,3.0,1,0.36,0.921,0
210.52769558368288,263.16,5.480287180947836,0.2552,4.52,1,2.11,0.874,1
200.16211650646488,250.2,1.7591140284918982,0.4203,8.24,1,2.0,0.875,1
75.15190659354992,93.94,7.005753176010302,0.3567,2.99,1,0.75,0.969,0
243.94343730435568,304.93,4.207781861441023,0.4309,5.79,0,0.0,0.757,1
38.63362664323896,48.29,2.877485381706286,0.1031,7.12,0,0.0,0.601,1
277.72255343302794,347.15,9.026982850742542,0.1435,0.97,0,0.0,0.856,0
60.30957909972642,75.39,0.0598582228052047,0.2206,9.94,0,0.0,0.947,0
24.405711816901498,30.51,4.0486973198474825,0.2616,5.95,1,0.24,0.991,1
101.85662594215638,127.32,3.0051199432269504,0.1261,6.99,1,1.02,0.746,1
56.352386560363485,70.44,0.5447949088672077,0.1906,9.46,1,0.56,0.929,1
158.08236751080986,197.6,0.8042326966945001,0.3435,9.2,1,1.58,0.94,0
206.05396121151784,257.57,1.7228689391354302,0.3227,8.28,0,0.0,0.658,0
147.27647354348736,184.1,5.049997266688925,0.0552,4.95,1,1.47,0.853,1
198.18219954329328,247.73,2.8264355340141867,0.4929,7.17,1,1.98,0.669,1
109.47615431999532,136.85,8.378590119956973,0.2814,1.62,1,1.09,0.779,0
8.376779171591997,10.47,2.3997590060035288,0.2418,7.6,0,0.0,0.952,0
292.2192372675447,365.27,7.202211984559103,0.4836,2.8,0,0.0,0.916,0
245.8240513619986,307.28,2.1037667656631287,0.0702,7.9,0,0.0,0.828,1
22.025647225388425,27.53,0.4255256277424435,0.2718,9.57,0,0.0,0.923,1
134.75291884690031,168.44,2.6462172527418657,0.4025,7.35,0,0.0,0.661,0
190.5057210215624,238.13,8.375685256441098,0.1995,1.62,0,0.0,0.678,1
57.17828117179137,71.47,0.822511432742804,0.3682,9.18,0,0.0,0.684,0
173.39658340883145,216.75,3.444956628377666,0.4496,6.56,0,0.0,0.91,0
160.0945854353061,200.12,0.0801681488707917,0.1308,9.92,0,0.0,0.956,0
62.47955656041143,78.1,6.302445701818144,0.1207,3.7,0,0.0,0.825,0
42.36309278323598,52.95,9.427597847265307,0.1803,0.57,0,0.0,0.983,0
227.68868688559124,284.61,3.8436617632639702,0.2092,6.16,1,2.28,0.891,0
96.77593384489012,120.97,5.7691793277485806,0.0555,4.23,1,0.97,0.825,0
73.212160152673,91.52,4.5228450660888235,0.1156,5.48,1,0.73,0.845,1
221.3635058417966,276.7,9.733307398886833,0.4366,0.27,1,2.21,0.94,0
220.82060760689455,276.03,7.359986616560087,0.2833,2.64,0,0.0,0.636,1
82.92049690086874,103.65,0.4422300168573001,0.1339,9.56,0,0.0,0.667,0
261.7705383755561,327.21,1.0872466603291542,0.4718,8.91,0,0.0,0.707,1
206.47504952170272,258.09,4.704808320613248,0.3872,5.3,0,0.0,0.958,0
103.72926534646145,129.66,6.317459292763924,0.1812,3.68,0,0.0,0.978,0
128.24689505539766,160.31,2.9039588884221845,0.3827,7.1,1,1.28,0.742,1
218.01290577918533,272.52,6.746447096482921,0.298,3.25,0,0.0,0.97,0
63.4751498686476,79.34,5.765253961775413,0.3419,4.23,0,0.0,0.819,1
140.62823774256722,175.79,4.3509257792425435,0.1607,5.65,1,1.41,0.789,0
196.06750267742987,245.08,5.822970258211145,0.1047,4.18,1,1.96,0.933,0
161.84956440261396,202.31,9.164635295518,0.1268,0.84,1,1.62,0.818,1
182.49850377134797,228.12,2.4320413873967226,0.0419,7.57,1,1.82,0.782,0
163.8637498430339,204.83,7.912119336362285,0.2355,2.09,1,1.64,0.606,0
59.768233137006035,74.71,0.1195715627954818,0.2031,9.88,1,0.6,0.605,0
123.0616034917864,153.83,0.8479832577619062,0.0013,9.15,1,1.23,0.851,0
159.5956486432637,199.49,9.496855278207114,0.4282,0.5,1,1.6,0.629,1
234.01882270378383,292.52,6.977286648424654,0.3409,3.02,1,2.34,0.895,0
196.1712711508628,245.21,6.333172087475544,0.2234,3.67,0,0.0,0.849,0
127.97728355578045,159.97,3.3405526777338523,0.4835,6.66,1,1.28,0.783,0
292.31994964774367,365.4,1.8433717991677556,0.4703,8.16,1,2.92,0.884,0
32.33865650391755,40.42,3.799160725209432,0.0475,6.2,0,0.0,0.997,0
62.041460566490514,77.55,5.983901929100619,0.3076,4.02,0,0.0,0.699,0
102.3937830094992,127.99,6.343818513670577,0.4085,3.66,0,0.0,0.823,0
68.57162309637305,85.71,1.6955066486173145,0.0865,8.3,0,0.0,0.937,1
187.6325990418034,234.54,4.4550192024829895,0.064,5.54,0,0.0,0.607,0
11.865218800876576,14.83,5.667584694795451,0.1299,4.33,1,0.12,0.681,1
53.23103528202478,66.54,9.599608094339182,0.1398,0.4,0,0.0,0.808,1
88.00417129758131,110.01,5.494231045854612,0.4825,4.51,1,0.88,0.821,0
205.00373252379495,256.25,5.805994101076592,0.3902,4.19,0,0.0,0.635,1
262.7594647743384,328.45,7.651886847312628,0.0299,2.35,1,2.63,0.763,1
239.54753116591633,299.43,4.1891194575113815,0.3932,5.81,0,0.0,0.808,1
54.62427997507646,68.28,3.838678411058421,0.0848,6.16,0,0.0,0.769,1
169.62172753232073,212.03,5.909092084329078,0.1786,4.09,1,1.7,0.88,0
9.006793603406171,11.26,7.8330781058458,0.1593,2.17,0,0.0,0.909,0
93.16103260585837,116.45,6.375817163497141,0.1362,3.62,0,0.0,0.784,1
241.795138448498,302.24,1.8613114955121337,0.1544,8.14,0,0.0,0.77,1
136.9997141230019,171.25,3.9770028070173815,0.3771,6.02,0,0.0,0.882,0
44.98239668275037,56.23,5.125967983291703,0.1333,4.87,0,0.0,0.822,1
131.5660144464938,164.46,5.237443846830823,0.4004,4.76,0,0.0,0.948,1
59.40987763866848,74.26,3.3959513894879834,0.0455,6.6,0,0.0,0.792,0
117.95743735918884,147.45,5.224146422290782,0.2976,4.78,1,1.18,0.83,1
146.350041824353,182.94,6.729753919573453,0.4315,3.27,0,0.0,0.652,0
104.86743375330852,131.08,4.6797271317528,0.0396,5.32,1,1.05,0.934,0
281.09068513015825,351.36,4.5134736364222405,0.3174,5.49,0,0.0,0.769,1
168.7590892669146,210.95,8.015828246494834,0.2558,1.98,0,0.0,0.888,1
252.867802184069,316.08,7.56838028209624,0.166,2.43,0,0.0,0.772,0
228.2185641166741,285.27,4.224049531760588,0.0503,5.78,0,0.0,0.6,1
198.34989278033297,247.94,9.960133420451095,0.3382,0.04,1,1.98,0.76,0
149.06662449077467,186.33,0.6647098736753443,0.1547,9.34,1,1.49,0.659,1
0.6521351344762505,0.82,3.2599573690704986,0.1695,6.74,0,0.0,0.759,1
184.04028016562515,230.05,0.3683050443333879,0.3588,9.63,0,0.0,0.729,0
106.78723590074932,133.48,8.394693823886296,0.4727,1.61,1,1.07,0.681,0
35.32865004039564,44.16,7.556302263012027,0.1668,2.44,0,0.0,0.65,0
133.38787908362332,166.73,6.836766019803885,0.3734,3.16,0,0.0,0.891,0
220.66599668499143,275.83,2.1447222323209103,0.4783,7.86,0,0.0,0.902,1
288.50333840961116,360.63,7.077188483320191,0.0489,2.92,0,0.0,0.706,0
112.2314673366246,140.29,3.553117574647391,0.2646,6.45,1,1.12,0.798,0
162.816989611493,203.52,8.685695018126324,0.0056,1.31,1,1.63,0.786,0
255.3733150090755,319.22,1.995016448938832,0.4126,8.0,0,0.0,0.742,0
100.19982598500444,125.25,2.178407620704519,0.1434,7.82,1,1.0,0.711,0
42.677173491244616,53.35,9.605862903449571,0.1664,0.39,1,0.43,0.674,0
84.56454936980671,105.71,5.1702014775966,0.3436,4.83,0,0.0,0.949,1
269.7368489425164,337.17,4.463857398299799,0.3946,5.54,0,0.0,0.933,1
47.817932538551325,59.77,3.5174870387691404,0.2,6.48,1,0.48,0.767,1
98.76631830203462,123.46,8.312125208057457,0.3328,1.69,1,0.99,0.888,1
139.39209315010217,174.24,3.52707547614093,0.4782,6.47,1,1.39,0.799,0
254.133967047276,317.67,3.5615697063624143,0.4435,6.44,0,0.0,0.634,1
281.3139850958924,351.64,1.2333415072376863,0.3506,8.77,1,2.81,0.929,0
127.74309288997644,159.68,5.2072638438525,0.4715,4.79,0,0.0,0.688,1
279.58621450605466,349.48,9.237499910166088,0.438,0.76,1,2.8,0.883,1
48.437728457326365,60.55,9.575392293586598,0.3645,0.42,0,0.0,0.811,1
47.05568756891112,58.82,9.955155419605076,0.4586,0.04,0,0.0,0.876,1
284.77524589043935,355.97,4.73070538642239,0.4087,5.27,0,0.0,0.788,1
152.90404005849936,191.13,7.749480833836053,0.2511,2.25,1,1.53,0.881,0
55.77235060618618,69.72,5.525347322853849,0.2511,4.47,0,0.0,0.613,0
146.39711117266856,183.0,5.4795774625499405,0.0044,4.52,0,0.0,0.616,0
234.96334661371543,293.7,8.06240910714474,0.0151,1.94,0,0.0,0.959,1
248.0761097170571,310.1,8.353579786972213,0.3731,1.65,1,2.48,0.9,1
259.1907769947727,323.99,0.1979325441640833,0.2774,9.8,1,2.59,0.931,1
170.87127092622555,213.59,9.4278985423887,0.3805,0.57,1,1.71,0.783,0
260.0838043103641,325.1,8.229835316062866,0.4748,1.77,0,0.0,0.784,0
153.0090626409764,191.26,7.211087642950411,0.2263,2.79,0,0.0,0.814,0
182.1179707173232,227.65,8.520323727212364,0.0442,1.48,1,1.82,0.697,0
227.6159406814936,284.52,5.3726325796920715,0.3133,4.63,0,0.0,0.893,1
127.63058781315254,159.54,7.732635213230862,0.0499,2.27,0,0.0,0.932,1
22.074446141632432,27.59,5.986490042562098,0.3107,4.01,1,0.22,0.963,0
105.04990705730928,131.31,5.429307239840149,0.2639,4.57,1,1.05,0.807,1
187.1832650387881,233.98,2.1160772232050795,0.3561,7.88,0,0.0,0.766,0
57.69971089184306,72.12,8.474150296349755,0.1755,1.53,0,0.0,0.932,1
44.515609049892014,55.64,8.838710166161919,0.0719,1.16,1,0.45,0.901,1
87.92416337743128,109.91,9.711926244543028,0.1181,0.29,0,0.0,0.947,0
9.633438683346409,12.04,1.204386659356167,0.3418,8.8,1,0.1,0.862,1
223.02686942607593,278.78,2.9157419446390263,0.2391,7.08,0,0.0,0.953,1
77.61468065650163,97.02,6.854056795619487,0.2704,3.15,1,0.78,0.636,1
37.27151899097986,46.59,8.552293495203315,0.1615,1.45,0,0.0,0.872,0
209.7388247890306,262.17,7.513041753377596,0.4184,2.49,1,2.1,0.636,0
252.87840376298635,316.1,4.55592099581824,0.4997,5.44,1,2.53,0.9,1
5.962678758533535,7.45,7.259773988662549,0.1561,2.74,1,0.06,0.851,0
70.07993122236745,87.6,0.7212490649743442,0.3593,9.28,0,0.0,0.606,0
283.56969746087503,354.46,6.62538447418253,0.0856,3.37,0,0.0,0.84,0
115.57624077983256,144.47,0.0801286130917222,0.3712,9.92,0,0.0,0.659,1
281.5776190145794,351.97,0.4754877073650487,0.2154,9.52,1,2.82,0.657,0
82.26376151120321,102.83,7.572955581393032,0.3027,2.43,0,0.0,0.66,0
65.4202906715796,81.78,4.776270455086328,0.1188,5.22,1,0.65,0.794,1
64.23252351839876,80.29,0.5955098408711135,0.4258,9.4,0,0.0,0.646,1
25.56859812748148,31.96,4.818611942670116,0.0867,5.18,1,0.26,0.65,0
268.9296865527377,336.16,0.627543304705318,0.4643,9.37,0,0.0,0.702,1
293.95050678987036,367.44,3.4603224321170423,0.0306,6.54,0,0.0,0.6,1
286.3526421814914,357.94,1.573726055311332,0.144,8.43,0,0.0,0.71,1
255.6084419481822,319.51,2.1937246539189195,0.2815,7.81,1,2.56,0.847,0
254.06637229529255,317.58,1.9560560418311468,0.4292,8.04,0,0.0,0.841,1
198.3256401506963,247.91,3.717679249556918,0.2885,6.28,1,1.98,0.988,1
247.86411358518407,309.83,1.0790831673317236,0.1081,8.92,0,0.0,0.648,0
62.502709302914326,78.13,5.277364499400187,0.4295,4.72,1,0.63,0.946,1
116.37378911613855,145.47,4.071010137537614,0.2981,5.93,1,1.16,0.756,0
192.2508879884244,240.31,8.398650434200675,0.1162,1.6,1,1.92,0.755,1
262.4313997684789,328.04,8.259250922704734,0.2809,1.74,0,0.0,0.74,1
198.1408387106351,247.68,8.242777822407227,0.3376,1.76,0,0.0,0.65,0
251.70658750026175,314.63,4.6963927613472904,0.3403,5.3,0,0.0,0.791,0
142.18485475478923,177.73,2.907886087762608,0.362,7.09,0,0.0,0.915,0
215.19112131151329,268.99,4.154012740996672,0.4479,5.85,0,0.0,0.95,1
293.994241912526,367.49,6.873717386847091,0.4124,3.13,1,2.94,0.985,1
46.046567138927315,57.56,5.29786356482415,0.3038,4.7,1,0.46,0.914,0
278.076207694767,347.6,6.243041050681296,0.0161,3.76,0,0.0,0.849,0
156.70918435257082,195.89,6.937177386160651,0.3748,3.06,1,1.57,0.799,1
192.9654092190174,241.21,9.183632949425638,0.4875,0.82,1,1.93,0.95,1
263.36070207315385,329.2,9.43975832949832,0.1528,0.56,0,0.0,0.896,0
122.89625176569508,153.62,8.404699985140113,0.3034,1.6,1,1.23,0.665,1
125.6077724670152,157.01,0.650614965109978,0.3843,9.35,0,0.0,0.873,0
158.1545509041301,197.69,9.793350046453114,0.3195,0.21,1,1.58,0.772,1
5.730625349055174,7.16,7.0363072617027385,0.4613,2.96,0,0.0,0.838,1
148.99985428300525,186.25,6.933921491260452,0.2367,3.07,1,1.49,0.959,1
87.3261794982691,109.16,0.2310598220936666,0.2659,9.77,0,0.0,0.861,1
278.3862547175344,347.98,4.793999212953039,0.0191,5.21,0,0.0,0.975,0
26.320589625909395,32.9,6.264996895156622,0.4501,3.74,1,0.26,0.947,0
137.79613860594054,172.25,2.7850940385040355,0.1311,7.21,1,1.38,0.652,0
284.2404511132083,355.3,0.8324003278844272,0.4892,9.17,0,0.0,0.605,0
270.31057509554324,337.89,5.324448611250153,0.1011,4.68,0,0.0,0.754,0
210.40453271236507,263.01,4.4629455824520905,0.1267,5.54,1,2.1,0.946,0
176.80831559882242,221.01,0.440803241385822,0.2423,9.56,0,0.0,0.692,1
84.21928113985204,105.27,5.194180965915223,0.3303,4.81,0,0.0,0.877,0
110.08713382573644,137.61,1.077168367886031,0.2203,8.92,1,1.1,0.79,0
27.040459426238172,33.8,4.2455077552739535,0.1759,5.75,1,0.27,0.898,0
235.8324893274713,294.79,2.7041291023875647,0.27,7.3,1,2.36,0.666,1
97.16093037114352,121.45,9.704708113777908,0.4791,0.3,0,0.0,0.696,0
200.3345697090622,250.42,0.3473323687771834,0.481,9.65,1,2.0,0.697,1
107.27843315958404,134.1,5.600232360909704,0.164,4.4,0,0.0,0.819,0
139.2991324188788,174.12,1.5192032210595696,0.3401,8.48,0,0.0,0.716,0
166.5007417129185,208.13,3.192941115712613,0.361,6.81,0,0.0,0.925,0
240.55572251718107,300.69,1.839009715307931,0.3267,8.16,0,0.0,0.739,1
63.34691326220412,79.18,9.951468797123551,0.0565,0.05,1,0.63,0.864,1
119.62961604895692,149.54,0.3236206711320766,0.2697,9.68,0,0.0,0.979,0
39.02447156754527,48.78,5.413564591406672,0.3816,4.59,1,0.39,0.843,0
22.72815147637779,28.41,6.08042714658387,0.1004,3.92,1,0.23,0.697,1
181.40230685063756,226.75,7.721678956955529,0.1741,2.28,1,1.81,0.932,0
56.7273133076708,70.91,6.259835163317904,0.1019,3.74,0,0.0,0.605,1
17.939802577829646,22.42,2.3134690678373016,0.4435,7.69,0,0.0,0.703,1
269.1293793619216,336.41,5.980388829968575,0.4293,4.02,0,0.0,0.755,1
160.29432593561876,200.37,9.749668766753668,0.0846,0.25,0,0.0,0.678,0
40.38846222089539,50.49,8.484517686047601,0.3803,1.52,0,0.0,0.842,1
16.027838234264912,20.03,4.534971138552021,0.182,5.47,0,0.0,0.823,0
35.95801602409684,44.95,4.774082177737754,0.3431,5.23,1,0.36,0.763,1
141.4011720961842,176.75,1.3290839762233442,0.2467,8.67,0,0.0,0.718,0
200.53957655066932,250.67,5.69925122835963,0.236,4.3,1,2.01,0.774,0
192.38402249581367,240.48,2.802433929964514,0.4406,7.2,1,1.92,0.716,0
43.32692587934955,54.16,1.0811425542469877,0.3185,8.92,1,0.43,0.689,0
190.04668555131263,237.56,4.742094054142564,0.1179,5.26,1,1.9,0.741,0
121.45968726527984,151.82,0.4507128402216243,0.0554,9.55,0,0.0,0.841,0
139.4231352898395,174.28,1.201317434298894,0.4667,8.8,0,0.0,0.859,1
240.4291218735951,300.54,2.1904398587395315,0.0767,7.81,0,0.0,0.719,1
99.7498118038915,124.69,9.906346168791988,0.367,0.09,0,0.0,0.979,1
44.09971414900613,55.12,8.084816002702894,0.2479,1.92,0,0.0,0.705,1
262.03594006990215,327.54,5.417583363656534,0.07,4.58,1,2.62,0.885,0
63.6391727599014,79.55,2.3256538423140674,0.3883,7.67,1,0.64,0.633,1
88.20896116639281,110.26,5.189198888498055,0.4522,4.81,0,0.0,0.866,1
211.97701767078672,264.97,6.489970860780717,0.0608,3.51,0,0.0,0.784,1
205.06509511728217,256.33,0.0456391702254499,0.0335,9.95,1,2.05,0.828,1
240.1200063851486,300.15,9.878936040816122,0.4249,0.12,1,2.4,0.674,1
55.15999243438232,68.95,6.267810005280847,0.2505,3.73,0,0.0,0.773,1
105.68396799426098,132.1,9.88246474567894,0.3373,0.12,1,1.06,0.907,1
37.764971686878326,47.21,4.690657930981324,0.2207,5.31,1,0.38,0.907,1
162.31174415058126,202.89,6.235073505622747,0.2062,3.76,1,1.62,0.695,0
87.77117776161036,109.71,4.614607422184392,0.1498,5.39,1,0.88,0.741,1
206.6806923025688,258.35,0.0948364277726243,0.2815,9.91,1,2.07,0.602,0
0.1033103953623215,0.13,8.498917160952997,0.0799,1.5,1,0.0,0.636,1
17.904899537873774,22.38,4.490016105023933,0.3586,5.51,1,0.18,0.651,1
129.768090155803,162.21,4.709361919267762,0.2747,5.29,0,0.0,0.717,0
287.45524679267055,359.32,3.5996413935292737,0.4238,6.4,1,2.87,0.904,1
267.2554162077549,334.07,4.3265646753901095,0.4605,5.67,1,2.67,0.804,0
298.20270841859497,372.75,7.255507166350357,0.4503,2.74,1,2.98,0.917,0
125.04906745921346,156.31,7.006244813591657,0.3006,2.99,1,1.25,0.902,1
13.970545882125462,17.46,8.08378955676464,0.1594,1.92,1,0.14,0.835,1
91.78684260592873,114.73,9.74667069176325,0.1786,0.25,1,0.92,0.8,0
202.73125565218544,253.41,3.9116523252295954,0.3263,6.09,0,0.0,0.973,0
40.549142930224576,50.69,3.3895951786252345,0.356,6.61,0,0.0,0.828,1
89.99165362800031,112.49,4.935250647767212,0.0806,5.06,1,0.9,0.793,1
16.849849363457604,21.06,1.5438956247763125,0.499,8.46,0,0.0,0.948,0
142.49011151707026,178.11,7.580296120286251,0.0538,2.42,1,1.42,0.629,0
62.67620330852638,78.35,5.8113792509313145,0.3035,4.19,0,0.0,0.862,1
27.374408069700703,34.22,2.1134072633695755,0.2655,7.89,1,0.27,0.645,1
123.36474284474372,154.21,8.640350520056263,0.2955,1.36,1,1.23,0.928,1
105.36762131224648,131.71,6.190625173897032,0.2669,3.81,0,0.0,0.917,1
161.2553210836477,201.57,0.3403932032538925,0.029,9.66,0,0.0,0.801,1
224.71159659409173,280.89,1.9651688871592077,0.498,8.03,1,2.25,0.864,0
33.77062092795157,42.21,8.910934871926031,0.4906,1.09,0,0.0,0.909,0
237.33767706300256,296.67,3.8104555641165,0.2622,6.19,0,0.0,0.793,0
7.886993962554034,9.86,9.843515857275806,0.1042,0.16,1,0.08,0.962,1
132.93057074875435,166.16,5.2975228696093914,0.0915,4.7,0,0.0,0.775,0
176.2290860657646,220.29,2.07915146922475,0.0285,7.92,1,1.76,0.957,1
287.0996019419393,358.87,5.938945598565542,0.3059,4.06,0,0.0,0.833,1
172.1769080608949,215.22,1.0235093851367627,0.2391,8.98,0,0.0,0.77,0
47.62475798141658,59.53,8.075147175000643,0.2082,1.92,1,0.48,0.602,0
155.26254160317274,194.08,6.2784020910128415,0.2626,3.72,1,1.55,0.718,1
118.73518415742484,148.42,9.639466197949512,0.4364,0.36,1,1.19,0.947,0
143.8066702800731,179.76,6.901077906924965,0.0354,3.1,0,0.0,0.771,1
59.129104397726174,73.91,0.4915035566549075,0.272,9.51,1,0.59,0.769,1
150.24811269338156,187.81,4.7642824053523425,0.3505,5.24,0,0.0,0.796,1
45.01192928726305,56.26,5.313102423893735,0.4853,4.69,0,0.0,0.715,0
223.21292420726095,279.02,9.167759658120744,0.3698,0.83,0,0.0,0.797,0
178.17187806767936,222.71,4.32466791556636,0.2741,5.68,0,0.0,0.75,1
23.55830747753499,29.45,5.935135727652595,0.3834,4.06,0,0.0,0.964,0
266.88434037869393,333.61,1.8595610469037227,0.4985,8.14,0,0.0,0.826,1
184.9138813846915,231.14,2.4462614079332723,0.4444,7.55,1,1.85,0.934,1
94.83211653834942,118.54,5.485867645183811,0.0445,4.51,0,0.0,0.875,1
13.692719858193092,17.12,6.969845637682129,0.2874,3.03,0,0.0,0.685,0
189.66800873148992,237.09,4.354607009209911,0.3932,5.65,1,1.9,0.947,0
112.03207840450104,140.04,4.326685647154925,0.3359,5.67,1,1.12,0.635,1
272.2854314635463,340.36,2.5599428703976743,0.2085,7.44,1,2.72,0.779,1
10.463349814252364,13.08,6.981307656215899,0.1612,3.02,1,0.1,0.696,1
11.730730602673,14.66,0.0547287571078825,0.3135,9.95,1,0.12,0.815,1
284.78978607208063,355.99,5.12768640308113,0.2062,4.87,1,2.85,0.72,0
289.46218370385185,361.83,0.0356475503165221,0.196,9.96,1,2.89,0.889,0
8.32266803179158,10.4,5.934679098254813,0.4184,4.07,0,0.0,0.975,1
214.80997048239823,268.51,0.3090649159133907,0.1578,9.69,1,2.15,0.884,0
66.44845569865214,83.06,9.400670798976384,0.3225,0.6,0,0.0,0.742,0
210.41782988582176,263.02,4.7795376222118175,0.4367,5.22,1,2.1,0.84,0
260.6198389973951,325.77,6.840227313787992,0.3109,3.16,1,2.61,0.955,0
30.24944365868262,37.81,8.53598474565094,0.2464,1.46,1,0.3,0.708,0
71.6299250286126,89.54,2.354221141446607,0.0177,7.65,0,0.0,0.647,0
7.223300497948449,9.03,5.400539021346633,0.3408,4.6,0,0.0,0.652,1
13.14895363333224,16.44,8.634495842408935,0.4988,1.37,1,0.13,0.798,0
8.885357465332255,11.11,5.377736080092311,0.4042,4.62,1,0.09,0.893,1
240.20470692792435,300.26,3.927724962045982,0.3172,6.07,1,2.4,0.863,0
89.487803529233,111.86,3.688698076136945,0.2346,6.31,0,0.0,0.782,0
147.96343187159673,184.95,3.841083600922499,0.1122,6.16,1,1.48,0.892,0
236.3532790791049,295.44,6.1543128833449,0.3461,3.85,1,2.36,0.854,0
148.4830988120154,185.6,0.4566114551783073,0.0887,9.54,0,0.0,0.851,0
128.75881878737883,160.95,4.153828745822054,0.4435,5.85,0,0.0,0.681,1
3.471961946837643,4.34,5.60589128746821,0.177,4.39,1,0.03,0.725,0
170.41185076102684,213.01,7.863807874336549,0.1999,2.14,0,0.0,0.738,1
37.42292344112592,46.78,5.299937456079618,0.108,4.7,0,0.0,0.923,0
229.39447223730787,286.74,9.261727351144868,0.2408,0.74,0,0.0,0.91,0
77.32131714450587,96.65,4.437729923703895,0.3402,5.56,1,0.77,0.701,0
202.25622324259652,252.82,6.507941511563512,0.1514,3.49,0,0.0,0.622,1
193.86705834740383,242.33,0.1758111279419083,0.3509,9.82,1,1.94,0.907,1
185.002680879006,231.25,2.384480673905105,0.3103,7.62,1,1.85,0.764,1
80.08560226115779,100.11,8.154573463985903,0.1862,1.85,0,0.0,0.688,0
80.12693315267045,100.16,5.862150551551009,0.1564,4.14,0,0.0,0.647,1
258.91441303239895,323.64,9.461730610306097,0.4307,0.54,0,0.0,0.605,0
3.842199789128098,4.8,7.52876437316287,0.006,2.47,1,0.04,0.771,1
54.45679003618737,68.07,4.4966385825028885,0.358,5.5,1,0.54,0.736,1
183.0512752925955,228.81,7.787112680783531,0.2086,2.21,1,1.83,0.879,1
245.11387632095096,306.39,4.6778678162401155,0.3588,5.32,1,2.45,0.991,0
107.5036526018576,134.38,3.301688714215953,0.2538,6.7,0,0.0,0.683,0
196.03303758324003,245.04,0.470960719829645,0.0419,9.53,1,1.96,0.697,0
167.1469258860709,208.93,8.656233638198733,0.491,1.34,0,0.0,0.735,0
19.36203134461062,24.2,4.189417358894446,0.043,5.81,0,0.0,0.786,1
186.52505907920343,233.16,6.8517028502442106,0.0792,3.15,0,0.0,0.879,0
244.17104168174805,305.21,1.5305948529765023,0.2102,8.47,0,0.0,0.741,0
297.7344960898228,372.17,8.28962356951751,0.4723,1.71,0,0.0,0.642,0
8.892021795516857,11.12,8.2420044603869,0.1465,1.76,1,0.09,0.892,0
198.0174517751604,247.52,4.82147596249793,0.2843,5.18,1,1.98,0.918,1
124.36486594438864,155.46,6.7214470810768665,0.2607,3.28,0,0.0,0.699,0
2.936366611861585,3.67,5.214538418828122,0.1651,4.79,1,0.03,0.655,1
184.3082831125534,230.39,5.522659720690399,0.3482,4.48,1,1.84,0.811,1
36.72818956669065,45.91,8.888015671887535,0.2507,1.11,0,0.0,0.683,0
113.57005505674098,141.96,9.669157313406076,0.2891,0.33,1,1.14,0.75,0
78.41012774652069,98.01,3.6749894310333286,0.1051,6.33,0,0.0,0.911,1
108.3490206813298,135.44,3.317331262437672,0.4633,6.68,0,0.0,0.688,0
147.80867445028488,184.76,3.03807436079506,0.0553,6.96,0,0.0,0.923,0
107.76285974685436,134.7,7.707587938091672,0.3451,2.29,0,0.0,0.87,1
165.81956117686175,207.27,7.228974596306105,0.4429,2.77,0,0.0,0.688,0
71.59490706985613,89.49,0.4380007604925862,0.042,9.56,1,0.72,0.811,1
190.60853022851447,238.26,0.8844089070575578,0.0144,9.12,0,0.0,0.846,1
256.12890123745603,320.16,6.462049003064708,0.1666,3.54,0,0.0,0.68,0
67.22011407456372,84.03,2.749586242239288,0.395,7.25,0,0.0,0.658,1
152.36316475668676,190.45,0.915803160649502,0.3587,9.08,0,0.0,0.812,0
194.6069353649666,243.26,4.136637118025832,0.4111,5.86,1,1.95,0.878,1
169.38783936402484,211.73,8.77482829262491,0.1987,1.23,0,0.0,0.786,1
109.6948338576678,137.12,3.663117835134724,0.4969,6.34,0,0.0,0.628,0
192.6599124017245,240.82,6.9563003878338385,0.1831,3.04,0,0.0,0.97,1
8.473861863022869,10.59,9.00574869576131,0.4027,0.99,0,0.0,0.878,0
110.97186959892991,138.71,1.6931308134390222,0.1754,8.31,1,1.11,0.848,0
159.78366439230095,199.73,6.0970173184192,0.1092,3.9,0,0.0,0.857,1
6.183947650759403,7.73,9.076592420778727,0.1683,0.92,1,0.06,0.759,0
152.29464890528993,190.37,1.9341309438911305,0.0963,8.07,0,0.0,0.994,0
196.2763382296885,245.35,9.887126137883724,0.0646,0.11,1,1.96,0.653,1
227.76230931391353,284.7,3.650835298469132,0.182,6.35,0,0.0,0.896,1
34.01222442282912,42.52,2.1752581020440873,0.0734,7.82,1,0.34,0.768,1
297.1694624675085,371.46,8.378194514832966,0.2512,1.62,0,0.0,0.952,1
181.85031040052863,227.31,4.6790898532131315,0.0177,5.32,0,0.0,0.887,1
108.958137783699,136.2,6.706781794550349,0.2157,3.29,1,1.09,0.825,0
74.72785633701415,93.41,4.896072140755521,0.479,5.1,0,0.0,0.975,1
171.86905850502438,214.84,6.4352779793768455,0.1794,3.56,1,1.72,0.965,0
264.5134941499712,330.64,0.3536881499690048,0.0688,9.65,1,2.65,0.621,0
156.16961884240942,195.21,3.5018022653248506,0.1526,6.5,1,1.56,0.677,0
198.44161668148809,248.05,6.57311859302041,0.3956,3.43,0,0.0,0.87,1
107.30893186216804,134.14,3.507805820453042,0.1568,6.49,1,1.07,0.969,1
116.44568642669178,145.56,7.7575462009429375,0.1917,2.24,0,0.0,0.772,1
85.8525317315676,107.32,9.608845089316642,0.3944,0.39,1,0.86,0.615,1
211.69118831047192,264.61,0.3741144785555306,0.1303,9.63,1,2.12,0.857,1
107.75626602496952,134.7,8.55318155245047,0.2391,1.45,1,1.08,0.678,1
57.21492121237177,71.52,1.6906401749676403,0.0316,8.31,0,0.0,0.821,1
110.82017134987136,138.53,9.173370942145612,0.087,0.83,1,1.11,0.754,1
256.14816234982686,320.19,9.46792746098452,0.1047,0.53,1,2.56,0.823,1
221.47561307307703,276.84,5.691796046171994,0.2318,4.31,0,0.0,0.973,0
100.39225333906916,125.49,4.790121214881128,0.4105,5.21,0,0.0,0.794,0
272.0426894510107,340.05,7.58499895309104,0.1773,2.42,1,2.72,0.614,1
22.449790535240087,28.06,9.180215118610636,0.1902,0.82,1,0.22,0.832,0
14.926137424092968,18.66,2.3244607206232293,0.1505,7.68,1,0.15,0.73,1
38.241106435572384,47.8,3.8244144180352544,0.1602,6.18,1,0.38,0.911,0
34.93642675758093,43.67,4.175359949048804,0.2018,5.82,1,0.35,0.788,1
26.350294503702155,32.94,8.4582124721472,0.4497,1.54,0,0.0,0.897,1
198.4027835993977,248.0,1.3691702100429215,0.0122,8.63,0,0.0,0.964,1
180.25271389662717,225.32,6.230441822561943,0.3123,3.77,0,0.0,0.745,1
194.2816531745144,242.85,3.5094130353783246,0.4438,6.49,1,1.94,0.996,0
206.509816248609,258.14,8.85514125354327,0.2085,1.14,1,2.07,0.66,1
227.0639257442039,283.83,3.3979087845237133,0.3255,6.6,0,0.0,0.858,0
62.15307824592311,77.69,9.77946284826768,0.2929,0.22,1,0.62,0.614,1
186.69105397043995,233.36,0.1563210901389677,0.1693,9.84,1,1.87,0.685,0
174.014597800912,217.52,2.3955362269668012,0.0687,7.6,0,0.0,0.854,1
283.0980077410421,353.87,4.573209132433972,0.1098,5.43,1,2.83,0.618,0
69.71031727189457,87.14,2.563245829841969,0.0287,7.44,1,0.7,0.641,1
17.616880312299422,22.02,7.373935111403973,0.3824,2.63,1,0.18,0.716,0
196.04852091436297,245.06,8.145514690690876,0.2664,1.85,1,1.96,0.83,0
222.0518520710135,277.56,6.975079945422467,0.3928,3.02,1,2.22,0.606,1
84.9588017422652,106.2,9.703984833089404,0.1451,0.3,0,0.0,0.793,1
171.2545292819007,214.07,4.560380015360261,0.4023,5.44,0,0.0,0.85,0
17.860819660245177,22.33,9.797697953768584,0.1546,0.2,0,0.0,0.761,0
288.0134523504867,360.02,1.2461063044989906,0.0607,8.75,0,0.0,0.627,0
32.97749198975058,41.22,8.459446542530193,0.2669,1.54,1,0.33,0.844,0
20.27116084559871,25.34,0.3844128885778963,0.4726,9.62,0,0.0,0.842,1
13.233047848385716,16.54,5.319165664283611,0.2072,4.68,0,0.0,0.802,1
128.1815719510058,160.23,4.844716128770613,0.2577,5.16,1,1.28,0.877,1
29.147923037157007,36.43,8.562996167322737,0.2256,1.44,0,0.0,0.683,0
223.39447228667257,279.24,7.007324402289807,0.2287,2.99,0,0.0,0.871,1
269.6622481879217,337.08,4.410565202466569,0.1072,5.59,1,2.7,0.665,0
78.06567969745711,97.58,8.956715540147002,0.2112,1.04,0,0.0,0.757,1
188.6319357754197,235.79,8.858693971585211,0.2485,1.14,1,1.89,0.627,1
12.701534103545333,15.88,0.2473183332809525,0.3724,9.75,1,0.13,0.928,1
115.96934150783862,144.96,8.710185792233622,0.0699,1.29,1,1.16,0.815,1
87.8826340283185,109.85,5.2658535665068325,0.2858,4.73,1,0.88,0.988,0
68.58572893210764,85.73,8.389608326644769,0.3311,1.61,0,0.0,0.977,0
193.41704688860972,241.77,1.8132359604617343,0.1914,8.19,1,1.93,0.999,0
39.068383907560886,48.84,1.5109551937925192,0.2746,8.49,1,0.39,0.641,1
258.2131569890965,322.77,7.222031457029518,0.3554,2.78,0,0.0,0.843,0
199.4507719106204,249.31,2.7535769519009423,0.2326,7.25,0,0.0,0.763,1
213.2205536064174,266.53,5.58840551505265,0.1667,4.41,0,0.0,0.813,0
280.6032925973004,350.75,6.888155387944344,0.4124,3.11,0,0.0,0.724,1
282.7118614507544,353.39,6.104075089729521,0.4944,3.9,1,2.83,0.619,0
165.49569714577075,206.87,6.989654734107646,0.1083,3.01,0,0.0,0.883,1
148.61394518579414,185.77,6.203572827750506,0.4447,3.8,0,0.0,0.986,0
100.61448246807304,125.77,3.7912803116476033,0.2727,6.21,1,1.01,0.813,1
214.67148306074048,268.34,0.904944156727122,0.224,9.1,1,2.15,0.732,0
161.46266609394388,201.83,8.553451479566025,0.4466,1.45,1,1.61,0.975,0
279.8625239220374,349.83,8.460082198881139,0.4552,1.54,0,0.0,0.746,0
71.58778461378161,89.48,0.056790625351375,0.1363,9.94,0,0.0,0.966,1
93.07580587514722,116.34,8.408654976200182,0.1792,1.59,1,0.93,0.942,1
94.82713422599062,118.53,1.5098880607468568,0.426,8.49,1,0.95,0.811,1
241.7995363670121,302.25,3.3286260306393665,0.2454,6.67,1,2.42,0.871,1
29.7120995526457,37.14,4.133486417031502,0.144,5.87,1,0.3,0.88,0
136.69473629669392,170.87,6.7963084887820475,0.4811,3.2,0,0.0,0.856,1
128.2742210919142,160.34,0.9241548527305176,0.1085,9.08,1,1.28,0.664,0
21.94188630412758,27.43,8.266455892134614,0.3052,1.73,0,0.0,0.877,1
123.23909956330414,154.05,9.427477862870044,0.214,0.57,0,0.0,0.601,1
154.0133949851944,192.52,9.526958686313398,0.2257,0.47,0,0.0,0.884,0
19.53140775147397,24.41,0.9183800151895116,0.053,9.08,1,0.2,0.822,0
152.9586385334002,191.2,9.193802535702474,0.1286,0.81,0,0.0,0.704,1
287.7713714050203,359.71,5.6782889704150765,0.0835,4.32,0,0.0,0.922,0
293.6742969484597,367.09,7.269285625833536,0.3748,2.73,0,0.0,0.762,0
159.50393357694335,199.38,9.305967064992457,0.3489,0.69,1,1.6,0.794,1
154.52907978088768,193.16,6.609954565914285,0.3971,3.39,0,0.0,0.611,0
85.65244992491743,107.07,4.56739445679299,0.3496,5.43,1,0.86,0.761,1
299.13464151363047,373.92,5.251118333696205,0.0644,4.75,0,0.0,0.667,0
82.26875130756781,102.84,6.84503479039147,0.4893,3.15,1,0.82,0.71,0
135.8703901319869,169.84,9.44698901255866,0.0943,0.55,0,0.0,0.701,1
0.8802173408029579,1.1,8.898086980624091,0.1752,1.1,0,0.0,0.618,1
104.76968727274108,130.96,5.770672553159917,0.3534,4.23,1,1.05,0.784,0
21.43209018264717,26.79,2.110102690779331,0.0702,7.89,1,0.21,0.809,1
223.1474311155397,278.93,3.467291246846258,0.0853,6.53,0,0.0,0.828,1
168.30433590897968,210.38,3.6180749825992775,0.4383,6.38,1,1.68,0.785,1
171.65156318629695,214.56,2.891740339853255,0.166,7.11,0,0.0,0.948,0
85.9533857699109,107.44,7.467455841016601,0.3328,2.53,1,0.86,0.615,0
244.46888707589207,305.59,8.359876016280008,0.4294,1.64,1,2.44,0.846,1
0.9812775993750522,1.23,3.1983089417649344,0.4866,6.8,0,0.0,0.946,0
100.08035374925764,125.1,8.46125986548245,0.1051,1.54,1,1.0,0.616,0
197.8492471376603,247.31,7.344374078796595,0.0615,2.66,0,0.0,0.799,0
272.3767612250763,340.47,4.411164796345377,0.3704,5.59,1,2.72,0.836,0
70.38478707756992,87.98,6.986630299108879,0.0941,3.01,1,0.7,0.676,1
162.33001551822542,202.91,7.693383112842795,0.2901,2.31,0,0.0,0.701,0
161.39742615999631,201.75,5.610311042698535,0.2663,4.39,0,0.0,0.914,1
262.2523107131099,327.82,4.431133892764727,0.28,5.57,0,0.0,0.827,0
15.155066867952703,18.94,1.0171444692194789,0.3249,8.98,1,0.15,0.726,0
127.3426683212122,159.18,0.0136967111948138,0.4254,9.99,0,0.0,0.906,1
54.73970243757946,68.42,9.372513105826416,0.1359,0.63,0,0.0,0.899,1
6.459780089579414,8.07,2.6748477911149915,0.2776,7.33,0,0.0,0.738,1
44.10928215614484,55.14,6.629840205834841,0.1683,3.37,1,0.44,0.795,0
292.94120185445973,366.18,9.433611585013026,0.1594,0.57,1,2.93,0.866,0
64.45455285608037,80.57,8.182912783790817,0.0102,1.82,0,0.0,0.737,0
280.50923200074,350.64,1.225828042493744,0.2997,8.77,0,0.0,0.852,1
61.5763027892825,76.97,8.019124504453412,0.4863,1.98,1,0.62,0.7,0
279.38856821534534,349.24,7.263930989760119,0.3806,2.74,1,2.79,0.717,0
196.38628056009432,245.48,3.2939710268723177,0.1214,6.71,1,1.96,0.724,1
33.96557325057803,42.46,6.896017983506722,0.3581,3.1,1,0.34,0.974,0
174.57454653797333,218.22,8.25887225649845,0.1487,1.74,0,0.0,0.933,1
95.55421126208358,119.44,2.914219088697245,0.3768,7.09,0,0.0,0.826,0
114.94594679342106,143.68,8.69029274680798,0.4275,1.31,0,0.0,0.826,1
132.05128735049192,165.06,0.7881438406407559,0.1672,9.21,1,1.32,0.622,0
126.81210675910036,158.52,5.274544542312556,0.0011,4.73,0,0.0,0.86,0
199.23266714490867,249.04,2.332196564605493,0.1525,7.67,0,0.0,0.731,1
230.51042057722893,288.14,7.280104945350767,0.1029,2.72,1,2.31,0.845,0
98.7533067603364,123.44,1.7486599142830284,0.3093,8.25,1,0.99,0.936,1
277.3091885057069,346.64,3.4145378917207916,0.145,6.59,0,0.0,0.618,1
281.53989420566296,351.92,1.2738575679471464,0.018,8.73,1,2.82,0.843,1
12.20713114534302,15.26,8.119147389555101,0.2657,1.88,1,0.12,0.826,1
4.472636664905549,5.59,1.3227478399124482,0.4373,8.68,1,0.04,0.683,0
127.5198990453183,159.4,7.231516059877334,0.2257,2.77,1,1.28,0.859,1
177.19357529629755,221.49,7.072302179572338,0.1881,2.93,0,0.0,0.822,0
83.37142423561849,104.21,1.423683871615984,0.0893,8.58,1,0.83,0.907,0
77.82412532573231,97.28,5.660510763517282,0.1937,4.34,1,0.78,0.644,1
203.5001489127572,254.38,4.968793183125032,0.1655,5.03,0,0.0,0.777,1
180.51128539667093,225.64,5.945045689824755,0.4975,4.05,1,1.81,0.999,0
50.14406249793289,62.68,9.372276325135385,0.0152,0.63,0,0.0,0.876,0
265.35028897954766,331.69,0.8053702243535188,0.1194,9.19,1,2.65,0.874,0
203.99282104832096,254.99,8.205037303723469,0.0343,1.79,0,0.0,0.727,1
108.7728747507025,135.97,8.621074619474168,0.4287,1.38,1,1.09,0.638,0
205.087406997345,256.36,1.2627409032922632,0.2087,8.74,1,2.05,0.98,0
33.79592603034478,42.24,6.561061383591726,0.3981,3.44,1,0.34,0.642,0
140.47683737221683,175.6,7.02123147889142,0.3461,2.98,0,0.0,0.997,1
50.69532286786779,63.37,5.486662825182007,0.464,4.51,0,0.0,0.65,1
12.429373838530989,15.54,5.029299582923315,0.0119,4.97,0,0.0,0.668,0
101.49788108648993,126.87,3.178184261252458,0.1037,6.82,0,0.0,0.723,1
45.22064504423498,56.53,6.8908158626290135,0.351,3.11,1,0.45,0.805,1
190.05538708614745,237.57,2.855466580556282,0.2926,7.14,0,0.0,0.916,1
202.2203682053131,252.78,4.60023187037104,0.3473,5.4,0,0.0,0.988,1
44.607691867981,55.76,8.573691673170316,0.2877,1.43,0,0.0,0.744,1
7.383901681027883,9.23,0.8954001310625737,0.2905,9.1,1,0.07,0.608,1
237.84316849054812,297.3,5.283702569689202,0.4663,4.72,0,0.0,0.847,0
0.617106218568686,0.77,4.86074060521,0.4606,5.14,1,0.01,0.884,1
103.17392675513662,128.97,3.7848139808695223,0.019,6.22,1,1.03,0.759,0
148.37498941370094,185.47,5.9752969283829085,0.2068,4.02,1,1.48,0.673,0
245.59265656152985,306.99,0.1562650170645652,0.2553,9.84,0,0.0,0.722,0
251.5675928238422,314.46,4.924695749501958,0.179,5.08,0,0.0,0.862,1
217.48183218313665,271.85,4.856905404317594,0.0248,5.14,1,2.17,0.798,1
74.15928676196935,92.7,5.161122916423077,0.2361,4.84,1,0.74,0.897,1
216.05608029575123,270.07,2.124402563171354,0.4878,7.88,1,2.16,0.687,1
73.9617593630825,92.45,2.075965005709421,0.0361,7.92,0,0.0,0.937,0
64.3824575195105,80.48,6.472025582623911,0.4083,3.53,0,0.0,0.662,0
164.13838626915972,205.17,0.9272750588997392,0.0978,9.07,1,1.64,0.732,1
203.6563331502188,254.57,3.0592152257775584,0.2884,6.94,1,2.04,0.836,1
15.915529773504176,19.89,8.308159265355876,0.1935,1.69,0,0.0,0.895,1
18.006780337382533,22.51,1.0376377081321495,0.1745,8.96,0,0.0,0.706,1
235.25120604503695,294.06,4.680659893526772,0.4352,5.32,1,2.35,0.979,1
257.84917528964394,322.31,6.686307477945304,0.4867,3.31,1,2.58,0.882,1
181.3322749025682,226.67,1.4164436104768583,0.1933,8.58,0,0.0,0.687,1
128.6484029120658,160.81,3.1246286404649473,0.3202,6.88,0,0.0,0.89,0
253.59494387975576,316.99,5.587561807982272,0.2782,4.41,0,0.0,0.879,1
218.64510983259905,273.31,3.272278548967431,0.0385,6.73,0,0.0,0.901,0
173.8782595293806,217.35,1.0993777791777792,0.0206,8.9,0,0.0,0.966,1
95.927136584629,119.91,2.3240636209139898,0.3867,7.68,0,0.0,0.885,1
59.39851849704488,74.25,1.094153450149965,0.1973,8.91,1,0.59,0.741,0
125.6019117814547,157.0,9.83555713045802,0.1538,0.16,1,1.26,0.916,1
86.04677278806346,107.56,2.3564860381306687,0.4928,7.64,0,0.0,0.878,1
101.77757632033828,127.22,5.3055397063038034,0.0426,4.69,0,0.0,0.83,1
154.68931659360973,193.36,4.285219099683934,0.1345,5.71,0,0.0,0.742,1
50.728187085482936,63.41,5.695135964159953,0.4284,4.3,1,0.51,0.968,1
241.85300402214764,302.32,4.980911119868018,0.2075,5.02,0,0.0,0.805,1
43.65883851443023,54.57,7.271618406684521,0.2921,2.73,1,0.44,0.851,0
144.2980918262857,180.37,8.730138970481875,0.0242,1.27,1,1.44,0.766,0
223.79140142413095,279.74,2.8529938728966897,0.4601,7.15,0,0.0,0.912,1
145.5062123068789,181.88,1.8360676552431587,0.0685,8.16,1,1.46,0.736,0
108.30661907659164,135.38,9.84339847680901,0.1067,0.16,1,1.08,0.924,1
142.46739174682529,178.08,8.660724599352974,0.0784,1.34,0,0.0,0.643,1
254.60120966224216,318.25,3.6391828629628256,0.2488,6.36,0,0.0,0.884,0
297.12950948518727,371.41,8.947868065729791,0.4084,1.05,0,0.0,0.791,1
189.34298678683064,236.68,6.705463113530142,0.1335,3.29,1,1.89,0.88,1
238.03321279461025,297.54,4.374206400107381,0.0712,5.63,1,2.38,0.813,0
4.3466058477866,5.43,8.734219519460515,0.205,1.27,0,0.0,0.654,1
264.1093228573718,330.14,6.752827186331976,0.4908,3.25,1,2.64,0.791,0
286.21492797837544,357.77,8.264512228572865,0.0055,1.74,0,0.0,0.986,1
172.55080252727114,215.69,4.1775974305230354,0.252,5.82,1,1.73,0.902,1
226.1414586180659,282.68,7.987154527838223,0.3347,2.01,0,0.0,0.72,1
153.82342288802246,192.28,3.669269391940592,0.4034,6.33,1,1.54,0.978,0
85.86112213667691,107.33,7.350790865007168,0.3731,2.65,0,0.0,0.912,0
255.67439159490385,319.59,4.355305418462479,0.0372,5.64,0,0.0,0.746,0
179.05101359878253,223.81,4.0519460481774505,0.2309,5.95,0,0.0,0.841,1
173.8149251374221,217.27,7.966329488715274,0.0394,2.03,1,1.74,0.771,1
197.73966115236192,247.17,1.2503678154392772,0.3099,8.75,1,1.98,0.639,0
256.8009497486545,321.0,9.28209021490593,0.0385,0.72,1,2.57,0.922,0
219.57183773128932,274.46,5.086807323061816,0.0242,4.91,1,2.2,0.676,1
63.33725826472357,79.17,6.3607439874102445,0.153,3.64,1,0.63,0.783,0
140.04706332219587,175.06,4.052614928599542,0.4694,5.95,0,0.0,0.881,0
294.08949959586187,367.61,6.458746494792665,0.355,3.54,1,2.94,0.973,1
166.3682141288324,207.96,7.098514498098689,0.002,2.9,0,0.0,0.625,1
281.4736060412396,351.84,8.684773354970053,0.1424,1.32,0,0.0,0.757,0
244.0108458939168,305.01,8.54378714587408,0.0087,1.46,1,2.44,0.846,0
199.80703254262764,249.76,3.578147000403964,0.1472,6.42,0,0.0,0.912,1
104.80956079792657,131.01,6.158528709731044,0.3427,3.84,1,1.05,0.968,0
91.2958042576317,114.12,7.8057729839297725,0.3799,2.19,1,0.91,0.6,1
193.02631958927637,241.28,7.648634901018825,0.4021,2.35,0,0.0,0.851,0
129.76837225392325,162.21,8.909314488955628,0.455,1.09,1,1.3,0.603,1
239.62608684501816,299.53,8.319435395305138,0.1829,1.68,1,2.4,0.915,0
228.13702186205876,285.17,7.178559262211771,0.4313,2.82,0,0.0,0.66,0
93.63914602155428,117.05,7.488552349145273,0.3638,2.51,1,0.94,0.958,1
210.8186349185286,263.52,8.07443756421509,0.2689,1.93,1,2.11,0.662,1
148.36505702915522,185.46,8.378885106523652,0.4773,1.62,1,1.48,0.906,0
96.98763024419912,121.23,3.526690287367976,0.4739,6.47,1,0.97,0.716,1
123.889977829392,154.86,7.818107338361971,0.4488,2.18,1,1.24,0.823,1
268.60556016367855,335.76,9.492089863073982,0.1011,0.51,0,0.0,0.843,0
107.85530763676216,134.82,2.329633882711338,0.1039,7.67,0,0.0,0.683,1
86.21978199583741,107.77,0.4823495839853564,0.4505,9.52,0,0.0,0.719,1
105.54216621304134,131.93,0.7239629145940996,0.199,9.28,1,1.06,0.643,1
64.38553086260751,80.48,2.1671818037377575,0.3987,7.83,0,0.0,0.602,0
163.3904962188986,204.24,9.19790366610396,0.3435,0.8,0,0.0,0.696,1
44.230930896759666,55.29,1.2679608388349473,0.3812,8.73,0,0.0,0.806,1
245.2331359310749,306.54,7.476030443558185,0.0131,2.52,1,2.45,0.885,0
67.67407417368783,84.59,8.670438311189045,0.215,1.33,0,0.0,0.917,0
179.4165082618937,224.27,8.775210218837566,0.4285,1.22,0,0.0,0.628,0
37.50764967596807,46.88,4.167485849112248,0.245,5.83,1,0.38,0.709,0
293.53594446429787,366.92,4.952617349823082,0.3451,5.05,0,0.0,0.908,1
136.37263766809414,170.47,3.2324885566441885,0.378,6.77,0,0.0,0.792,0
246.65140222764435,308.31,1.4734438987681064,0.0604,8.53,0,0.0,0.673,0
230.59435069499511,288.24,2.1217127487341534,0.0779,7.88,0,0.0,0.757,1
214.10791414370365,267.63,1.3478514207200265,0.3623,8.65,1,2.14,0.708,1
248.20946136138292,310.26,4.0752226816727575,0.0273,5.92,0,0.0,0.62,0
30.13908259791175,37.67,1.7034558339886483,0.1709,8.3,1,0.3,0.905,1
203.54915924158863,254.44,4.034007626472436,0.459,5.97,1,2.04,0.717,1
79.74817058213435,99.69,8.511891287399997,0.2872,1.49,0,0.0,0.978,1
235.76149921997697,294.7,6.54515628177051,0.4552,3.45,1,2.36,0.955,1
287.0606279543666,358.83,6.62751780095645,0.1547,3.37,0,0.0,0.887,1
270.4468589528087,338.06,8.118660772875291,0.3183,1.88,0,0.0,0.731,1
34.48566674209983,43.11,0.4119350730697124,0.1434,9.59,1,0.34,0.712,1
110.8657262018463,138.58,7.945108947770535,0.0556,2.05,0,0.0,0.79,1
109.29682715927991,136.62,1.9634884214127624,0.4953,8.04,0,0.0,0.742,0
36.68887990785918,45.86,3.459269046027924,0.0881,6.54,1,0.37,0.96,1
29.437816004048234,36.8,3.080428235540186,0.0942,6.92,1,0.29,0.649,0
115.4670404907545,144.33,1.056555479052359,0.421,8.94,0,0.0,0.89,1
297.6214651489534,372.03,1.737099209677223,0.4011,8.26,1,2.98,0.844,0
170.68279531988256,213.35,9.563471968931715,0.4889,0.44,0,0.0,0.923,0
186.5344885812769,233.17,6.002722567988084,0.0359,4.0,0,0.0,0.817,0
141.30567300560472,176.63,4.739717612944735,0.0471,5.26,0,0.0,0.852,0
198.69916569120684,248.37,7.57794782524617,0.2244,2.42,0,0.0,0.985,1
286.99862422343085,358.75,8.137393757112774,0.2959,1.86,0,0.0,0.637,0
176.60938608431755,220.76,1.1026285390554669,0.019,8.9,1,1.77,0.642,1
19.51153791635798,24.39,7.409054154641047,0.0792,2.59,0,0.0,0.757,0
147.8671707504596,184.83,9.32396538488209,0.3517,0.68,1,1.48,0.789,0
297.82538197558534,372.28,5.854360817691903,0.3343,4.15,1,2.98,0.68,0
116.22081617827898,145.28,6.14156951487997,0.0448,3.86,0,0.0,0.633,0
178.16437116434165,222.71,8.70407290102308,0.4658,1.3,1,1.78,0.609,1
31.9910290286451,39.99,6.794825593918636,0.1274,3.21,1,0.32,0.906,1
42.35414962097007,52.94,9.952675116626834,0.4436,0.05,0,0.0,0.794,1
262.40443594618876,328.01,2.8269363602310307,0.4615,7.17,0,0.0,0.937,1
90.10338847548344,112.63,8.454805779343399,0.245,1.55,0,0.0,0.744,1
91.6353820063779,114.54,6.124092208771837,0.206,3.88,1,0.92,0.881,0
116.16389880069843,145.2,3.657355405859706,0.1391,6.34,1,1.16,0.795,1
289.94360187135675,362.43,8.83059670590898,0.4037,1.17,1,2.9,0.845,1
25.31714881106293,31.65,9.962462561099985,0.0983,0.04,0,0.0,0.748,1
245.62923076540048,307.04,0.5784936882546876,0.3111,9.42,1,2.46,0.632,0
102.46736293979592,128.08,9.255227566662931,0.2836,0.74,0,0.0,0.979,1
254.84040779564248,318.55,2.031110026274199,0.1244,7.97,0,0.0,0.934,0
297.5266948513627,371.91,2.0518802190649907,0.4915,7.95,1,2.98,0.725,0
104.60022306352435,130.75,0.4175609193760565,0.4232,9.58,0,0.0,0.983,1
38.80690986370657,48.51,9.221877339216588,0.0103,0.78,1,0.39,0.72,0
43.31264939487848,54.14,7.593980389483716,0.2111,2.41,0,0.0,0.777,1
227.6222672847558,284.53,0.5344918720596015,0.1795,9.47,0,0.0,0.902,1
43.47646570144096,54.35,6.335352094020657,0.4414,3.66,1,0.43,0.724,0
78.12647056039098,97.66,1.201344394184274,0.1322,8.8,0,0.0,0.73,1
61.319503098623926,76.65,7.514052214522088,0.4992,2.49,0,0.0,0.764,1
106.70356920929476,133.38,4.090538429544306,0.1,5.91,1,1.07,0.787,0
22.30997254490624,27.89,0.5177683362962959,0.1219,9.48,1,0.22,0.649,0
257.02274472217744,321.28,8.294074490487336,0.333,1.71,1,2.57,0.607,0
258.0438935402981,322.55,5.724132747533886,0.0805,4.28,1,2.58,0.968,0
123.87986954480694,154.85,7.72868178636624,0.4444,2.27,1,1.24,0.741,0
183.62627070704255,229.53,6.745308510669328,0.055,3.25,1,1.84,0.641,0
192.5854712712914,240.73,4.343961747050934,0.4917,5.66,1,1.93,0.904,1
224.77743460377863,280.97,6.986664595350609,0.4373,3.01,0,0.0,0.718,0
156.20702626321534,195.26,0.1475346091355933,0.4198,9.85,1,1.56,0.673,1
153.1008136325058,191.38,3.3973755898202427,0.2036,6.6,0,0.0,0.985,0
189.39113319846325,236.74,7.778533960269276,0.2568,2.22,1,1.89,0.968,1
210.91451870096327,263.64,7.630619068136955,0.2282,2.37,1,2.11,0.642,1
104.00711310877551,130.01,8.874093672096532,0.4937,1.13,0,0.0,0.96,0
99.11114198064452,123.89,6.110455203582075,0.0174,3.89,0,0.0,0.956,1
80.91552122877276,101.14,9.42196802094204,0.1909,0.58,0,0.0,0.854,0
164.65396659382455,205.82,5.577122066160269,0.4842,4.42,1,1.65,0.812,0
108.04670686673172,135.06,5.004540067075794,0.1847,5.0,1,1.08,0.687,1
162.09398031228957,202.62,1.972166089607156,0.1992,8.03,0,0.0,0.649,1
121.79542974807649,152.24,7.788364191746733,0.3157,2.21,1,1.22,0.843,1
251.02025476579823,313.78,6.920571548710033,0.4536,3.08,1,2.51,0.929,0
21.93907192363822,27.42,4.607606846614418,0.1473,5.39,1,0.22,0.875,0
171.66317808140238,214.58,0.871087481047752,0.4738,9.13,1,1.72,0.672,1
172.68712517615933,215.86,1.2570238078454454,0.1413,8.74,0,0.0,0.716,1
115.11519316160997,143.89,1.144611959542261,0.4077,8.86,1,1.15,0.819,0
126.30626836894297,157.88,3.755993080891961,0.1379,6.24,0,0.0,0.85,0
240.03940826487857,300.05,1.5897757404680202,0.0365,8.41,0,0.0,0.629,0
84.20211307810045,105.25,8.608420992632066,0.4062,1.39,1,0.84,0.846,1
261.42113742784886,326.78,8.993461204826652,0.225,1.01,0,0.0,0.895,0
268.90299124040797,336.13,8.567690646256908,0.1954,1.43,1,2.69,0.673,0
195.1857913206588,243.98,6.088549384353267,0.2149,3.91,1,1.95,0.698,1
231.85731411242952,289.82,5.96355398476708,0.3058,4.04,1,2.32,0.704,0
183.88425850634653,229.86,8.909240864758278,0.1313,1.09,0,0.0,0.976,0
157.57773412397748,196.97,4.063081606638055,0.1186,5.94,0,0.0,0.763,1
290.0033262750689,362.5,0.6234431919088446,0.2417,9.38,1,2.9,0.812,0
84.79648926823926,106.0,4.70393157115168,0.0178,5.3,0,0.0,0.89,1
46.24528399293363,57.81,5.537104626310506,0.3214,4.46,1,0.46,0.749,0
86.24560894275459,107.81,5.49452144980179,0.4114,4.51,1,0.86,0.642,1
184.3876825138335,230.48,1.5900407951108309,0.3637,8.41,1,1.84,0.862,1
55.55503143034311,69.44,7.834129733285869,0.2347,2.17,1,0.56,0.867,0
272.64421296789425,340.81,7.3196690927124894,0.2827,2.68,1,2.73,0.704,0
123.3073201996178,154.13,2.2985293373080493,0.0131,7.7,0,0.0,0.614,0
254.98886348755303,318.74,5.5122927972718205,0.4562,4.49,1,2.55,0.866,1
74.77096335864502,93.46,7.903282086868517,0.279,2.1,1,0.75,0.881,1
93.95050652482426,117.44,0.0768462297417726,0.1582,9.92,1,0.94,0.61,1
17.767019151748976,22.21,2.7515480679055218,0.1468,7.25,1,0.18,0.877,0
77.33030765567219,96.66,4.720378677533745,0.3298,5.28,0,0.0,0.976,1
147.0941456889904,183.87,8.45031600224057,0.2922,1.55,0,0.0,0.672,0
283.8410753169727,354.8,7.98967269870568,0.0939,2.01,1,2.84,0.809,0
116.67089216744944,145.84,1.5099252394785925,0.205,8.49,1,1.17,0.879,1
191.92316384500376,239.9,4.627418937455296,0.3381,5.37,0,0.0,0.692,1
128.3130352406364,160.39,3.0463670917372685,0.1488,6.95,1,1.28,0.901,1
14.03755523038237,17.55,4.014336595689192,0.2546,5.99,0,0.0,0.947,0
151.0597877690108,188.82,5.406248117973406,0.1274,4.59,1,1.51,0.926,0
19.774094011176256,24.72,4.993405641541294,0.0358,5.01,1,0.2,0.704,0
265.1099773792608,331.39,1.415746394333136,0.1941,8.58,0,0.0,0.922,0
225.9110885852742,282.39,1.2168812270846696,0.366,8.78,1,2.26,0.765,1
113.59544137570984,141.99,1.302689068430973,0.1069,8.7,1,1.14,0.707,0
192.06559985738693,240.08,8.412882829415532,0.3773,1.59,0,0.0,0.667,0
33.60844659399963,42.01,0.1993535489054132,0.3347,9.8,1,0.34,0.964,0
210.7664960887953,263.46,2.024046335913604,0.2537,7.98,0,0.0,0.771,0
246.81972269744085,308.52,9.558917781176833,0.4857,0.44,0,0.0,0.946,1
246.52369456147036,308.15,0.6602133323292814,0.4417,9.34,1,2.47,0.664,0
85.28326430719675,106.6,0.3632144781217616,0.2816,9.64,0,0.0,0.907,1
79.12385858304799,98.9,3.873293247425138,0.2789,6.13,0,0.0,0.644,0
156.41930637080355,195.52,1.512005628201284,0.1389,8.49,0,0.0,0.607,0
290.3316485789545,362.91,5.657635500578559,0.4601,4.34,1,2.9,0.998,1
276.1568932818256,345.2,3.385809759176933,0.448,6.61,0,0.0,0.629,1
107.89154452679452,134.86,2.0896941261575988,0.371,7.91,0,0.0,0.785,1
233.94885185491324,292.44,9.986017164717694,0.0639,0.01,1,2.34,0.951,0
276.39532922743723,345.49,3.411041224626711,0.3518,6.59,0,0.0,0.928,0
78.2779397152815,97.85,6.410064486395823,0.1266,3.59,0,0.0,0.788,0
249.08869488088197,311.36,8.741130398055963,0.0944,1.26,0,0.0,0.844,0
80.36868807275297,100.46,9.223871531983775,0.3796,0.78,1,0.8,0.852,1
102.9846377661632,128.73,4.10127303278926,0.4799,5.9,1,1.03,0.644,0
59.64620725522624,74.56,9.761562579660522,0.0545,0.24,0,0.0,0.714,1
152.12393972181405,190.15,7.245653183985244,0.082,2.75,1,1.52,0.72,1
252.9932682783723,316.24,5.832757513163708,0.1096,4.17,1,2.53,0.751,0
158.41564123065368,198.02,6.932793327116063,0.4815,3.07,1,1.58,0.71,1
37.03200290792926,46.29,3.6013777314507056,0.3482,6.4,0,0.0,0.701,0
75.532779668151,94.42,4.244053837063372,0.3391,5.76,1,0.76,0.742,1
168.85856018440168,211.07,5.862690537623607,0.2525,4.14,1,1.69,0.752,1
174.95623667116806,218.7,3.26834129427076,0.2688,6.73,0,0.0,0.795,1
173.07177106346094,216.34,7.688117415554078,0.1451,2.31,0,0.0,0.669,0
23.10104775186479,28.88,2.5108680062791846,0.0773,7.49,0,0.0,0.915,0
226.10876779042627,282.64,7.968055098088142,0.3901,2.03,0,0.0,0.944,0
272.828459696702,341.04,1.5215733778438334,0.2353,8.48,1,2.73,0.699,1
153.15568431896995,191.44,2.1739086777168435,0.128,7.83,0,0.0,0.649,1
215.64878603155887,269.56,7.530939205312629,0.3164,2.47,0,0.0,0.889,1
274.20464761096537,342.76,2.631415610381753,0.1047,7.37,0,0.0,0.97,1
192.78682648440477,240.98,7.953942519079669,0.2444,2.05,1,1.93,0.614,1
202.29771732931533,252.87,7.838699966561087,0.0951,2.16,0,0.0,0.606,1
216.42132401518637,270.53,2.573012392225995,0.3798,7.43,1,2.16,0.673,0
78.15073543621955,97.69,0.730810161279537,0.1604,9.27,1,0.78,0.874,1
174.8033624150482,218.5,1.66360581285678,0.2208,8.34,0,0.0,0.986,0
252.65253436333688,315.82,7.52526728467616,0.3774,2.47,0,0.0,0.9,1
88.8488190782252,111.06,8.46994205494568,0.3298,1.53,1,0.89,0.829,0
269.1511498790581,336.44,3.8305551208080626,0.1999,6.17,0,0.0,0.88,0
186.1145849296896,232.64,1.6421883124025791,0.0355,8.36,1,1.86,0.692,1
126.95245542991688,158.69,0.7546974939076134,0.4608,9.25,1,1.27,0.875,1
186.95488842008788,233.69,2.1581602519210996,0.004,7.84,0,0.0,0.729,0
120.55797170672292,150.7,9.796848609457912,0.3673,0.2,0,0.0,0.689,0
251.41068055445237,314.26,1.702730166304578,0.4727,8.3,1,2.51,0.695,0
144.69557402027914,180.87,0.8616700531945898,0.1533,9.14,0,0.0,0.867,1
270.364007926301,337.96,7.854735229339901,0.0377,2.15,0,0.0,0.907,1
152.94242425434794,191.18,6.1541149541656335,0.1248,3.85,0,0.0,0.833,1
198.11051689121615,247.64,5.3482135077230675,0.1567,4.65,1,1.98,0.626,0
299.3233263020552,374.15,4.478525519567009,0.2257,5.52,0,0.0,0.615,1
44.089752302562346,55.11,7.0184128751408625,0.2626,2.98,1,0.44,0.687,1
221.0187446200217,276.27,6.983549936135126,0.3627,3.02,1,2.21,0.715,0
41.66166837478007,52.08,4.244259071794296,0.4505,5.76,0,0.0,0.762,1
251.65990972931883,314.57,2.342278450313916,0.2324,7.66,0,0.0,0.63,1
178.9360143486035,223.67,8.412634560270817,0.3732,1.59,0,0.0,0.89,0
281.4478681819378,351.81,1.6462230260078514,0.0636,8.35,1,2.81,0.885,1
259.7869805834605,324.73,5.340063135258557,0.1644,4.66,1,2.6,0.739,0
22.461611240647027,28.08,6.926741155481225,0.059,3.07,1,0.22,0.825,1
41.19076250365828,51.49,6.388769649965699,0.3459,3.61,1,0.41,0.64,1
180.35127858204757,225.44,6.187943305368442,0.4538,3.81,0,0.0,0.766,0
155.49439198262246,194.37,6.625061951460653,0.4445,3.37,1,1.55,0.943,0
50.569539184033374,63.21,8.756549164755507,0.1632,1.24,1,0.51,0.864,0
38.80776848149494,48.51,3.653925709863981,0.1171,6.35,0,0.0,0.642,0
169.19723503248397,211.5,6.274365066559733,0.137,3.73,1,1.69,0.939,1
14.676464392499843,18.35,6.9696668078221595,0.1437,3.03,0,0.0,0.872,1
262.1205908860317,327.65,5.903265535401836,0.0411,4.1,1,2.62,0.781,1
242.12487594078615,302.66,9.030026421471025,0.0667,0.97,1,2.42,0.877,0
235.6109915133268,294.51,6.5477876181793935,0.1072,3.45,0,0.0,0.669,1
4.79914411222232,6.0,4.244290778166025,0.0041,5.76,0,0.0,0.82,0
14.292283023821383,17.87,8.455871011442062,0.0236,1.54,1,0.14,0.847,0
164.9517363452186,206.19,4.895679976460119,0.3493,5.1,1,1.65,0.971,1
298.3277066682533,372.91,5.301632739043748,0.3097,4.7,0,0.0,0.627,1
102.69486029140552,128.37,5.822795040222516,0.4727,4.18,0,0.0,0.75,1
103.3124449216032,129.14,3.227846871379035,0.2009,6.77,0,0.0,0.975,1
40.283390058595,50.35,7.225398325950792,0.2222,2.77,0,0.0,0.687,1
202.3007411218504,252.88,0.9812618711327348,0.0339,9.02,1,2.02,0.925,1
194.0030066982017,242.5,8.688492015914965,0.0761,1.31,0,0.0,0.601,1
30.39672491374772,38.0,7.545377522551885,0.3458,2.45,1,0.3,0.61,0
140.2236861205053,175.28,3.5363180194596366,0.1175,6.46,0,0.0,0.731,0
200.12247264659229,250.15,2.2639310502720376,0.3866,7.74,0,0.0,0.907,1
148.0548408965781,185.07,3.878979455313675,0.3528,6.12,1,1.48,0.642,0
202.30907455942665,252.89,8.050525774819134,0.3736,1.95,1,2.02,0.753,1
244.88111922944697,306.1,0.3157079314239785,0.3453,9.68,1,2.45,0.653,1
205.7446299365303,257.18,4.679242568922522,0.3538,5.32,1,2.06,0.689,0
184.83427074915716,231.04,2.541102128708866,0.2734,7.46,0,0.0,0.801,1
256.07707708334794,320.1,8.749513999200131,0.3391,1.25,0,0.0,0.728,0
270.17657036093647,337.72,4.1384157389516,0.2631,5.86,1,2.7,0.685,1
116.66593115274124,145.83,6.9789832788061235,0.103,3.02,1,1.17,0.757,0
51.97496631716578,64.97,3.578924903331544,0.1088,6.42,0,0.0,0.88,0
245.3581212024152,306.7,3.296996681710821,0.2027,6.7,0,0.0,0.648,1
64.12593218984495,80.16,3.258728741691624,0.007,6.74,1,0.64,0.792,0
278.68520092472573,348.36,6.781746111659592,0.4446,3.22,0,0.0,0.71,1
6.863383566571035,8.58,9.642408935724864,0.1341,0.36,1,0.07,0.751,1
276.3813547857911,345.48,2.0814475389782983,0.0258,7.92,0,0.0,0.929,1
176.75489778361882,220.94,6.439012346666534,0.2122,3.56,0,0.0,0.972,1
232.4226349538644,290.53,2.654344325611806,0.4078,7.35,1,2.32,0.697,0
119.54777611932134,149.43,5.493500523413476,0.1987,4.51,1,1.2,0.852,0
297.514887572664,371.89,5.4159885066715585,0.1313,4.58,0,0.0,0.871,0
68.26542826988712,85.33,4.500460193620689,0.2725,5.5,1,0.68,0.937,1
79.30309879145243,99.13,4.9864414750215404,0.2872,5.01,1,0.79,0.96,0
15.42973321124188,19.29,8.802311481464377,0.3796,1.2,0,0.0,0.787,0
282.1420089184315,352.68,0.8860452519433304,0.3999,9.11,1,2.82,0.993,0
136.80879107960283,171.01,8.302831410221561,0.3531,1.7,1,1.37,0.988,0
202.45572441580475,253.07,4.623133312860381,0.0023,5.38,0,0.0,0.803,0
206.2322182388522,257.79,3.335940356999484,0.001,6.66,1,2.06,0.817,0
262.35062768480327,327.94,1.7714597443906357,0.4887,8.23,0,0.0,0.867,1
199.47757519392275,249.35,8.148064585899679,0.1321,1.85,0,0.0,0.75,0
168.60635469125614,210.76,5.920422315361201,0.1412,4.08,1,1.69,0.865,0
213.09555725731303,266.37,7.2837572090678435,0.3661,2.72,0,0.0,0.806,1
225.29123970093795,281.61,3.149632565649625,0.2908,6.85,0,0.0,0.614,0
55.77838387454459,69.72,3.9295926229177662,0.2318,6.07,1,0.56,0.941,1
32.9001116930259,41.13,9.136437288252,0.0582,0.86,0,0.0,0.976,0
22.454655145668937,28.07,9.611822854373818,0.0407,0.39,1,0.22,0.61,1
112.216048356761,140.27,7.398421789662738,0.3518,2.6,1,1.12,0.916,1
149.40007195132355,186.75,7.494260152900298,0.0623,2.51,0,0.0,0.754,0
184.69496948695823,230.87,6.944002770699375,0.2179,3.06,0,0.0,0.834,1
287.410355906883,359.26,5.872099361405738,0.3681,4.13,0,0.0,0.8,1
99.23634606210187,124.05,5.95078329939338,0.4616,4.05,0,0.0,0.821,0
228.26221562318233,285.33,9.638028903639675,0.4368,0.36,1,2.28,0.798,0
159.40728587846547,199.26,7.509115267716195,0.432,2.49,0,0.0,0.941,1
66.02697962607506,82.53,6.55341296096433,0.1792,3.45,1,0.66,0.873,0
184.59162873862772,230.74,1.8906960287926011,0.4636,8.11,1,1.85,0.765,0
290.15285348691106,362.69,9.770739747605568,0.3418,0.23,0,0.0,0.875,1
37.29248977538172,46.62,5.202933697240338,0.4432,4.8,0,0.0,0.986,1
152.1839293647687,190.23,9.437132297461808,0.0445,0.56,0,0.0,0.632,0
15.482506245158469,19.35,7.135575375715088,0.0198,2.86,0,0.0,0.755,0
96.36488966890867,120.46,0.4008083929456973,0.2148,9.6,1,0.96,0.948,1
186.18080327819737,232.73,5.389954997549631,0.414,4.61,0,0.0,0.896,1
252.3170808092264,315.4,8.926821186053077,0.2043,1.07,1,2.52,0.974,0
219.0985265178213,273.87,0.5178068550843007,0.4423,9.48,0,0.0,0.616,1
138.85703346464217,173.57,8.667275503264962,0.1174,1.33,1,1.39,0.945,1
272.766827131244,340.96,6.133912922210016,0.0197,3.87,0,0.0,0.917,1
90.8143995071312,113.52,0.4452726202053736,0.3806,9.55,0,0.0,0.926,0
226.1950230675499,282.74,3.735983306686712,0.3131,6.26,0,0.0,0.839,1
142.20270652429875,177.75,0.301705942440077,0.22,9.7,1,1.42,0.621,0
269.5907264018327,336.99,0.0171629775634096,0.4226,9.98,1,2.7,0.816,0
239.2298464961281,299.04,8.964251295111763,0.4121,1.04,0,0.0,0.763,1
270.44089839212853,338.05,7.4857830087703565,0.1623,2.51,0,0.0,0.811,1
64.27435468262202,80.34,2.89472007149472,0.419,7.11,1,0.64,0.896,1
200.4451296348624,250.56,1.1371053057344294,0.1726,8.86,0,0.0,0.838,1
221.539022424492,276.92,0.5443258200686651,0.311,9.46,1,2.22,0.717,1
222.72427958477812,278.41,9.172223307171553,0.0962,0.83,1,2.23,0.84,0
151.20013514020127,189.0,6.255568521927042,0.1321,3.74,0,0.0,0.633,1
3.375156704385762,4.22,1.605588876649,0.2239,8.39,1,0.03,0.602,1
78.42923516072247,98.04,6.814619634479463,0.1573,3.19,1,0.78,0.761,0
96.99026250131432,121.24,9.988907161325468,0.0646,0.01,0,0.0,0.903,1
255.6109851845285,319.51,7.880274203907581,0.2412,2.12,0,0.0,0.929,1
252.26574513126607,315.33,4.465323069883071,0.2557,5.53,1,2.52,0.82,0
31.40403121133498,39.26,8.141766706144285,0.0794,1.86,1,0.31,0.947,0
284.9507645313773,356.19,7.443066819104128,0.0872,2.56,0,0.0,0.65,1
54.737245995447296,68.42,0.8865319779397485,0.0147,9.11,0,0.0,0.986,0
124.30783539027634,155.38,9.256966253051806,0.0152,0.74,1,1.24,0.969,1
64.54708983322662,80.68,8.841032479397331,0.1793,1.16,1,0.65,0.84,1
258.09974064880726,322.62,5.905595230066324,0.0733,4.09,1,2.58,0.623,0
224.82060955779357,281.03,5.081492057085736,0.4595,4.92,0,0.0,0.782,1
106.0586420663412,132.57,2.277413760641238,0.0997,7.72,0,0.0,0.672,0
204.56358780781665,255.7,8.344578896099744,0.033,1.66,0,0.0,0.851,0
55.3100652514627,69.14,4.318864095803326,0.2021,5.68,0,0.0,0.676,1
114.68912771280048,143.36,5.793066912111566,0.0962,4.21,1,1.15,0.793,1
113.13227650143246,141.42,1.700874849721956,0.0309,8.3,0,0.0,0.682,0
71.38100451641934,89.23,2.138227581904361,0.3764,7.86,0,0.0,0.673,0
262.8936148748648,328.62,9.852013242242858,0.2785,0.15,0,0.0,0.699,0
203.65372064373787,254.57,4.939999698974223,0.0285,5.06,1,2.04,0.612,0
83.98179316913979,104.98,8.157428784034227,0.234,1.84,1,0.84,0.886,0
72.6362281887112,90.8,8.297300025354334,0.0194,1.7,1,0.73,0.723,1
5.3860412997717155,6.73,9.815103305919717,0.1772,0.18,1,0.05,0.879,0
103.9746761377064,129.97,9.829040154843144,0.1816,0.17,0,0.0,0.861,0
158.03138499459547,197.54,4.569554181914083,0.4115,5.43,1,1.58,0.626,0
83.31328257251293,104.14,9.503203775181785,0.3676,0.5,1,0.83,0.725,1
210.137482928931,262.67,3.654544194830749,0.4485,6.35,0,0.0,0.827,0
123.52485870337988,154.41,6.076391268666632,0.0703,3.92,1,1.24,0.967,1
94.89535110320035,118.62,8.217124299654818,0.2669,1.78,0,0.0,0.761,0
281.71729763709936,352.15,9.137865373453248,0.0101,0.86,1,2.82,0.802,0
78.84026318644172,98.55,5.238392242252408,0.4128,4.76,1,0.79,0.9,1
119.4772860289969,149.35,4.1785945811458545,0.1833,5.82,1,1.19,0.921,0
114.68723655623158,143.36,7.285180536398341,0.0347,2.71,1,1.15,0.969,1
72.35950370137449,90.45,4.559275683648336,0.1623,5.44,1,0.72,0.799,1
65.24302194312502,81.55,6.718014293629487,0.1435,3.28,0,0.0,0.678,1
90.71400564402109,113.39,8.042189078923684,0.383,1.96,1,0.91,0.906,0
259.2708509793543,324.09,8.411272677215678,0.0633,1.59,0,0.0,0.65,1
230.12486616878715,287.66,2.5431404168249285,0.2779,7.46,0,0.0,0.767,1
204.2998542480157,255.37,5.714581210396483,0.397,4.29,0,0.0,0.851,0
137.13089779274804,171.41,0.2503426334573344,0.3698,9.75,1,1.37,0.877,0
152.32619538978105,190.41,7.977562116013333,0.468,2.02,0,0.0,0.893,0
80.1416536480381,100.18,1.2509517300750306,0.0003,8.75,0,0.0,0.677,0
22.29477415077529,27.87,8.716845005012509,0.1769,1.28,0,0.0,0.993,0
99.31216701614468,124.14,4.068096048715755,0.1848,5.93,1,0.99,0.671,0
148.67512679770985,185.84,1.6726827782306508,0.0167,8.33,0,0.0,0.638,1
17.193913955799733,21.49,7.958149143997514,0.4086,2.04,0,0.0,0.866,0
26.469990617131938,33.09,2.0028638703344717,0.3444,8.0,0,0.0,0.964,1
78.90756986537018,98.63,3.94414673675063,0.264,6.06,0,0.0,0.824,1
110.12411207782849,137.66,5.668761962167804,0.2025,4.33,0,0.0,0.838,0
117.99504333561156,147.49,3.6002993853771192,0.4477,6.4,0,0.0,0.815,1
35.36581988640154,44.21,1.7902874247449108,0.1322,8.21,0,0.0,0.617,1
67.74640636043664,84.68,4.060937960394306,0.1673,5.94,0,0.0,0.873,0
78.49417561908261,98.12,1.4424437058844397,0.4763,8.56,0,0.0,0.743,0
20.290462860373857,25.36,7.191554625952729,0.0323,2.81,1,0.2,0.974,0
97.82991017690918,122.29,1.7150496431882578,0.3903,8.28,0,0.0,0.675,1
21.666471826652167,27.08,4.823825363703879,0.359,5.18,1,0.22,0.721,1
211.03735293290103,263.8,5.603782536948749,0.4509,4.4,1,2.11,0.802,0
115.81432996719312,144.77,9.45066939354006,0.0453,0.55,1,1.16,0.791,0
98.0257168135124,122.53,0.7825835410090143,0.4852,9.22,0,0.0,0.76,1
37.95665145108207,47.45,9.30455275018596,0.0144,0.7,0,0.0,0.726,1
67.95109663346875,84.94,2.082263573252808,0.1689,7.92,0,0.0,0.659,0
69.81156268173709,87.26,8.409362646397616,0.0424,1.59,1,0.7,0.928,1
295.5612644619909,369.45,0.9049525417767512,0.0256,9.1,1,2.96,0.78,1
250.604813852548,313.26,9.887023772824625,0.4824,0.11,0,0.0,0.829,1
4.578687490029488,5.72,8.076327528888338,0.3598,1.92,1,0.05,0.819,1
185.0509772305439,231.31,0.6295109934795962,0.2528,9.37,1,1.85,0.83,0
76.77302892657713,95.97,2.141110434320155,0.0541,7.86,0,0.0,0.882,1
31.31307864587528,39.14,5.485449931177554,0.263,4.51,1,0.31,0.852,1
211.6799289359264,264.6,5.235720111403708,0.16,4.76,0,0.0,0.71,1
39.48166484050477,49.35,6.29269202956075,0.1358,3.71,0,0.0,0.821,1
133.1222338589207,166.4,4.635066771583849,0.3091,5.36,1,1.33,0.698,1
189.6495494519773,237.06,7.341643057962399,0.3955,2.66,1,1.9,0.836,0
166.3484268464966,207.94,3.4848560374634765,0.2216,6.52,0,0.0,0.773,0
293.2887294908229,366.61,1.7638683678438285,0.2466,8.24,0,0.0,0.616,1
235.72278393675677,294.65,0.3377948502000916,0.3257,9.66,0,0.0,0.894,0
232.2580128382469,290.32,3.247656127924871,0.0623,6.75,0,0.0,0.71,1
106.67861822430936,133.35,4.268788326106522,0.4143,5.73,0,0.0,0.968,1
2.5186476252425094,3.15,6.5906871480231715,0.4185,3.41,1,0.03,0.712,1
220.3232789012065,275.4,8.064563462240391,0.2705,1.94,1,2.2,0.999,1
299.9196252887017,374.9,2.4006280160390334,0.0938,7.6,1,3.0,0.785,0
121.76373232308468,152.2,4.932025742693179,0.2504,5.07,0,0.0,0.611,1
295.65554968713525,369.57,2.3373387224547693,0.053,7.66,0,0.0,0.631,1
42.51243286030393,53.14,9.51165348729867,0.3816,0.49,1,0.43,0.633,0
88.95370549101523,111.19,6.475467568286078,0.1556,3.52,0,0.0,0.622,1
51.2180795227412,64.02,6.779024007160031,0.1555,3.22,1,0.51,0.707,1
142.55279187804473,178.19,5.312241493569239,0.4725,4.69,1,1.43,0.73,1
239.09442045216613,298.87,2.8182976896510112,0.2109,7.18,1,2.39,0.645,0
102.19850746138616,127.75,2.004298809392393,0.3948,8.0,1,1.02,0.775,1
271.8686811455614,339.84,6.566455140829906,0.3186,3.43,0,0.0,0.746,0
163.44912399893553,204.31,9.217071849899565,0.1581,0.78,1,1.63,0.855,1
139.62732412256318,174.53,2.1289369702277563,0.0619,7.87,0,0.0,0.678,0
236.1107526585829,295.14,5.717643343734469,0.3989,4.28,0,0.0,0.966,1
30.43304911253537,38.04,5.293249717969973,0.3813,4.71,1,0.3,0.806,0
232.1257413632024,290.16,6.416530964299325,0.0846,3.58,0,0.0,0.849,0
72.88560005184802,91.11,5.877899432544627,0.1246,4.12,0,0.0,0.616,0
84.24376415497127,105.3,2.7279460673221556,0.3831,7.27,1,0.84,0.824,1
179.83613199602397,224.8,6.914416917188727,0.4918,3.09,0,0.0,0.747,1
270.58032751386156,338.23,2.7265981327974043,0.4218,7.27,0,0.0,0.97,0
173.52208493125946,216.9,6.529936797693213,0.3421,3.47,1,1.74,0.954,0
194.6848046383461,243.36,2.999333530963483,0.4577,7.0,0,0.0,0.855,1
232.97837688158225,291.22,0.8242274374613767,0.1426,9.18,1,2.33,0.907,1
77.79742769774603,97.25,1.272233051605084,0.0048,8.73,1,0.78,0.858,1
248.1701018412427,310.21,8.340962474377552,0.1605,1.66,1,2.48,0.607,0
125.38804472014492,156.74,1.2135526111881867,0.486,8.79,0,0.0,0.881,0
52.69670804734875,65.87,3.3051322073245037,0.441,6.69,0,0.0,0.671,0
105.03542383833748,131.29,2.876417514347761,0.0252,7.12,0,0.0,0.873,0
73.8393335154676,92.3,0.5785970912109462,0.251,9.42,1,0.74,0.604,0
68.61408154069376,85.77,5.9951953337261,0.0395,4.0,1,0.69,0.724,1
84.76895961574984,105.96,7.987854708761457,0.3945,2.01,1,0.85,0.807,1
54.279244422626846,67.85,9.92329786932079,0.1863,0.08,0,0.0,0.733,1
200.31052712479288,250.39,9.360320849797318,0.456,0.64,1,2.0,0.878,0
173.99752711053517,217.5,0.4932611167365031,0.0272,9.51,1,1.74,0.809,0
194.53256789502856,243.17,2.575086985542352,0.367,7.42,0,0.0,0.984,0
103.11741714844813,128.9,4.121182615300186,0.1997,5.88,0,0.0,0.743,1
230.9200207722133,288.65,8.75014347363174,0.1341,1.25,0,0.0,0.889,1
38.88262228624942,48.6,3.600847783506657,0.2587,6.4,1,0.39,0.934,0
171.34101283840806,214.18,5.703123439177585,0.2427,4.3,0,0.0,0.701,1
82.63589167394217,103.29,6.595929975455968,0.1744,3.4,0,0.0,0.902,0
158.2829702092834,197.85,2.9795873657108576,0.3244,7.02,1,1.58,0.757,1
97.09115257207176,121.36,5.819405442136567,0.3307,4.18,1,0.97,0.651,0
237.15352952738857,296.44,0.5088550539641246,0.0386,9.49,0,0.0,0.601,0
267.38155165142837,334.23,4.801832840712112,0.2977,5.2,1,2.67,0.898,0
222.77436701148935,278.47,3.785357385509845,0.3554,6.21,0,0.0,0.674,1
52.67511385477404,65.84,3.5575459738101287,0.0379,6.44,1,0.53,0.62,1
82.4600695165087,103.08,2.348928993110576,0.3296,7.65,1,0.82,0.799,0
275.80741965552477,344.76,8.177342360339804,0.402,1.82,0,0.0,0.739,1
131.16603829746035,163.96,8.819230045590192,0.416,1.18,1,1.31,0.877,1
282.35412280478005,352.94,8.881284767717318,0.0208,1.12,1,2.82,0.643,1
117.73550665868004,147.17,3.9610698382856024,0.3487,6.04,1,1.18,0.653,0
285.5323981771991,356.92,2.59161298006413,0.3985,7.41,1,2.86,0.762,0
277.7216963199993,347.15,0.9841229257412344,0.1984,9.02,0,0.0,0.808,0
198.15806699598488,247.7,6.724076692894153,0.2714,3.28,0,0.0,0.93,1
2.648114538450852,3.31,3.3016776509166865,0.1326,6.7,0,0.0,0.834,1
120.10040459278108,150.13,2.766662651846552,0.1551,7.23,1,1.2,0.961,1
273.3705389086787,341.71,3.7143812000443974,0.2508,6.29,1,2.73,0.687,1
265.5330867324344,331.92,5.547236785334687,0.0756,4.45,1,2.66,0.838,1
56.2163400288341,70.27,1.6192526266031726,0.1853,8.38,0,0.0,0.862,1
119.7547487907308,149.69,9.613375491022666,0.1507,0.39,0,0.0,0.89,0
250.6529783638415,313.32,7.326140945405609,0.1191,2.67,1,2.51,0.995,1
173.3633559750163,216.7,0.4678566354407487,0.2419,9.53,0,0.0,0.787,1
254.1897700338602,317.74,3.067877856109169,0.4193,6.93,0,0.0,0.748,1
247.9702153345689,309.96,0.502724371688561,0.1211,9.5,1,2.48,0.941,1
272.24460208574493,340.31,2.2948919937014702,0.3299,7.71,1,2.72,0.671,0
35.16617645837451,43.96,2.8659088990557335,0.1271,7.13,0,0.0,0.615,1
43.5645424360547,54.46,7.179797279347058,0.071,2.82,0,0.0,0.777,1
24.842708690715753,31.05,7.187398554862774,0.4717,2.81,0,0.0,0.699,0
280.58065232862947,350.73,0.4532530863217743,0.3166,9.55,0,0.0,0.759,0
142.54871531336795,178.19,5.8812764683769805,0.0523,4.12,0,0.0,0.994,0
19.297585044734443,24.12,9.609106311925409,0.3163,0.39,0,0.0,0.739,1
96.45897075421236,120.57,6.283650452977527,0.0882,3.72,0,0.0,0.883,1
105.42379233899004,131.78,9.605473257452513,0.4439,0.39,0,0.0,0.7,1
242.8679470430272,303.58,3.805591169698345,0.1237,6.19,1,2.43,0.721,1
220.64306765127688,275.8,4.5977829115221365,0.4034,5.4,1,2.21,0.697,0
206.8161148687707,258.52,4.954865119964586,0.0996,5.05,0,0.0,0.829,1
6.55906577741362,8.2,9.239470947050153,0.2791,0.76,1,0.07,0.69,0
273.20873892791366,341.51,3.802810528497932,0.4562,6.2,0,0.0,0.887,1
64.66658007472248,80.83,9.834184083669465,0.148,0.17,1,0.65,0.872,0
188.71842140780333,235.9,5.431260351434317,0.0407,4.57,0,0.0,0.769,1
18.54571290342575,23.18,2.181207225336692,0.2763,7.82,0,0.0,0.61,0
24.45782756161635,30.57,1.0368804859719982,0.0862,8.96,0,0.0,0.609,0
2.8731888390366445,3.59,1.7287275020088233,0.3642,8.27,0,0.0,0.813,0
169.77829336359918,212.22,0.3928274292052547,0.2954,9.61,0,0.0,0.936,0
188.8139008850714,236.02,6.923102532649756,0.1732,3.08,1,1.89,0.84,0
15.138690969968629,18.92,5.169041800773241,0.3528,4.83,1,0.15,0.774,0
87.14546542921167,108.93,7.379238925560896,0.1193,2.62,1,0.87,0.953,1
255.43632425340505,319.3,7.822621216757472,0.4585,2.18,1,2.55,0.679,1
30.392510046874232,37.99,9.313631547190791,0.1734,0.69,0,0.0,0.744,1
64.96414936599936,81.21,1.1699832768883034,0.3815,8.83,1,0.65,0.826,0
127.31736254172812,159.15,1.8610324411884327,0.1293,8.14,0,0.0,0.717,0
252.6822307899348,315.85,5.482743215433141,0.3574,4.52,0,0.0,0.999,0
76.45471634256127,95.57,1.2952431288518118,0.0158,8.7,1,0.76,0.781,1
299.14110460900264,373.93,0.927217265052177,0.1478,9.07,0,0.0,0.621,1
106.57854394155852,133.22,6.663375988472318,0.0464,3.34,1,1.07,0.67,0
115.93459754508692,144.92,7.247115157685488,0.2256,2.75,0,0.0,0.813,0
36.6318612692383,45.79,8.434004928947234,0.2176,1.57,1,0.37,0.82,1
204.05937025695923,255.07,9.157466783846674,0.1795,0.84,0,0.0,0.994,0
73.03955483534448,91.3,4.424994446545983,0.4906,5.58,0,0.0,0.84,0
188.6602785885139,235.83,9.79874338209716,0.122,0.2,0,0.0,0.867,1
66.94731852087797,83.68,0.3788699270258533,0.3955,9.62,0,0.0,0.685,0
116.36168016794038,145.45,8.701276220172703,0.2237,1.3,0,0.0,0.643,1
257.00162758632524,321.25,3.214758580703455,0.1674,6.79,0,0.0,0.841,0
221.671773442221,277.09,9.217145021280578,0.1017,0.78,0,0.0,0.946,0
46.37726998311703,57.97,2.226043870231366,0.3167,7.77,0,0.0,0.835,1
182.3124502122304,227.89,7.409936544478564,0.1668,2.59,1,1.82,0.777,0
188.5921955021428,235.74,4.254567760313054,0.4065,5.75,0,0.0,0.831,0
27.17054205055831,33.96,3.814648400257188,0.4842,6.19,1,0.27,0.788,0
139.74169630078077,174.68,0.5941945128628978,0.1136,9.41,0,0.0,0.657,0
78.20051870028237,97.75,7.059117267174235,0.0643,2.94,0,0.0,0.896,0
140.13904282904488,175.17,1.753527602966264,0.1578,8.25,1,1.4,0.813,0
233.1212973968625,291.4,4.629931681908131,0.2336,5.37,1,2.33,0.76,0
47.47786794309591,59.35,1.4130811416941802,0.1505,8.59,1,0.47,0.824,1
36.99126167641313,46.24,6.044778181320027,0.4852,3.96,0,0.0,0.696,0
80.79494853173188,100.99,2.3106123471947013,0.3896,7.69,0,0.0,0.771,0
285.682635103975,357.1,5.943965308312691,0.4831,4.06,0,0.0,0.849,0
224.3472633554899,280.43,9.466157803826563,0.1866,0.53,0,0.0,0.69,0
5.836758844363976,7.3,9.209185003835538,0.1523,0.79,0,0.0,0.9,1
120.301452745013,150.38,2.0046435910899807,0.2037,8.0,0,0.0,0.808,1
77.21939372411556,96.52,0.991856094603122,0.2614,9.01,1,0.77,0.945,1
